Workbook

Sheet 사용안내
B2: 거래처 · 명단 중복 정리
B4: 핵심 | C4: 명단을 붙여넣기만 하면 이름·연락처·사업자번호가 겹치는 건을 자동으로 찾아 표시합니다.
B5: 입력 규칙 | C5: 파란색 글씨 칸만 입력하세요. 검은색은 자동 계산입니다.
B6: ① 원본명단 | C6: 가지고 있는 명단을 A~F열에 그대로 붙여넣으세요. 정리 전 원본입니다.
C7: 띄어쓰기나 하이픈이 달라도 같은 것으로 잡아냅니다. (주)·주식회사도 무시합니다.
B8: ② 중복검사 | C8: 어떤 기준으로 몇 건이 겹치는지 한 줄씩 표시됩니다.
B9: ③ 중복목록 | C9: 겹치는 건만 모아서 보여줍니다. 눈으로 확인하고 지울 것을 고르세요.
B10: ④ 정리결과 | C10: 같은 건 중 첫 번째만 남긴 깨끗한 명단입니다. 이걸 복사해서 쓰세요.
B11: ⑤ 요약 | C11: 전체 건수·중복 건수·정리 후 건수를 보여줍니다.
B12: 판정 기준 | C12: 연락처 일치 / 사업자번호 일치 / 이름+주소 일치 중 하나라도 맞으면 중복으로 봅니다.
B13: 주의 | C13: 동명이인이나 같은 건물의 다른 업체가 중복으로 잡힐 수 있습니다. 반드시 눈으로 확인하세요.
B15: ※ 이 파일은 6,000건까지 처리하도록 만들어졌습니다.
B16: ※ 자동으로 지우지 않습니다. 무엇이 겹치는지 보여줄 뿐이니 삭제는 직접 판단하세요.

Sheet 원본명단
A1: 원본명단 (A~F열에 그대로 붙여넣으세요)
A2: 업체명 | B2: 사업자번호 | C2: 대표자 | D2: 연락처 | E2: 주소 | F2: 비고 | G2: 업체명정규화(자동) | H2: 번호정규화(자동) | I2: 연락처정규화(자동) | J2: 주소정규화(자동) | K2: 이름+주소키(자동) | L2: 순번(자동) | M2: 원본행(자동)
A3: (주)가나상사 | B3: 123-45-67890 | C3: 김대표 | D3: 010-1111-2222 | E3: 서울시 강남구 테헤란로 1 | F3: ← 예시 5건 (2·5번이 중복) | G3: =IF($A3="","",UPPER(SUBSTITUTE(SUBSTITUTE(SUBSTITUTE(SUBSTITUTE($A3," ",""),"(주)",""),"주식회사",""),"㈜",""))) -> 가나상사 | H3: =IF($B3="","",SUBSTITUTE(SUBSTITUTE(SUBSTITUTE($B3,"-","")," ",""),".","")) -> 1234567890 | I3: =IF($D3="","",SUBSTITUTE(SUBSTITUTE(SUBSTITUTE($D3,"-","")," ",""),".","")) -> 01011112222 | J3: =IF($E3="","",UPPER(SUBSTITUTE($E3," ",""))) -> 서울시강남구테헤란로1 | K3: =IF($A3="","",$G3&"|"&$J3) -> 가나상사|서울시강남구테헤란로1 | L3: =IF($A3="","",ROW()-2) -> 1 | M3: =IF($A3="","",ROW()) -> 3
A4: 가나상사 | B4: 1234567890 | C4: 김대표 | D4: 01011112222 | E4: 서울시 강남구 테헤란로1 | G4: =IF($A4="","",UPPER(SUBSTITUTE(SUBSTITUTE(SUBSTITUTE(SUBSTITUTE($A4," ",""),"(주)",""),"주식회사",""),"㈜",""))) -> 가나상사 | H4: =IF($B4="","",SUBSTITUTE(SUBSTITUTE(SUBSTITUTE($B4,"-","")," ",""),".","")) -> 1234567890 | I4: =IF($D4="","",SUBSTITUTE(SUBSTITUTE(SUBSTITUTE($D4,"-","")," ",""),".","")) -> 01011112222 | J4: =IF($E4="","",UPPER(SUBSTITUTE($E4," ",""))) -> 서울시강남구테헤란로1 | K4: =IF($A4="","",$G4&"|"&$J4) -> 가나상사|서울시강남구테헤란로1 | L4: =IF($A4="","",ROW()-2) -> 2 | M4: =IF($A4="","",ROW()) -> 4
A5: 다라유통 | B5: 222-22-22222 | C5: 이대표 | D5: 031-222-3333 | E5: 경기도 성남시 분당구 2 | G5: =IF($A5="","",UPPER(SUBSTITUTE(SUBSTITUTE(SUBSTITUTE(SUBSTITUTE($A5," ",""),"(주)",""),"주식회사",""),"㈜",""))) -> 다라유통 | H5: =IF($B5="","",SUBSTITUTE(SUBSTITUTE(SUBSTITUTE($B5,"-","")," ",""),".","")) -> 2222222222 | I5: =IF($D5="","",SUBSTITUTE(SUBSTITUTE(SUBSTITUTE($D5,"-","")," ",""),".","")) -> 0312223333 | J5: =IF($E5="","",UPPER(SUBSTITUTE($E5," ",""))) -> 경기도성남시분당구2 | K5: =IF($A5="","",$G5&"|"&$J5) -> 다라유통|경기도성남시분당구2 | L5: =IF($A5="","",ROW()-2) -> 3 | M5: =IF($A5="","",ROW()) -> 5
A6: 마바물산 주식회사 | B6: 333-33-33333 | C6: 박대표 | D6: 02-333-4444 | E6: 부산시 해운대구 3 | G6: =IF($A6="","",UPPER(SUBSTITUTE(SUBSTITUTE(SUBSTITUTE(SUBSTITUTE($A6," ",""),"(주)",""),"주식회사",""),"㈜",""))) -> 마바물산 | H6: =IF($B6="","",SUBSTITUTE(SUBSTITUTE(SUBSTITUTE($B6,"-","")," ",""),".","")) -> 3333333333 | I6: =IF($D6="","",SUBSTITUTE(SUBSTITUTE(SUBSTITUTE($D6,"-","")," ",""),".","")) -> 023334444 | J6: =IF($E6="","",UPPER(SUBSTITUTE($E6," ",""))) -> 부산시해운대구3 | K6: =IF($A6="","",$G6&"|"&$J6) -> 마바물산|부산시해운대구3 | L6: =IF($A6="","",ROW()-2) -> 4 | M6: =IF($A6="","",ROW()) -> 6
A7: 마바물산 | B7: 333-33-33333 | C7: 박대표 | D7: 051-999-8888 | E7: 부산시 해운대구 3 | G7: =IF($A7="","",UPPER(SUBSTITUTE(SUBSTITUTE(SUBSTITUTE(SUBSTITUTE($A7," ",""),"(주)",""),"주식회사",""),"㈜",""))) -> 마바물산 | H7: =IF($B7="","",SUBSTITUTE(SUBSTITUTE(SUBSTITUTE($B7,"-","")," ",""),".","")) -> 3333333333 | I7: =IF($D7="","",SUBSTITUTE(SUBSTITUTE(SUBSTITUTE($D7,"-","")," ",""),".","")) -> 0519998888 | J7: =IF($E7="","",UPPER(SUBSTITUTE($E7," ",""))) -> 부산시해운대구3 | K7: =IF($A7="","",$G7&"|"&$J7) -> 마바물산|부산시해운대구3 | L7: =IF($A7="","",ROW()-2) -> 5 | M7: =IF($A7="","",ROW()) -> 7
G8: =IF($A8="","",UPPER(SUBSTITUTE(SUBSTITUTE(SUBSTITUTE(SUBSTITUTE($A8," ",""),"(주)",""),"주식회사",""),"㈜",""))) | H8: =IF($B8="","",SUBSTITUTE(SUBSTITUTE(SUBSTITUTE($B8,"-","")," ",""),".","")) | I8: =IF($D8="","",SUBSTITUTE(SUBSTITUTE(SUBSTITUTE($D8,"-","")," ",""),".","")) | J8: =IF($E8="","",UPPER(SUBSTITUTE($E8," ",""))) | K8: =IF($A8="","",$G8&"|"&$J8) | L8: =IF($A8="","",ROW()-2) | M8: =IF($A8="","",ROW())
G9: =IF($A9="","",UPPER(SUBSTITUTE(SUBSTITUTE(SUBSTITUTE(SUBSTITUTE($A9," ",""),"(주)",""),"주식회사",""),"㈜",""))) | H9: =IF($B9="","",SUBSTITUTE(SUBSTITUTE(SUBSTITUTE($B9,"-","")," ",""),".","")) | I9: =IF($D9="","",SUBSTITUTE(SUBSTITUTE(SUBSTITUTE($D9,"-","")," ",""),".","")) | J9: =IF($E9="","",UPPER(SUBSTITUTE($E9," ",""))) | K9: =IF($A9="","",$G9&"|"&$J9) | L9: =IF($A9="","",ROW()-2) | M9: =IF($A9="","",ROW())
G10: =IF($A10="","",UPPER(SUBSTITUTE(SUBSTITUTE(SUBSTITUTE(SUBSTITUTE($A10," ",""),"(주)",""),"주식회사",""),"㈜",""))) | H10: =IF($B10="","",SUBSTITUTE(SUBSTITUTE(SUBSTITUTE($B10,"-","")," ",""),".","")) | I10: =IF($D10="","",SUBSTITUTE(SUBSTITUTE(SUBSTITUTE($D10,"-","")," ",""),".","")) | J10: =IF($E10="","",UPPER(SUBSTITUTE($E10," ",""))) | K10: =IF($A10="","",$G10&"|"&$J10) | L10: =IF($A10="","",ROW()-2) | M10: =IF($A10="","",ROW())
G11: =IF($A11="","",UPPER(SUBSTITUTE(SUBSTITUTE(SUBSTITUTE(SUBSTITUTE($A11," ",""),"(주)",""),"주식회사",""),"㈜",""))) | H11: =IF($B11="","",SUBSTITUTE(SUBSTITUTE(SUBSTITUTE($B11,"-","")," ",""),".","")) | I11: =IF($D11="","",SUBSTITUTE(SUBSTITUTE(SUBSTITUTE($D11,"-","")," ",""),".","")) | J11: =IF($E11="","",UPPER(SUBSTITUTE($E11," ",""))) | K11: =IF($A11="","",$G11&"|"&$J11) | L11: =IF($A11="","",ROW()-2) | M11: =IF($A11="","",ROW())
G12: =IF($A12="","",UPPER(SUBSTITUTE(SUBSTITUTE(SUBSTITUTE(SUBSTITUTE($A12," ",""),"(주)",""),"주식회사",""),"㈜",""))) | H12: =IF($B12="","",SUBSTITUTE(SUBSTITUTE(SUBSTITUTE($B12,"-","")," ",""),".","")) | I12: =IF($D12="","",SUBSTITUTE(SUBSTITUTE(SUBSTITUTE($D12,"-","")," ",""),".","")) | J12: =IF($E12="","",UPPER(SUBSTITUTE($E12," ",""))) | K12: =IF($A12="","",$G12&"|"&$J12) | L12: =IF($A12="","",ROW()-2) | M12: =IF($A12="","",ROW())
G13: =IF($A13="","",UPPER(SUBSTITUTE(SUBSTITUTE(SUBSTITUTE(SUBSTITUTE($A13," ",""),"(주)",""),"주식회사",""),"㈜",""))) | H13: =IF($B13="","",SUBSTITUTE(SUBSTITUTE(SUBSTITUTE($B13,"-","")," ",""),".","")) | I13: =IF($D13="","",SUBSTITUTE(SUBSTITUTE(SUBSTITUTE($D13,"-","")," ",""),".","")) | J13: =IF($E13="","",UPPER(SUBSTITUTE($E13," ",""))) | K13: =IF($A13="","",$G13&"|"&$J13) | L13: =IF($A13="","",ROW()-2) | M13: =IF($A13="","",ROW())
G14: =IF($A14="","",UPPER(SUBSTITUTE(SUBSTITUTE(SUBSTITUTE(SUBSTITUTE($A14," ",""),"(주)",""),"주식회사",""),"㈜",""))) | H14: =IF($B14="","",SUBSTITUTE(SUBSTITUTE(SUBSTITUTE($B14,"-","")," ",""),".","")) | I14: =IF($D14="","",SUBSTITUTE(SUBSTITUTE(SUBSTITUTE($D14,"-","")," ",""),".","")) | J14: =IF($E14="","",UPPER(SUBSTITUTE($E14," ",""))) | K14: =IF($A14="","",$G14&"|"&$J14) | L14: =IF($A14="","",ROW()-2) | M14: =IF($A14="","",ROW())
G15: =IF($A15="","",UPPER(SUBSTITUTE(SUBSTITUTE(SUBSTITUTE(SUBSTITUTE($A15," ",""),"(주)",""),"주식회사",""),"㈜",""))) | H15: =IF($B15="","",SUBSTITUTE(SUBSTITUTE(SUBSTITUTE($B15,"-","")," ",""),".","")) | I15: =IF($D15="","",SUBSTITUTE(SUBSTITUTE(SUBSTITUTE($D15,"-","")," ",""),".","")) | J15: =IF($E15="","",UPPER(SUBSTITUTE($E15," ",""))) | K15: =IF($A15="","",$G15&"|"&$J15) | L15: =IF($A15="","",ROW()-2) | M15: =IF($A15="","",ROW())
G16: =IF($A16="","",UPPER(SUBSTITUTE(SUBSTITUTE(SUBSTITUTE(SUBSTITUTE($A16," ",""),"(주)",""),"주식회사",""),"㈜",""))) | H16: =IF($B16="","",SUBSTITUTE(SUBSTITUTE(SUBSTITUTE($B16,"-","")," ",""),".","")) | I16: =IF($D16="","",SUBSTITUTE(SUBSTITUTE(SUBSTITUTE($D16,"-","")," ",""),".","")) | J16: =IF($E16="","",UPPER(SUBSTITUTE($E16," ",""))) | K16: =IF($A16="","",$G16&"|"&$J16) | L16: =IF($A16="","",ROW()-2) | M16: =IF($A16="","",ROW())
G17: =IF($A17="","",UPPER(SUBSTITUTE(SUBSTITUTE(SUBSTITUTE(SUBSTITUTE($A17," ",""),"(주)",""),"주식회사",""),"㈜",""))) | H17: =IF($B17="","",SUBSTITUTE(SUBSTITUTE(SUBSTITUTE($B17,"-","")," ",""),".","")) | I17: =IF($D17="","",SUBSTITUTE(SUBSTITUTE(SUBSTITUTE($D17,"-","")," ",""),".","")) | J17: =IF($E17="","",UPPER(SUBSTITUTE($E17," ",""))) | K17: =IF($A17="","",$G17&"|"&$J17) | L17: =IF($A17="","",ROW()-2) | M17: =IF($A17="","",ROW())
G18: =IF($A18="","",UPPER(SUBSTITUTE(SUBSTITUTE(SUBSTITUTE(SUBSTITUTE($A18," ",""),"(주)",""),"주식회사",""),"㈜",""))) | H18: =IF($B18="","",SUBSTITUTE(SUBSTITUTE(SUBSTITUTE($B18,"-","")," ",""),".","")) | I18: =IF($D18="","",SUBSTITUTE(SUBSTITUTE(SUBSTITUTE($D18,"-","")," ",""),".","")) | J18: =IF($E18="","",UPPER(SUBSTITUTE($E18," ",""))) | K18: =IF($A18="","",$G18&"|"&$J18) | L18: =IF($A18="","",ROW()-2) | M18: =IF($A18="","",ROW())
G19: =IF($A19="","",UPPER(SUBSTITUTE(SUBSTITUTE(SUBSTITUTE(SUBSTITUTE($A19," ",""),"(주)",""),"주식회사",""),"㈜",""))) | H19: =IF($B19="","",SUBSTITUTE(SUBSTITUTE(SUBSTITUTE($B19,"-","")," ",""),".","")) | I19: =IF($D19="","",SUBSTITUTE(SUBSTITUTE(SUBSTITUTE($D19,"-","")," ",""),".","")) | J19: =IF($E19="","",UPPER(SUBSTITUTE($E19," ",""))) | K19: =IF($A19="","",$G19&"|"&$J19) | L19: =IF($A19="","",ROW()-2) | M19: =IF($A19="","",ROW())
... G6002: =IF($A6002="","",UPPER(SUBSTITUTE(SUBSTITUTE(SUBSTITUTE(SUBSTITUTE($A6002," ",""),"(주)",""),"주식회사",""),"㈜",""))) | H6002: =IF($B6002="","",SUBSTITUTE(SUBSTITUTE(SUBSTITUTE($B6002,"-","")," ",""),".","")) | I6002: =IF($D6002="","",SUBSTITUTE(SUBSTITUTE(SUBSTITUTE($D6002,"-","")," ",""),".","")) | J6002: =IF($E6002="","",UPPER(SUBSTITUTE($E6002," ",""))) | K6002: =IF($A6002="","",$G6002&"|"&$J6002) | L6002: =IF($A6002="","",ROW()-2) | M6002: =IF($A6002="","",ROW())

Sheet 중복검사
A1: 중복검사 (전부 자동)
A2: 판정 기준 | B2: 사업자번호 / 연락처 / (업체명+주소) 중 하나라도 겹치면 중복
A3: 순번 | B3: 업체명 | C3: 사업자번호 | D3: 연락처 | E3: 번호중복 | F3: 연락처중복 | G3: 이름+주소중복 | H3: 중복여부 | I3: 최초 등장 | J3: 처리
A4: =IF(원본명단!$A3="","",1) -> 1 | B4: =IF($A4="","",원본명단!$A3) -> (주)가나상사 | C4: =IF($A4="","",원본명단!$B3) -> 123-45-67890 | D4: =IF($A4="","",원본명단!$D3) -> 010-1111-2222 | E4: =IF($A4="","",IF(원본명단!$H3="",0,COUNTIF(원본명단!$H$3:$H$6002,원본명단!$H3))) -> 2 | F4: =IF($A4="","",IF(원본명단!$I3="",0,COUNTIF(원본명단!$I$3:$I$6002,원본명단!$I3))) -> 2 | G4: =IF($A4="","",IF(원본명단!$K3="",0,COUNTIF(원본명단!$K$3:$K$6002,원본명단!$K3))) -> 2 | H4: =IF($A4="","",IF(MAX($E4,$F4,$G4)>1,"중복","-")) -> 중복 | I4: =IF($A4="","",IF($H4="-","-",IF(AND(IF(원본명단!$H3="",TRUE(),COUNTIF(원본명단!$H$3:$H3,원본명단!$H3)=1),IF(원본명단!$I3="",TRUE(),COUNTIF(원본명단!$I$3:$I3,원본명단!$I3)=1),IF(원본명단!$K3="",TRUE(),COUNTIF(원본명단!$K$3:$K3,원본명단!$K3)=1)),"첫 건","중복 건"))) -> 첫 건 | J4: =IF($A4="","",IF($H4="-","유지",IF($I4="첫 건","유지","확인 필요"))) -> 유지
A5: =IF(원본명단!$A4="","",2) -> 2 | B5: =IF($A5="","",원본명단!$A4) -> 가나상사 | C5: =IF($A5="","",원본명단!$B4) -> 1234567890 | D5: =IF($A5="","",원본명단!$D4) -> 01011112222 | E5: =IF($A5="","",IF(원본명단!$H4="",0,COUNTIF(원본명단!$H$3:$H$6002,원본명단!$H4))) -> 2 | F5: =IF($A5="","",IF(원본명단!$I4="",0,COUNTIF(원본명단!$I$3:$I$6002,원본명단!$I4))) -> 2 | G5: =IF($A5="","",IF(원본명단!$K4="",0,COUNTIF(원본명단!$K$3:$K$6002,원본명단!$K4))) -> 2 | H5: =IF($A5="","",IF(MAX($E5,$F5,$G5)>1,"중복","-")) -> 중복 | I5: =IF($A5="","",IF($H5="-","-",IF(AND(IF(원본명단!$H4="",TRUE(),COUNTIF(원본명단!$H$3:$H4,원본명단!$H4)=1),IF(원본명단!$I4="",TRUE(),COUNTIF(원본명단!$I$3:$I4,원본명단!$I4)=1),IF(원본명단!$K4="",TRUE(),COUNTIF(원본명단!$K$3:$K4,원본명단!$K4)=1)),"첫 건","중복 건"))) -> 중복 건 | J5: =IF($A5="","",IF($H5="-","유지",IF($I5="첫 건","유지","확인 필요"))) -> 확인 필요
A6: =IF(원본명단!$A5="","",3) -> 3 | B6: =IF($A6="","",원본명단!$A5) -> 다라유통 | C6: =IF($A6="","",원본명단!$B5) -> 222-22-22222 | D6: =IF($A6="","",원본명단!$D5) -> 031-222-3333 | E6: =IF($A6="","",IF(원본명단!$H5="",0,COUNTIF(원본명단!$H$3:$H$6002,원본명단!$H5))) -> 1 | F6: =IF($A6="","",IF(원본명단!$I5="",0,COUNTIF(원본명단!$I$3:$I$6002,원본명단!$I5))) -> 1 | G6: =IF($A6="","",IF(원본명단!$K5="",0,COUNTIF(원본명단!$K$3:$K$6002,원본명단!$K5))) -> 1 | H6: =IF($A6="","",IF(MAX($E6,$F6,$G6)>1,"중복","-")) -> - | I6: =IF($A6="","",IF($H6="-","-",IF(AND(IF(원본명단!$H5="",TRUE(),COUNTIF(원본명단!$H$3:$H5,원본명단!$H5)=1),IF(원본명단!$I5="",TRUE(),COUNTIF(원본명단!$I$3:$I5,원본명단!$I5)=1),IF(원본명단!$K5="",TRUE(),COUNTIF(원본명단!$K$3:$K5,원본명단!$K5)=1)),"첫 건","중복 건"))) -> - | J6: =IF($A6="","",IF($H6="-","유지",IF($I6="첫 건","유지","확인 필요"))) -> 유지
A7: =IF(원본명단!$A6="","",4) -> 4 | B7: =IF($A7="","",원본명단!$A6) -> 마바물산 주식회사 | C7: =IF($A7="","",원본명단!$B6) -> 333-33-33333 | D7: =IF($A7="","",원본명단!$D6) -> 02-333-4444 | E7: =IF($A7="","",IF(원본명단!$H6="",0,COUNTIF(원본명단!$H$3:$H$6002,원본명단!$H6))) -> 2 | F7: =IF($A7="","",IF(원본명단!$I6="",0,COUNTIF(원본명단!$I$3:$I$6002,원본명단!$I6))) -> 1 | G7: =IF($A7="","",IF(원본명단!$K6="",0,COUNTIF(원본명단!$K$3:$K$6002,원본명단!$K6))) -> 2 | H7: =IF($A7="","",IF(MAX($E7,$F7,$G7)>1,"중복","-")) -> 중복 | I7: =IF($A7="","",IF($H7="-","-",IF(AND(IF(원본명단!$H6="",TRUE(),COUNTIF(원본명단!$H$3:$H6,원본명단!$H6)=1),IF(원본명단!$I6="",TRUE(),COUNTIF(원본명단!$I$3:$I6,원본명단!$I6)=1),IF(원본명단!$K6="",TRUE(),COUNTIF(원본명단!$K$3:$K6,원본명단!$K6)=1)),"첫 건","중복 건"))) -> 첫 건 | J7: =IF($A7="","",IF($H7="-","유지",IF($I7="첫 건","유지","확인 필요"))) -> 유지
A8: =IF(원본명단!$A7="","",5) -> 5 | B8: =IF($A8="","",원본명단!$A7) -> 마바물산 | C8: =IF($A8="","",원본명단!$B7) -> 333-33-33333 | D8: =IF($A8="","",원본명단!$D7) -> 051-999-8888 | E8: =IF($A8="","",IF(원본명단!$H7="",0,COUNTIF(원본명단!$H$3:$H$6002,원본명단!$H7))) -> 2 | F8: =IF($A8="","",IF(원본명단!$I7="",0,COUNTIF(원본명단!$I$3:$I$6002,원본명단!$I7))) -> 1 | G8: =IF($A8="","",IF(원본명단!$K7="",0,COUNTIF(원본명단!$K$3:$K$6002,원본명단!$K7))) -> 2 | H8: =IF($A8="","",IF(MAX($E8,$F8,$G8)>1,"중복","-")) -> 중복 | I8: =IF($A8="","",IF($H8="-","-",IF(AND(IF(원본명단!$H7="",TRUE(),COUNTIF(원본명단!$H$3:$H7,원본명단!$H7)=1),IF(원본명단!$I7="",TRUE(),COUNTIF(원본명단!$I$3:$I7,원본명단!$I7)=1),IF(원본명단!$K7="",TRUE(),COUNTIF(원본명단!$K$3:$K7,원본명단!$K7)=1)),"첫 건","중복 건"))) -> 중복 건 | J8: =IF($A8="","",IF($H8="-","유지",IF($I8="첫 건","유지","확인 필요"))) -> 확인 필요
A9: =IF(원본명단!$A8="","",6) | B9: =IF($A9="","",원본명단!$A8) | C9: =IF($A9="","",원본명단!$B8) | D9: =IF($A9="","",원본명단!$D8) | E9: =IF($A9="","",IF(원본명단!$H8="",0,COUNTIF(원본명단!$H$3:$H$6002,원본명단!$H8))) | F9: =IF($A9="","",IF(원본명단!$I8="",0,COUNTIF(원본명단!$I$3:$I$6002,원본명단!$I8))) | G9: =IF($A9="","",IF(원본명단!$K8="",0,COUNTIF(원본명단!$K$3:$K$6002,원본명단!$K8))) | H9: =IF($A9="","",IF(MAX($E9,$F9,$G9)>1,"중복","-")) | I9: =IF($A9="","",IF($H9="-","-",IF(AND(IF(원본명단!$H8="",TRUE(),COUNTIF(원본명단!$H$3:$H8,원본명단!$H8)=1),IF(원본명단!$I8="",TRUE(),COUNTIF(원본명단!$I$3:$I8,원본명단!$I8)=1),IF(원본명단!$K8="",TRUE(),COUNTIF(원본명단!$K$3:$K8,원본명단!$K8)=1)),"첫 건","중복 건"))) | J9: =IF($A9="","",IF($H9="-","유지",IF($I9="첫 건","유지","확인 필요")))
A10: =IF(원본명단!$A9="","",7) | B10: =IF($A10="","",원본명단!$A9) | C10: =IF($A10="","",원본명단!$B9) | D10: =IF($A10="","",원본명단!$D9) | E10: =IF($A10="","",IF(원본명단!$H9="",0,COUNTIF(원본명단!$H$3:$H$6002,원본명단!$H9))) | F10: =IF($A10="","",IF(원본명단!$I9="",0,COUNTIF(원본명단!$I$3:$I$6002,원본명단!$I9))) | G10: =IF($A10="","",IF(원본명단!$K9="",0,COUNTIF(원본명단!$K$3:$K$6002,원본명단!$K9))) | H10: =IF($A10="","",IF(MAX($E10,$F10,$G10)>1,"중복","-")) | I10: =IF($A10="","",IF($H10="-","-",IF(AND(IF(원본명단!$H9="",TRUE(),COUNTIF(원본명단!$H$3:$H9,원본명단!$H9)=1),IF(원본명단!$I9="",TRUE(),COUNTIF(원본명단!$I$3:$I9,원본명단!$I9)=1),IF(원본명단!$K9="",TRUE(),COUNTIF(원본명단!$K$3:$K9,원본명단!$K9)=1)),"첫 건","중복 건"))) | J10: =IF($A10="","",IF($H10="-","유지",IF($I10="첫 건","유지","확인 필요")))
A11: =IF(원본명단!$A10="","",8) | B11: =IF($A11="","",원본명단!$A10) | C11: =IF($A11="","",원본명단!$B10) | D11: =IF($A11="","",원본명단!$D10) | E11: =IF($A11="","",IF(원본명단!$H10="",0,COUNTIF(원본명단!$H$3:$H$6002,원본명단!$H10))) | F11: =IF($A11="","",IF(원본명단!$I10="",0,COUNTIF(원본명단!$I$3:$I$6002,원본명단!$I10))) | G11: =IF($A11="","",IF(원본명단!$K10="",0,COUNTIF(원본명단!$K$3:$K$6002,원본명단!$K10))) | H11: =IF($A11="","",IF(MAX($E11,$F11,$G11)>1,"중복","-")) | I11: =IF($A11="","",IF($H11="-","-",IF(AND(IF(원본명단!$H10="",TRUE(),COUNTIF(원본명단!$H$3:$H10,원본명단!$H10)=1),IF(원본명단!$I10="",TRUE(),COUNTIF(원본명단!$I$3:$I10,원본명단!$I10)=1),IF(원본명단!$K10="",TRUE(),COUNTIF(원본명단!$K$3:$K10,원본명단!$K10)=1)),"첫 건","중복 건"))) | J11: =IF($A11="","",IF($H11="-","유지",IF($I11="첫 건","유지","확인 필요")))
A12: =IF(원본명단!$A11="","",9) | B12: =IF($A12="","",원본명단!$A11) | C12: =IF($A12="","",원본명단!$B11) | D12: =IF($A12="","",원본명단!$D11) | E12: =IF($A12="","",IF(원본명단!$H11="",0,COUNTIF(원본명단!$H$3:$H$6002,원본명단!$H11))) | F12: =IF($A12="","",IF(원본명단!$I11="",0,COUNTIF(원본명단!$I$3:$I$6002,원본명단!$I11))) | G12: =IF($A12="","",IF(원본명단!$K11="",0,COUNTIF(원본명단!$K$3:$K$6002,원본명단!$K11))) | H12: =IF($A12="","",IF(MAX($E12,$F12,$G12)>1,"중복","-")) | I12: =IF($A12="","",IF($H12="-","-",IF(AND(IF(원본명단!$H11="",TRUE(),COUNTIF(원본명단!$H$3:$H11,원본명단!$H11)=1),IF(원본명단!$I11="",TRUE(),COUNTIF(원본명단!$I$3:$I11,원본명단!$I11)=1),IF(원본명단!$K11="",TRUE(),COUNTIF(원본명단!$K$3:$K11,원본명단!$K11)=1)),"첫 건","중복 건"))) | J12: =IF($A12="","",IF($H12="-","유지",IF($I12="첫 건","유지","확인 필요")))
A13: =IF(원본명단!$A12="","",10) | B13: =IF($A13="","",원본명단!$A12) | C13: =IF($A13="","",원본명단!$B12) | D13: =IF($A13="","",원본명단!$D12) | E13: =IF($A13="","",IF(원본명단!$H12="",0,COUNTIF(원본명단!$H$3:$H$6002,원본명단!$H12))) | F13: =IF($A13="","",IF(원본명단!$I12="",0,COUNTIF(원본명단!$I$3:$I$6002,원본명단!$I12))) | G13: =IF($A13="","",IF(원본명단!$K12="",0,COUNTIF(원본명단!$K$3:$K$6002,원본명단!$K12))) | H13: =IF($A13="","",IF(MAX($E13,$F13,$G13)>1,"중복","-")) | I13: =IF($A13="","",IF($H13="-","-",IF(AND(IF(원본명단!$H12="",TRUE(),COUNTIF(원본명단!$H$3:$H12,원본명단!$H12)=1),IF(원본명단!$I12="",TRUE(),COUNTIF(원본명단!$I$3:$I12,원본명단!$I12)=1),IF(원본명단!$K12="",TRUE(),COUNTIF(원본명단!$K$3:$K12,원본명단!$K12)=1)),"첫 건","중복 건"))) | J13: =IF($A13="","",IF($H13="-","유지",IF($I13="첫 건","유지","확인 필요")))
A14: =IF(원본명단!$A13="","",11) | B14: =IF($A14="","",원본명단!$A13) | C14: =IF($A14="","",원본명단!$B13) | D14: =IF($A14="","",원본명단!$D13) | E14: =IF($A14="","",IF(원본명단!$H13="",0,COUNTIF(원본명단!$H$3:$H$6002,원본명단!$H13))) | F14: =IF($A14="","",IF(원본명단!$I13="",0,COUNTIF(원본명단!$I$3:$I$6002,원본명단!$I13))) | G14: =IF($A14="","",IF(원본명단!$K13="",0,COUNTIF(원본명단!$K$3:$K$6002,원본명단!$K13))) | H14: =IF($A14="","",IF(MAX($E14,$F14,$G14)>1,"중복","-")) | I14: =IF($A14="","",IF($H14="-","-",IF(AND(IF(원본명단!$H13="",TRUE(),COUNTIF(원본명단!$H$3:$H13,원본명단!$H13)=1),IF(원본명단!$I13="",TRUE(),COUNTIF(원본명단!$I$3:$I13,원본명단!$I13)=1),IF(원본명단!$K13="",TRUE(),COUNTIF(원본명단!$K$3:$K13,원본명단!$K13)=1)),"첫 건","중복 건"))) | J14: =IF($A14="","",IF($H14="-","유지",IF($I14="첫 건","유지","확인 필요")))
A15: =IF(원본명단!$A14="","",12) | B15: =IF($A15="","",원본명단!$A14) | C15: =IF($A15="","",원본명단!$B14) | D15: =IF($A15="","",원본명단!$D14) | E15: =IF($A15="","",IF(원본명단!$H14="",0,COUNTIF(원본명단!$H$3:$H$6002,원본명단!$H14))) | F15: =IF($A15="","",IF(원본명단!$I14="",0,COUNTIF(원본명단!$I$3:$I$6002,원본명단!$I14))) | G15: =IF($A15="","",IF(원본명단!$K14="",0,COUNTIF(원본명단!$K$3:$K$6002,원본명단!$K14))) | H15: =IF($A15="","",IF(MAX($E15,$F15,$G15)>1,"중복","-")) | I15: =IF($A15="","",IF($H15="-","-",IF(AND(IF(원본명단!$H14="",TRUE(),COUNTIF(원본명단!$H$3:$H14,원본명단!$H14)=1),IF(원본명단!$I14="",TRUE(),COUNTIF(원본명단!$I$3:$I14,원본명단!$I14)=1),IF(원본명단!$K14="",TRUE(),COUNTIF(원본명단!$K$3:$K14,원본명단!$K14)=1)),"첫 건","중복 건"))) | J15: =IF($A15="","",IF($H15="-","유지",IF($I15="첫 건","유지","확인 필요")))
A16: =IF(원본명단!$A15="","",13) | B16: =IF($A16="","",원본명단!$A15) | C16: =IF($A16="","",원본명단!$B15) | D16: =IF($A16="","",원본명단!$D15) | E16: =IF($A16="","",IF(원본명단!$H15="",0,COUNTIF(원본명단!$H$3:$H$6002,원본명단!$H15))) | F16: =IF($A16="","",IF(원본명단!$I15="",0,COUNTIF(원본명단!$I$3:$I$6002,원본명단!$I15))) | G16: =IF($A16="","",IF(원본명단!$K15="",0,COUNTIF(원본명단!$K$3:$K$6002,원본명단!$K15))) | H16: =IF($A16="","",IF(MAX($E16,$F16,$G16)>1,"중복","-")) | I16: =IF($A16="","",IF($H16="-","-",IF(AND(IF(원본명단!$H15="",TRUE(),COUNTIF(원본명단!$H$3:$H15,원본명단!$H15)=1),IF(원본명단!$I15="",TRUE(),COUNTIF(원본명단!$I$3:$I15,원본명단!$I15)=1),IF(원본명단!$K15="",TRUE(),COUNTIF(원본명단!$K$3:$K15,원본명단!$K15)=1)),"첫 건","중복 건"))) | J16: =IF($A16="","",IF($H16="-","유지",IF($I16="첫 건","유지","확인 필요")))
A17: =IF(원본명단!$A16="","",14) | B17: =IF($A17="","",원본명단!$A16) | C17: =IF($A17="","",원본명단!$B16) | D17: =IF($A17="","",원본명단!$D16) | E17: =IF($A17="","",IF(원본명단!$H16="",0,COUNTIF(원본명단!$H$3:$H$6002,원본명단!$H16))) | F17: =IF($A17="","",IF(원본명단!$I16="",0,COUNTIF(원본명단!$I$3:$I$6002,원본명단!$I16))) | G17: =IF($A17="","",IF(원본명단!$K16="",0,COUNTIF(원본명단!$K$3:$K$6002,원본명단!$K16))) | H17: =IF($A17="","",IF(MAX($E17,$F17,$G17)>1,"중복","-")) | I17: =IF($A17="","",IF($H17="-","-",IF(AND(IF(원본명단!$H16="",TRUE(),COUNTIF(원본명단!$H$3:$H16,원본명단!$H16)=1),IF(원본명단!$I16="",TRUE(),COUNTIF(원본명단!$I$3:$I16,원본명단!$I16)=1),IF(원본명단!$K16="",TRUE(),COUNTIF(원본명단!$K$3:$K16,원본명단!$K16)=1)),"첫 건","중복 건"))) | J17: =IF($A17="","",IF($H17="-","유지",IF($I17="첫 건","유지","확인 필요")))
A18: =IF(원본명단!$A17="","",15) | B18: =IF($A18="","",원본명단!$A17) | C18: =IF($A18="","",원본명단!$B17) | D18: =IF($A18="","",원본명단!$D17) | E18: =IF($A18="","",IF(원본명단!$H17="",0,COUNTIF(원본명단!$H$3:$H$6002,원본명단!$H17))) | F18: =IF($A18="","",IF(원본명단!$I17="",0,COUNTIF(원본명단!$I$3:$I$6002,원본명단!$I17))) | G18: =IF($A18="","",IF(원본명단!$K17="",0,COUNTIF(원본명단!$K$3:$K$6002,원본명단!$K17))) | H18: =IF($A18="","",IF(MAX($E18,$F18,$G18)>1,"중복","-")) | I18: =IF($A18="","",IF($H18="-","-",IF(AND(IF(원본명단!$H17="",TRUE(),COUNTIF(원본명단!$H$3:$H17,원본명단!$H17)=1),IF(원본명단!$I17="",TRUE(),COUNTIF(원본명단!$I$3:$I17,원본명단!$I17)=1),IF(원본명단!$K17="",TRUE(),COUNTIF(원본명단!$K$3:$K17,원본명단!$K17)=1)),"첫 건","중복 건"))) | J18: =IF($A18="","",IF($H18="-","유지",IF($I18="첫 건","유지","확인 필요")))
A19: =IF(원본명단!$A18="","",16) | B19: =IF($A19="","",원본명단!$A18) | C19: =IF($A19="","",원본명단!$B18) | D19: =IF($A19="","",원본명단!$D18) | E19: =IF($A19="","",IF(원본명단!$H18="",0,COUNTIF(원본명단!$H$3:$H$6002,원본명단!$H18))) | F19: =IF($A19="","",IF(원본명단!$I18="",0,COUNTIF(원본명단!$I$3:$I$6002,원본명단!$I18))) | G19: =IF($A19="","",IF(원본명단!$K18="",0,COUNTIF(원본명단!$K$3:$K$6002,원본명단!$K18))) | H19: =IF($A19="","",IF(MAX($E19,$F19,$G19)>1,"중복","-")) | I19: =IF($A19="","",IF($H19="-","-",IF(AND(IF(원본명단!$H18="",TRUE(),COUNTIF(원본명단!$H$3:$H18,원본명단!$H18)=1),IF(원본명단!$I18="",TRUE(),COUNTIF(원본명단!$I$3:$I18,원본명단!$I18)=1),IF(원본명단!$K18="",TRUE(),COUNTIF(원본명단!$K$3:$K18,원본명단!$K18)=1)),"첫 건","중복 건"))) | J19: =IF($A19="","",IF($H19="-","유지",IF($I19="첫 건","유지","확인 필요")))
A20: =IF(원본명단!$A19="","",17) | B20: =IF($A20="","",원본명단!$A19) | C20: =IF($A20="","",원본명단!$B19) | D20: =IF($A20="","",원본명단!$D19) | E20: =IF($A20="","",IF(원본명단!$H19="",0,COUNTIF(원본명단!$H$3:$H$6002,원본명단!$H19))) | F20: =IF($A20="","",IF(원본명단!$I19="",0,COUNTIF(원본명단!$I$3:$I$6002,원본명단!$I19))) | G20: =IF($A20="","",IF(원본명단!$K19="",0,COUNTIF(원본명단!$K$3:$K$6002,원본명단!$K19))) | H20: =IF($A20="","",IF(MAX($E20,$F20,$G20)>1,"중복","-")) | I20: =IF($A20="","",IF($H20="-","-",IF(AND(IF(원본명단!$H19="",TRUE(),COUNTIF(원본명단!$H$3:$H19,원본명단!$H19)=1),IF(원본명단!$I19="",TRUE(),COUNTIF(원본명단!$I$3:$I19,원본명단!$I19)=1),IF(원본명단!$K19="",TRUE(),COUNTIF(원본명단!$K$3:$K19,원본명단!$K19)=1)),"첫 건","중복 건"))) | J20: =IF($A20="","",IF($H20="-","유지",IF($I20="첫 건","유지","확인 필요")))
A21: =IF(원본명단!$A20="","",18) | B21: =IF($A21="","",원본명단!$A20) | C21: =IF($A21="","",원본명단!$B20) | D21: =IF($A21="","",원본명단!$D20) | E21: =IF($A21="","",IF(원본명단!$H20="",0,COUNTIF(원본명단!$H$3:$H$6002,원본명단!$H20))) | F21: =IF($A21="","",IF(원본명단!$I20="",0,COUNTIF(원본명단!$I$3:$I$6002,원본명단!$I20))) | G21: =IF($A21="","",IF(원본명단!$K20="",0,COUNTIF(원본명단!$K$3:$K$6002,원본명단!$K20))) | H21: =IF($A21="","",IF(MAX($E21,$F21,$G21)>1,"중복","-")) | I21: =IF($A21="","",IF($H21="-","-",IF(AND(IF(원본명단!$H20="",TRUE(),COUNTIF(원본명단!$H$3:$H20,원본명단!$H20)=1),IF(원본명단!$I20="",TRUE(),COUNTIF(원본명단!$I$3:$I20,원본명단!$I20)=1),IF(원본명단!$K20="",TRUE(),COUNTIF(원본명단!$K$3:$K20,원본명단!$K20)=1)),"첫 건","중복 건"))) | J21: =IF($A21="","",IF($H21="-","유지",IF($I21="첫 건","유지","확인 필요")))
A22: =IF(원본명단!$A21="","",19) | B22: =IF($A22="","",원본명단!$A21) | C22: =IF($A22="","",원본명단!$B21) | D22: =IF($A22="","",원본명단!$D21) | E22: =IF($A22="","",IF(원본명단!$H21="",0,COUNTIF(원본명단!$H$3:$H$6002,원본명단!$H21))) | F22: =IF($A22="","",IF(원본명단!$I21="",0,COUNTIF(원본명단!$I$3:$I$6002,원본명단!$I21))) | G22: =IF($A22="","",IF(원본명단!$K21="",0,COUNTIF(원본명단!$K$3:$K$6002,원본명단!$K21))) | H22: =IF($A22="","",IF(MAX($E22,$F22,$G22)>1,"중복","-")) | I22: =IF($A22="","",IF($H22="-","-",IF(AND(IF(원본명단!$H21="",TRUE(),COUNTIF(원본명단!$H$3:$H21,원본명단!$H21)=1),IF(원본명단!$I21="",TRUE(),COUNTIF(원본명단!$I$3:$I21,원본명단!$I21)=1),IF(원본명단!$K21="",TRUE(),COUNTIF(원본명단!$K$3:$K21,원본명단!$K21)=1)),"첫 건","중복 건"))) | J22: =IF($A22="","",IF($H22="-","유지",IF($I22="첫 건","유지","확인 필요")))
A23: =IF(원본명단!$A22="","",20) | B23: =IF($A23="","",원본명단!$A22) | C23: =IF($A23="","",원본명단!$B22) | D23: =IF($A23="","",원본명단!$D22) | E23: =IF($A23="","",IF(원본명단!$H22="",0,COUNTIF(원본명단!$H$3:$H$6002,원본명단!$H22))) | F23: =IF($A23="","",IF(원본명단!$I22="",0,COUNTIF(원본명단!$I$3:$I$6002,원본명단!$I22))) | G23: =IF($A23="","",IF(원본명단!$K22="",0,COUNTIF(원본명단!$K$3:$K$6002,원본명단!$K22))) | H23: =IF($A23="","",IF(MAX($E23,$F23,$G23)>1,"중복","-")) | I23: =IF($A23="","",IF($H23="-","-",IF(AND(IF(원본명단!$H22="",TRUE(),COUNTIF(원본명단!$H$3:$H22,원본명단!$H22)=1),IF(원본명단!$I22="",TRUE(),COUNTIF(원본명단!$I$3:$I22,원본명단!$I22)=1),IF(원본명단!$K22="",TRUE(),COUNTIF(원본명단!$K$3:$K22,원본명단!$K22)=1)),"첫 건","중복 건"))) | J23: =IF($A23="","",IF($H23="-","유지",IF($I23="첫 건","유지","확인 필요")))
A24: =IF(원본명단!$A23="","",21) | B24: =IF($A24="","",원본명단!$A23) | C24: =IF($A24="","",원본명단!$B23) | D24: =IF($A24="","",원본명단!$D23) | E24: =IF($A24="","",IF(원본명단!$H23="",0,COUNTIF(원본명단!$H$3:$H$6002,원본명단!$H23))) | F24: =IF($A24="","",IF(원본명단!$I23="",0,COUNTIF(원본명단!$I$3:$I$6002,원본명단!$I23))) | G24: =IF($A24="","",IF(원본명단!$K23="",0,COUNTIF(원본명단!$K$3:$K$6002,원본명단!$K23))) | H24: =IF($A24="","",IF(MAX($E24,$F24,$G24)>1,"중복","-")) | I24: =IF($A24="","",IF($H24="-","-",IF(AND(IF(원본명단!$H23="",TRUE(),COUNTIF(원본명단!$H$3:$H23,원본명단!$H23)=1),IF(원본명단!$I23="",TRUE(),COUNTIF(원본명단!$I$3:$I23,원본명단!$I23)=1),IF(원본명단!$K23="",TRUE(),COUNTIF(원본명단!$K$3:$K23,원본명단!$K23)=1)),"첫 건","중복 건"))) | J24: =IF($A24="","",IF($H24="-","유지",IF($I24="첫 건","유지","확인 필요")))
A25: =IF(원본명단!$A24="","",22) | B25: =IF($A25="","",원본명단!$A24) | C25: =IF($A25="","",원본명단!$B24) | D25: =IF($A25="","",원본명단!$D24) | E25: =IF($A25="","",IF(원본명단!$H24="",0,COUNTIF(원본명단!$H$3:$H$6002,원본명단!$H24))) | F25: =IF($A25="","",IF(원본명단!$I24="",0,COUNTIF(원본명단!$I$3:$I$6002,원본명단!$I24))) | G25: =IF($A25="","",IF(원본명단!$K24="",0,COUNTIF(원본명단!$K$3:$K$6002,원본명단!$K24))) | H25: =IF($A25="","",IF(MAX($E25,$F25,$G25)>1,"중복","-")) | I25: =IF($A25="","",IF($H25="-","-",IF(AND(IF(원본명단!$H24="",TRUE(),COUNTIF(원본명단!$H$3:$H24,원본명단!$H24)=1),IF(원본명단!$I24="",TRUE(),COUNTIF(원본명단!$I$3:$I24,원본명단!$I24)=1),IF(원본명단!$K24="",TRUE(),COUNTIF(원본명단!$K$3:$K24,원본명단!$K24)=1)),"첫 건","중복 건"))) | J25: =IF($A25="","",IF($H25="-","유지",IF($I25="첫 건","유지","확인 필요")))
A26: =IF(원본명단!$A25="","",23) | B26: =IF($A26="","",원본명단!$A25) | C26: =IF($A26="","",원본명단!$B25) | D26: =IF($A26="","",원본명단!$D25) | E26: =IF($A26="","",IF(원본명단!$H25="",0,COUNTIF(원본명단!$H$3:$H$6002,원본명단!$H25))) | F26: =IF($A26="","",IF(원본명단!$I25="",0,COUNTIF(원본명단!$I$3:$I$6002,원본명단!$I25))) | G26: =IF($A26="","",IF(원본명단!$K25="",0,COUNTIF(원본명단!$K$3:$K$6002,원본명단!$K25))) | H26: =IF($A26="","",IF(MAX($E26,$F26,$G26)>1,"중복","-")) | I26: =IF($A26="","",IF($H26="-","-",IF(AND(IF(원본명단!$H25="",TRUE(),COUNTIF(원본명단!$H$3:$H25,원본명단!$H25)=1),IF(원본명단!$I25="",TRUE(),COUNTIF(원본명단!$I$3:$I25,원본명단!$I25)=1),IF(원본명단!$K25="",TRUE(),COUNTIF(원본명단!$K$3:$K25,원본명단!$K25)=1)),"첫 건","중복 건"))) | J26: =IF($A26="","",IF($H26="-","유지",IF($I26="첫 건","유지","확인 필요")))
A27: =IF(원본명단!$A26="","",24) | B27: =IF($A27="","",원본명단!$A26) | C27: =IF($A27="","",원본명단!$B26) | D27: =IF($A27="","",원본명단!$D26) | E27: =IF($A27="","",IF(원본명단!$H26="",0,COUNTIF(원본명단!$H$3:$H$6002,원본명단!$H26))) | F27: =IF($A27="","",IF(원본명단!$I26="",0,COUNTIF(원본명단!$I$3:$I$6002,원본명단!$I26))) | G27: =IF($A27="","",IF(원본명단!$K26="",0,COUNTIF(원본명단!$K$3:$K$6002,원본명단!$K26))) | H27: =IF($A27="","",IF(MAX($E27,$F27,$G27)>1,"중복","-")) | I27: =IF($A27="","",IF($H27="-","-",IF(AND(IF(원본명단!$H26="",TRUE(),COUNTIF(원본명단!$H$3:$H26,원본명단!$H26)=1),IF(원본명단!$I26="",TRUE(),COUNTIF(원본명단!$I$3:$I26,원본명단!$I26)=1),IF(원본명단!$K26="",TRUE(),COUNTIF(원본명단!$K$3:$K26,원본명단!$K26)=1)),"첫 건","중복 건"))) | J27: =IF($A27="","",IF($H27="-","유지",IF($I27="첫 건","유지","확인 필요")))
A28: =IF(원본명단!$A27="","",25) | B28: =IF($A28="","",원본명단!$A27) | C28: =IF($A28="","",원본명단!$B27) | D28: =IF($A28="","",원본명단!$D27) | E28: =IF($A28="","",IF(원본명단!$H27="",0,COUNTIF(원본명단!$H$3:$H$6002,원본명단!$H27))) | F28: =IF($A28="","",IF(원본명단!$I27="",0,COUNTIF(원본명단!$I$3:$I$6002,원본명단!$I27))) | G28: =IF($A28="","",IF(원본명단!$K27="",0,COUNTIF(원본명단!$K$3:$K$6002,원본명단!$K27))) | H28: =IF($A28="","",IF(MAX($E28,$F28,$G28)>1,"중복","-")) | I28: =IF($A28="","",IF($H28="-","-",IF(AND(IF(원본명단!$H27="",TRUE(),COUNTIF(원본명단!$H$3:$H27,원본명단!$H27)=1),IF(원본명단!$I27="",TRUE(),COUNTIF(원본명단!$I$3:$I27,원본명단!$I27)=1),IF(원본명단!$K27="",TRUE(),COUNTIF(원본명단!$K$3:$K27,원본명단!$K27)=1)),"첫 건","중복 건"))) | J28: =IF($A28="","",IF($H28="-","유지",IF($I28="첫 건","유지","확인 필요")))
A29: =IF(원본명단!$A28="","",26) | B29: =IF($A29="","",원본명단!$A28) | C29: =IF($A29="","",원본명단!$B28) | D29: =IF($A29="","",원본명단!$D28) | E29: =IF($A29="","",IF(원본명단!$H28="",0,COUNTIF(원본명단!$H$3:$H$6002,원본명단!$H28))) | F29: =IF($A29="","",IF(원본명단!$I28="",0,COUNTIF(원본명단!$I$3:$I$6002,원본명단!$I28))) | G29: =IF($A29="","",IF(원본명단!$K28="",0,COUNTIF(원본명단!$K$3:$K$6002,원본명단!$K28))) | H29: =IF($A29="","",IF(MAX($E29,$F29,$G29)>1,"중복","-")) | I29: =IF($A29="","",IF($H29="-","-",IF(AND(IF(원본명단!$H28="",TRUE(),COUNTIF(원본명단!$H$3:$H28,원본명단!$H28)=1),IF(원본명단!$I28="",TRUE(),COUNTIF(원본명단!$I$3:$I28,원본명단!$I28)=1),IF(원본명단!$K28="",TRUE(),COUNTIF(원본명단!$K$3:$K28,원본명단!$K28)=1)),"첫 건","중복 건"))) | J29: =IF($A29="","",IF($H29="-","유지",IF($I29="첫 건","유지","확인 필요")))
A30: =IF(원본명단!$A29="","",27) | B30: =IF($A30="","",원본명단!$A29) | C30: =IF($A30="","",원본명단!$B29) | D30: =IF($A30="","",원본명단!$D29) | E30: =IF($A30="","",IF(원본명단!$H29="",0,COUNTIF(원본명단!$H$3:$H$6002,원본명단!$H29))) | F30: =IF($A30="","",IF(원본명단!$I29="",0,COUNTIF(원본명단!$I$3:$I$6002,원본명단!$I29))) | G30: =IF($A30="","",IF(원본명단!$K29="",0,COUNTIF(원본명단!$K$3:$K$6002,원본명단!$K29))) | H30: =IF($A30="","",IF(MAX($E30,$F30,$G30)>1,"중복","-")) | I30: =IF($A30="","",IF($H30="-","-",IF(AND(IF(원본명단!$H29="",TRUE(),COUNTIF(원본명단!$H$3:$H29,원본명단!$H29)=1),IF(원본명단!$I29="",TRUE(),COUNTIF(원본명단!$I$3:$I29,원본명단!$I29)=1),IF(원본명단!$K29="",TRUE(),COUNTIF(원본명단!$K$3:$K29,원본명단!$K29)=1)),"첫 건","중복 건"))) | J30: =IF($A30="","",IF($H30="-","유지",IF($I30="첫 건","유지","확인 필요")))
A31: =IF(원본명단!$A30="","",28) | B31: =IF($A31="","",원본명단!$A30) | C31: =IF($A31="","",원본명단!$B30) | D31: =IF($A31="","",원본명단!$D30) | E31: =IF($A31="","",IF(원본명단!$H30="",0,COUNTIF(원본명단!$H$3:$H$6002,원본명단!$H30))) | F31: =IF($A31="","",IF(원본명단!$I30="",0,COUNTIF(원본명단!$I$3:$I$6002,원본명단!$I30))) | G31: =IF($A31="","",IF(원본명단!$K30="",0,COUNTIF(원본명단!$K$3:$K$6002,원본명단!$K30))) | H31: =IF($A31="","",IF(MAX($E31,$F31,$G31)>1,"중복","-")) | I31: =IF($A31="","",IF($H31="-","-",IF(AND(IF(원본명단!$H30="",TRUE(),COUNTIF(원본명단!$H$3:$H30,원본명단!$H30)=1),IF(원본명단!$I30="",TRUE(),COUNTIF(원본명단!$I$3:$I30,원본명단!$I30)=1),IF(원본명단!$K30="",TRUE(),COUNTIF(원본명단!$K$3:$K30,원본명단!$K30)=1)),"첫 건","중복 건"))) | J31: =IF($A31="","",IF($H31="-","유지",IF($I31="첫 건","유지","확인 필요")))
A32: =IF(원본명단!$A31="","",29) | B32: =IF($A32="","",원본명단!$A31) | C32: =IF($A32="","",원본명단!$B31) | D32: =IF($A32="","",원본명단!$D31) | E32: =IF($A32="","",IF(원본명단!$H31="",0,COUNTIF(원본명단!$H$3:$H$6002,원본명단!$H31))) | F32: =IF($A32="","",IF(원본명단!$I31="",0,COUNTIF(원본명단!$I$3:$I$6002,원본명단!$I31))) | G32: =IF($A32="","",IF(원본명단!$K31="",0,COUNTIF(원본명단!$K$3:$K$6002,원본명단!$K31))) | H32: =IF($A32="","",IF(MAX($E32,$F32,$G32)>1,"중복","-")) | I32: =IF($A32="","",IF($H32="-","-",IF(AND(IF(원본명단!$H31="",TRUE(),COUNTIF(원본명단!$H$3:$H31,원본명단!$H31)=1),IF(원본명단!$I31="",TRUE(),COUNTIF(원본명단!$I$3:$I31,원본명단!$I31)=1),IF(원본명단!$K31="",TRUE(),COUNTIF(원본명단!$K$3:$K31,원본명단!$K31)=1)),"첫 건","중복 건"))) | J32: =IF($A32="","",IF($H32="-","유지",IF($I32="첫 건","유지","확인 필요")))
A33: =IF(원본명단!$A32="","",30) | B33: =IF($A33="","",원본명단!$A32) | C33: =IF($A33="","",원본명단!$B32) | D33: =IF($A33="","",원본명단!$D32) | E33: =IF($A33="","",IF(원본명단!$H32="",0,COUNTIF(원본명단!$H$3:$H$6002,원본명단!$H32))) | F33: =IF($A33="","",IF(원본명단!$I32="",0,COUNTIF(원본명단!$I$3:$I$6002,원본명단!$I32))) | G33: =IF($A33="","",IF(원본명단!$K32="",0,COUNTIF(원본명단!$K$3:$K$6002,원본명단!$K32))) | H33: =IF($A33="","",IF(MAX($E33,$F33,$G33)>1,"중복","-")) | I33: =IF($A33="","",IF($H33="-","-",IF(AND(IF(원본명단!$H32="",TRUE(),COUNTIF(원본명단!$H$3:$H32,원본명단!$H32)=1),IF(원본명단!$I32="",TRUE(),COUNTIF(원본명단!$I$3:$I32,원본명단!$I32)=1),IF(원본명단!$K32="",TRUE(),COUNTIF(원본명단!$K$3:$K32,원본명단!$K32)=1)),"첫 건","중복 건"))) | J33: =IF($A33="","",IF($H33="-","유지",IF($I33="첫 건","유지","확인 필요")))
A34: =IF(원본명단!$A33="","",31) | B34: =IF($A34="","",원본명단!$A33) | C34: =IF($A34="","",원본명단!$B33) | D34: =IF($A34="","",원본명단!$D33) | E34: =IF($A34="","",IF(원본명단!$H33="",0,COUNTIF(원본명단!$H$3:$H$6002,원본명단!$H33))) | F34: =IF($A34="","",IF(원본명단!$I33="",0,COUNTIF(원본명단!$I$3:$I$6002,원본명단!$I33))) | G34: =IF($A34="","",IF(원본명단!$K33="",0,COUNTIF(원본명단!$K$3:$K$6002,원본명단!$K33))) | H34: =IF($A34="","",IF(MAX($E34,$F34,$G34)>1,"중복","-")) | I34: =IF($A34="","",IF($H34="-","-",IF(AND(IF(원본명단!$H33="",TRUE(),COUNTIF(원본명단!$H$3:$H33,원본명단!$H33)=1),IF(원본명단!$I33="",TRUE(),COUNTIF(원본명단!$I$3:$I33,원본명단!$I33)=1),IF(원본명단!$K33="",TRUE(),COUNTIF(원본명단!$K$3:$K33,원본명단!$K33)=1)),"첫 건","중복 건"))) | J34: =IF($A34="","",IF($H34="-","유지",IF($I34="첫 건","유지","확인 필요")))
A35: =IF(원본명단!$A34="","",32) | B35: =IF($A35="","",원본명단!$A34) | C35: =IF($A35="","",원본명단!$B34) | D35: =IF($A35="","",원본명단!$D34) | E35: =IF($A35="","",IF(원본명단!$H34="",0,COUNTIF(원본명단!$H$3:$H$6002,원본명단!$H34))) | F35: =IF($A35="","",IF(원본명단!$I34="",0,COUNTIF(원본명단!$I$3:$I$6002,원본명단!$I34))) | G35: =IF($A35="","",IF(원본명단!$K34="",0,COUNTIF(원본명단!$K$3:$K$6002,원본명단!$K34))) | H35: =IF($A35="","",IF(MAX($E35,$F35,$G35)>1,"중복","-")) | I35: =IF($A35="","",IF($H35="-","-",IF(AND(IF(원본명단!$H34="",TRUE(),COUNTIF(원본명단!$H$3:$H34,원본명단!$H34)=1),IF(원본명단!$I34="",TRUE(),COUNTIF(원본명단!$I$3:$I34,원본명단!$I34)=1),IF(원본명단!$K34="",TRUE(),COUNTIF(원본명단!$K$3:$K34,원본명단!$K34)=1)),"첫 건","중복 건"))) | J35: =IF($A35="","",IF($H35="-","유지",IF($I35="첫 건","유지","확인 필요")))
A36: =IF(원본명단!$A35="","",33) | B36: =IF($A36="","",원본명단!$A35) | C36: =IF($A36="","",원본명단!$B35) | D36: =IF($A36="","",원본명단!$D35) | E36: =IF($A36="","",IF(원본명단!$H35="",0,COUNTIF(원본명단!$H$3:$H$6002,원본명단!$H35))) | F36: =IF($A36="","",IF(원본명단!$I35="",0,COUNTIF(원본명단!$I$3:$I$6002,원본명단!$I35))) | G36: =IF($A36="","",IF(원본명단!$K35="",0,COUNTIF(원본명단!$K$3:$K$6002,원본명단!$K35))) | H36: =IF($A36="","",IF(MAX($E36,$F36,$G36)>1,"중복","-")) | I36: =IF($A36="","",IF($H36="-","-",IF(AND(IF(원본명단!$H35="",TRUE(),COUNTIF(원본명단!$H$3:$H35,원본명단!$H35)=1),IF(원본명단!$I35="",TRUE(),COUNTIF(원본명단!$I$3:$I35,원본명단!$I35)=1),IF(원본명단!$K35="",TRUE(),COUNTIF(원본명단!$K$3:$K35,원본명단!$K35)=1)),"첫 건","중복 건"))) | J36: =IF($A36="","",IF($H36="-","유지",IF($I36="첫 건","유지","확인 필요")))
A37: =IF(원본명단!$A36="","",34) | B37: =IF($A37="","",원본명단!$A36) | C37: =IF($A37="","",원본명단!$B36) | D37: =IF($A37="","",원본명단!$D36) | E37: =IF($A37="","",IF(원본명단!$H36="",0,COUNTIF(원본명단!$H$3:$H$6002,원본명단!$H36))) | F37: =IF($A37="","",IF(원본명단!$I36="",0,COUNTIF(원본명단!$I$3:$I$6002,원본명단!$I36))) | G37: =IF($A37="","",IF(원본명단!$K36="",0,COUNTIF(원본명단!$K$3:$K$6002,원본명단!$K36))) | H37: =IF($A37="","",IF(MAX($E37,$F37,$G37)>1,"중복","-")) | I37: =IF($A37="","",IF($H37="-","-",IF(AND(IF(원본명단!$H36="",TRUE(),COUNTIF(원본명단!$H$3:$H36,원본명단!$H36)=1),IF(원본명단!$I36="",TRUE(),COUNTIF(원본명단!$I$3:$I36,원본명단!$I36)=1),IF(원본명단!$K36="",TRUE(),COUNTIF(원본명단!$K$3:$K36,원본명단!$K36)=1)),"첫 건","중복 건"))) | J37: =IF($A37="","",IF($H37="-","유지",IF($I37="첫 건","유지","확인 필요")))
A38: =IF(원본명단!$A37="","",35) | B38: =IF($A38="","",원본명단!$A37) | C38: =IF($A38="","",원본명단!$B37) | D38: =IF($A38="","",원본명단!$D37) | E38: =IF($A38="","",IF(원본명단!$H37="",0,COUNTIF(원본명단!$H$3:$H$6002,원본명단!$H37))) | F38: =IF($A38="","",IF(원본명단!$I37="",0,COUNTIF(원본명단!$I$3:$I$6002,원본명단!$I37))) | G38: =IF($A38="","",IF(원본명단!$K37="",0,COUNTIF(원본명단!$K$3:$K$6002,원본명단!$K37))) | H38: =IF($A38="","",IF(MAX($E38,$F38,$G38)>1,"중복","-")) | I38: =IF($A38="","",IF($H38="-","-",IF(AND(IF(원본명단!$H37="",TRUE(),COUNTIF(원본명단!$H$3:$H37,원본명단!$H37)=1),IF(원본명단!$I37="",TRUE(),COUNTIF(원본명단!$I$3:$I37,원본명단!$I37)=1),IF(원본명단!$K37="",TRUE(),COUNTIF(원본명단!$K$3:$K37,원본명단!$K37)=1)),"첫 건","중복 건"))) | J38: =IF($A38="","",IF($H38="-","유지",IF($I38="첫 건","유지","확인 필요")))
A39: =IF(원본명단!$A38="","",36) | B39: =IF($A39="","",원본명단!$A38) | C39: =IF($A39="","",원본명단!$B38) | D39: =IF($A39="","",원본명단!$D38) | E39: =IF($A39="","",IF(원본명단!$H38="",0,COUNTIF(원본명단!$H$3:$H$6002,원본명단!$H38))) | F39: =IF($A39="","",IF(원본명단!$I38="",0,COUNTIF(원본명단!$I$3:$I$6002,원본명단!$I38))) | G39: =IF($A39="","",IF(원본명단!$K38="",0,COUNTIF(원본명단!$K$3:$K$6002,원본명단!$K38))) | H39: =IF($A39="","",IF(MAX($E39,$F39,$G39)>1,"중복","-")) | I39: =IF($A39="","",IF($H39="-","-",IF(AND(IF(원본명단!$H38="",TRUE(),COUNTIF(원본명단!$H$3:$H38,원본명단!$H38)=1),IF(원본명단!$I38="",TRUE(),COUNTIF(원본명단!$I$3:$I38,원본명단!$I38)=1),IF(원본명단!$K38="",TRUE(),COUNTIF(원본명단!$K$3:$K38,원본명단!$K38)=1)),"첫 건","중복 건"))) | J39: =IF($A39="","",IF($H39="-","유지",IF($I39="첫 건","유지","확인 필요")))
A40: =IF(원본명단!$A39="","",37) | B40: =IF($A40="","",원본명단!$A39) | C40: =IF($A40="","",원본명단!$B39) | D40: =IF($A40="","",원본명단!$D39) | E40: =IF($A40="","",IF(원본명단!$H39="",0,COUNTIF(원본명단!$H$3:$H$6002,원본명단!$H39))) | F40: =IF($A40="","",IF(원본명단!$I39="",0,COUNTIF(원본명단!$I$3:$I$6002,원본명단!$I39))) | G40: =IF($A40="","",IF(원본명단!$K39="",0,COUNTIF(원본명단!$K$3:$K$6002,원본명단!$K39))) | H40: =IF($A40="","",IF(MAX($E40,$F40,$G40)>1,"중복","-")) | I40: =IF($A40="","",IF($H40="-","-",IF(AND(IF(원본명단!$H39="",TRUE(),COUNTIF(원본명단!$H$3:$H39,원본명단!$H39)=1),IF(원본명단!$I39="",TRUE(),COUNTIF(원본명단!$I$3:$I39,원본명단!$I39)=1),IF(원본명단!$K39="",TRUE(),COUNTIF(원본명단!$K$3:$K39,원본명단!$K39)=1)),"첫 건","중복 건"))) | J40: =IF($A40="","",IF($H40="-","유지",IF($I40="첫 건","유지","확인 필요")))
A41: =IF(원본명단!$A40="","",38) | B41: =IF($A41="","",원본명단!$A40) | C41: =IF($A41="","",원본명단!$B40) | D41: =IF($A41="","",원본명단!$D40) | E41: =IF($A41="","",IF(원본명단!$H40="",0,COUNTIF(원본명단!$H$3:$H$6002,원본명단!$H40))) | F41: =IF($A41="","",IF(원본명단!$I40="",0,COUNTIF(원본명단!$I$3:$I$6002,원본명단!$I40))) | G41: =IF($A41="","",IF(원본명단!$K40="",0,COUNTIF(원본명단!$K$3:$K$6002,원본명단!$K40))) | H41: =IF($A41="","",IF(MAX($E41,$F41,$G41)>1,"중복","-")) | I41: =IF($A41="","",IF($H41="-","-",IF(AND(IF(원본명단!$H40="",TRUE(),COUNTIF(원본명단!$H$3:$H40,원본명단!$H40)=1),IF(원본명단!$I40="",TRUE(),COUNTIF(원본명단!$I$3:$I40,원본명단!$I40)=1),IF(원본명단!$K40="",TRUE(),COUNTIF(원본명단!$K$3:$K40,원본명단!$K40)=1)),"첫 건","중복 건"))) | J41: =IF($A41="","",IF($H41="-","유지",IF($I41="첫 건","유지","확인 필요")))
A42: =IF(원본명단!$A41="","",39) | B42: =IF($A42="","",원본명단!$A41) | C42: =IF($A42="","",원본명단!$B41) | D42: =IF($A42="","",원본명단!$D41) | E42: =IF($A42="","",IF(원본명단!$H41="",0,COUNTIF(원본명단!$H$3:$H$6002,원본명단!$H41))) | F42: =IF($A42="","",IF(원본명단!$I41="",0,COUNTIF(원본명단!$I$3:$I$6002,원본명단!$I41))) | G42: =IF($A42="","",IF(원본명단!$K41="",0,COUNTIF(원본명단!$K$3:$K$6002,원본명단!$K41))) | H42: =IF($A42="","",IF(MAX($E42,$F42,$G42)>1,"중복","-")) | I42: =IF($A42="","",IF($H42="-","-",IF(AND(IF(원본명단!$H41="",TRUE(),COUNTIF(원본명단!$H$3:$H41,원본명단!$H41)=1),IF(원본명단!$I41="",TRUE(),COUNTIF(원본명단!$I$3:$I41,원본명단!$I41)=1),IF(원본명단!$K41="",TRUE(),COUNTIF(원본명단!$K$3:$K41,원본명단!$K41)=1)),"첫 건","중복 건"))) | J42: =IF($A42="","",IF($H42="-","유지",IF($I42="첫 건","유지","확인 필요")))
A43: =IF(원본명단!$A42="","",40) | B43: =IF($A43="","",원본명단!$A42) | C43: =IF($A43="","",원본명단!$B42) | D43: =IF($A43="","",원본명단!$D42) | E43: =IF($A43="","",IF(원본명단!$H42="",0,COUNTIF(원본명단!$H$3:$H$6002,원본명단!$H42))) | F43: =IF($A43="","",IF(원본명단!$I42="",0,COUNTIF(원본명단!$I$3:$I$6002,원본명단!$I42))) | G43: =IF($A43="","",IF(원본명단!$K42="",0,COUNTIF(원본명단!$K$3:$K$6002,원본명단!$K42))) | H43: =IF($A43="","",IF(MAX($E43,$F43,$G43)>1,"중복","-")) | I43: =IF($A43="","",IF($H43="-","-",IF(AND(IF(원본명단!$H42="",TRUE(),COUNTIF(원본명단!$H$3:$H42,원본명단!$H42)=1),IF(원본명단!$I42="",TRUE(),COUNTIF(원본명단!$I$3:$I42,원본명단!$I42)=1),IF(원본명단!$K42="",TRUE(),COUNTIF(원본명단!$K$3:$K42,원본명단!$K42)=1)),"첫 건","중복 건"))) | J43: =IF($A43="","",IF($H43="-","유지",IF($I43="첫 건","유지","확인 필요")))
A44: =IF(원본명단!$A43="","",41) | B44: =IF($A44="","",원본명단!$A43) | C44: =IF($A44="","",원본명단!$B43) | D44: =IF($A44="","",원본명단!$D43) | E44: =IF($A44="","",IF(원본명단!$H43="",0,COUNTIF(원본명단!$H$3:$H$6002,원본명단!$H43))) | F44: =IF($A44="","",IF(원본명단!$I43="",0,COUNTIF(원본명단!$I$3:$I$6002,원본명단!$I43))) | G44: =IF($A44="","",IF(원본명단!$K43="",0,COUNTIF(원본명단!$K$3:$K$6002,원본명단!$K43))) | H44: =IF($A44="","",IF(MAX($E44,$F44,$G44)>1,"중복","-")) | I44: =IF($A44="","",IF($H44="-","-",IF(AND(IF(원본명단!$H43="",TRUE(),COUNTIF(원본명단!$H$3:$H43,원본명단!$H43)=1),IF(원본명단!$I43="",TRUE(),COUNTIF(원본명단!$I$3:$I43,원본명단!$I43)=1),IF(원본명단!$K43="",TRUE(),COUNTIF(원본명단!$K$3:$K43,원본명단!$K43)=1)),"첫 건","중복 건"))) | J44: =IF($A44="","",IF($H44="-","유지",IF($I44="첫 건","유지","확인 필요")))
A45: =IF(원본명단!$A44="","",42) | B45: =IF($A45="","",원본명단!$A44) | C45: =IF($A45="","",원본명단!$B44) | D45: =IF($A45="","",원본명단!$D44) | E45: =IF($A45="","",IF(원본명단!$H44="",0,COUNTIF(원본명단!$H$3:$H$6002,원본명단!$H44))) | F45: =IF($A45="","",IF(원본명단!$I44="",0,COUNTIF(원본명단!$I$3:$I$6002,원본명단!$I44))) | G45: =IF($A45="","",IF(원본명단!$K44="",0,COUNTIF(원본명단!$K$3:$K$6002,원본명단!$K44))) | H45: =IF($A45="","",IF(MAX($E45,$F45,$G45)>1,"중복","-")) | I45: =IF($A45="","",IF($H45="-","-",IF(AND(IF(원본명단!$H44="",TRUE(),COUNTIF(원본명단!$H$3:$H44,원본명단!$H44)=1),IF(원본명단!$I44="",TRUE(),COUNTIF(원본명단!$I$3:$I44,원본명단!$I44)=1),IF(원본명단!$K44="",TRUE(),COUNTIF(원본명단!$K$3:$K44,원본명단!$K44)=1)),"첫 건","중복 건"))) | J45: =IF($A45="","",IF($H45="-","유지",IF($I45="첫 건","유지","확인 필요")))
A46: =IF(원본명단!$A45="","",43) | B46: =IF($A46="","",원본명단!$A45) | C46: =IF($A46="","",원본명단!$B45) | D46: =IF($A46="","",원본명단!$D45) | E46: =IF($A46="","",IF(원본명단!$H45="",0,COUNTIF(원본명단!$H$3:$H$6002,원본명단!$H45))) | F46: =IF($A46="","",IF(원본명단!$I45="",0,COUNTIF(원본명단!$I$3:$I$6002,원본명단!$I45))) | G46: =IF($A46="","",IF(원본명단!$K45="",0,COUNTIF(원본명단!$K$3:$K$6002,원본명단!$K45))) | H46: =IF($A46="","",IF(MAX($E46,$F46,$G46)>1,"중복","-")) | I46: =IF($A46="","",IF($H46="-","-",IF(AND(IF(원본명단!$H45="",TRUE(),COUNTIF(원본명단!$H$3:$H45,원본명단!$H45)=1),IF(원본명단!$I45="",TRUE(),COUNTIF(원본명단!$I$3:$I45,원본명단!$I45)=1),IF(원본명단!$K45="",TRUE(),COUNTIF(원본명단!$K$3:$K45,원본명단!$K45)=1)),"첫 건","중복 건"))) | J46: =IF($A46="","",IF($H46="-","유지",IF($I46="첫 건","유지","확인 필요")))
A47: =IF(원본명단!$A46="","",44) | B47: =IF($A47="","",원본명단!$A46) | C47: =IF($A47="","",원본명단!$B46) | D47: =IF($A47="","",원본명단!$D46) | E47: =IF($A47="","",IF(원본명단!$H46="",0,COUNTIF(원본명단!$H$3:$H$6002,원본명단!$H46))) | F47: =IF($A47="","",IF(원본명단!$I46="",0,COUNTIF(원본명단!$I$3:$I$6002,원본명단!$I46))) | G47: =IF($A47="","",IF(원본명단!$K46="",0,COUNTIF(원본명단!$K$3:$K$6002,원본명단!$K46))) | H47: =IF($A47="","",IF(MAX($E47,$F47,$G47)>1,"중복","-")) | I47: =IF($A47="","",IF($H47="-","-",IF(AND(IF(원본명단!$H46="",TRUE(),COUNTIF(원본명단!$H$3:$H46,원본명단!$H46)=1),IF(원본명단!$I46="",TRUE(),COUNTIF(원본명단!$I$3:$I46,원본명단!$I46)=1),IF(원본명단!$K46="",TRUE(),COUNTIF(원본명단!$K$3:$K46,원본명단!$K46)=1)),"첫 건","중복 건"))) | J47: =IF($A47="","",IF($H47="-","유지",IF($I47="첫 건","유지","확인 필요")))
A48: =IF(원본명단!$A47="","",45) | B48: =IF($A48="","",원본명단!$A47) | C48: =IF($A48="","",원본명단!$B47) | D48: =IF($A48="","",원본명단!$D47) | E48: =IF($A48="","",IF(원본명단!$H47="",0,COUNTIF(원본명단!$H$3:$H$6002,원본명단!$H47))) | F48: =IF($A48="","",IF(원본명단!$I47="",0,COUNTIF(원본명단!$I$3:$I$6002,원본명단!$I47))) | G48: =IF($A48="","",IF(원본명단!$K47="",0,COUNTIF(원본명단!$K$3:$K$6002,원본명단!$K47))) | H48: =IF($A48="","",IF(MAX($E48,$F48,$G48)>1,"중복","-")) | I48: =IF($A48="","",IF($H48="-","-",IF(AND(IF(원본명단!$H47="",TRUE(),COUNTIF(원본명단!$H$3:$H47,원본명단!$H47)=1),IF(원본명단!$I47="",TRUE(),COUNTIF(원본명단!$I$3:$I47,원본명단!$I47)=1),IF(원본명단!$K47="",TRUE(),COUNTIF(원본명단!$K$3:$K47,원본명단!$K47)=1)),"첫 건","중복 건"))) | J48: =IF($A48="","",IF($H48="-","유지",IF($I48="첫 건","유지","확인 필요")))
A49: =IF(원본명단!$A48="","",46) | B49: =IF($A49="","",원본명단!$A48) | C49: =IF($A49="","",원본명단!$B48) | D49: =IF($A49="","",원본명단!$D48) | E49: =IF($A49="","",IF(원본명단!$H48="",0,COUNTIF(원본명단!$H$3:$H$6002,원본명단!$H48))) | F49: =IF($A49="","",IF(원본명단!$I48="",0,COUNTIF(원본명단!$I$3:$I$6002,원본명단!$I48))) | G49: =IF($A49="","",IF(원본명단!$K48="",0,COUNTIF(원본명단!$K$3:$K$6002,원본명단!$K48))) | H49: =IF($A49="","",IF(MAX($E49,$F49,$G49)>1,"중복","-")) | I49: =IF($A49="","",IF($H49="-","-",IF(AND(IF(원본명단!$H48="",TRUE(),COUNTIF(원본명단!$H$3:$H48,원본명단!$H48)=1),IF(원본명단!$I48="",TRUE(),COUNTIF(원본명단!$I$3:$I48,원본명단!$I48)=1),IF(원본명단!$K48="",TRUE(),COUNTIF(원본명단!$K$3:$K48,원본명단!$K48)=1)),"첫 건","중복 건"))) | J49: =IF($A49="","",IF($H49="-","유지",IF($I49="첫 건","유지","확인 필요")))
A50: =IF(원본명단!$A49="","",47) | B50: =IF($A50="","",원본명단!$A49) | C50: =IF($A50="","",원본명단!$B49) | D50: =IF($A50="","",원본명단!$D49) | E50: =IF($A50="","",IF(원본명단!$H49="",0,COUNTIF(원본명단!$H$3:$H$6002,원본명단!$H49))) | F50: =IF($A50="","",IF(원본명단!$I49="",0,COUNTIF(원본명단!$I$3:$I$6002,원본명단!$I49))) | G50: =IF($A50="","",IF(원본명단!$K49="",0,COUNTIF(원본명단!$K$3:$K$6002,원본명단!$K49))) | H50: =IF($A50="","",IF(MAX($E50,$F50,$G50)>1,"중복","-")) | I50: =IF($A50="","",IF($H50="-","-",IF(AND(IF(원본명단!$H49="",TRUE(),COUNTIF(원본명단!$H$3:$H49,원본명단!$H49)=1),IF(원본명단!$I49="",TRUE(),COUNTIF(원본명단!$I$3:$I49,원본명단!$I49)=1),IF(원본명단!$K49="",TRUE(),COUNTIF(원본명단!$K$3:$K49,원본명단!$K49)=1)),"첫 건","중복 건"))) | J50: =IF($A50="","",IF($H50="-","유지",IF($I50="첫 건","유지","확인 필요")))
A51: =IF(원본명단!$A50="","",48) | B51: =IF($A51="","",원본명단!$A50) | C51: =IF($A51="","",원본명단!$B50) | D51: =IF($A51="","",원본명단!$D50) | E51: =IF($A51="","",IF(원본명단!$H50="",0,COUNTIF(원본명단!$H$3:$H$6002,원본명단!$H50))) | F51: =IF($A51="","",IF(원본명단!$I50="",0,COUNTIF(원본명단!$I$3:$I$6002,원본명단!$I50))) | G51: =IF($A51="","",IF(원본명단!$K50="",0,COUNTIF(원본명단!$K$3:$K$6002,원본명단!$K50))) | H51: =IF($A51="","",IF(MAX($E51,$F51,$G51)>1,"중복","-")) | I51: =IF($A51="","",IF($H51="-","-",IF(AND(IF(원본명단!$H50="",TRUE(),COUNTIF(원본명단!$H$3:$H50,원본명단!$H50)=1),IF(원본명단!$I50="",TRUE(),COUNTIF(원본명단!$I$3:$I50,원본명단!$I50)=1),IF(원본명단!$K50="",TRUE(),COUNTIF(원본명단!$K$3:$K50,원본명단!$K50)=1)),"첫 건","중복 건"))) | J51: =IF($A51="","",IF($H51="-","유지",IF($I51="첫 건","유지","확인 필요")))
A52: =IF(원본명단!$A51="","",49) | B52: =IF($A52="","",원본명단!$A51) | C52: =IF($A52="","",원본명단!$B51) | D52: =IF($A52="","",원본명단!$D51) | E52: =IF($A52="","",IF(원본명단!$H51="",0,COUNTIF(원본명단!$H$3:$H$6002,원본명단!$H51))) | F52: =IF($A52="","",IF(원본명단!$I51="",0,COUNTIF(원본명단!$I$3:$I$6002,원본명단!$I51))) | G52: =IF($A52="","",IF(원본명단!$K51="",0,COUNTIF(원본명단!$K$3:$K$6002,원본명단!$K51))) | H52: =IF($A52="","",IF(MAX($E52,$F52,$G52)>1,"중복","-")) | I52: =IF($A52="","",IF($H52="-","-",IF(AND(IF(원본명단!$H51="",TRUE(),COUNTIF(원본명단!$H$3:$H51,원본명단!$H51)=1),IF(원본명단!$I51="",TRUE(),COUNTIF(원본명단!$I$3:$I51,원본명단!$I51)=1),IF(원본명단!$K51="",TRUE(),COUNTIF(원본명단!$K$3:$K51,원본명단!$K51)=1)),"첫 건","중복 건"))) | J52: =IF($A52="","",IF($H52="-","유지",IF($I52="첫 건","유지","확인 필요")))
A53: =IF(원본명단!$A52="","",50) | B53: =IF($A53="","",원본명단!$A52) | C53: =IF($A53="","",원본명단!$B52) | D53: =IF($A53="","",원본명단!$D52) | E53: =IF($A53="","",IF(원본명단!$H52="",0,COUNTIF(원본명단!$H$3:$H$6002,원본명단!$H52))) | F53: =IF($A53="","",IF(원본명단!$I52="",0,COUNTIF(원본명단!$I$3:$I$6002,원본명단!$I52))) | G53: =IF($A53="","",IF(원본명단!$K52="",0,COUNTIF(원본명단!$K$3:$K$6002,원본명단!$K52))) | H53: =IF($A53="","",IF(MAX($E53,$F53,$G53)>1,"중복","-")) | I53: =IF($A53="","",IF($H53="-","-",IF(AND(IF(원본명단!$H52="",TRUE(),COUNTIF(원본명단!$H$3:$H52,원본명단!$H52)=1),IF(원본명단!$I52="",TRUE(),COUNTIF(원본명단!$I$3:$I52,원본명단!$I52)=1),IF(원본명단!$K52="",TRUE(),COUNTIF(원본명단!$K$3:$K52,원본명단!$K52)=1)),"첫 건","중복 건"))) | J53: =IF($A53="","",IF($H53="-","유지",IF($I53="첫 건","유지","확인 필요")))
A54: =IF(원본명단!$A53="","",51) | B54: =IF($A54="","",원본명단!$A53) | C54: =IF($A54="","",원본명단!$B53) | D54: =IF($A54="","",원본명단!$D53) | E54: =IF($A54="","",IF(원본명단!$H53="",0,COUNTIF(원본명단!$H$3:$H$6002,원본명단!$H53))) | F54: =IF($A54="","",IF(원본명단!$I53="",0,COUNTIF(원본명단!$I$3:$I$6002,원본명단!$I53))) | G54: =IF($A54="","",IF(원본명단!$K53="",0,COUNTIF(원본명단!$K$3:$K$6002,원본명단!$K53))) | H54: =IF($A54="","",IF(MAX($E54,$F54,$G54)>1,"중복","-")) | I54: =IF($A54="","",IF($H54="-","-",IF(AND(IF(원본명단!$H53="",TRUE(),COUNTIF(원본명단!$H$3:$H53,원본명단!$H53)=1),IF(원본명단!$I53="",TRUE(),COUNTIF(원본명단!$I$3:$I53,원본명단!$I53)=1),IF(원본명단!$K53="",TRUE(),COUNTIF(원본명단!$K$3:$K53,원본명단!$K53)=1)),"첫 건","중복 건"))) | J54: =IF($A54="","",IF($H54="-","유지",IF($I54="첫 건","유지","확인 필요")))
A55: =IF(원본명단!$A54="","",52) | B55: =IF($A55="","",원본명단!$A54) | C55: =IF($A55="","",원본명단!$B54) | D55: =IF($A55="","",원본명단!$D54) | E55: =IF($A55="","",IF(원본명단!$H54="",0,COUNTIF(원본명단!$H$3:$H$6002,원본명단!$H54))) | F55: =IF($A55="","",IF(원본명단!$I54="",0,COUNTIF(원본명단!$I$3:$I$6002,원본명단!$I54))) | G55: =IF($A55="","",IF(원본명단!$K54="",0,COUNTIF(원본명단!$K$3:$K$6002,원본명단!$K54))) | H55: =IF($A55="","",IF(MAX($E55,$F55,$G55)>1,"중복","-")) | I55: =IF($A55="","",IF($H55="-","-",IF(AND(IF(원본명단!$H54="",TRUE(),COUNTIF(원본명단!$H$3:$H54,원본명단!$H54)=1),IF(원본명단!$I54="",TRUE(),COUNTIF(원본명단!$I$3:$I54,원본명단!$I54)=1),IF(원본명단!$K54="",TRUE(),COUNTIF(원본명단!$K$3:$K54,원본명단!$K54)=1)),"첫 건","중복 건"))) | J55: =IF($A55="","",IF($H55="-","유지",IF($I55="첫 건","유지","확인 필요")))
A56: =IF(원본명단!$A55="","",53) | B56: =IF($A56="","",원본명단!$A55) | C56: =IF($A56="","",원본명단!$B55) | D56: =IF($A56="","",원본명단!$D55) | E56: =IF($A56="","",IF(원본명단!$H55="",0,COUNTIF(원본명단!$H$3:$H$6002,원본명단!$H55))) | F56: =IF($A56="","",IF(원본명단!$I55="",0,COUNTIF(원본명단!$I$3:$I$6002,원본명단!$I55))) | G56: =IF($A56="","",IF(원본명단!$K55="",0,COUNTIF(원본명단!$K$3:$K$6002,원본명단!$K55))) | H56: =IF($A56="","",IF(MAX($E56,$F56,$G56)>1,"중복","-")) | I56: =IF($A56="","",IF($H56="-","-",IF(AND(IF(원본명단!$H55="",TRUE(),COUNTIF(원본명단!$H$3:$H55,원본명단!$H55)=1),IF(원본명단!$I55="",TRUE(),COUNTIF(원본명단!$I$3:$I55,원본명단!$I55)=1),IF(원본명단!$K55="",TRUE(),COUNTIF(원본명단!$K$3:$K55,원본명단!$K55)=1)),"첫 건","중복 건"))) | J56: =IF($A56="","",IF($H56="-","유지",IF($I56="첫 건","유지","확인 필요")))
A57: =IF(원본명단!$A56="","",54) | B57: =IF($A57="","",원본명단!$A56) | C57: =IF($A57="","",원본명단!$B56) | D57: =IF($A57="","",원본명단!$D56) | E57: =IF($A57="","",IF(원본명단!$H56="",0,COUNTIF(원본명단!$H$3:$H$6002,원본명단!$H56))) | F57: =IF($A57="","",IF(원본명단!$I56="",0,COUNTIF(원본명단!$I$3:$I$6002,원본명단!$I56))) | G57: =IF($A57="","",IF(원본명단!$K56="",0,COUNTIF(원본명단!$K$3:$K$6002,원본명단!$K56))) | H57: =IF($A57="","",IF(MAX($E57,$F57,$G57)>1,"중복","-")) | I57: =IF($A57="","",IF($H57="-","-",IF(AND(IF(원본명단!$H56="",TRUE(),COUNTIF(원본명단!$H$3:$H56,원본명단!$H56)=1),IF(원본명단!$I56="",TRUE(),COUNTIF(원본명단!$I$3:$I56,원본명단!$I56)=1),IF(원본명단!$K56="",TRUE(),COUNTIF(원본명단!$K$3:$K56,원본명단!$K56)=1)),"첫 건","중복 건"))) | J57: =IF($A57="","",IF($H57="-","유지",IF($I57="첫 건","유지","확인 필요")))
A58: =IF(원본명단!$A57="","",55) | B58: =IF($A58="","",원본명단!$A57) | C58: =IF($A58="","",원본명단!$B57) | D58: =IF($A58="","",원본명단!$D57) | E58: =IF($A58="","",IF(원본명단!$H57="",0,COUNTIF(원본명단!$H$3:$H$6002,원본명단!$H57))) | F58: =IF($A58="","",IF(원본명단!$I57="",0,COUNTIF(원본명단!$I$3:$I$6002,원본명단!$I57))) | G58: =IF($A58="","",IF(원본명단!$K57="",0,COUNTIF(원본명단!$K$3:$K$6002,원본명단!$K57))) | H58: =IF($A58="","",IF(MAX($E58,$F58,$G58)>1,"중복","-")) | I58: =IF($A58="","",IF($H58="-","-",IF(AND(IF(원본명단!$H57="",TRUE(),COUNTIF(원본명단!$H$3:$H57,원본명단!$H57)=1),IF(원본명단!$I57="",TRUE(),COUNTIF(원본명단!$I$3:$I57,원본명단!$I57)=1),IF(원본명단!$K57="",TRUE(),COUNTIF(원본명단!$K$3:$K57,원본명단!$K57)=1)),"첫 건","중복 건"))) | J58: =IF($A58="","",IF($H58="-","유지",IF($I58="첫 건","유지","확인 필요")))
A59: =IF(원본명단!$A58="","",56) | B59: =IF($A59="","",원본명단!$A58) | C59: =IF($A59="","",원본명단!$B58) | D59: =IF($A59="","",원본명단!$D58) | E59: =IF($A59="","",IF(원본명단!$H58="",0,COUNTIF(원본명단!$H$3:$H$6002,원본명단!$H58))) | F59: =IF($A59="","",IF(원본명단!$I58="",0,COUNTIF(원본명단!$I$3:$I$6002,원본명단!$I58))) | G59: =IF($A59="","",IF(원본명단!$K58="",0,COUNTIF(원본명단!$K$3:$K$6002,원본명단!$K58))) | H59: =IF($A59="","",IF(MAX($E59,$F59,$G59)>1,"중복","-")) | I59: =IF($A59="","",IF($H59="-","-",IF(AND(IF(원본명단!$H58="",TRUE(),COUNTIF(원본명단!$H$3:$H58,원본명단!$H58)=1),IF(원본명단!$I58="",TRUE(),COUNTIF(원본명단!$I$3:$I58,원본명단!$I58)=1),IF(원본명단!$K58="",TRUE(),COUNTIF(원본명단!$K$3:$K58,원본명단!$K58)=1)),"첫 건","중복 건"))) | J59: =IF($A59="","",IF($H59="-","유지",IF($I59="첫 건","유지","확인 필요")))
A60: =IF(원본명단!$A59="","",57) | B60: =IF($A60="","",원본명단!$A59) | C60: =IF($A60="","",원본명단!$B59) | D60: =IF($A60="","",원본명단!$D59) | E60: =IF($A60="","",IF(원본명단!$H59="",0,COUNTIF(원본명단!$H$3:$H$6002,원본명단!$H59))) | F60: =IF($A60="","",IF(원본명단!$I59="",0,COUNTIF(원본명단!$I$3:$I$6002,원본명단!$I59))) | G60: =IF($A60="","",IF(원본명단!$K59="",0,COUNTIF(원본명단!$K$3:$K$6002,원본명단!$K59))) | H60: =IF($A60="","",IF(MAX($E60,$F60,$G60)>1,"중복","-")) | I60: =IF($A60="","",IF($H60="-","-",IF(AND(IF(원본명단!$H59="",TRUE(),COUNTIF(원본명단!$H$3:$H59,원본명단!$H59)=1),IF(원본명단!$I59="",TRUE(),COUNTIF(원본명단!$I$3:$I59,원본명단!$I59)=1),IF(원본명단!$K59="",TRUE(),COUNTIF(원본명단!$K$3:$K59,원본명단!$K59)=1)),"첫 건","중복 건"))) | J60: =IF($A60="","",IF($H60="-","유지",IF($I60="첫 건","유지","확인 필요")))
A61: =IF(원본명단!$A60="","",58) | B61: =IF($A61="","",원본명단!$A60) | C61: =IF($A61="","",원본명단!$B60) | D61: =IF($A61="","",원본명단!$D60) | E61: =IF($A61="","",IF(원본명단!$H60="",0,COUNTIF(원본명단!$H$3:$H$6002,원본명단!$H60))) | F61: =IF($A61="","",IF(원본명단!$I60="",0,COUNTIF(원본명단!$I$3:$I$6002,원본명단!$I60))) | G61: =IF($A61="","",IF(원본명단!$K60="",0,COUNTIF(원본명단!$K$3:$K$6002,원본명단!$K60))) | H61: =IF($A61="","",IF(MAX($E61,$F61,$G61)>1,"중복","-")) | I61: =IF($A61="","",IF($H61="-","-",IF(AND(IF(원본명단!$H60="",TRUE(),COUNTIF(원본명단!$H$3:$H60,원본명단!$H60)=1),IF(원본명단!$I60="",TRUE(),COUNTIF(원본명단!$I$3:$I60,원본명단!$I60)=1),IF(원본명단!$K60="",TRUE(),COUNTIF(원본명단!$K$3:$K60,원본명단!$K60)=1)),"첫 건","중복 건"))) | J61: =IF($A61="","",IF($H61="-","유지",IF($I61="첫 건","유지","확인 필요")))
A62: =IF(원본명단!$A61="","",59) | B62: =IF($A62="","",원본명단!$A61) | C62: =IF($A62="","",원본명단!$B61) | D62: =IF($A62="","",원본명단!$D61) | E62: =IF($A62="","",IF(원본명단!$H61="",0,COUNTIF(원본명단!$H$3:$H$6002,원본명단!$H61))) | F62: =IF($A62="","",IF(원본명단!$I61="",0,COUNTIF(원본명단!$I$3:$I$6002,원본명단!$I61))) | G62: =IF($A62="","",IF(원본명단!$K61="",0,COUNTIF(원본명단!$K$3:$K$6002,원본명단!$K61))) | H62: =IF($A62="","",IF(MAX($E62,$F62,$G62)>1,"중복","-")) | I62: =IF($A62="","",IF($H62="-","-",IF(AND(IF(원본명단!$H61="",TRUE(),COUNTIF(원본명단!$H$3:$H61,원본명단!$H61)=1),IF(원본명단!$I61="",TRUE(),COUNTIF(원본명단!$I$3:$I61,원본명단!$I61)=1),IF(원본명단!$K61="",TRUE(),COUNTIF(원본명단!$K$3:$K61,원본명단!$K61)=1)),"첫 건","중복 건"))) | J62: =IF($A62="","",IF($H62="-","유지",IF($I62="첫 건","유지","확인 필요")))
A63: =IF(원본명단!$A62="","",60) | B63: =IF($A63="","",원본명단!$A62) | C63: =IF($A63="","",원본명단!$B62) | D63: =IF($A63="","",원본명단!$D62) | E63: =IF($A63="","",IF(원본명단!$H62="",0,COUNTIF(원본명단!$H$3:$H$6002,원본명단!$H62))) | F63: =IF($A63="","",IF(원본명단!$I62="",0,COUNTIF(원본명단!$I$3:$I$6002,원본명단!$I62))) | G63: =IF($A63="","",IF(원본명단!$K62="",0,COUNTIF(원본명단!$K$3:$K$6002,원본명단!$K62))) | H63: =IF($A63="","",IF(MAX($E63,$F63,$G63)>1,"중복","-")) | I63: =IF($A63="","",IF($H63="-","-",IF(AND(IF(원본명단!$H62="",TRUE(),COUNTIF(원본명단!$H$3:$H62,원본명단!$H62)=1),IF(원본명단!$I62="",TRUE(),COUNTIF(원본명단!$I$3:$I62,원본명단!$I62)=1),IF(원본명단!$K62="",TRUE(),COUNTIF(원본명단!$K$3:$K62,원본명단!$K62)=1)),"첫 건","중복 건"))) | J63: =IF($A63="","",IF($H63="-","유지",IF($I63="첫 건","유지","확인 필요")))
A64: =IF(원본명단!$A63="","",61) | B64: =IF($A64="","",원본명단!$A63) | C64: =IF($A64="","",원본명단!$B63) | D64: =IF($A64="","",원본명단!$D63) | E64: =IF($A64="","",IF(원본명단!$H63="",0,COUNTIF(원본명단!$H$3:$H$6002,원본명단!$H63))) | F64: =IF($A64="","",IF(원본명단!$I63="",0,COUNTIF(원본명단!$I$3:$I$6002,원본명단!$I63))) | G64: =IF($A64="","",IF(원본명단!$K63="",0,COUNTIF(원본명단!$K$3:$K$6002,원본명단!$K63))) | H64: =IF($A64="","",IF(MAX($E64,$F64,$G64)>1,"중복","-")) | I64: =IF($A64="","",IF($H64="-","-",IF(AND(IF(원본명단!$H63="",TRUE(),COUNTIF(원본명단!$H$3:$H63,원본명단!$H63)=1),IF(원본명단!$I63="",TRUE(),COUNTIF(원본명단!$I$3:$I63,원본명단!$I63)=1),IF(원본명단!$K63="",TRUE(),COUNTIF(원본명단!$K$3:$K63,원본명단!$K63)=1)),"첫 건","중복 건"))) | J64: =IF($A64="","",IF($H64="-","유지",IF($I64="첫 건","유지","확인 필요")))
A65: =IF(원본명단!$A64="","",62) | B65: =IF($A65="","",원본명단!$A64) | C65: =IF($A65="","",원본명단!$B64) | D65: =IF($A65="","",원본명단!$D64) | E65: =IF($A65="","",IF(원본명단!$H64="",0,COUNTIF(원본명단!$H$3:$H$6002,원본명단!$H64))) | F65: =IF($A65="","",IF(원본명단!$I64="",0,COUNTIF(원본명단!$I$3:$I$6002,원본명단!$I64))) | G65: =IF($A65="","",IF(원본명단!$K64="",0,COUNTIF(원본명단!$K$3:$K$6002,원본명단!$K64))) | H65: =IF($A65="","",IF(MAX($E65,$F65,$G65)>1,"중복","-")) | I65: =IF($A65="","",IF($H65="-","-",IF(AND(IF(원본명단!$H64="",TRUE(),COUNTIF(원본명단!$H$3:$H64,원본명단!$H64)=1),IF(원본명단!$I64="",TRUE(),COUNTIF(원본명단!$I$3:$I64,원본명단!$I64)=1),IF(원본명단!$K64="",TRUE(),COUNTIF(원본명단!$K$3:$K64,원본명단!$K64)=1)),"첫 건","중복 건"))) | J65: =IF($A65="","",IF($H65="-","유지",IF($I65="첫 건","유지","확인 필요")))
A66: =IF(원본명단!$A65="","",63) | B66: =IF($A66="","",원본명단!$A65) | C66: =IF($A66="","",원본명단!$B65) | D66: =IF($A66="","",원본명단!$D65) | E66: =IF($A66="","",IF(원본명단!$H65="",0,COUNTIF(원본명단!$H$3:$H$6002,원본명단!$H65))) | F66: =IF($A66="","",IF(원본명단!$I65="",0,COUNTIF(원본명단!$I$3:$I$6002,원본명단!$I65))) | G66: =IF($A66="","",IF(원본명단!$K65="",0,COUNTIF(원본명단!$K$3:$K$6002,원본명단!$K65))) | H66: =IF($A66="","",IF(MAX($E66,$F66,$G66)>1,"중복","-")) | I66: =IF($A66="","",IF($H66="-","-",IF(AND(IF(원본명단!$H65="",TRUE(),COUNTIF(원본명단!$H$3:$H65,원본명단!$H65)=1),IF(원본명단!$I65="",TRUE(),COUNTIF(원본명단!$I$3:$I65,원본명단!$I65)=1),IF(원본명단!$K65="",TRUE(),COUNTIF(원본명단!$K$3:$K65,원본명단!$K65)=1)),"첫 건","중복 건"))) | J66: =IF($A66="","",IF($H66="-","유지",IF($I66="첫 건","유지","확인 필요")))
A67: =IF(원본명단!$A66="","",64) | B67: =IF($A67="","",원본명단!$A66) | C67: =IF($A67="","",원본명단!$B66) | D67: =IF($A67="","",원본명단!$D66) | E67: =IF($A67="","",IF(원본명단!$H66="",0,COUNTIF(원본명단!$H$3:$H$6002,원본명단!$H66))) | F67: =IF($A67="","",IF(원본명단!$I66="",0,COUNTIF(원본명단!$I$3:$I$6002,원본명단!$I66))) | G67: =IF($A67="","",IF(원본명단!$K66="",0,COUNTIF(원본명단!$K$3:$K$6002,원본명단!$K66))) | H67: =IF($A67="","",IF(MAX($E67,$F67,$G67)>1,"중복","-")) | I67: =IF($A67="","",IF($H67="-","-",IF(AND(IF(원본명단!$H66="",TRUE(),COUNTIF(원본명단!$H$3:$H66,원본명단!$H66)=1),IF(원본명단!$I66="",TRUE(),COUNTIF(원본명단!$I$3:$I66,원본명단!$I66)=1),IF(원본명단!$K66="",TRUE(),COUNTIF(원본명단!$K$3:$K66,원본명단!$K66)=1)),"첫 건","중복 건"))) | J67: =IF($A67="","",IF($H67="-","유지",IF($I67="첫 건","유지","확인 필요")))
A68: =IF(원본명단!$A67="","",65) | B68: =IF($A68="","",원본명단!$A67) | C68: =IF($A68="","",원본명단!$B67) | D68: =IF($A68="","",원본명단!$D67) | E68: =IF($A68="","",IF(원본명단!$H67="",0,COUNTIF(원본명단!$H$3:$H$6002,원본명단!$H67))) | F68: =IF($A68="","",IF(원본명단!$I67="",0,COUNTIF(원본명단!$I$3:$I$6002,원본명단!$I67))) | G68: =IF($A68="","",IF(원본명단!$K67="",0,COUNTIF(원본명단!$K$3:$K$6002,원본명단!$K67))) | H68: =IF($A68="","",IF(MAX($E68,$F68,$G68)>1,"중복","-")) | I68: =IF($A68="","",IF($H68="-","-",IF(AND(IF(원본명단!$H67="",TRUE(),COUNTIF(원본명단!$H$3:$H67,원본명단!$H67)=1),IF(원본명단!$I67="",TRUE(),COUNTIF(원본명단!$I$3:$I67,원본명단!$I67)=1),IF(원본명단!$K67="",TRUE(),COUNTIF(원본명단!$K$3:$K67,원본명단!$K67)=1)),"첫 건","중복 건"))) | J68: =IF($A68="","",IF($H68="-","유지",IF($I68="첫 건","유지","확인 필요")))
A69: =IF(원본명단!$A68="","",66) | B69: =IF($A69="","",원본명단!$A68) | C69: =IF($A69="","",원본명단!$B68) | D69: =IF($A69="","",원본명단!$D68) | E69: =IF($A69="","",IF(원본명단!$H68="",0,COUNTIF(원본명단!$H$3:$H$6002,원본명단!$H68))) | F69: =IF($A69="","",IF(원본명단!$I68="",0,COUNTIF(원본명단!$I$3:$I$6002,원본명단!$I68))) | G69: =IF($A69="","",IF(원본명단!$K68="",0,COUNTIF(원본명단!$K$3:$K$6002,원본명단!$K68))) | H69: =IF($A69="","",IF(MAX($E69,$F69,$G69)>1,"중복","-")) | I69: =IF($A69="","",IF($H69="-","-",IF(AND(IF(원본명단!$H68="",TRUE(),COUNTIF(원본명단!$H$3:$H68,원본명단!$H68)=1),IF(원본명단!$I68="",TRUE(),COUNTIF(원본명단!$I$3:$I68,원본명단!$I68)=1),IF(원본명단!$K68="",TRUE(),COUNTIF(원본명단!$K$3:$K68,원본명단!$K68)=1)),"첫 건","중복 건"))) | J69: =IF($A69="","",IF($H69="-","유지",IF($I69="첫 건","유지","확인 필요")))
A70: =IF(원본명단!$A69="","",67) | B70: =IF($A70="","",원본명단!$A69) | C70: =IF($A70="","",원본명단!$B69) | D70: =IF($A70="","",원본명단!$D69) | E70: =IF($A70="","",IF(원본명단!$H69="",0,COUNTIF(원본명단!$H$3:$H$6002,원본명단!$H69))) | F70: =IF($A70="","",IF(원본명단!$I69="",0,COUNTIF(원본명단!$I$3:$I$6002,원본명단!$I69))) | G70: =IF($A70="","",IF(원본명단!$K69="",0,COUNTIF(원본명단!$K$3:$K$6002,원본명단!$K69))) | H70: =IF($A70="","",IF(MAX($E70,$F70,$G70)>1,"중복","-")) | I70: =IF($A70="","",IF($H70="-","-",IF(AND(IF(원본명단!$H69="",TRUE(),COUNTIF(원본명단!$H$3:$H69,원본명단!$H69)=1),IF(원본명단!$I69="",TRUE(),COUNTIF(원본명단!$I$3:$I69,원본명단!$I69)=1),IF(원본명단!$K69="",TRUE(),COUNTIF(원본명단!$K$3:$K69,원본명단!$K69)=1)),"첫 건","중복 건"))) | J70: =IF($A70="","",IF($H70="-","유지",IF($I70="첫 건","유지","확인 필요")))
A71: =IF(원본명단!$A70="","",68) | B71: =IF($A71="","",원본명단!$A70) | C71: =IF($A71="","",원본명단!$B70) | D71: =IF($A71="","",원본명단!$D70) | E71: =IF($A71="","",IF(원본명단!$H70="",0,COUNTIF(원본명단!$H$3:$H$6002,원본명단!$H70))) | F71: =IF($A71="","",IF(원본명단!$I70="",0,COUNTIF(원본명단!$I$3:$I$6002,원본명단!$I70))) | G71: =IF($A71="","",IF(원본명단!$K70="",0,COUNTIF(원본명단!$K$3:$K$6002,원본명단!$K70))) | H71: =IF($A71="","",IF(MAX($E71,$F71,$G71)>1,"중복","-")) | I71: =IF($A71="","",IF($H71="-","-",IF(AND(IF(원본명단!$H70="",TRUE(),COUNTIF(원본명단!$H$3:$H70,원본명단!$H70)=1),IF(원본명단!$I70="",TRUE(),COUNTIF(원본명단!$I$3:$I70,원본명단!$I70)=1),IF(원본명단!$K70="",TRUE(),COUNTIF(원본명단!$K$3:$K70,원본명단!$K70)=1)),"첫 건","중복 건"))) | J71: =IF($A71="","",IF($H71="-","유지",IF($I71="첫 건","유지","확인 필요")))
A72: =IF(원본명단!$A71="","",69) | B72: =IF($A72="","",원본명단!$A71) | C72: =IF($A72="","",원본명단!$B71) | D72: =IF($A72="","",원본명단!$D71) | E72: =IF($A72="","",IF(원본명단!$H71="",0,COUNTIF(원본명단!$H$3:$H$6002,원본명단!$H71))) | F72: =IF($A72="","",IF(원본명단!$I71="",0,COUNTIF(원본명단!$I$3:$I$6002,원본명단!$I71))) | G72: =IF($A72="","",IF(원본명단!$K71="",0,COUNTIF(원본명단!$K$3:$K$6002,원본명단!$K71))) | H72: =IF($A72="","",IF(MAX($E72,$F72,$G72)>1,"중복","-")) | I72: =IF($A72="","",IF($H72="-","-",IF(AND(IF(원본명단!$H71="",TRUE(),COUNTIF(원본명단!$H$3:$H71,원본명단!$H71)=1),IF(원본명단!$I71="",TRUE(),COUNTIF(원본명단!$I$3:$I71,원본명단!$I71)=1),IF(원본명단!$K71="",TRUE(),COUNTIF(원본명단!$K$3:$K71,원본명단!$K71)=1)),"첫 건","중복 건"))) | J72: =IF($A72="","",IF($H72="-","유지",IF($I72="첫 건","유지","확인 필요")))
A73: =IF(원본명단!$A72="","",70) | B73: =IF($A73="","",원본명단!$A72) | C73: =IF($A73="","",원본명단!$B72) | D73: =IF($A73="","",원본명단!$D72) | E73: =IF($A73="","",IF(원본명단!$H72="",0,COUNTIF(원본명단!$H$3:$H$6002,원본명단!$H72))) | F73: =IF($A73="","",IF(원본명단!$I72="",0,COUNTIF(원본명단!$I$3:$I$6002,원본명단!$I72))) | G73: =IF($A73="","",IF(원본명단!$K72="",0,COUNTIF(원본명단!$K$3:$K$6002,원본명단!$K72))) | H73: =IF($A73="","",IF(MAX($E73,$F73,$G73)>1,"중복","-")) | I73: =IF($A73="","",IF($H73="-","-",IF(AND(IF(원본명단!$H72="",TRUE(),COUNTIF(원본명단!$H$3:$H72,원본명단!$H72)=1),IF(원본명단!$I72="",TRUE(),COUNTIF(원본명단!$I$3:$I72,원본명단!$I72)=1),IF(원본명단!$K72="",TRUE(),COUNTIF(원본명단!$K$3:$K72,원본명단!$K72)=1)),"첫 건","중복 건"))) | J73: =IF($A73="","",IF($H73="-","유지",IF($I73="첫 건","유지","확인 필요")))
A74: =IF(원본명단!$A73="","",71) | B74: =IF($A74="","",원본명단!$A73) | C74: =IF($A74="","",원본명단!$B73) | D74: =IF($A74="","",원본명단!$D73) | E74: =IF($A74="","",IF(원본명단!$H73="",0,COUNTIF(원본명단!$H$3:$H$6002,원본명단!$H73))) | F74: =IF($A74="","",IF(원본명단!$I73="",0,COUNTIF(원본명단!$I$3:$I$6002,원본명단!$I73))) | G74: =IF($A74="","",IF(원본명단!$K73="",0,COUNTIF(원본명단!$K$3:$K$6002,원본명단!$K73))) | H74: =IF($A74="","",IF(MAX($E74,$F74,$G74)>1,"중복","-")) | I74: =IF($A74="","",IF($H74="-","-",IF(AND(IF(원본명단!$H73="",TRUE(),COUNTIF(원본명단!$H$3:$H73,원본명단!$H73)=1),IF(원본명단!$I73="",TRUE(),COUNTIF(원본명단!$I$3:$I73,원본명단!$I73)=1),IF(원본명단!$K73="",TRUE(),COUNTIF(원본명단!$K$3:$K73,원본명단!$K73)=1)),"첫 건","중복 건"))) | J74: =IF($A74="","",IF($H74="-","유지",IF($I74="첫 건","유지","확인 필요")))
A75: =IF(원본명단!$A74="","",72) | B75: =IF($A75="","",원본명단!$A74) | C75: =IF($A75="","",원본명단!$B74) | D75: =IF($A75="","",원본명단!$D74) | E75: =IF($A75="","",IF(원본명단!$H74="",0,COUNTIF(원본명단!$H$3:$H$6002,원본명단!$H74))) | F75: =IF($A75="","",IF(원본명단!$I74="",0,COUNTIF(원본명단!$I$3:$I$6002,원본명단!$I74))) | G75: =IF($A75="","",IF(원본명단!$K74="",0,COUNTIF(원본명단!$K$3:$K$6002,원본명단!$K74))) | H75: =IF($A75="","",IF(MAX($E75,$F75,$G75)>1,"중복","-")) | I75: =IF($A75="","",IF($H75="-","-",IF(AND(IF(원본명단!$H74="",TRUE(),COUNTIF(원본명단!$H$3:$H74,원본명단!$H74)=1),IF(원본명단!$I74="",TRUE(),COUNTIF(원본명단!$I$3:$I74,원본명단!$I74)=1),IF(원본명단!$K74="",TRUE(),COUNTIF(원본명단!$K$3:$K74,원본명단!$K74)=1)),"첫 건","중복 건"))) | J75: =IF($A75="","",IF($H75="-","유지",IF($I75="첫 건","유지","확인 필요")))
A76: =IF(원본명단!$A75="","",73) | B76: =IF($A76="","",원본명단!$A75) | C76: =IF($A76="","",원본명단!$B75) | D76: =IF($A76="","",원본명단!$D75) | E76: =IF($A76="","",IF(원본명단!$H75="",0,COUNTIF(원본명단!$H$3:$H$6002,원본명단!$H75))) | F76: =IF($A76="","",IF(원본명단!$I75="",0,COUNTIF(원본명단!$I$3:$I$6002,원본명단!$I75))) | G76: =IF($A76="","",IF(원본명단!$K75="",0,COUNTIF(원본명단!$K$3:$K$6002,원본명단!$K75))) | H76: =IF($A76="","",IF(MAX($E76,$F76,$G76)>1,"중복","-")) | I76: =IF($A76="","",IF($H76="-","-",IF(AND(IF(원본명단!$H75="",TRUE(),COUNTIF(원본명단!$H$3:$H75,원본명단!$H75)=1),IF(원본명단!$I75="",TRUE(),COUNTIF(원본명단!$I$3:$I75,원본명단!$I75)=1),IF(원본명단!$K75="",TRUE(),COUNTIF(원본명단!$K$3:$K75,원본명단!$K75)=1)),"첫 건","중복 건"))) | J76: =IF($A76="","",IF($H76="-","유지",IF($I76="첫 건","유지","확인 필요")))
A77: =IF(원본명단!$A76="","",74) | B77: =IF($A77="","",원본명단!$A76) | C77: =IF($A77="","",원본명단!$B76) | D77: =IF($A77="","",원본명단!$D76) | E77: =IF($A77="","",IF(원본명단!$H76="",0,COUNTIF(원본명단!$H$3:$H$6002,원본명단!$H76))) | F77: =IF($A77="","",IF(원본명단!$I76="",0,COUNTIF(원본명단!$I$3:$I$6002,원본명단!$I76))) | G77: =IF($A77="","",IF(원본명단!$K76="",0,COUNTIF(원본명단!$K$3:$K$6002,원본명단!$K76))) | H77: =IF($A77="","",IF(MAX($E77,$F77,$G77)>1,"중복","-")) | I77: =IF($A77="","",IF($H77="-","-",IF(AND(IF(원본명단!$H76="",TRUE(),COUNTIF(원본명단!$H$3:$H76,원본명단!$H76)=1),IF(원본명단!$I76="",TRUE(),COUNTIF(원본명단!$I$3:$I76,원본명단!$I76)=1),IF(원본명단!$K76="",TRUE(),COUNTIF(원본명단!$K$3:$K76,원본명단!$K76)=1)),"첫 건","중복 건"))) | J77: =IF($A77="","",IF($H77="-","유지",IF($I77="첫 건","유지","확인 필요")))
A78: =IF(원본명단!$A77="","",75) | B78: =IF($A78="","",원본명단!$A77) | C78: =IF($A78="","",원본명단!$B77) | D78: =IF($A78="","",원본명단!$D77) | E78: =IF($A78="","",IF(원본명단!$H77="",0,COUNTIF(원본명단!$H$3:$H$6002,원본명단!$H77))) | F78: =IF($A78="","",IF(원본명단!$I77="",0,COUNTIF(원본명단!$I$3:$I$6002,원본명단!$I77))) | G78: =IF($A78="","",IF(원본명단!$K77="",0,COUNTIF(원본명단!$K$3:$K$6002,원본명단!$K77))) | H78: =IF($A78="","",IF(MAX($E78,$F78,$G78)>1,"중복","-")) | I78: =IF($A78="","",IF($H78="-","-",IF(AND(IF(원본명단!$H77="",TRUE(),COUNTIF(원본명단!$H$3:$H77,원본명단!$H77)=1),IF(원본명단!$I77="",TRUE(),COUNTIF(원본명단!$I$3:$I77,원본명단!$I77)=1),IF(원본명단!$K77="",TRUE(),COUNTIF(원본명단!$K$3:$K77,원본명단!$K77)=1)),"첫 건","중복 건"))) | J78: =IF($A78="","",IF($H78="-","유지",IF($I78="첫 건","유지","확인 필요")))
A79: =IF(원본명단!$A78="","",76) | B79: =IF($A79="","",원본명단!$A78) | C79: =IF($A79="","",원본명단!$B78) | D79: =IF($A79="","",원본명단!$D78) | E79: =IF($A79="","",IF(원본명단!$H78="",0,COUNTIF(원본명단!$H$3:$H$6002,원본명단!$H78))) | F79: =IF($A79="","",IF(원본명단!$I78="",0,COUNTIF(원본명단!$I$3:$I$6002,원본명단!$I78))) | G79: =IF($A79="","",IF(원본명단!$K78="",0,COUNTIF(원본명단!$K$3:$K$6002,원본명단!$K78))) | H79: =IF($A79="","",IF(MAX($E79,$F79,$G79)>1,"중복","-")) | I79: =IF($A79="","",IF($H79="-","-",IF(AND(IF(원본명단!$H78="",TRUE(),COUNTIF(원본명단!$H$3:$H78,원본명단!$H78)=1),IF(원본명단!$I78="",TRUE(),COUNTIF(원본명단!$I$3:$I78,원본명단!$I78)=1),IF(원본명단!$K78="",TRUE(),COUNTIF(원본명단!$K$3:$K78,원본명단!$K78)=1)),"첫 건","중복 건"))) | J79: =IF($A79="","",IF($H79="-","유지",IF($I79="첫 건","유지","확인 필요")))
A80: =IF(원본명단!$A79="","",77) | B80: =IF($A80="","",원본명단!$A79) | C80: =IF($A80="","",원본명단!$B79) | D80: =IF($A80="","",원본명단!$D79) | E80: =IF($A80="","",IF(원본명단!$H79="",0,COUNTIF(원본명단!$H$3:$H$6002,원본명단!$H79))) | F80: =IF($A80="","",IF(원본명단!$I79="",0,COUNTIF(원본명단!$I$3:$I$6002,원본명단!$I79))) | G80: =IF($A80="","",IF(원본명단!$K79="",0,COUNTIF(원본명단!$K$3:$K$6002,원본명단!$K79))) | H80: =IF($A80="","",IF(MAX($E80,$F80,$G80)>1,"중복","-")) | I80: =IF($A80="","",IF($H80="-","-",IF(AND(IF(원본명단!$H79="",TRUE(),COUNTIF(원본명단!$H$3:$H79,원본명단!$H79)=1),IF(원본명단!$I79="",TRUE(),COUNTIF(원본명단!$I$3:$I79,원본명단!$I79)=1),IF(원본명단!$K79="",TRUE(),COUNTIF(원본명단!$K$3:$K79,원본명단!$K79)=1)),"첫 건","중복 건"))) | J80: =IF($A80="","",IF($H80="-","유지",IF($I80="첫 건","유지","확인 필요")))
A81: =IF(원본명단!$A80="","",78) | B81: =IF($A81="","",원본명단!$A80) | C81: =IF($A81="","",원본명단!$B80) | D81: =IF($A81="","",원본명단!$D80) | E81: =IF($A81="","",IF(원본명단!$H80="",0,COUNTIF(원본명단!$H$3:$H$6002,원본명단!$H80))) | F81: =IF($A81="","",IF(원본명단!$I80="",0,COUNTIF(원본명단!$I$3:$I$6002,원본명단!$I80))) | G81: =IF($A81="","",IF(원본명단!$K80="",0,COUNTIF(원본명단!$K$3:$K$6002,원본명단!$K80))) | H81: =IF($A81="","",IF(MAX($E81,$F81,$G81)>1,"중복","-")) | I81: =IF($A81="","",IF($H81="-","-",IF(AND(IF(원본명단!$H80="",TRUE(),COUNTIF(원본명단!$H$3:$H80,원본명단!$H80)=1),IF(원본명단!$I80="",TRUE(),COUNTIF(원본명단!$I$3:$I80,원본명단!$I80)=1),IF(원본명단!$K80="",TRUE(),COUNTIF(원본명단!$K$3:$K80,원본명단!$K80)=1)),"첫 건","중복 건"))) | J81: =IF($A81="","",IF($H81="-","유지",IF($I81="첫 건","유지","확인 필요")))
A82: =IF(원본명단!$A81="","",79) | B82: =IF($A82="","",원본명단!$A81) | C82: =IF($A82="","",원본명단!$B81) | D82: =IF($A82="","",원본명단!$D81) | E82: =IF($A82="","",IF(원본명단!$H81="",0,COUNTIF(원본명단!$H$3:$H$6002,원본명단!$H81))) | F82: =IF($A82="","",IF(원본명단!$I81="",0,COUNTIF(원본명단!$I$3:$I$6002,원본명단!$I81))) | G82: =IF($A82="","",IF(원본명단!$K81="",0,COUNTIF(원본명단!$K$3:$K$6002,원본명단!$K81))) | H82: =IF($A82="","",IF(MAX($E82,$F82,$G82)>1,"중복","-")) | I82: =IF($A82="","",IF($H82="-","-",IF(AND(IF(원본명단!$H81="",TRUE(),COUNTIF(원본명단!$H$3:$H81,원본명단!$H81)=1),IF(원본명단!$I81="",TRUE(),COUNTIF(원본명단!$I$3:$I81,원본명단!$I81)=1),IF(원본명단!$K81="",TRUE(),COUNTIF(원본명단!$K$3:$K81,원본명단!$K81)=1)),"첫 건","중복 건"))) | J82: =IF($A82="","",IF($H82="-","유지",IF($I82="첫 건","유지","확인 필요")))
A83: =IF(원본명단!$A82="","",80) | B83: =IF($A83="","",원본명단!$A82) | C83: =IF($A83="","",원본명단!$B82) | D83: =IF($A83="","",원본명단!$D82) | E83: =IF($A83="","",IF(원본명단!$H82="",0,COUNTIF(원본명단!$H$3:$H$6002,원본명단!$H82))) | F83: =IF($A83="","",IF(원본명단!$I82="",0,COUNTIF(원본명단!$I$3:$I$6002,원본명단!$I82))) | G83: =IF($A83="","",IF(원본명단!$K82="",0,COUNTIF(원본명단!$K$3:$K$6002,원본명단!$K82))) | H83: =IF($A83="","",IF(MAX($E83,$F83,$G83)>1,"중복","-")) | I83: =IF($A83="","",IF($H83="-","-",IF(AND(IF(원본명단!$H82="",TRUE(),COUNTIF(원본명단!$H$3:$H82,원본명단!$H82)=1),IF(원본명단!$I82="",TRUE(),COUNTIF(원본명단!$I$3:$I82,원본명단!$I82)=1),IF(원본명단!$K82="",TRUE(),COUNTIF(원본명단!$K$3:$K82,원본명단!$K82)=1)),"첫 건","중복 건"))) | J83: =IF($A83="","",IF($H83="-","유지",IF($I83="첫 건","유지","확인 필요")))
A84: =IF(원본명단!$A83="","",81) | B84: =IF($A84="","",원본명단!$A83) | C84: =IF($A84="","",원본명단!$B83) | D84: =IF($A84="","",원본명단!$D83) | E84: =IF($A84="","",IF(원본명단!$H83="",0,COUNTIF(원본명단!$H$3:$H$6002,원본명단!$H83))) | F84: =IF($A84="","",IF(원본명단!$I83="",0,COUNTIF(원본명단!$I$3:$I$6002,원본명단!$I83))) | G84: =IF($A84="","",IF(원본명단!$K83="",0,COUNTIF(원본명단!$K$3:$K$6002,원본명단!$K83))) | H84: =IF($A84="","",IF(MAX($E84,$F84,$G84)>1,"중복","-")) | I84: =IF($A84="","",IF($H84="-","-",IF(AND(IF(원본명단!$H83="",TRUE(),COUNTIF(원본명단!$H$3:$H83,원본명단!$H83)=1),IF(원본명단!$I83="",TRUE(),COUNTIF(원본명단!$I$3:$I83,원본명단!$I83)=1),IF(원본명단!$K83="",TRUE(),COUNTIF(원본명단!$K$3:$K83,원본명단!$K83)=1)),"첫 건","중복 건"))) | J84: =IF($A84="","",IF($H84="-","유지",IF($I84="첫 건","유지","확인 필요")))
A85: =IF(원본명단!$A84="","",82) | B85: =IF($A85="","",원본명단!$A84) | C85: =IF($A85="","",원본명단!$B84) | D85: =IF($A85="","",원본명단!$D84) | E85: =IF($A85="","",IF(원본명단!$H84="",0,COUNTIF(원본명단!$H$3:$H$6002,원본명단!$H84))) | F85: =IF($A85="","",IF(원본명단!$I84="",0,COUNTIF(원본명단!$I$3:$I$6002,원본명단!$I84))) | G85: =IF($A85="","",IF(원본명단!$K84="",0,COUNTIF(원본명단!$K$3:$K$6002,원본명단!$K84))) | H85: =IF($A85="","",IF(MAX($E85,$F85,$G85)>1,"중복","-")) | I85: =IF($A85="","",IF($H85="-","-",IF(AND(IF(원본명단!$H84="",TRUE(),COUNTIF(원본명단!$H$3:$H84,원본명단!$H84)=1),IF(원본명단!$I84="",TRUE(),COUNTIF(원본명단!$I$3:$I84,원본명단!$I84)=1),IF(원본명단!$K84="",TRUE(),COUNTIF(원본명단!$K$3:$K84,원본명단!$K84)=1)),"첫 건","중복 건"))) | J85: =IF($A85="","",IF($H85="-","유지",IF($I85="첫 건","유지","확인 필요")))
A86: =IF(원본명단!$A85="","",83) | B86: =IF($A86="","",원본명단!$A85) | C86: =IF($A86="","",원본명단!$B85) | D86: =IF($A86="","",원본명단!$D85) | E86: =IF($A86="","",IF(원본명단!$H85="",0,COUNTIF(원본명단!$H$3:$H$6002,원본명단!$H85))) | F86: =IF($A86="","",IF(원본명단!$I85="",0,COUNTIF(원본명단!$I$3:$I$6002,원본명단!$I85))) | G86: =IF($A86="","",IF(원본명단!$K85="",0,COUNTIF(원본명단!$K$3:$K$6002,원본명단!$K85))) | H86: =IF($A86="","",IF(MAX($E86,$F86,$G86)>1,"중복","-")) | I86: =IF($A86="","",IF($H86="-","-",IF(AND(IF(원본명단!$H85="",TRUE(),COUNTIF(원본명단!$H$3:$H85,원본명단!$H85)=1),IF(원본명단!$I85="",TRUE(),COUNTIF(원본명단!$I$3:$I85,원본명단!$I85)=1),IF(원본명단!$K85="",TRUE(),COUNTIF(원본명단!$K$3:$K85,원본명단!$K85)=1)),"첫 건","중복 건"))) | J86: =IF($A86="","",IF($H86="-","유지",IF($I86="첫 건","유지","확인 필요")))
A87: =IF(원본명단!$A86="","",84) | B87: =IF($A87="","",원본명단!$A86) | C87: =IF($A87="","",원본명단!$B86) | D87: =IF($A87="","",원본명단!$D86) | E87: =IF($A87="","",IF(원본명단!$H86="",0,COUNTIF(원본명단!$H$3:$H$6002,원본명단!$H86))) | F87: =IF($A87="","",IF(원본명단!$I86="",0,COUNTIF(원본명단!$I$3:$I$6002,원본명단!$I86))) | G87: =IF($A87="","",IF(원본명단!$K86="",0,COUNTIF(원본명단!$K$3:$K$6002,원본명단!$K86))) | H87: =IF($A87="","",IF(MAX($E87,$F87,$G87)>1,"중복","-")) | I87: =IF($A87="","",IF($H87="-","-",IF(AND(IF(원본명단!$H86="",TRUE(),COUNTIF(원본명단!$H$3:$H86,원본명단!$H86)=1),IF(원본명단!$I86="",TRUE(),COUNTIF(원본명단!$I$3:$I86,원본명단!$I86)=1),IF(원본명단!$K86="",TRUE(),COUNTIF(원본명단!$K$3:$K86,원본명단!$K86)=1)),"첫 건","중복 건"))) | J87: =IF($A87="","",IF($H87="-","유지",IF($I87="첫 건","유지","확인 필요")))
A88: =IF(원본명단!$A87="","",85) | B88: =IF($A88="","",원본명단!$A87) | C88: =IF($A88="","",원본명단!$B87) | D88: =IF($A88="","",원본명단!$D87) | E88: =IF($A88="","",IF(원본명단!$H87="",0,COUNTIF(원본명단!$H$3:$H$6002,원본명단!$H87))) | F88: =IF($A88="","",IF(원본명단!$I87="",0,COUNTIF(원본명단!$I$3:$I$6002,원본명단!$I87))) | G88: =IF($A88="","",IF(원본명단!$K87="",0,COUNTIF(원본명단!$K$3:$K$6002,원본명단!$K87))) | H88: =IF($A88="","",IF(MAX($E88,$F88,$G88)>1,"중복","-")) | I88: =IF($A88="","",IF($H88="-","-",IF(AND(IF(원본명단!$H87="",TRUE(),COUNTIF(원본명단!$H$3:$H87,원본명단!$H87)=1),IF(원본명단!$I87="",TRUE(),COUNTIF(원본명단!$I$3:$I87,원본명단!$I87)=1),IF(원본명단!$K87="",TRUE(),COUNTIF(원본명단!$K$3:$K87,원본명단!$K87)=1)),"첫 건","중복 건"))) | J88: =IF($A88="","",IF($H88="-","유지",IF($I88="첫 건","유지","확인 필요")))
A89: =IF(원본명단!$A88="","",86) | B89: =IF($A89="","",원본명단!$A88) | C89: =IF($A89="","",원본명단!$B88) | D89: =IF($A89="","",원본명단!$D88) | E89: =IF($A89="","",IF(원본명단!$H88="",0,COUNTIF(원본명단!$H$3:$H$6002,원본명단!$H88))) | F89: =IF($A89="","",IF(원본명단!$I88="",0,COUNTIF(원본명단!$I$3:$I$6002,원본명단!$I88))) | G89: =IF($A89="","",IF(원본명단!$K88="",0,COUNTIF(원본명단!$K$3:$K$6002,원본명단!$K88))) | H89: =IF($A89="","",IF(MAX($E89,$F89,$G89)>1,"중복","-")) | I89: =IF($A89="","",IF($H89="-","-",IF(AND(IF(원본명단!$H88="",TRUE(),COUNTIF(원본명단!$H$3:$H88,원본명단!$H88)=1),IF(원본명단!$I88="",TRUE(),COUNTIF(원본명단!$I$3:$I88,원본명단!$I88)=1),IF(원본명단!$K88="",TRUE(),COUNTIF(원본명단!$K$3:$K88,원본명단!$K88)=1)),"첫 건","중복 건"))) | J89: =IF($A89="","",IF($H89="-","유지",IF($I89="첫 건","유지","확인 필요")))
A90: =IF(원본명단!$A89="","",87) | B90: =IF($A90="","",원본명단!$A89) | C90: =IF($A90="","",원본명단!$B89) | D90: =IF($A90="","",원본명단!$D89) | E90: =IF($A90="","",IF(원본명단!$H89="",0,COUNTIF(원본명단!$H$3:$H$6002,원본명단!$H89))) | F90: =IF($A90="","",IF(원본명단!$I89="",0,COUNTIF(원본명단!$I$3:$I$6002,원본명단!$I89))) | G90: =IF($A90="","",IF(원본명단!$K89="",0,COUNTIF(원본명단!$K$3:$K$6002,원본명단!$K89))) | H90: =IF($A90="","",IF(MAX($E90,$F90,$G90)>1,"중복","-")) | I90: =IF($A90="","",IF($H90="-","-",IF(AND(IF(원본명단!$H89="",TRUE(),COUNTIF(원본명단!$H$3:$H89,원본명단!$H89)=1),IF(원본명단!$I89="",TRUE(),COUNTIF(원본명단!$I$3:$I89,원본명단!$I89)=1),IF(원본명단!$K89="",TRUE(),COUNTIF(원본명단!$K$3:$K89,원본명단!$K89)=1)),"첫 건","중복 건"))) | J90: =IF($A90="","",IF($H90="-","유지",IF($I90="첫 건","유지","확인 필요")))
A91: =IF(원본명단!$A90="","",88) | B91: =IF($A91="","",원본명단!$A90) | C91: =IF($A91="","",원본명단!$B90) | D91: =IF($A91="","",원본명단!$D90) | E91: =IF($A91="","",IF(원본명단!$H90="",0,COUNTIF(원본명단!$H$3:$H$6002,원본명단!$H90))) | F91: =IF($A91="","",IF(원본명단!$I90="",0,COUNTIF(원본명단!$I$3:$I$6002,원본명단!$I90))) | G91: =IF($A91="","",IF(원본명단!$K90="",0,COUNTIF(원본명단!$K$3:$K$6002,원본명단!$K90))) | H91: =IF($A91="","",IF(MAX($E91,$F91,$G91)>1,"중복","-")) | I91: =IF($A91="","",IF($H91="-","-",IF(AND(IF(원본명단!$H90="",TRUE(),COUNTIF(원본명단!$H$3:$H90,원본명단!$H90)=1),IF(원본명단!$I90="",TRUE(),COUNTIF(원본명단!$I$3:$I90,원본명단!$I90)=1),IF(원본명단!$K90="",TRUE(),COUNTIF(원본명단!$K$3:$K90,원본명단!$K90)=1)),"첫 건","중복 건"))) | J91: =IF($A91="","",IF($H91="-","유지",IF($I91="첫 건","유지","확인 필요")))
A92: =IF(원본명단!$A91="","",89) | B92: =IF($A92="","",원본명단!$A91) | C92: =IF($A92="","",원본명단!$B91) | D92: =IF($A92="","",원본명단!$D91) | E92: =IF($A92="","",IF(원본명단!$H91="",0,COUNTIF(원본명단!$H$3:$H$6002,원본명단!$H91))) | F92: =IF($A92="","",IF(원본명단!$I91="",0,COUNTIF(원본명단!$I$3:$I$6002,원본명단!$I91))) | G92: =IF($A92="","",IF(원본명단!$K91="",0,COUNTIF(원본명단!$K$3:$K$6002,원본명단!$K91))) | H92: =IF($A92="","",IF(MAX($E92,$F92,$G92)>1,"중복","-")) | I92: =IF($A92="","",IF($H92="-","-",IF(AND(IF(원본명단!$H91="",TRUE(),COUNTIF(원본명단!$H$3:$H91,원본명단!$H91)=1),IF(원본명단!$I91="",TRUE(),COUNTIF(원본명단!$I$3:$I91,원본명단!$I91)=1),IF(원본명단!$K91="",TRUE(),COUNTIF(원본명단!$K$3:$K91,원본명단!$K91)=1)),"첫 건","중복 건"))) | J92: =IF($A92="","",IF($H92="-","유지",IF($I92="첫 건","유지","확인 필요")))
A93: =IF(원본명단!$A92="","",90) | B93: =IF($A93="","",원본명단!$A92) | C93: =IF($A93="","",원본명단!$B92) | D93: =IF($A93="","",원본명단!$D92) | E93: =IF($A93="","",IF(원본명단!$H92="",0,COUNTIF(원본명단!$H$3:$H$6002,원본명단!$H92))) | F93: =IF($A93="","",IF(원본명단!$I92="",0,COUNTIF(원본명단!$I$3:$I$6002,원본명단!$I92))) | G93: =IF($A93="","",IF(원본명단!$K92="",0,COUNTIF(원본명단!$K$3:$K$6002,원본명단!$K92))) | H93: =IF($A93="","",IF(MAX($E93,$F93,$G93)>1,"중복","-")) | I93: =IF($A93="","",IF($H93="-","-",IF(AND(IF(원본명단!$H92="",TRUE(),COUNTIF(원본명단!$H$3:$H92,원본명단!$H92)=1),IF(원본명단!$I92="",TRUE(),COUNTIF(원본명단!$I$3:$I92,원본명단!$I92)=1),IF(원본명단!$K92="",TRUE(),COUNTIF(원본명단!$K$3:$K92,원본명단!$K92)=1)),"첫 건","중복 건"))) | J93: =IF($A93="","",IF($H93="-","유지",IF($I93="첫 건","유지","확인 필요")))
A94: =IF(원본명단!$A93="","",91) | B94: =IF($A94="","",원본명단!$A93) | C94: =IF($A94="","",원본명단!$B93) | D94: =IF($A94="","",원본명단!$D93) | E94: =IF($A94="","",IF(원본명단!$H93="",0,COUNTIF(원본명단!$H$3:$H$6002,원본명단!$H93))) | F94: =IF($A94="","",IF(원본명단!$I93="",0,COUNTIF(원본명단!$I$3:$I$6002,원본명단!$I93))) | G94: =IF($A94="","",IF(원본명단!$K93="",0,COUNTIF(원본명단!$K$3:$K$6002,원본명단!$K93))) | H94: =IF($A94="","",IF(MAX($E94,$F94,$G94)>1,"중복","-")) | I94: =IF($A94="","",IF($H94="-","-",IF(AND(IF(원본명단!$H93="",TRUE(),COUNTIF(원본명단!$H$3:$H93,원본명단!$H93)=1),IF(원본명단!$I93="",TRUE(),COUNTIF(원본명단!$I$3:$I93,원본명단!$I93)=1),IF(원본명단!$K93="",TRUE(),COUNTIF(원본명단!$K$3:$K93,원본명단!$K93)=1)),"첫 건","중복 건"))) | J94: =IF($A94="","",IF($H94="-","유지",IF($I94="첫 건","유지","확인 필요")))
A95: =IF(원본명단!$A94="","",92) | B95: =IF($A95="","",원본명단!$A94) | C95: =IF($A95="","",원본명단!$B94) | D95: =IF($A95="","",원본명단!$D94) | E95: =IF($A95="","",IF(원본명단!$H94="",0,COUNTIF(원본명단!$H$3:$H$6002,원본명단!$H94))) | F95: =IF($A95="","",IF(원본명단!$I94="",0,COUNTIF(원본명단!$I$3:$I$6002,원본명단!$I94))) | G95: =IF($A95="","",IF(원본명단!$K94="",0,COUNTIF(원본명단!$K$3:$K$6002,원본명단!$K94))) | H95: =IF($A95="","",IF(MAX($E95,$F95,$G95)>1,"중복","-")) | I95: =IF($A95="","",IF($H95="-","-",IF(AND(IF(원본명단!$H94="",TRUE(),COUNTIF(원본명단!$H$3:$H94,원본명단!$H94)=1),IF(원본명단!$I94="",TRUE(),COUNTIF(원본명단!$I$3:$I94,원본명단!$I94)=1),IF(원본명단!$K94="",TRUE(),COUNTIF(원본명단!$K$3:$K94,원본명단!$K94)=1)),"첫 건","중복 건"))) | J95: =IF($A95="","",IF($H95="-","유지",IF($I95="첫 건","유지","확인 필요")))
A96: =IF(원본명단!$A95="","",93) | B96: =IF($A96="","",원본명단!$A95) | C96: =IF($A96="","",원본명단!$B95) | D96: =IF($A96="","",원본명단!$D95) | E96: =IF($A96="","",IF(원본명단!$H95="",0,COUNTIF(원본명단!$H$3:$H$6002,원본명단!$H95))) | F96: =IF($A96="","",IF(원본명단!$I95="",0,COUNTIF(원본명단!$I$3:$I$6002,원본명단!$I95))) | G96: =IF($A96="","",IF(원본명단!$K95="",0,COUNTIF(원본명단!$K$3:$K$6002,원본명단!$K95))) | H96: =IF($A96="","",IF(MAX($E96,$F96,$G96)>1,"중복","-")) | I96: =IF($A96="","",IF($H96="-","-",IF(AND(IF(원본명단!$H95="",TRUE(),COUNTIF(원본명단!$H$3:$H95,원본명단!$H95)=1),IF(원본명단!$I95="",TRUE(),COUNTIF(원본명단!$I$3:$I95,원본명단!$I95)=1),IF(원본명단!$K95="",TRUE(),COUNTIF(원본명단!$K$3:$K95,원본명단!$K95)=1)),"첫 건","중복 건"))) | J96: =IF($A96="","",IF($H96="-","유지",IF($I96="첫 건","유지","확인 필요")))
A97: =IF(원본명단!$A96="","",94) | B97: =IF($A97="","",원본명단!$A96) | C97: =IF($A97="","",원본명단!$B96) | D97: =IF($A97="","",원본명단!$D96) | E97: =IF($A97="","",IF(원본명단!$H96="",0,COUNTIF(원본명단!$H$3:$H$6002,원본명단!$H96))) | F97: =IF($A97="","",IF(원본명단!$I96="",0,COUNTIF(원본명단!$I$3:$I$6002,원본명단!$I96))) | G97: =IF($A97="","",IF(원본명단!$K96="",0,COUNTIF(원본명단!$K$3:$K$6002,원본명단!$K96))) | H97: =IF($A97="","",IF(MAX($E97,$F97,$G97)>1,"중복","-")) | I97: =IF($A97="","",IF($H97="-","-",IF(AND(IF(원본명단!$H96="",TRUE(),COUNTIF(원본명단!$H$3:$H96,원본명단!$H96)=1),IF(원본명단!$I96="",TRUE(),COUNTIF(원본명단!$I$3:$I96,원본명단!$I96)=1),IF(원본명단!$K96="",TRUE(),COUNTIF(원본명단!$K$3:$K96,원본명단!$K96)=1)),"첫 건","중복 건"))) | J97: =IF($A97="","",IF($H97="-","유지",IF($I97="첫 건","유지","확인 필요")))
A98: =IF(원본명단!$A97="","",95) | B98: =IF($A98="","",원본명단!$A97) | C98: =IF($A98="","",원본명단!$B97) | D98: =IF($A98="","",원본명단!$D97) | E98: =IF($A98="","",IF(원본명단!$H97="",0,COUNTIF(원본명단!$H$3:$H$6002,원본명단!$H97))) | F98: =IF($A98="","",IF(원본명단!$I97="",0,COUNTIF(원본명단!$I$3:$I$6002,원본명단!$I97))) | G98: =IF($A98="","",IF(원본명단!$K97="",0,COUNTIF(원본명단!$K$3:$K$6002,원본명단!$K97))) | H98: =IF($A98="","",IF(MAX($E98,$F98,$G98)>1,"중복","-")) | I98: =IF($A98="","",IF($H98="-","-",IF(AND(IF(원본명단!$H97="",TRUE(),COUNTIF(원본명단!$H$3:$H97,원본명단!$H97)=1),IF(원본명단!$I97="",TRUE(),COUNTIF(원본명단!$I$3:$I97,원본명단!$I97)=1),IF(원본명단!$K97="",TRUE(),COUNTIF(원본명단!$K$3:$K97,원본명단!$K97)=1)),"첫 건","중복 건"))) | J98: =IF($A98="","",IF($H98="-","유지",IF($I98="첫 건","유지","확인 필요")))
A99: =IF(원본명단!$A98="","",96) | B99: =IF($A99="","",원본명단!$A98) | C99: =IF($A99="","",원본명단!$B98) | D99: =IF($A99="","",원본명단!$D98) | E99: =IF($A99="","",IF(원본명단!$H98="",0,COUNTIF(원본명단!$H$3:$H$6002,원본명단!$H98))) | F99: =IF($A99="","",IF(원본명단!$I98="",0,COUNTIF(원본명단!$I$3:$I$6002,원본명단!$I98))) | G99: =IF($A99="","",IF(원본명단!$K98="",0,COUNTIF(원본명단!$K$3:$K$6002,원본명단!$K98))) | H99: =IF($A99="","",IF(MAX($E99,$F99,$G99)>1,"중복","-")) | I99: =IF($A99="","",IF($H99="-","-",IF(AND(IF(원본명단!$H98="",TRUE(),COUNTIF(원본명단!$H$3:$H98,원본명단!$H98)=1),IF(원본명단!$I98="",TRUE(),COUNTIF(원본명단!$I$3:$I98,원본명단!$I98)=1),IF(원본명단!$K98="",TRUE(),COUNTIF(원본명단!$K$3:$K98,원본명단!$K98)=1)),"첫 건","중복 건"))) | J99: =IF($A99="","",IF($H99="-","유지",IF($I99="첫 건","유지","확인 필요")))
A100: =IF(원본명단!$A99="","",97) | B100: =IF($A100="","",원본명단!$A99) | C100: =IF($A100="","",원본명단!$B99) | D100: =IF($A100="","",원본명단!$D99) | E100: =IF($A100="","",IF(원본명단!$H99="",0,COUNTIF(원본명단!$H$3:$H$6002,원본명단!$H99))) | F100: =IF($A100="","",IF(원본명단!$I99="",0,COUNTIF(원본명단!$I$3:$I$6002,원본명단!$I99))) | G100: =IF($A100="","",IF(원본명단!$K99="",0,COUNTIF(원본명단!$K$3:$K$6002,원본명단!$K99))) | H100: =IF($A100="","",IF(MAX($E100,$F100,$G100)>1,"중복","-")) | I100: =IF($A100="","",IF($H100="-","-",IF(AND(IF(원본명단!$H99="",TRUE(),COUNTIF(원본명단!$H$3:$H99,원본명단!$H99)=1),IF(원본명단!$I99="",TRUE(),COUNTIF(원본명단!$I$3:$I99,원본명단!$I99)=1),IF(원본명단!$K99="",TRUE(),COUNTIF(원본명단!$K$3:$K99,원본명단!$K99)=1)),"첫 건","중복 건"))) | J100: =IF($A100="","",IF($H100="-","유지",IF($I100="첫 건","유지","확인 필요")))
...

Sheet 중복목록
A1: 중복목록 (겹치는 건만 모아보기)
A3: 중복 건수 | B3: =COUNTIF(중복검사!$H$4:$H$6003,"중복") -> 4 | D3: ※ 사업자번호 순으로 정렬해서 보면 짝이 눈에 잘 띕니다.
A5: 순번 | B5: 업체명 | C5: 사업자번호 | D5: 연락처 | E5: 주소 | F5: 중복 개수 | G5: 구분 | H5: 처리 | J5: 대상(자동) | K5: 순번(자동) | L5: 키(자동)
A6: =IFERROR(INDEX(중복검사!$A$4:$A$6003,MATCH("R"&1,중복목록!$L$6:$L$6005,0)),"") -> 1 | B6: =IF($A6="","",IFERROR(INDEX(중복검사!$B$4:$B$6003,MATCH("R"&1,중복목록!$L$6:$L$6005,0)),"")) -> (주)가나상사 | C6: =IF($A6="","",IFERROR(INDEX(중복검사!$C$4:$C$6003,MATCH("R"&1,중복목록!$L$6:$L$6005,0)),"")) -> 123-45-67890 | D6: =IF($A6="","",IFERROR(INDEX(중복검사!$D$4:$D$6003,MATCH("R"&1,중복목록!$L$6:$L$6005,0)),"")) -> 010-1111-2222 | E6: =IF($A6="","",IFERROR(IF(INDEX(원본명단!$E$3:$E$6002,MATCH("R"&1,중복목록!$L$6:$L$6005,0))="","",INDEX(원본명단!$E$3:$E$6002,MATCH("R"&1,중복목록!$L$6:$L$6005,0))),"")) -> 서울시 강남구 테헤란로 1 | F6: =IF($A6="","",IFERROR(MAX(INDEX(중복검사!$E$4:$E$6003,MATCH("R"&1,중복목록!$L$6:$L$6005,0)),INDEX(중복검사!$F$4:$F$6003,MATCH("R"&1,중복목록!$L$6:$L$6005,0)),INDEX(중복검사!$G$4:$G$6003,MATCH("R"&1,중복목록!$L$6:$L$6005,0))),"")) -> 2 | G6: =IF($A6="","",IFERROR(INDEX(중복검사!$I$4:$I$6003,MATCH("R"&1,중복목록!$L$6:$L$6005,0)),"")) -> 첫 건 | H6: =IF($A6="","",IFERROR(INDEX(중복검사!$J$4:$J$6003,MATCH("R"&1,중복목록!$L$6:$L$6005,0)),"")) -> 유지 | J6: =IF(중복검사!$A4="",FALSE(),중복검사!$H4="중복") -> TRUE | K6: =IF($J6=FALSE(),"",COUNTIF($J$6:$J6,TRUE())) -> 1 | L6: =IF($K6="","","R"&$K6) -> R1
A7: =IFERROR(INDEX(중복검사!$A$4:$A$6003,MATCH("R"&2,중복목록!$L$6:$L$6005,0)),"") -> 2 | B7: =IF($A7="","",IFERROR(INDEX(중복검사!$B$4:$B$6003,MATCH("R"&2,중복목록!$L$6:$L$6005,0)),"")) -> 가나상사 | C7: =IF($A7="","",IFERROR(INDEX(중복검사!$C$4:$C$6003,MATCH("R"&2,중복목록!$L$6:$L$6005,0)),"")) -> 1234567890 | D7: =IF($A7="","",IFERROR(INDEX(중복검사!$D$4:$D$6003,MATCH("R"&2,중복목록!$L$6:$L$6005,0)),"")) -> 01011112222 | E7: =IF($A7="","",IFERROR(IF(INDEX(원본명단!$E$3:$E$6002,MATCH("R"&2,중복목록!$L$6:$L$6005,0))="","",INDEX(원본명단!$E$3:$E$6002,MATCH("R"&2,중복목록!$L$6:$L$6005,0))),"")) -> 서울시 강남구 테헤란로1 | F7: =IF($A7="","",IFERROR(MAX(INDEX(중복검사!$E$4:$E$6003,MATCH("R"&2,중복목록!$L$6:$L$6005,0)),INDEX(중복검사!$F$4:$F$6003,MATCH("R"&2,중복목록!$L$6:$L$6005,0)),INDEX(중복검사!$G$4:$G$6003,MATCH("R"&2,중복목록!$L$6:$L$6005,0))),"")) -> 2 | G7: =IF($A7="","",IFERROR(INDEX(중복검사!$I$4:$I$6003,MATCH("R"&2,중복목록!$L$6:$L$6005,0)),"")) -> 중복 건 | H7: =IF($A7="","",IFERROR(INDEX(중복검사!$J$4:$J$6003,MATCH("R"&2,중복목록!$L$6:$L$6005,0)),"")) -> 확인 필요 | J7: =IF(중복검사!$A5="",FALSE(),중복검사!$H5="중복") -> TRUE | K7: =IF($J7=FALSE(),"",COUNTIF($J$6:$J7,TRUE())) -> 2 | L7: =IF($K7="","","R"&$K7) -> R2
A8: =IFERROR(INDEX(중복검사!$A$4:$A$6003,MATCH("R"&3,중복목록!$L$6:$L$6005,0)),"") -> 4 | B8: =IF($A8="","",IFERROR(INDEX(중복검사!$B$4:$B$6003,MATCH("R"&3,중복목록!$L$6:$L$6005,0)),"")) -> 마바물산 주식회사 | C8: =IF($A8="","",IFERROR(INDEX(중복검사!$C$4:$C$6003,MATCH("R"&3,중복목록!$L$6:$L$6005,0)),"")) -> 333-33-33333 | D8: =IF($A8="","",IFERROR(INDEX(중복검사!$D$4:$D$6003,MATCH("R"&3,중복목록!$L$6:$L$6005,0)),"")) -> 02-333-4444 | E8: =IF($A8="","",IFERROR(IF(INDEX(원본명단!$E$3:$E$6002,MATCH("R"&3,중복목록!$L$6:$L$6005,0))="","",INDEX(원본명단!$E$3:$E$6002,MATCH("R"&3,중복목록!$L$6:$L$6005,0))),"")) -> 부산시 해운대구 3 | F8: =IF($A8="","",IFERROR(MAX(INDEX(중복검사!$E$4:$E$6003,MATCH("R"&3,중복목록!$L$6:$L$6005,0)),INDEX(중복검사!$F$4:$F$6003,MATCH("R"&3,중복목록!$L$6:$L$6005,0)),INDEX(중복검사!$G$4:$G$6003,MATCH("R"&3,중복목록!$L$6:$L$6005,0))),"")) -> 2 | G8: =IF($A8="","",IFERROR(INDEX(중복검사!$I$4:$I$6003,MATCH("R"&3,중복목록!$L$6:$L$6005,0)),"")) -> 첫 건 | H8: =IF($A8="","",IFERROR(INDEX(중복검사!$J$4:$J$6003,MATCH("R"&3,중복목록!$L$6:$L$6005,0)),"")) -> 유지 | J8: =IF(중복검사!$A6="",FALSE(),중복검사!$H6="중복") -> FALSE | K8: =IF($J8=FALSE(),"",COUNTIF($J$6:$J8,TRUE())) | L8: =IF($K8="","","R"&$K8)
A9: =IFERROR(INDEX(중복검사!$A$4:$A$6003,MATCH("R"&4,중복목록!$L$6:$L$6005,0)),"") -> 5 | B9: =IF($A9="","",IFERROR(INDEX(중복검사!$B$4:$B$6003,MATCH("R"&4,중복목록!$L$6:$L$6005,0)),"")) -> 마바물산 | C9: =IF($A9="","",IFERROR(INDEX(중복검사!$C$4:$C$6003,MATCH("R"&4,중복목록!$L$6:$L$6005,0)),"")) -> 333-33-33333 | D9: =IF($A9="","",IFERROR(INDEX(중복검사!$D$4:$D$6003,MATCH("R"&4,중복목록!$L$6:$L$6005,0)),"")) -> 051-999-8888 | E9: =IF($A9="","",IFERROR(IF(INDEX(원본명단!$E$3:$E$6002,MATCH("R"&4,중복목록!$L$6:$L$6005,0))="","",INDEX(원본명단!$E$3:$E$6002,MATCH("R"&4,중복목록!$L$6:$L$6005,0))),"")) -> 부산시 해운대구 3 | F9: =IF($A9="","",IFERROR(MAX(INDEX(중복검사!$E$4:$E$6003,MATCH("R"&4,중복목록!$L$6:$L$6005,0)),INDEX(중복검사!$F$4:$F$6003,MATCH("R"&4,중복목록!$L$6:$L$6005,0)),INDEX(중복검사!$G$4:$G$6003,MATCH("R"&4,중복목록!$L$6:$L$6005,0))),"")) -> 2 | G9: =IF($A9="","",IFERROR(INDEX(중복검사!$I$4:$I$6003,MATCH("R"&4,중복목록!$L$6:$L$6005,0)),"")) -> 중복 건 | H9: =IF($A9="","",IFERROR(INDEX(중복검사!$J$4:$J$6003,MATCH("R"&4,중복목록!$L$6:$L$6005,0)),"")) -> 확인 필요 | J9: =IF(중복검사!$A7="",FALSE(),중복검사!$H7="중복") -> TRUE | K9: =IF($J9=FALSE(),"",COUNTIF($J$6:$J9,TRUE())) -> 3 | L9: =IF($K9="","","R"&$K9) -> R3
A10: =IFERROR(INDEX(중복검사!$A$4:$A$6003,MATCH("R"&5,중복목록!$L$6:$L$6005,0)),"") | B10: =IF($A10="","",IFERROR(INDEX(중복검사!$B$4:$B$6003,MATCH("R"&5,중복목록!$L$6:$L$6005,0)),"")) | C10: =IF($A10="","",IFERROR(INDEX(중복검사!$C$4:$C$6003,MATCH("R"&5,중복목록!$L$6:$L$6005,0)),"")) | D10: =IF($A10="","",IFERROR(INDEX(중복검사!$D$4:$D$6003,MATCH("R"&5,중복목록!$L$6:$L$6005,0)),"")) | E10: =IF($A10="","",IFERROR(IF(INDEX(원본명단!$E$3:$E$6002,MATCH("R"&5,중복목록!$L$6:$L$6005,0))="","",INDEX(원본명단!$E$3:$E$6002,MATCH("R"&5,중복목록!$L$6:$L$6005,0))),"")) | F10: =IF($A10="","",IFERROR(MAX(INDEX(중복검사!$E$4:$E$6003,MATCH("R"&5,중복목록!$L$6:$L$6005,0)),INDEX(중복검사!$F$4:$F$6003,MATCH("R"&5,중복목록!$L$6:$L$6005,0)),INDEX(중복검사!$G$4:$G$6003,MATCH("R"&5,중복목록!$L$6:$L$6005,0))),"")) | G10: =IF($A10="","",IFERROR(INDEX(중복검사!$I$4:$I$6003,MATCH("R"&5,중복목록!$L$6:$L$6005,0)),"")) | H10: =IF($A10="","",IFERROR(INDEX(중복검사!$J$4:$J$6003,MATCH("R"&5,중복목록!$L$6:$L$6005,0)),"")) | J10: =IF(중복검사!$A8="",FALSE(),중복검사!$H8="중복") -> TRUE | K10: =IF($J10=FALSE(),"",COUNTIF($J$6:$J10,TRUE())) -> 4 | L10: =IF($K10="","","R"&$K10) -> R4
A11: =IFERROR(INDEX(중복검사!$A$4:$A$6003,MATCH("R"&6,중복목록!$L$6:$L$6005,0)),"") | B11: =IF($A11="","",IFERROR(INDEX(중복검사!$B$4:$B$6003,MATCH("R"&6,중복목록!$L$6:$L$6005,0)),"")) | C11: =IF($A11="","",IFERROR(INDEX(중복검사!$C$4:$C$6003,MATCH("R"&6,중복목록!$L$6:$L$6005,0)),"")) | D11: =IF($A11="","",IFERROR(INDEX(중복검사!$D$4:$D$6003,MATCH("R"&6,중복목록!$L$6:$L$6005,0)),"")) | E11: =IF($A11="","",IFERROR(IF(INDEX(원본명단!$E$3:$E$6002,MATCH("R"&6,중복목록!$L$6:$L$6005,0))="","",INDEX(원본명단!$E$3:$E$6002,MATCH("R"&6,중복목록!$L$6:$L$6005,0))),"")) | F11: =IF($A11="","",IFERROR(MAX(INDEX(중복검사!$E$4:$E$6003,MATCH("R"&6,중복목록!$L$6:$L$6005,0)),INDEX(중복검사!$F$4:$F$6003,MATCH("R"&6,중복목록!$L$6:$L$6005,0)),INDEX(중복검사!$G$4:$G$6003,MATCH("R"&6,중복목록!$L$6:$L$6005,0))),"")) | G11: =IF($A11="","",IFERROR(INDEX(중복검사!$I$4:$I$6003,MATCH("R"&6,중복목록!$L$6:$L$6005,0)),"")) | H11: =IF($A11="","",IFERROR(INDEX(중복검사!$J$4:$J$6003,MATCH("R"&6,중복목록!$L$6:$L$6005,0)),"")) | J11: =IF(중복검사!$A9="",FALSE(),중복검사!$H9="중복") -> FALSE | K11: =IF($J11=FALSE(),"",COUNTIF($J$6:$J11,TRUE())) | L11: =IF($K11="","","R"&$K11)
A12: =IFERROR(INDEX(중복검사!$A$4:$A$6003,MATCH("R"&7,중복목록!$L$6:$L$6005,0)),"") | B12: =IF($A12="","",IFERROR(INDEX(중복검사!$B$4:$B$6003,MATCH("R"&7,중복목록!$L$6:$L$6005,0)),"")) | C12: =IF($A12="","",IFERROR(INDEX(중복검사!$C$4:$C$6003,MATCH("R"&7,중복목록!$L$6:$L$6005,0)),"")) | D12: =IF($A12="","",IFERROR(INDEX(중복검사!$D$4:$D$6003,MATCH("R"&7,중복목록!$L$6:$L$6005,0)),"")) | E12: =IF($A12="","",IFERROR(IF(INDEX(원본명단!$E$3:$E$6002,MATCH("R"&7,중복목록!$L$6:$L$6005,0))="","",INDEX(원본명단!$E$3:$E$6002,MATCH("R"&7,중복목록!$L$6:$L$6005,0))),"")) | F12: =IF($A12="","",IFERROR(MAX(INDEX(중복검사!$E$4:$E$6003,MATCH("R"&7,중복목록!$L$6:$L$6005,0)),INDEX(중복검사!$F$4:$F$6003,MATCH("R"&7,중복목록!$L$6:$L$6005,0)),INDEX(중복검사!$G$4:$G$6003,MATCH("R"&7,중복목록!$L$6:$L$6005,0))),"")) | G12: =IF($A12="","",IFERROR(INDEX(중복검사!$I$4:$I$6003,MATCH("R"&7,중복목록!$L$6:$L$6005,0)),"")) | H12: =IF($A12="","",IFERROR(INDEX(중복검사!$J$4:$J$6003,MATCH("R"&7,중복목록!$L$6:$L$6005,0)),"")) | J12: =IF(중복검사!$A10="",FALSE(),중복검사!$H10="중복") -> FALSE | K12: =IF($J12=FALSE(),"",COUNTIF($J$6:$J12,TRUE())) | L12: =IF($K12="","","R"&$K12)
A13: =IFERROR(INDEX(중복검사!$A$4:$A$6003,MATCH("R"&8,중복목록!$L$6:$L$6005,0)),"") | B13: =IF($A13="","",IFERROR(INDEX(중복검사!$B$4:$B$6003,MATCH("R"&8,중복목록!$L$6:$L$6005,0)),"")) | C13: =IF($A13="","",IFERROR(INDEX(중복검사!$C$4:$C$6003,MATCH("R"&8,중복목록!$L$6:$L$6005,0)),"")) | D13: =IF($A13="","",IFERROR(INDEX(중복검사!$D$4:$D$6003,MATCH("R"&8,중복목록!$L$6:$L$6005,0)),"")) | E13: =IF($A13="","",IFERROR(IF(INDEX(원본명단!$E$3:$E$6002,MATCH("R"&8,중복목록!$L$6:$L$6005,0))="","",INDEX(원본명단!$E$3:$E$6002,MATCH("R"&8,중복목록!$L$6:$L$6005,0))),"")) | F13: =IF($A13="","",IFERROR(MAX(INDEX(중복검사!$E$4:$E$6003,MATCH("R"&8,중복목록!$L$6:$L$6005,0)),INDEX(중복검사!$F$4:$F$6003,MATCH("R"&8,중복목록!$L$6:$L$6005,0)),INDEX(중복검사!$G$4:$G$6003,MATCH("R"&8,중복목록!$L$6:$L$6005,0))),"")) | G13: =IF($A13="","",IFERROR(INDEX(중복검사!$I$4:$I$6003,MATCH("R"&8,중복목록!$L$6:$L$6005,0)),"")) | H13: =IF($A13="","",IFERROR(INDEX(중복검사!$J$4:$J$6003,MATCH("R"&8,중복목록!$L$6:$L$6005,0)),"")) | J13: =IF(중복검사!$A11="",FALSE(),중복검사!$H11="중복") -> FALSE | K13: =IF($J13=FALSE(),"",COUNTIF($J$6:$J13,TRUE())) | L13: =IF($K13="","","R"&$K13)
A14: =IFERROR(INDEX(중복검사!$A$4:$A$6003,MATCH("R"&9,중복목록!$L$6:$L$6005,0)),"") | B14: =IF($A14="","",IFERROR(INDEX(중복검사!$B$4:$B$6003,MATCH("R"&9,중복목록!$L$6:$L$6005,0)),"")) | C14: =IF($A14="","",IFERROR(INDEX(중복검사!$C$4:$C$6003,MATCH("R"&9,중복목록!$L$6:$L$6005,0)),"")) | D14: =IF($A14="","",IFERROR(INDEX(중복검사!$D$4:$D$6003,MATCH("R"&9,중복목록!$L$6:$L$6005,0)),"")) | E14: =IF($A14="","",IFERROR(IF(INDEX(원본명단!$E$3:$E$6002,MATCH("R"&9,중복목록!$L$6:$L$6005,0))="","",INDEX(원본명단!$E$3:$E$6002,MATCH("R"&9,중복목록!$L$6:$L$6005,0))),"")) | F14: =IF($A14="","",IFERROR(MAX(INDEX(중복검사!$E$4:$E$6003,MATCH("R"&9,중복목록!$L$6:$L$6005,0)),INDEX(중복검사!$F$4:$F$6003,MATCH("R"&9,중복목록!$L$6:$L$6005,0)),INDEX(중복검사!$G$4:$G$6003,MATCH("R"&9,중복목록!$L$6:$L$6005,0))),"")) | G14: =IF($A14="","",IFERROR(INDEX(중복검사!$I$4:$I$6003,MATCH("R"&9,중복목록!$L$6:$L$6005,0)),"")) | H14: =IF($A14="","",IFERROR(INDEX(중복검사!$J$4:$J$6003,MATCH("R"&9,중복목록!$L$6:$L$6005,0)),"")) | J14: =IF(중복검사!$A12="",FALSE(),중복검사!$H12="중복") -> FALSE | K14: =IF($J14=FALSE(),"",COUNTIF($J$6:$J14,TRUE())) | L14: =IF($K14="","","R"&$K14)
A15: =IFERROR(INDEX(중복검사!$A$4:$A$6003,MATCH("R"&10,중복목록!$L$6:$L$6005,0)),"") | B15: =IF($A15="","",IFERROR(INDEX(중복검사!$B$4:$B$6003,MATCH("R"&10,중복목록!$L$6:$L$6005,0)),"")) | C15: =IF($A15="","",IFERROR(INDEX(중복검사!$C$4:$C$6003,MATCH("R"&10,중복목록!$L$6:$L$6005,0)),"")) | D15: =IF($A15="","",IFERROR(INDEX(중복검사!$D$4:$D$6003,MATCH("R"&10,중복목록!$L$6:$L$6005,0)),"")) | E15: =IF($A15="","",IFERROR(IF(INDEX(원본명단!$E$3:$E$6002,MATCH("R"&10,중복목록!$L$6:$L$6005,0))="","",INDEX(원본명단!$E$3:$E$6002,MATCH("R"&10,중복목록!$L$6:$L$6005,0))),"")) | F15: =IF($A15="","",IFERROR(MAX(INDEX(중복검사!$E$4:$E$6003,MATCH("R"&10,중복목록!$L$6:$L$6005,0)),INDEX(중복검사!$F$4:$F$6003,MATCH("R"&10,중복목록!$L$6:$L$6005,0)),INDEX(중복검사!$G$4:$G$6003,MATCH("R"&10,중복목록!$L$6:$L$6005,0))),"")) | G15: =IF($A15="","",IFERROR(INDEX(중복검사!$I$4:$I$6003,MATCH("R"&10,중복목록!$L$6:$L$6005,0)),"")) | H15: =IF($A15="","",IFERROR(INDEX(중복검사!$J$4:$J$6003,MATCH("R"&10,중복목록!$L$6:$L$6005,0)),"")) | J15: =IF(중복검사!$A13="",FALSE(),중복검사!$H13="중복") -> FALSE | K15: =IF($J15=FALSE(),"",COUNTIF($J$6:$J15,TRUE())) | L15: =IF($K15="","","R"&$K15)
A16: =IFERROR(INDEX(중복검사!$A$4:$A$6003,MATCH("R"&11,중복목록!$L$6:$L$6005,0)),"") | B16: =IF($A16="","",IFERROR(INDEX(중복검사!$B$4:$B$6003,MATCH("R"&11,중복목록!$L$6:$L$6005,0)),"")) | C16: =IF($A16="","",IFERROR(INDEX(중복검사!$C$4:$C$6003,MATCH("R"&11,중복목록!$L$6:$L$6005,0)),"")) | D16: =IF($A16="","",IFERROR(INDEX(중복검사!$D$4:$D$6003,MATCH("R"&11,중복목록!$L$6:$L$6005,0)),"")) | E16: =IF($A16="","",IFERROR(IF(INDEX(원본명단!$E$3:$E$6002,MATCH("R"&11,중복목록!$L$6:$L$6005,0))="","",INDEX(원본명단!$E$3:$E$6002,MATCH("R"&11,중복목록!$L$6:$L$6005,0))),"")) | F16: =IF($A16="","",IFERROR(MAX(INDEX(중복검사!$E$4:$E$6003,MATCH("R"&11,중복목록!$L$6:$L$6005,0)),INDEX(중복검사!$F$4:$F$6003,MATCH("R"&11,중복목록!$L$6:$L$6005,0)),INDEX(중복검사!$G$4:$G$6003,MATCH("R"&11,중복목록!$L$6:$L$6005,0))),"")) | G16: =IF($A16="","",IFERROR(INDEX(중복검사!$I$4:$I$6003,MATCH("R"&11,중복목록!$L$6:$L$6005,0)),"")) | H16: =IF($A16="","",IFERROR(INDEX(중복검사!$J$4:$J$6003,MATCH("R"&11,중복목록!$L$6:$L$6005,0)),"")) | J16: =IF(중복검사!$A14="",FALSE(),중복검사!$H14="중복") -> FALSE | K16: =IF($J16=FALSE(),"",COUNTIF($J$6:$J16,TRUE())) | L16: =IF($K16="","","R"&$K16)
A17: =IFERROR(INDEX(중복검사!$A$4:$A$6003,MATCH("R"&12,중복목록!$L$6:$L$6005,0)),"") | B17: =IF($A17="","",IFERROR(INDEX(중복검사!$B$4:$B$6003,MATCH("R"&12,중복목록!$L$6:$L$6005,0)),"")) | C17: =IF($A17="","",IFERROR(INDEX(중복검사!$C$4:$C$6003,MATCH("R"&12,중복목록!$L$6:$L$6005,0)),"")) | D17: =IF($A17="","",IFERROR(INDEX(중복검사!$D$4:$D$6003,MATCH("R"&12,중복목록!$L$6:$L$6005,0)),"")) | E17: =IF($A17="","",IFERROR(IF(INDEX(원본명단!$E$3:$E$6002,MATCH("R"&12,중복목록!$L$6:$L$6005,0))="","",INDEX(원본명단!$E$3:$E$6002,MATCH("R"&12,중복목록!$L$6:$L$6005,0))),"")) | F17: =IF($A17="","",IFERROR(MAX(INDEX(중복검사!$E$4:$E$6003,MATCH("R"&12,중복목록!$L$6:$L$6005,0)),INDEX(중복검사!$F$4:$F$6003,MATCH("R"&12,중복목록!$L$6:$L$6005,0)),INDEX(중복검사!$G$4:$G$6003,MATCH("R"&12,중복목록!$L$6:$L$6005,0))),"")) | G17: =IF($A17="","",IFERROR(INDEX(중복검사!$I$4:$I$6003,MATCH("R"&12,중복목록!$L$6:$L$6005,0)),"")) | H17: =IF($A17="","",IFERROR(INDEX(중복검사!$J$4:$J$6003,MATCH("R"&12,중복목록!$L$6:$L$6005,0)),"")) | J17: =IF(중복검사!$A15="",FALSE(),중복검사!$H15="중복") -> FALSE | K17: =IF($J17=FALSE(),"",COUNTIF($J$6:$J17,TRUE())) | L17: =IF($K17="","","R"&$K17)
A18: =IFERROR(INDEX(중복검사!$A$4:$A$6003,MATCH("R"&13,중복목록!$L$6:$L$6005,0)),"") | B18: =IF($A18="","",IFERROR(INDEX(중복검사!$B$4:$B$6003,MATCH("R"&13,중복목록!$L$6:$L$6005,0)),"")) | C18: =IF($A18="","",IFERROR(INDEX(중복검사!$C$4:$C$6003,MATCH("R"&13,중복목록!$L$6:$L$6005,0)),"")) | D18: =IF($A18="","",IFERROR(INDEX(중복검사!$D$4:$D$6003,MATCH("R"&13,중복목록!$L$6:$L$6005,0)),"")) | E18: =IF($A18="","",IFERROR(IF(INDEX(원본명단!$E$3:$E$6002,MATCH("R"&13,중복목록!$L$6:$L$6005,0))="","",INDEX(원본명단!$E$3:$E$6002,MATCH("R"&13,중복목록!$L$6:$L$6005,0))),"")) | F18: =IF($A18="","",IFERROR(MAX(INDEX(중복검사!$E$4:$E$6003,MATCH("R"&13,중복목록!$L$6:$L$6005,0)),INDEX(중복검사!$F$4:$F$6003,MATCH("R"&13,중복목록!$L$6:$L$6005,0)),INDEX(중복검사!$G$4:$G$6003,MATCH("R"&13,중복목록!$L$6:$L$6005,0))),"")) | G18: =IF($A18="","",IFERROR(INDEX(중복검사!$I$4:$I$6003,MATCH("R"&13,중복목록!$L$6:$L$6005,0)),"")) | H18: =IF($A18="","",IFERROR(INDEX(중복검사!$J$4:$J$6003,MATCH("R"&13,중복목록!$L$6:$L$6005,0)),"")) | J18: =IF(중복검사!$A16="",FALSE(),중복검사!$H16="중복") -> FALSE | K18: =IF($J18=FALSE(),"",COUNTIF($J$6:$J18,TRUE())) | L18: =IF($K18="","","R"&$K18)
A19: =IFERROR(INDEX(중복검사!$A$4:$A$6003,MATCH("R"&14,중복목록!$L$6:$L$6005,0)),"") | B19: =IF($A19="","",IFERROR(INDEX(중복검사!$B$4:$B$6003,MATCH("R"&14,중복목록!$L$6:$L$6005,0)),"")) | C19: =IF($A19="","",IFERROR(INDEX(중복검사!$C$4:$C$6003,MATCH("R"&14,중복목록!$L$6:$L$6005,0)),"")) | D19: =IF($A19="","",IFERROR(INDEX(중복검사!$D$4:$D$6003,MATCH("R"&14,중복목록!$L$6:$L$6005,0)),"")) | E19: =IF($A19="","",IFERROR(IF(INDEX(원본명단!$E$3:$E$6002,MATCH("R"&14,중복목록!$L$6:$L$6005,0))="","",INDEX(원본명단!$E$3:$E$6002,MATCH("R"&14,중복목록!$L$6:$L$6005,0))),"")) | F19: =IF($A19="","",IFERROR(MAX(INDEX(중복검사!$E$4:$E$6003,MATCH("R"&14,중복목록!$L$6:$L$6005,0)),INDEX(중복검사!$F$4:$F$6003,MATCH("R"&14,중복목록!$L$6:$L$6005,0)),INDEX(중복검사!$G$4:$G$6003,MATCH("R"&14,중복목록!$L$6:$L$6005,0))),"")) | G19: =IF($A19="","",IFERROR(INDEX(중복검사!$I$4:$I$6003,MATCH("R"&14,중복목록!$L$6:$L$6005,0)),"")) | H19: =IF($A19="","",IFERROR(INDEX(중복검사!$J$4:$J$6003,MATCH("R"&14,중복목록!$L$6:$L$6005,0)),"")) | J19: =IF(중복검사!$A17="",FALSE(),중복검사!$H17="중복") -> FALSE | K19: =IF($J19=FALSE(),"",COUNTIF($J$6:$J19,TRUE())) | L19: =IF($K19="","","R"&$K19)
A20: =IFERROR(INDEX(중복검사!$A$4:$A$6003,MATCH("R"&15,중복목록!$L$6:$L$6005,0)),"") | B20: =IF($A20="","",IFERROR(INDEX(중복검사!$B$4:$B$6003,MATCH("R"&15,중복목록!$L$6:$L$6005,0)),"")) | C20: =IF($A20="","",IFERROR(INDEX(중복검사!$C$4:$C$6003,MATCH("R"&15,중복목록!$L$6:$L$6005,0)),"")) | D20: =IF($A20="","",IFERROR(INDEX(중복검사!$D$4:$D$6003,MATCH("R"&15,중복목록!$L$6:$L$6005,0)),"")) | E20: =IF($A20="","",IFERROR(IF(INDEX(원본명단!$E$3:$E$6002,MATCH("R"&15,중복목록!$L$6:$L$6005,0))="","",INDEX(원본명단!$E$3:$E$6002,MATCH("R"&15,중복목록!$L$6:$L$6005,0))),"")) | F20: =IF($A20="","",IFERROR(MAX(INDEX(중복검사!$E$4:$E$6003,MATCH("R"&15,중복목록!$L$6:$L$6005,0)),INDEX(중복검사!$F$4:$F$6003,MATCH("R"&15,중복목록!$L$6:$L$6005,0)),INDEX(중복검사!$G$4:$G$6003,MATCH("R"&15,중복목록!$L$6:$L$6005,0))),"")) | G20: =IF($A20="","",IFERROR(INDEX(중복검사!$I$4:$I$6003,MATCH("R"&15,중복목록!$L$6:$L$6005,0)),"")) | H20: =IF($A20="","",IFERROR(INDEX(중복검사!$J$4:$J$6003,MATCH("R"&15,중복목록!$L$6:$L$6005,0)),"")) | J20: =IF(중복검사!$A18="",FALSE(),중복검사!$H18="중복") -> FALSE | K20: =IF($J20=FALSE(),"",COUNTIF($J$6:$J20,TRUE())) | L20: =IF($K20="","","R"&$K20)
A21: =IFERROR(INDEX(중복검사!$A$4:$A$6003,MATCH("R"&16,중복목록!$L$6:$L$6005,0)),"") | B21: =IF($A21="","",IFERROR(INDEX(중복검사!$B$4:$B$6003,MATCH("R"&16,중복목록!$L$6:$L$6005,0)),"")) | C21: =IF($A21="","",IFERROR(INDEX(중복검사!$C$4:$C$6003,MATCH("R"&16,중복목록!$L$6:$L$6005,0)),"")) | D21: =IF($A21="","",IFERROR(INDEX(중복검사!$D$4:$D$6003,MATCH("R"&16,중복목록!$L$6:$L$6005,0)),"")) | E21: =IF($A21="","",IFERROR(IF(INDEX(원본명단!$E$3:$E$6002,MATCH("R"&16,중복목록!$L$6:$L$6005,0))="","",INDEX(원본명단!$E$3:$E$6002,MATCH("R"&16,중복목록!$L$6:$L$6005,0))),"")) | F21: =IF($A21="","",IFERROR(MAX(INDEX(중복검사!$E$4:$E$6003,MATCH("R"&16,중복목록!$L$6:$L$6005,0)),INDEX(중복검사!$F$4:$F$6003,MATCH("R"&16,중복목록!$L$6:$L$6005,0)),INDEX(중복검사!$G$4:$G$6003,MATCH("R"&16,중복목록!$L$6:$L$6005,0))),"")) | G21: =IF($A21="","",IFERROR(INDEX(중복검사!$I$4:$I$6003,MATCH("R"&16,중복목록!$L$6:$L$6005,0)),"")) | H21: =IF($A21="","",IFERROR(INDEX(중복검사!$J$4:$J$6003,MATCH("R"&16,중복목록!$L$6:$L$6005,0)),"")) | J21: =IF(중복검사!$A19="",FALSE(),중복검사!$H19="중복") -> FALSE | K21: =IF($J21=FALSE(),"",COUNTIF($J$6:$J21,TRUE())) | L21: =IF($K21="","","R"&$K21)
A22: =IFERROR(INDEX(중복검사!$A$4:$A$6003,MATCH("R"&17,중복목록!$L$6:$L$6005,0)),"") | B22: =IF($A22="","",IFERROR(INDEX(중복검사!$B$4:$B$6003,MATCH("R"&17,중복목록!$L$6:$L$6005,0)),"")) | C22: =IF($A22="","",IFERROR(INDEX(중복검사!$C$4:$C$6003,MATCH("R"&17,중복목록!$L$6:$L$6005,0)),"")) | D22: =IF($A22="","",IFERROR(INDEX(중복검사!$D$4:$D$6003,MATCH("R"&17,중복목록!$L$6:$L$6005,0)),"")) | E22: =IF($A22="","",IFERROR(IF(INDEX(원본명단!$E$3:$E$6002,MATCH("R"&17,중복목록!$L$6:$L$6005,0))="","",INDEX(원본명단!$E$3:$E$6002,MATCH("R"&17,중복목록!$L$6:$L$6005,0))),"")) | F22: =IF($A22="","",IFERROR(MAX(INDEX(중복검사!$E$4:$E$6003,MATCH("R"&17,중복목록!$L$6:$L$6005,0)),INDEX(중복검사!$F$4:$F$6003,MATCH("R"&17,중복목록!$L$6:$L$6005,0)),INDEX(중복검사!$G$4:$G$6003,MATCH("R"&17,중복목록!$L$6:$L$6005,0))),"")) | G22: =IF($A22="","",IFERROR(INDEX(중복검사!$I$4:$I$6003,MATCH("R"&17,중복목록!$L$6:$L$6005,0)),"")) | H22: =IF($A22="","",IFERROR(INDEX(중복검사!$J$4:$J$6003,MATCH("R"&17,중복목록!$L$6:$L$6005,0)),"")) | J22: =IF(중복검사!$A20="",FALSE(),중복검사!$H20="중복") -> FALSE | K22: =IF($J22=FALSE(),"",COUNTIF($J$6:$J22,TRUE())) | L22: =IF($K22="","","R"&$K22)
A23: =IFERROR(INDEX(중복검사!$A$4:$A$6003,MATCH("R"&18,중복목록!$L$6:$L$6005,0)),"") | B23: =IF($A23="","",IFERROR(INDEX(중복검사!$B$4:$B$6003,MATCH("R"&18,중복목록!$L$6:$L$6005,0)),"")) | C23: =IF($A23="","",IFERROR(INDEX(중복검사!$C$4:$C$6003,MATCH("R"&18,중복목록!$L$6:$L$6005,0)),"")) | D23: =IF($A23="","",IFERROR(INDEX(중복검사!$D$4:$D$6003,MATCH("R"&18,중복목록!$L$6:$L$6005,0)),"")) | E23: =IF($A23="","",IFERROR(IF(INDEX(원본명단!$E$3:$E$6002,MATCH("R"&18,중복목록!$L$6:$L$6005,0))="","",INDEX(원본명단!$E$3:$E$6002,MATCH("R"&18,중복목록!$L$6:$L$6005,0))),"")) | F23: =IF($A23="","",IFERROR(MAX(INDEX(중복검사!$E$4:$E$6003,MATCH("R"&18,중복목록!$L$6:$L$6005,0)),INDEX(중복검사!$F$4:$F$6003,MATCH("R"&18,중복목록!$L$6:$L$6005,0)),INDEX(중복검사!$G$4:$G$6003,MATCH("R"&18,중복목록!$L$6:$L$6005,0))),"")) | G23: =IF($A23="","",IFERROR(INDEX(중복검사!$I$4:$I$6003,MATCH("R"&18,중복목록!$L$6:$L$6005,0)),"")) | H23: =IF($A23="","",IFERROR(INDEX(중복검사!$J$4:$J$6003,MATCH("R"&18,중복목록!$L$6:$L$6005,0)),"")) | J23: =IF(중복검사!$A21="",FALSE(),중복검사!$H21="중복") -> FALSE | K23: =IF($J23=FALSE(),"",COUNTIF($J$6:$J23,TRUE())) | L23: =IF($K23="","","R"&$K23)
A24: =IFERROR(INDEX(중복검사!$A$4:$A$6003,MATCH("R"&19,중복목록!$L$6:$L$6005,0)),"") | B24: =IF($A24="","",IFERROR(INDEX(중복검사!$B$4:$B$6003,MATCH("R"&19,중복목록!$L$6:$L$6005,0)),"")) | C24: =IF($A24="","",IFERROR(INDEX(중복검사!$C$4:$C$6003,MATCH("R"&19,중복목록!$L$6:$L$6005,0)),"")) | D24: =IF($A24="","",IFERROR(INDEX(중복검사!$D$4:$D$6003,MATCH("R"&19,중복목록!$L$6:$L$6005,0)),"")) | E24: =IF($A24="","",IFERROR(IF(INDEX(원본명단!$E$3:$E$6002,MATCH("R"&19,중복목록!$L$6:$L$6005,0))="","",INDEX(원본명단!$E$3:$E$6002,MATCH("R"&19,중복목록!$L$6:$L$6005,0))),"")) | F24: =IF($A24="","",IFERROR(MAX(INDEX(중복검사!$E$4:$E$6003,MATCH("R"&19,중복목록!$L$6:$L$6005,0)),INDEX(중복검사!$F$4:$F$6003,MATCH("R"&19,중복목록!$L$6:$L$6005,0)),INDEX(중복검사!$G$4:$G$6003,MATCH("R"&19,중복목록!$L$6:$L$6005,0))),"")) | G24: =IF($A24="","",IFERROR(INDEX(중복검사!$I$4:$I$6003,MATCH("R"&19,중복목록!$L$6:$L$6005,0)),"")) | H24: =IF($A24="","",IFERROR(INDEX(중복검사!$J$4:$J$6003,MATCH("R"&19,중복목록!$L$6:$L$6005,0)),"")) | J24: =IF(중복검사!$A22="",FALSE(),중복검사!$H22="중복") -> FALSE | K24: =IF($J24=FALSE(),"",COUNTIF($J$6:$J24,TRUE())) | L24: =IF($K24="","","R"&$K24)
A25: =IFERROR(INDEX(중복검사!$A$4:$A$6003,MATCH("R"&20,중복목록!$L$6:$L$6005,0)),"") | B25: =IF($A25="","",IFERROR(INDEX(중복검사!$B$4:$B$6003,MATCH("R"&20,중복목록!$L$6:$L$6005,0)),"")) | C25: =IF($A25="","",IFERROR(INDEX(중복검사!$C$4:$C$6003,MATCH("R"&20,중복목록!$L$6:$L$6005,0)),"")) | D25: =IF($A25="","",IFERROR(INDEX(중복검사!$D$4:$D$6003,MATCH("R"&20,중복목록!$L$6:$L$6005,0)),"")) | E25: =IF($A25="","",IFERROR(IF(INDEX(원본명단!$E$3:$E$6002,MATCH("R"&20,중복목록!$L$6:$L$6005,0))="","",INDEX(원본명단!$E$3:$E$6002,MATCH("R"&20,중복목록!$L$6:$L$6005,0))),"")) | F25: =IF($A25="","",IFERROR(MAX(INDEX(중복검사!$E$4:$E$6003,MATCH("R"&20,중복목록!$L$6:$L$6005,0)),INDEX(중복검사!$F$4:$F$6003,MATCH("R"&20,중복목록!$L$6:$L$6005,0)),INDEX(중복검사!$G$4:$G$6003,MATCH("R"&20,중복목록!$L$6:$L$6005,0))),"")) | G25: =IF($A25="","",IFERROR(INDEX(중복검사!$I$4:$I$6003,MATCH("R"&20,중복목록!$L$6:$L$6005,0)),"")) | H25: =IF($A25="","",IFERROR(INDEX(중복검사!$J$4:$J$6003,MATCH("R"&20,중복목록!$L$6:$L$6005,0)),"")) | J25: =IF(중복검사!$A23="",FALSE(),중복검사!$H23="중복") -> FALSE | K25: =IF($J25=FALSE(),"",COUNTIF($J$6:$J25,TRUE())) | L25: =IF($K25="","","R"&$K25)
A26: =IFERROR(INDEX(중복검사!$A$4:$A$6003,MATCH("R"&21,중복목록!$L$6:$L$6005,0)),"") | B26: =IF($A26="","",IFERROR(INDEX(중복검사!$B$4:$B$6003,MATCH("R"&21,중복목록!$L$6:$L$6005,0)),"")) | C26: =IF($A26="","",IFERROR(INDEX(중복검사!$C$4:$C$6003,MATCH("R"&21,중복목록!$L$6:$L$6005,0)),"")) | D26: =IF($A26="","",IFERROR(INDEX(중복검사!$D$4:$D$6003,MATCH("R"&21,중복목록!$L$6:$L$6005,0)),"")) | E26: =IF($A26="","",IFERROR(IF(INDEX(원본명단!$E$3:$E$6002,MATCH("R"&21,중복목록!$L$6:$L$6005,0))="","",INDEX(원본명단!$E$3:$E$6002,MATCH("R"&21,중복목록!$L$6:$L$6005,0))),"")) | F26: =IF($A26="","",IFERROR(MAX(INDEX(중복검사!$E$4:$E$6003,MATCH("R"&21,중복목록!$L$6:$L$6005,0)),INDEX(중복검사!$F$4:$F$6003,MATCH("R"&21,중복목록!$L$6:$L$6005,0)),INDEX(중복검사!$G$4:$G$6003,MATCH("R"&21,중복목록!$L$6:$L$6005,0))),"")) | G26: =IF($A26="","",IFERROR(INDEX(중복검사!$I$4:$I$6003,MATCH("R"&21,중복목록!$L$6:$L$6005,0)),"")) | H26: =IF($A26="","",IFERROR(INDEX(중복검사!$J$4:$J$6003,MATCH("R"&21,중복목록!$L$6:$L$6005,0)),"")) | J26: =IF(중복검사!$A24="",FALSE(),중복검사!$H24="중복") -> FALSE | K26: =IF($J26=FALSE(),"",COUNTIF($J$6:$J26,TRUE())) | L26: =IF($K26="","","R"&$K26)
A27: =IFERROR(INDEX(중복검사!$A$4:$A$6003,MATCH("R"&22,중복목록!$L$6:$L$6005,0)),"") | B27: =IF($A27="","",IFERROR(INDEX(중복검사!$B$4:$B$6003,MATCH("R"&22,중복목록!$L$6:$L$6005,0)),"")) | C27: =IF($A27="","",IFERROR(INDEX(중복검사!$C$4:$C$6003,MATCH("R"&22,중복목록!$L$6:$L$6005,0)),"")) | D27: =IF($A27="","",IFERROR(INDEX(중복검사!$D$4:$D$6003,MATCH("R"&22,중복목록!$L$6:$L$6005,0)),"")) | E27: =IF($A27="","",IFERROR(IF(INDEX(원본명단!$E$3:$E$6002,MATCH("R"&22,중복목록!$L$6:$L$6005,0))="","",INDEX(원본명단!$E$3:$E$6002,MATCH("R"&22,중복목록!$L$6:$L$6005,0))),"")) | F27: =IF($A27="","",IFERROR(MAX(INDEX(중복검사!$E$4:$E$6003,MATCH("R"&22,중복목록!$L$6:$L$6005,0)),INDEX(중복검사!$F$4:$F$6003,MATCH("R"&22,중복목록!$L$6:$L$6005,0)),INDEX(중복검사!$G$4:$G$6003,MATCH("R"&22,중복목록!$L$6:$L$6005,0))),"")) | G27: =IF($A27="","",IFERROR(INDEX(중복검사!$I$4:$I$6003,MATCH("R"&22,중복목록!$L$6:$L$6005,0)),"")) | H27: =IF($A27="","",IFERROR(INDEX(중복검사!$J$4:$J$6003,MATCH("R"&22,중복목록!$L$6:$L$6005,0)),"")) | J27: =IF(중복검사!$A25="",FALSE(),중복검사!$H25="중복") -> FALSE | K27: =IF($J27=FALSE(),"",COUNTIF($J$6:$J27,TRUE())) | L27: =IF($K27="","","R"&$K27)
A28: =IFERROR(INDEX(중복검사!$A$4:$A$6003,MATCH("R"&23,중복목록!$L$6:$L$6005,0)),"") | B28: =IF($A28="","",IFERROR(INDEX(중복검사!$B$4:$B$6003,MATCH("R"&23,중복목록!$L$6:$L$6005,0)),"")) | C28: =IF($A28="","",IFERROR(INDEX(중복검사!$C$4:$C$6003,MATCH("R"&23,중복목록!$L$6:$L$6005,0)),"")) | D28: =IF($A28="","",IFERROR(INDEX(중복검사!$D$4:$D$6003,MATCH("R"&23,중복목록!$L$6:$L$6005,0)),"")) | E28: =IF($A28="","",IFERROR(IF(INDEX(원본명단!$E$3:$E$6002,MATCH("R"&23,중복목록!$L$6:$L$6005,0))="","",INDEX(원본명단!$E$3:$E$6002,MATCH("R"&23,중복목록!$L$6:$L$6005,0))),"")) | F28: =IF($A28="","",IFERROR(MAX(INDEX(중복검사!$E$4:$E$6003,MATCH("R"&23,중복목록!$L$6:$L$6005,0)),INDEX(중복검사!$F$4:$F$6003,MATCH("R"&23,중복목록!$L$6:$L$6005,0)),INDEX(중복검사!$G$4:$G$6003,MATCH("R"&23,중복목록!$L$6:$L$6005,0))),"")) | G28: =IF($A28="","",IFERROR(INDEX(중복검사!$I$4:$I$6003,MATCH("R"&23,중복목록!$L$6:$L$6005,0)),"")) | H28: =IF($A28="","",IFERROR(INDEX(중복검사!$J$4:$J$6003,MATCH("R"&23,중복목록!$L$6:$L$6005,0)),"")) | J28: =IF(중복검사!$A26="",FALSE(),중복검사!$H26="중복") -> FALSE | K28: =IF($J28=FALSE(),"",COUNTIF($J$6:$J28,TRUE())) | L28: =IF($K28="","","R"&$K28)
A29: =IFERROR(INDEX(중복검사!$A$4:$A$6003,MATCH("R"&24,중복목록!$L$6:$L$6005,0)),"") | B29: =IF($A29="","",IFERROR(INDEX(중복검사!$B$4:$B$6003,MATCH("R"&24,중복목록!$L$6:$L$6005,0)),"")) | C29: =IF($A29="","",IFERROR(INDEX(중복검사!$C$4:$C$6003,MATCH("R"&24,중복목록!$L$6:$L$6005,0)),"")) | D29: =IF($A29="","",IFERROR(INDEX(중복검사!$D$4:$D$6003,MATCH("R"&24,중복목록!$L$6:$L$6005,0)),"")) | E29: =IF($A29="","",IFERROR(IF(INDEX(원본명단!$E$3:$E$6002,MATCH("R"&24,중복목록!$L$6:$L$6005,0))="","",INDEX(원본명단!$E$3:$E$6002,MATCH("R"&24,중복목록!$L$6:$L$6005,0))),"")) | F29: =IF($A29="","",IFERROR(MAX(INDEX(중복검사!$E$4:$E$6003,MATCH("R"&24,중복목록!$L$6:$L$6005,0)),INDEX(중복검사!$F$4:$F$6003,MATCH("R"&24,중복목록!$L$6:$L$6005,0)),INDEX(중복검사!$G$4:$G$6003,MATCH("R"&24,중복목록!$L$6:$L$6005,0))),"")) | G29: =IF($A29="","",IFERROR(INDEX(중복검사!$I$4:$I$6003,MATCH("R"&24,중복목록!$L$6:$L$6005,0)),"")) | H29: =IF($A29="","",IFERROR(INDEX(중복검사!$J$4:$J$6003,MATCH("R"&24,중복목록!$L$6:$L$6005,0)),"")) | J29: =IF(중복검사!$A27="",FALSE(),중복검사!$H27="중복") -> FALSE | K29: =IF($J29=FALSE(),"",COUNTIF($J$6:$J29,TRUE())) | L29: =IF($K29="","","R"&$K29)
A30: =IFERROR(INDEX(중복검사!$A$4:$A$6003,MATCH("R"&25,중복목록!$L$6:$L$6005,0)),"") | B30: =IF($A30="","",IFERROR(INDEX(중복검사!$B$4:$B$6003,MATCH("R"&25,중복목록!$L$6:$L$6005,0)),"")) | C30: =IF($A30="","",IFERROR(INDEX(중복검사!$C$4:$C$6003,MATCH("R"&25,중복목록!$L$6:$L$6005,0)),"")) | D30: =IF($A30="","",IFERROR(INDEX(중복검사!$D$4:$D$6003,MATCH("R"&25,중복목록!$L$6:$L$6005,0)),"")) | E30: =IF($A30="","",IFERROR(IF(INDEX(원본명단!$E$3:$E$6002,MATCH("R"&25,중복목록!$L$6:$L$6005,0))="","",INDEX(원본명단!$E$3:$E$6002,MATCH("R"&25,중복목록!$L$6:$L$6005,0))),"")) | F30: =IF($A30="","",IFERROR(MAX(INDEX(중복검사!$E$4:$E$6003,MATCH("R"&25,중복목록!$L$6:$L$6005,0)),INDEX(중복검사!$F$4:$F$6003,MATCH("R"&25,중복목록!$L$6:$L$6005,0)),INDEX(중복검사!$G$4:$G$6003,MATCH("R"&25,중복목록!$L$6:$L$6005,0))),"")) | G30: =IF($A30="","",IFERROR(INDEX(중복검사!$I$4:$I$6003,MATCH("R"&25,중복목록!$L$6:$L$6005,0)),"")) | H30: =IF($A30="","",IFERROR(INDEX(중복검사!$J$4:$J$6003,MATCH("R"&25,중복목록!$L$6:$L$6005,0)),"")) | J30: =IF(중복검사!$A28="",FALSE(),중복검사!$H28="중복") -> FALSE | K30: =IF($J30=FALSE(),"",COUNTIF($J$6:$J30,TRUE())) | L30: =IF($K30="","","R"&$K30)
A31: =IFERROR(INDEX(중복검사!$A$4:$A$6003,MATCH("R"&26,중복목록!$L$6:$L$6005,0)),"") | B31: =IF($A31="","",IFERROR(INDEX(중복검사!$B$4:$B$6003,MATCH("R"&26,중복목록!$L$6:$L$6005,0)),"")) | C31: =IF($A31="","",IFERROR(INDEX(중복검사!$C$4:$C$6003,MATCH("R"&26,중복목록!$L$6:$L$6005,0)),"")) | D31: =IF($A31="","",IFERROR(INDEX(중복검사!$D$4:$D$6003,MATCH("R"&26,중복목록!$L$6:$L$6005,0)),"")) | E31: =IF($A31="","",IFERROR(IF(INDEX(원본명단!$E$3:$E$6002,MATCH("R"&26,중복목록!$L$6:$L$6005,0))="","",INDEX(원본명단!$E$3:$E$6002,MATCH("R"&26,중복목록!$L$6:$L$6005,0))),"")) | F31: =IF($A31="","",IFERROR(MAX(INDEX(중복검사!$E$4:$E$6003,MATCH("R"&26,중복목록!$L$6:$L$6005,0)),INDEX(중복검사!$F$4:$F$6003,MATCH("R"&26,중복목록!$L$6:$L$6005,0)),INDEX(중복검사!$G$4:$G$6003,MATCH("R"&26,중복목록!$L$6:$L$6005,0))),"")) | G31: =IF($A31="","",IFERROR(INDEX(중복검사!$I$4:$I$6003,MATCH("R"&26,중복목록!$L$6:$L$6005,0)),"")) | H31: =IF($A31="","",IFERROR(INDEX(중복검사!$J$4:$J$6003,MATCH("R"&26,중복목록!$L$6:$L$6005,0)),"")) | J31: =IF(중복검사!$A29="",FALSE(),중복검사!$H29="중복") -> FALSE | K31: =IF($J31=FALSE(),"",COUNTIF($J$6:$J31,TRUE())) | L31: =IF($K31="","","R"&$K31)
A32: =IFERROR(INDEX(중복검사!$A$4:$A$6003,MATCH("R"&27,중복목록!$L$6:$L$6005,0)),"") | B32: =IF($A32="","",IFERROR(INDEX(중복검사!$B$4:$B$6003,MATCH("R"&27,중복목록!$L$6:$L$6005,0)),"")) | C32: =IF($A32="","",IFERROR(INDEX(중복검사!$C$4:$C$6003,MATCH("R"&27,중복목록!$L$6:$L$6005,0)),"")) | D32: =IF($A32="","",IFERROR(INDEX(중복검사!$D$4:$D$6003,MATCH("R"&27,중복목록!$L$6:$L$6005,0)),"")) | E32: =IF($A32="","",IFERROR(IF(INDEX(원본명단!$E$3:$E$6002,MATCH("R"&27,중복목록!$L$6:$L$6005,0))="","",INDEX(원본명단!$E$3:$E$6002,MATCH("R"&27,중복목록!$L$6:$L$6005,0))),"")) | F32: =IF($A32="","",IFERROR(MAX(INDEX(중복검사!$E$4:$E$6003,MATCH("R"&27,중복목록!$L$6:$L$6005,0)),INDEX(중복검사!$F$4:$F$6003,MATCH("R"&27,중복목록!$L$6:$L$6005,0)),INDEX(중복검사!$G$4:$G$6003,MATCH("R"&27,중복목록!$L$6:$L$6005,0))),"")) | G32: =IF($A32="","",IFERROR(INDEX(중복검사!$I$4:$I$6003,MATCH("R"&27,중복목록!$L$6:$L$6005,0)),"")) | H32: =IF($A32="","",IFERROR(INDEX(중복검사!$J$4:$J$6003,MATCH("R"&27,중복목록!$L$6:$L$6005,0)),"")) | J32: =IF(중복검사!$A30="",FALSE(),중복검사!$H30="중복") -> FALSE | K32: =IF($J32=FALSE(),"",COUNTIF($J$6:$J32,TRUE())) | L32: =IF($K32="","","R"&$K32)
A33: =IFERROR(INDEX(중복검사!$A$4:$A$6003,MATCH("R"&28,중복목록!$L$6:$L$6005,0)),"") | B33: =IF($A33="","",IFERROR(INDEX(중복검사!$B$4:$B$6003,MATCH("R"&28,중복목록!$L$6:$L$6005,0)),"")) | C33: =IF($A33="","",IFERROR(INDEX(중복검사!$C$4:$C$6003,MATCH("R"&28,중복목록!$L$6:$L$6005,0)),"")) | D33: =IF($A33="","",IFERROR(INDEX(중복검사!$D$4:$D$6003,MATCH("R"&28,중복목록!$L$6:$L$6005,0)),"")) | E33: =IF($A33="","",IFERROR(IF(INDEX(원본명단!$E$3:$E$6002,MATCH("R"&28,중복목록!$L$6:$L$6005,0))="","",INDEX(원본명단!$E$3:$E$6002,MATCH("R"&28,중복목록!$L$6:$L$6005,0))),"")) | F33: =IF($A33="","",IFERROR(MAX(INDEX(중복검사!$E$4:$E$6003,MATCH("R"&28,중복목록!$L$6:$L$6005,0)),INDEX(중복검사!$F$4:$F$6003,MATCH("R"&28,중복목록!$L$6:$L$6005,0)),INDEX(중복검사!$G$4:$G$6003,MATCH("R"&28,중복목록!$L$6:$L$6005,0))),"")) | G33: =IF($A33="","",IFERROR(INDEX(중복검사!$I$4:$I$6003,MATCH("R"&28,중복목록!$L$6:$L$6005,0)),"")) | H33: =IF($A33="","",IFERROR(INDEX(중복검사!$J$4:$J$6003,MATCH("R"&28,중복목록!$L$6:$L$6005,0)),"")) | J33: =IF(중복검사!$A31="",FALSE(),중복검사!$H31="중복") -> FALSE | K33: =IF($J33=FALSE(),"",COUNTIF($J$6:$J33,TRUE())) | L33: =IF($K33="","","R"&$K33)
A34: =IFERROR(INDEX(중복검사!$A$4:$A$6003,MATCH("R"&29,중복목록!$L$6:$L$6005,0)),"") | B34: =IF($A34="","",IFERROR(INDEX(중복검사!$B$4:$B$6003,MATCH("R"&29,중복목록!$L$6:$L$6005,0)),"")) | C34: =IF($A34="","",IFERROR(INDEX(중복검사!$C$4:$C$6003,MATCH("R"&29,중복목록!$L$6:$L$6005,0)),"")) | D34: =IF($A34="","",IFERROR(INDEX(중복검사!$D$4:$D$6003,MATCH("R"&29,중복목록!$L$6:$L$6005,0)),"")) | E34: =IF($A34="","",IFERROR(IF(INDEX(원본명단!$E$3:$E$6002,MATCH("R"&29,중복목록!$L$6:$L$6005,0))="","",INDEX(원본명단!$E$3:$E$6002,MATCH("R"&29,중복목록!$L$6:$L$6005,0))),"")) | F34: =IF($A34="","",IFERROR(MAX(INDEX(중복검사!$E$4:$E$6003,MATCH("R"&29,중복목록!$L$6:$L$6005,0)),INDEX(중복검사!$F$4:$F$6003,MATCH("R"&29,중복목록!$L$6:$L$6005,0)),INDEX(중복검사!$G$4:$G$6003,MATCH("R"&29,중복목록!$L$6:$L$6005,0))),"")) | G34: =IF($A34="","",IFERROR(INDEX(중복검사!$I$4:$I$6003,MATCH("R"&29,중복목록!$L$6:$L$6005,0)),"")) | H34: =IF($A34="","",IFERROR(INDEX(중복검사!$J$4:$J$6003,MATCH("R"&29,중복목록!$L$6:$L$6005,0)),"")) | J34: =IF(중복검사!$A32="",FALSE(),중복검사!$H32="중복") -> FALSE | K34: =IF($J34=FALSE(),"",COUNTIF($J$6:$J34,TRUE())) | L34: =IF($K34="","","R"&$K34)
A35: =IFERROR(INDEX(중복검사!$A$4:$A$6003,MATCH("R"&30,중복목록!$L$6:$L$6005,0)),"") | B35: =IF($A35="","",IFERROR(INDEX(중복검사!$B$4:$B$6003,MATCH("R"&30,중복목록!$L$6:$L$6005,0)),"")) | C35: =IF($A35="","",IFERROR(INDEX(중복검사!$C$4:$C$6003,MATCH("R"&30,중복목록!$L$6:$L$6005,0)),"")) | D35: =IF($A35="","",IFERROR(INDEX(중복검사!$D$4:$D$6003,MATCH("R"&30,중복목록!$L$6:$L$6005,0)),"")) | E35: =IF($A35="","",IFERROR(IF(INDEX(원본명단!$E$3:$E$6002,MATCH("R"&30,중복목록!$L$6:$L$6005,0))="","",INDEX(원본명단!$E$3:$E$6002,MATCH("R"&30,중복목록!$L$6:$L$6005,0))),"")) | F35: =IF($A35="","",IFERROR(MAX(INDEX(중복검사!$E$4:$E$6003,MATCH("R"&30,중복목록!$L$6:$L$6005,0)),INDEX(중복검사!$F$4:$F$6003,MATCH("R"&30,중복목록!$L$6:$L$6005,0)),INDEX(중복검사!$G$4:$G$6003,MATCH("R"&30,중복목록!$L$6:$L$6005,0))),"")) | G35: =IF($A35="","",IFERROR(INDEX(중복검사!$I$4:$I$6003,MATCH("R"&30,중복목록!$L$6:$L$6005,0)),"")) | H35: =IF($A35="","",IFERROR(INDEX(중복검사!$J$4:$J$6003,MATCH("R"&30,중복목록!$L$6:$L$6005,0)),"")) | J35: =IF(중복검사!$A33="",FALSE(),중복검사!$H33="중복") -> FALSE | K35: =IF($J35=FALSE(),"",COUNTIF($J$6:$J35,TRUE())) | L35: =IF($K35="","","R"&$K35)
A36: =IFERROR(INDEX(중복검사!$A$4:$A$6003,MATCH("R"&31,중복목록!$L$6:$L$6005,0)),"") | B36: =IF($A36="","",IFERROR(INDEX(중복검사!$B$4:$B$6003,MATCH("R"&31,중복목록!$L$6:$L$6005,0)),"")) | C36: =IF($A36="","",IFERROR(INDEX(중복검사!$C$4:$C$6003,MATCH("R"&31,중복목록!$L$6:$L$6005,0)),"")) | D36: =IF($A36="","",IFERROR(INDEX(중복검사!$D$4:$D$6003,MATCH("R"&31,중복목록!$L$6:$L$6005,0)),"")) | E36: =IF($A36="","",IFERROR(IF(INDEX(원본명단!$E$3:$E$6002,MATCH("R"&31,중복목록!$L$6:$L$6005,0))="","",INDEX(원본명단!$E$3:$E$6002,MATCH("R"&31,중복목록!$L$6:$L$6005,0))),"")) | F36: =IF($A36="","",IFERROR(MAX(INDEX(중복검사!$E$4:$E$6003,MATCH("R"&31,중복목록!$L$6:$L$6005,0)),INDEX(중복검사!$F$4:$F$6003,MATCH("R"&31,중복목록!$L$6:$L$6005,0)),INDEX(중복검사!$G$4:$G$6003,MATCH("R"&31,중복목록!$L$6:$L$6005,0))),"")) | G36: =IF($A36="","",IFERROR(INDEX(중복검사!$I$4:$I$6003,MATCH("R"&31,중복목록!$L$6:$L$6005,0)),"")) | H36: =IF($A36="","",IFERROR(INDEX(중복검사!$J$4:$J$6003,MATCH("R"&31,중복목록!$L$6:$L$6005,0)),"")) | J36: =IF(중복검사!$A34="",FALSE(),중복검사!$H34="중복") -> FALSE | K36: =IF($J36=FALSE(),"",COUNTIF($J$6:$J36,TRUE())) | L36: =IF($K36="","","R"&$K36)
A37: =IFERROR(INDEX(중복검사!$A$4:$A$6003,MATCH("R"&32,중복목록!$L$6:$L$6005,0)),"") | B37: =IF($A37="","",IFERROR(INDEX(중복검사!$B$4:$B$6003,MATCH("R"&32,중복목록!$L$6:$L$6005,0)),"")) | C37: =IF($A37="","",IFERROR(INDEX(중복검사!$C$4:$C$6003,MATCH("R"&32,중복목록!$L$6:$L$6005,0)),"")) | D37: =IF($A37="","",IFERROR(INDEX(중복검사!$D$4:$D$6003,MATCH("R"&32,중복목록!$L$6:$L$6005,0)),"")) | E37: =IF($A37="","",IFERROR(IF(INDEX(원본명단!$E$3:$E$6002,MATCH("R"&32,중복목록!$L$6:$L$6005,0))="","",INDEX(원본명단!$E$3:$E$6002,MATCH("R"&32,중복목록!$L$6:$L$6005,0))),"")) | F37: =IF($A37="","",IFERROR(MAX(INDEX(중복검사!$E$4:$E$6003,MATCH("R"&32,중복목록!$L$6:$L$6005,0)),INDEX(중복검사!$F$4:$F$6003,MATCH("R"&32,중복목록!$L$6:$L$6005,0)),INDEX(중복검사!$G$4:$G$6003,MATCH("R"&32,중복목록!$L$6:$L$6005,0))),"")) | G37: =IF($A37="","",IFERROR(INDEX(중복검사!$I$4:$I$6003,MATCH("R"&32,중복목록!$L$6:$L$6005,0)),"")) | H37: =IF($A37="","",IFERROR(INDEX(중복검사!$J$4:$J$6003,MATCH("R"&32,중복목록!$L$6:$L$6005,0)),"")) | J37: =IF(중복검사!$A35="",FALSE(),중복검사!$H35="중복") -> FALSE | K37: =IF($J37=FALSE(),"",COUNTIF($J$6:$J37,TRUE())) | L37: =IF($K37="","","R"&$K37)
A38: =IFERROR(INDEX(중복검사!$A$4:$A$6003,MATCH("R"&33,중복목록!$L$6:$L$6005,0)),"") | B38: =IF($A38="","",IFERROR(INDEX(중복검사!$B$4:$B$6003,MATCH("R"&33,중복목록!$L$6:$L$6005,0)),"")) | C38: =IF($A38="","",IFERROR(INDEX(중복검사!$C$4:$C$6003,MATCH("R"&33,중복목록!$L$6:$L$6005,0)),"")) | D38: =IF($A38="","",IFERROR(INDEX(중복검사!$D$4:$D$6003,MATCH("R"&33,중복목록!$L$6:$L$6005,0)),"")) | E38: =IF($A38="","",IFERROR(IF(INDEX(원본명단!$E$3:$E$6002,MATCH("R"&33,중복목록!$L$6:$L$6005,0))="","",INDEX(원본명단!$E$3:$E$6002,MATCH("R"&33,중복목록!$L$6:$L$6005,0))),"")) | F38: =IF($A38="","",IFERROR(MAX(INDEX(중복검사!$E$4:$E$6003,MATCH("R"&33,중복목록!$L$6:$L$6005,0)),INDEX(중복검사!$F$4:$F$6003,MATCH("R"&33,중복목록!$L$6:$L$6005,0)),INDEX(중복검사!$G$4:$G$6003,MATCH("R"&33,중복목록!$L$6:$L$6005,0))),"")) | G38: =IF($A38="","",IFERROR(INDEX(중복검사!$I$4:$I$6003,MATCH("R"&33,중복목록!$L$6:$L$6005,0)),"")) | H38: =IF($A38="","",IFERROR(INDEX(중복검사!$J$4:$J$6003,MATCH("R"&33,중복목록!$L$6:$L$6005,0)),"")) | J38: =IF(중복검사!$A36="",FALSE(),중복검사!$H36="중복") -> FALSE | K38: =IF($J38=FALSE(),"",COUNTIF($J$6:$J38,TRUE())) | L38: =IF($K38="","","R"&$K38)
A39: =IFERROR(INDEX(중복검사!$A$4:$A$6003,MATCH("R"&34,중복목록!$L$6:$L$6005,0)),"") | B39: =IF($A39="","",IFERROR(INDEX(중복검사!$B$4:$B$6003,MATCH("R"&34,중복목록!$L$6:$L$6005,0)),"")) | C39: =IF($A39="","",IFERROR(INDEX(중복검사!$C$4:$C$6003,MATCH("R"&34,중복목록!$L$6:$L$6005,0)),"")) | D39: =IF($A39="","",IFERROR(INDEX(중복검사!$D$4:$D$6003,MATCH("R"&34,중복목록!$L$6:$L$6005,0)),"")) | E39: =IF($A39="","",IFERROR(IF(INDEX(원본명단!$E$3:$E$6002,MATCH("R"&34,중복목록!$L$6:$L$6005,0))="","",INDEX(원본명단!$E$3:$E$6002,MATCH("R"&34,중복목록!$L$6:$L$6005,0))),"")) | F39: =IF($A39="","",IFERROR(MAX(INDEX(중복검사!$E$4:$E$6003,MATCH("R"&34,중복목록!$L$6:$L$6005,0)),INDEX(중복검사!$F$4:$F$6003,MATCH("R"&34,중복목록!$L$6:$L$6005,0)),INDEX(중복검사!$G$4:$G$6003,MATCH("R"&34,중복목록!$L$6:$L$6005,0))),"")) | G39: =IF($A39="","",IFERROR(INDEX(중복검사!$I$4:$I$6003,MATCH("R"&34,중복목록!$L$6:$L$6005,0)),"")) | H39: =IF($A39="","",IFERROR(INDEX(중복검사!$J$4:$J$6003,MATCH("R"&34,중복목록!$L$6:$L$6005,0)),"")) | J39: =IF(중복검사!$A37="",FALSE(),중복검사!$H37="중복") -> FALSE | K39: =IF($J39=FALSE(),"",COUNTIF($J$6:$J39,TRUE())) | L39: =IF($K39="","","R"&$K39)
A40: =IFERROR(INDEX(중복검사!$A$4:$A$6003,MATCH("R"&35,중복목록!$L$6:$L$6005,0)),"") | B40: =IF($A40="","",IFERROR(INDEX(중복검사!$B$4:$B$6003,MATCH("R"&35,중복목록!$L$6:$L$6005,0)),"")) | C40: =IF($A40="","",IFERROR(INDEX(중복검사!$C$4:$C$6003,MATCH("R"&35,중복목록!$L$6:$L$6005,0)),"")) | D40: =IF($A40="","",IFERROR(INDEX(중복검사!$D$4:$D$6003,MATCH("R"&35,중복목록!$L$6:$L$6005,0)),"")) | E40: =IF($A40="","",IFERROR(IF(INDEX(원본명단!$E$3:$E$6002,MATCH("R"&35,중복목록!$L$6:$L$6005,0))="","",INDEX(원본명단!$E$3:$E$6002,MATCH("R"&35,중복목록!$L$6:$L$6005,0))),"")) | F40: =IF($A40="","",IFERROR(MAX(INDEX(중복검사!$E$4:$E$6003,MATCH("R"&35,중복목록!$L$6:$L$6005,0)),INDEX(중복검사!$F$4:$F$6003,MATCH("R"&35,중복목록!$L$6:$L$6005,0)),INDEX(중복검사!$G$4:$G$6003,MATCH("R"&35,중복목록!$L$6:$L$6005,0))),"")) | G40: =IF($A40="","",IFERROR(INDEX(중복검사!$I$4:$I$6003,MATCH("R"&35,중복목록!$L$6:$L$6005,0)),"")) | H40: =IF($A40="","",IFERROR(INDEX(중복검사!$J$4:$J$6003,MATCH("R"&35,중복목록!$L$6:$L$6005,0)),"")) | J40: =IF(중복검사!$A38="",FALSE(),중복검사!$H38="중복") -> FALSE | K40: =IF($J40=FALSE(),"",COUNTIF($J$6:$J40,TRUE())) | L40: =IF($K40="","","R"&$K40)
A41: =IFERROR(INDEX(중복검사!$A$4:$A$6003,MATCH("R"&36,중복목록!$L$6:$L$6005,0)),"") | B41: =IF($A41="","",IFERROR(INDEX(중복검사!$B$4:$B$6003,MATCH("R"&36,중복목록!$L$6:$L$6005,0)),"")) | C41: =IF($A41="","",IFERROR(INDEX(중복검사!$C$4:$C$6003,MATCH("R"&36,중복목록!$L$6:$L$6005,0)),"")) | D41: =IF($A41="","",IFERROR(INDEX(중복검사!$D$4:$D$6003,MATCH("R"&36,중복목록!$L$6:$L$6005,0)),"")) | E41: =IF($A41="","",IFERROR(IF(INDEX(원본명단!$E$3:$E$6002,MATCH("R"&36,중복목록!$L$6:$L$6005,0))="","",INDEX(원본명단!$E$3:$E$6002,MATCH("R"&36,중복목록!$L$6:$L$6005,0))),"")) | F41: =IF($A41="","",IFERROR(MAX(INDEX(중복검사!$E$4:$E$6003,MATCH("R"&36,중복목록!$L$6:$L$6005,0)),INDEX(중복검사!$F$4:$F$6003,MATCH("R"&36,중복목록!$L$6:$L$6005,0)),INDEX(중복검사!$G$4:$G$6003,MATCH("R"&36,중복목록!$L$6:$L$6005,0))),"")) | G41: =IF($A41="","",IFERROR(INDEX(중복검사!$I$4:$I$6003,MATCH("R"&36,중복목록!$L$6:$L$6005,0)),"")) | H41: =IF($A41="","",IFERROR(INDEX(중복검사!$J$4:$J$6003,MATCH("R"&36,중복목록!$L$6:$L$6005,0)),"")) | J41: =IF(중복검사!$A39="",FALSE(),중복검사!$H39="중복") -> FALSE | K41: =IF($J41=FALSE(),"",COUNTIF($J$6:$J41,TRUE())) | L41: =IF($K41="","","R"&$K41)
A42: =IFERROR(INDEX(중복검사!$A$4:$A$6003,MATCH("R"&37,중복목록!$L$6:$L$6005,0)),"") | B42: =IF($A42="","",IFERROR(INDEX(중복검사!$B$4:$B$6003,MATCH("R"&37,중복목록!$L$6:$L$6005,0)),"")) | C42: =IF($A42="","",IFERROR(INDEX(중복검사!$C$4:$C$6003,MATCH("R"&37,중복목록!$L$6:$L$6005,0)),"")) | D42: =IF($A42="","",IFERROR(INDEX(중복검사!$D$4:$D$6003,MATCH("R"&37,중복목록!$L$6:$L$6005,0)),"")) | E42: =IF($A42="","",IFERROR(IF(INDEX(원본명단!$E$3:$E$6002,MATCH("R"&37,중복목록!$L$6:$L$6005,0))="","",INDEX(원본명단!$E$3:$E$6002,MATCH("R"&37,중복목록!$L$6:$L$6005,0))),"")) | F42: =IF($A42="","",IFERROR(MAX(INDEX(중복검사!$E$4:$E$6003,MATCH("R"&37,중복목록!$L$6:$L$6005,0)),INDEX(중복검사!$F$4:$F$6003,MATCH("R"&37,중복목록!$L$6:$L$6005,0)),INDEX(중복검사!$G$4:$G$6003,MATCH("R"&37,중복목록!$L$6:$L$6005,0))),"")) | G42: =IF($A42="","",IFERROR(INDEX(중복검사!$I$4:$I$6003,MATCH("R"&37,중복목록!$L$6:$L$6005,0)),"")) | H42: =IF($A42="","",IFERROR(INDEX(중복검사!$J$4:$J$6003,MATCH("R"&37,중복목록!$L$6:$L$6005,0)),"")) | J42: =IF(중복검사!$A40="",FALSE(),중복검사!$H40="중복") -> FALSE | K42: =IF($J42=FALSE(),"",COUNTIF($J$6:$J42,TRUE())) | L42: =IF($K42="","","R"&$K42)
A43: =IFERROR(INDEX(중복검사!$A$4:$A$6003,MATCH("R"&38,중복목록!$L$6:$L$6005,0)),"") | B43: =IF($A43="","",IFERROR(INDEX(중복검사!$B$4:$B$6003,MATCH("R"&38,중복목록!$L$6:$L$6005,0)),"")) | C43: =IF($A43="","",IFERROR(INDEX(중복검사!$C$4:$C$6003,MATCH("R"&38,중복목록!$L$6:$L$6005,0)),"")) | D43: =IF($A43="","",IFERROR(INDEX(중복검사!$D$4:$D$6003,MATCH("R"&38,중복목록!$L$6:$L$6005,0)),"")) | E43: =IF($A43="","",IFERROR(IF(INDEX(원본명단!$E$3:$E$6002,MATCH("R"&38,중복목록!$L$6:$L$6005,0))="","",INDEX(원본명단!$E$3:$E$6002,MATCH("R"&38,중복목록!$L$6:$L$6005,0))),"")) | F43: =IF($A43="","",IFERROR(MAX(INDEX(중복검사!$E$4:$E$6003,MATCH("R"&38,중복목록!$L$6:$L$6005,0)),INDEX(중복검사!$F$4:$F$6003,MATCH("R"&38,중복목록!$L$6:$L$6005,0)),INDEX(중복검사!$G$4:$G$6003,MATCH("R"&38,중복목록!$L$6:$L$6005,0))),"")) | G43: =IF($A43="","",IFERROR(INDEX(중복검사!$I$4:$I$6003,MATCH("R"&38,중복목록!$L$6:$L$6005,0)),"")) | H43: =IF($A43="","",IFERROR(INDEX(중복검사!$J$4:$J$6003,MATCH("R"&38,중복목록!$L$6:$L$6005,0)),"")) | J43: =IF(중복검사!$A41="",FALSE(),중복검사!$H41="중복") -> FALSE | K43: =IF($J43=FALSE(),"",COUNTIF($J$6:$J43,TRUE())) | L43: =IF($K43="","","R"&$K43)
A44: =IFERROR(INDEX(중복검사!$A$4:$A$6003,MATCH("R"&39,중복목록!$L$6:$L$6005,0)),"") | B44: =IF($A44="","",IFERROR(INDEX(중복검사!$B$4:$B$6003,MATCH("R"&39,중복목록!$L$6:$L$6005,0)),"")) | C44: =IF($A44="","",IFERROR(INDEX(중복검사!$C$4:$C$6003,MATCH("R"&39,중복목록!$L$6:$L$6005,0)),"")) | D44: =IF($A44="","",IFERROR(INDEX(중복검사!$D$4:$D$6003,MATCH("R"&39,중복목록!$L$6:$L$6005,0)),"")) | E44: =IF($A44="","",IFERROR(IF(INDEX(원본명단!$E$3:$E$6002,MATCH("R"&39,중복목록!$L$6:$L$6005,0))="","",INDEX(원본명단!$E$3:$E$6002,MATCH("R"&39,중복목록!$L$6:$L$6005,0))),"")) | F44: =IF($A44="","",IFERROR(MAX(INDEX(중복검사!$E$4:$E$6003,MATCH("R"&39,중복목록!$L$6:$L$6005,0)),INDEX(중복검사!$F$4:$F$6003,MATCH("R"&39,중복목록!$L$6:$L$6005,0)),INDEX(중복검사!$G$4:$G$6003,MATCH("R"&39,중복목록!$L$6:$L$6005,0))),"")) | G44: =IF($A44="","",IFERROR(INDEX(중복검사!$I$4:$I$6003,MATCH("R"&39,중복목록!$L$6:$L$6005,0)),"")) | H44: =IF($A44="","",IFERROR(INDEX(중복검사!$J$4:$J$6003,MATCH("R"&39,중복목록!$L$6:$L$6005,0)),"")) | J44: =IF(중복검사!$A42="",FALSE(),중복검사!$H42="중복") -> FALSE | K44: =IF($J44=FALSE(),"",COUNTIF($J$6:$J44,TRUE())) | L44: =IF($K44="","","R"&$K44)
A45: =IFERROR(INDEX(중복검사!$A$4:$A$6003,MATCH("R"&40,중복목록!$L$6:$L$6005,0)),"") | B45: =IF($A45="","",IFERROR(INDEX(중복검사!$B$4:$B$6003,MATCH("R"&40,중복목록!$L$6:$L$6005,0)),"")) | C45: =IF($A45="","",IFERROR(INDEX(중복검사!$C$4:$C$6003,MATCH("R"&40,중복목록!$L$6:$L$6005,0)),"")) | D45: =IF($A45="","",IFERROR(INDEX(중복검사!$D$4:$D$6003,MATCH("R"&40,중복목록!$L$6:$L$6005,0)),"")) | E45: =IF($A45="","",IFERROR(IF(INDEX(원본명단!$E$3:$E$6002,MATCH("R"&40,중복목록!$L$6:$L$6005,0))="","",INDEX(원본명단!$E$3:$E$6002,MATCH("R"&40,중복목록!$L$6:$L$6005,0))),"")) | F45: =IF($A45="","",IFERROR(MAX(INDEX(중복검사!$E$4:$E$6003,MATCH("R"&40,중복목록!$L$6:$L$6005,0)),INDEX(중복검사!$F$4:$F$6003,MATCH("R"&40,중복목록!$L$6:$L$6005,0)),INDEX(중복검사!$G$4:$G$6003,MATCH("R"&40,중복목록!$L$6:$L$6005,0))),"")) | G45: =IF($A45="","",IFERROR(INDEX(중복검사!$I$4:$I$6003,MATCH("R"&40,중복목록!$L$6:$L$6005,0)),"")) | H45: =IF($A45="","",IFERROR(INDEX(중복검사!$J$4:$J$6003,MATCH("R"&40,중복목록!$L$6:$L$6005,0)),"")) | J45: =IF(중복검사!$A43="",FALSE(),중복검사!$H43="중복") -> FALSE | K45: =IF($J45=FALSE(),"",COUNTIF($J$6:$J45,TRUE())) | L45: =IF($K45="","","R"&$K45)
A46: =IFERROR(INDEX(중복검사!$A$4:$A$6003,MATCH("R"&41,중복목록!$L$6:$L$6005,0)),"") | B46: =IF($A46="","",IFERROR(INDEX(중복검사!$B$4:$B$6003,MATCH("R"&41,중복목록!$L$6:$L$6005,0)),"")) | C46: =IF($A46="","",IFERROR(INDEX(중복검사!$C$4:$C$6003,MATCH("R"&41,중복목록!$L$6:$L$6005,0)),"")) | D46: =IF($A46="","",IFERROR(INDEX(중복검사!$D$4:$D$6003,MATCH("R"&41,중복목록!$L$6:$L$6005,0)),"")) | E46: =IF($A46="","",IFERROR(IF(INDEX(원본명단!$E$3:$E$6002,MATCH("R"&41,중복목록!$L$6:$L$6005,0))="","",INDEX(원본명단!$E$3:$E$6002,MATCH("R"&41,중복목록!$L$6:$L$6005,0))),"")) | F46: =IF($A46="","",IFERROR(MAX(INDEX(중복검사!$E$4:$E$6003,MATCH("R"&41,중복목록!$L$6:$L$6005,0)),INDEX(중복검사!$F$4:$F$6003,MATCH("R"&41,중복목록!$L$6:$L$6005,0)),INDEX(중복검사!$G$4:$G$6003,MATCH("R"&41,중복목록!$L$6:$L$6005,0))),"")) | G46: =IF($A46="","",IFERROR(INDEX(중복검사!$I$4:$I$6003,MATCH("R"&41,중복목록!$L$6:$L$6005,0)),"")) | H46: =IF($A46="","",IFERROR(INDEX(중복검사!$J$4:$J$6003,MATCH("R"&41,중복목록!$L$6:$L$6005,0)),"")) | J46: =IF(중복검사!$A44="",FALSE(),중복검사!$H44="중복") -> FALSE | K46: =IF($J46=FALSE(),"",COUNTIF($J$6:$J46,TRUE())) | L46: =IF($K46="","","R"&$K46)
A47: =IFERROR(INDEX(중복검사!$A$4:$A$6003,MATCH("R"&42,중복목록!$L$6:$L$6005,0)),"") | B47: =IF($A47="","",IFERROR(INDEX(중복검사!$B$4:$B$6003,MATCH("R"&42,중복목록!$L$6:$L$6005,0)),"")) | C47: =IF($A47="","",IFERROR(INDEX(중복검사!$C$4:$C$6003,MATCH("R"&42,중복목록!$L$6:$L$6005,0)),"")) | D47: =IF($A47="","",IFERROR(INDEX(중복검사!$D$4:$D$6003,MATCH("R"&42,중복목록!$L$6:$L$6005,0)),"")) | E47: =IF($A47="","",IFERROR(IF(INDEX(원본명단!$E$3:$E$6002,MATCH("R"&42,중복목록!$L$6:$L$6005,0))="","",INDEX(원본명단!$E$3:$E$6002,MATCH("R"&42,중복목록!$L$6:$L$6005,0))),"")) | F47: =IF($A47="","",IFERROR(MAX(INDEX(중복검사!$E$4:$E$6003,MATCH("R"&42,중복목록!$L$6:$L$6005,0)),INDEX(중복검사!$F$4:$F$6003,MATCH("R"&42,중복목록!$L$6:$L$6005,0)),INDEX(중복검사!$G$4:$G$6003,MATCH("R"&42,중복목록!$L$6:$L$6005,0))),"")) | G47: =IF($A47="","",IFERROR(INDEX(중복검사!$I$4:$I$6003,MATCH("R"&42,중복목록!$L$6:$L$6005,0)),"")) | H47: =IF($A47="","",IFERROR(INDEX(중복검사!$J$4:$J$6003,MATCH("R"&42,중복목록!$L$6:$L$6005,0)),"")) | J47: =IF(중복검사!$A45="",FALSE(),중복검사!$H45="중복") -> FALSE | K47: =IF($J47=FALSE(),"",COUNTIF($J$6:$J47,TRUE())) | L47: =IF($K47="","","R"&$K47)
A48: =IFERROR(INDEX(중복검사!$A$4:$A$6003,MATCH("R"&43,중복목록!$L$6:$L$6005,0)),"") | B48: =IF($A48="","",IFERROR(INDEX(중복검사!$B$4:$B$6003,MATCH("R"&43,중복목록!$L$6:$L$6005,0)),"")) | C48: =IF($A48="","",IFERROR(INDEX(중복검사!$C$4:$C$6003,MATCH("R"&43,중복목록!$L$6:$L$6005,0)),"")) | D48: =IF($A48="","",IFERROR(INDEX(중복검사!$D$4:$D$6003,MATCH("R"&43,중복목록!$L$6:$L$6005,0)),"")) | E48: =IF($A48="","",IFERROR(IF(INDEX(원본명단!$E$3:$E$6002,MATCH("R"&43,중복목록!$L$6:$L$6005,0))="","",INDEX(원본명단!$E$3:$E$6002,MATCH("R"&43,중복목록!$L$6:$L$6005,0))),"")) | F48: =IF($A48="","",IFERROR(MAX(INDEX(중복검사!$E$4:$E$6003,MATCH("R"&43,중복목록!$L$6:$L$6005,0)),INDEX(중복검사!$F$4:$F$6003,MATCH("R"&43,중복목록!$L$6:$L$6005,0)),INDEX(중복검사!$G$4:$G$6003,MATCH("R"&43,중복목록!$L$6:$L$6005,0))),"")) | G48: =IF($A48="","",IFERROR(INDEX(중복검사!$I$4:$I$6003,MATCH("R"&43,중복목록!$L$6:$L$6005,0)),"")) | H48: =IF($A48="","",IFERROR(INDEX(중복검사!$J$4:$J$6003,MATCH("R"&43,중복목록!$L$6:$L$6005,0)),"")) | J48: =IF(중복검사!$A46="",FALSE(),중복검사!$H46="중복") -> FALSE | K48: =IF($J48=FALSE(),"",COUNTIF($J$6:$J48,TRUE())) | L48: =IF($K48="","","R"&$K48)
A49: =IFERROR(INDEX(중복검사!$A$4:$A$6003,MATCH("R"&44,중복목록!$L$6:$L$6005,0)),"") | B49: =IF($A49="","",IFERROR(INDEX(중복검사!$B$4:$B$6003,MATCH("R"&44,중복목록!$L$6:$L$6005,0)),"")) | C49: =IF($A49="","",IFERROR(INDEX(중복검사!$C$4:$C$6003,MATCH("R"&44,중복목록!$L$6:$L$6005,0)),"")) | D49: =IF($A49="","",IFERROR(INDEX(중복검사!$D$4:$D$6003,MATCH("R"&44,중복목록!$L$6:$L$6005,0)),"")) | E49: =IF($A49="","",IFERROR(IF(INDEX(원본명단!$E$3:$E$6002,MATCH("R"&44,중복목록!$L$6:$L$6005,0))="","",INDEX(원본명단!$E$3:$E$6002,MATCH("R"&44,중복목록!$L$6:$L$6005,0))),"")) | F49: =IF($A49="","",IFERROR(MAX(INDEX(중복검사!$E$4:$E$6003,MATCH("R"&44,중복목록!$L$6:$L$6005,0)),INDEX(중복검사!$F$4:$F$6003,MATCH("R"&44,중복목록!$L$6:$L$6005,0)),INDEX(중복검사!$G$4:$G$6003,MATCH("R"&44,중복목록!$L$6:$L$6005,0))),"")) | G49: =IF($A49="","",IFERROR(INDEX(중복검사!$I$4:$I$6003,MATCH("R"&44,중복목록!$L$6:$L$6005,0)),"")) | H49: =IF($A49="","",IFERROR(INDEX(중복검사!$J$4:$J$6003,MATCH("R"&44,중복목록!$L$6:$L$6005,0)),"")) | J49: =IF(중복검사!$A47="",FALSE(),중복검사!$H47="중복") -> FALSE | K49: =IF($J49=FALSE(),"",COUNTIF($J$6:$J49,TRUE())) | L49: =IF($K49="","","R"&$K49)
A50: =IFERROR(INDEX(중복검사!$A$4:$A$6003,MATCH("R"&45,중복목록!$L$6:$L$6005,0)),"") | B50: =IF($A50="","",IFERROR(INDEX(중복검사!$B$4:$B$6003,MATCH("R"&45,중복목록!$L$6:$L$6005,0)),"")) | C50: =IF($A50="","",IFERROR(INDEX(중복검사!$C$4:$C$6003,MATCH("R"&45,중복목록!$L$6:$L$6005,0)),"")) | D50: =IF($A50="","",IFERROR(INDEX(중복검사!$D$4:$D$6003,MATCH("R"&45,중복목록!$L$6:$L$6005,0)),"")) | E50: =IF($A50="","",IFERROR(IF(INDEX(원본명단!$E$3:$E$6002,MATCH("R"&45,중복목록!$L$6:$L$6005,0))="","",INDEX(원본명단!$E$3:$E$6002,MATCH("R"&45,중복목록!$L$6:$L$6005,0))),"")) | F50: =IF($A50="","",IFERROR(MAX(INDEX(중복검사!$E$4:$E$6003,MATCH("R"&45,중복목록!$L$6:$L$6005,0)),INDEX(중복검사!$F$4:$F$6003,MATCH("R"&45,중복목록!$L$6:$L$6005,0)),INDEX(중복검사!$G$4:$G$6003,MATCH("R"&45,중복목록!$L$6:$L$6005,0))),"")) | G50: =IF($A50="","",IFERROR(INDEX(중복검사!$I$4:$I$6003,MATCH("R"&45,중복목록!$L$6:$L$6005,0)),"")) | H50: =IF($A50="","",IFERROR(INDEX(중복검사!$J$4:$J$6003,MATCH("R"&45,중복목록!$L$6:$L$6005,0)),"")) | J50: =IF(중복검사!$A48="",FALSE(),중복검사!$H48="중복") -> FALSE | K50: =IF($J50=FALSE(),"",COUNTIF($J$6:$J50,TRUE())) | L50: =IF($K50="","","R"&$K50)
A51: =IFERROR(INDEX(중복검사!$A$4:$A$6003,MATCH("R"&46,중복목록!$L$6:$L$6005,0)),"") | B51: =IF($A51="","",IFERROR(INDEX(중복검사!$B$4:$B$6003,MATCH("R"&46,중복목록!$L$6:$L$6005,0)),"")) | C51: =IF($A51="","",IFERROR(INDEX(중복검사!$C$4:$C$6003,MATCH("R"&46,중복목록!$L$6:$L$6005,0)),"")) | D51: =IF($A51="","",IFERROR(INDEX(중복검사!$D$4:$D$6003,MATCH("R"&46,중복목록!$L$6:$L$6005,0)),"")) | E51: =IF($A51="","",IFERROR(IF(INDEX(원본명단!$E$3:$E$6002,MATCH("R"&46,중복목록!$L$6:$L$6005,0))="","",INDEX(원본명단!$E$3:$E$6002,MATCH("R"&46,중복목록!$L$6:$L$6005,0))),"")) | F51: =IF($A51="","",IFERROR(MAX(INDEX(중복검사!$E$4:$E$6003,MATCH("R"&46,중복목록!$L$6:$L$6005,0)),INDEX(중복검사!$F$4:$F$6003,MATCH("R"&46,중복목록!$L$6:$L$6005,0)),INDEX(중복검사!$G$4:$G$6003,MATCH("R"&46,중복목록!$L$6:$L$6005,0))),"")) | G51: =IF($A51="","",IFERROR(INDEX(중복검사!$I$4:$I$6003,MATCH("R"&46,중복목록!$L$6:$L$6005,0)),"")) | H51: =IF($A51="","",IFERROR(INDEX(중복검사!$J$4:$J$6003,MATCH("R"&46,중복목록!$L$6:$L$6005,0)),"")) | J51: =IF(중복검사!$A49="",FALSE(),중복검사!$H49="중복") -> FALSE | K51: =IF($J51=FALSE(),"",COUNTIF($J$6:$J51,TRUE())) | L51: =IF($K51="","","R"&$K51)
A52: =IFERROR(INDEX(중복검사!$A$4:$A$6003,MATCH("R"&47,중복목록!$L$6:$L$6005,0)),"") | B52: =IF($A52="","",IFERROR(INDEX(중복검사!$B$4:$B$6003,MATCH("R"&47,중복목록!$L$6:$L$6005,0)),"")) | C52: =IF($A52="","",IFERROR(INDEX(중복검사!$C$4:$C$6003,MATCH("R"&47,중복목록!$L$6:$L$6005,0)),"")) | D52: =IF($A52="","",IFERROR(INDEX(중복검사!$D$4:$D$6003,MATCH("R"&47,중복목록!$L$6:$L$6005,0)),"")) | E52: =IF($A52="","",IFERROR(IF(INDEX(원본명단!$E$3:$E$6002,MATCH("R"&47,중복목록!$L$6:$L$6005,0))="","",INDEX(원본명단!$E$3:$E$6002,MATCH("R"&47,중복목록!$L$6:$L$6005,0))),"")) | F52: =IF($A52="","",IFERROR(MAX(INDEX(중복검사!$E$4:$E$6003,MATCH("R"&47,중복목록!$L$6:$L$6005,0)),INDEX(중복검사!$F$4:$F$6003,MATCH("R"&47,중복목록!$L$6:$L$6005,0)),INDEX(중복검사!$G$4:$G$6003,MATCH("R"&47,중복목록!$L$6:$L$6005,0))),"")) | G52: =IF($A52="","",IFERROR(INDEX(중복검사!$I$4:$I$6003,MATCH("R"&47,중복목록!$L$6:$L$6005,0)),"")) | H52: =IF($A52="","",IFERROR(INDEX(중복검사!$J$4:$J$6003,MATCH("R"&47,중복목록!$L$6:$L$6005,0)),"")) | J52: =IF(중복검사!$A50="",FALSE(),중복검사!$H50="중복") -> FALSE | K52: =IF($J52=FALSE(),"",COUNTIF($J$6:$J52,TRUE())) | L52: =IF($K52="","","R"&$K52)
A53: =IFERROR(INDEX(중복검사!$A$4:$A$6003,MATCH("R"&48,중복목록!$L$6:$L$6005,0)),"") | B53: =IF($A53="","",IFERROR(INDEX(중복검사!$B$4:$B$6003,MATCH("R"&48,중복목록!$L$6:$L$6005,0)),"")) | C53: =IF($A53="","",IFERROR(INDEX(중복검사!$C$4:$C$6003,MATCH("R"&48,중복목록!$L$6:$L$6005,0)),"")) | D53: =IF($A53="","",IFERROR(INDEX(중복검사!$D$4:$D$6003,MATCH("R"&48,중복목록!$L$6:$L$6005,0)),"")) | E53: =IF($A53="","",IFERROR(IF(INDEX(원본명단!$E$3:$E$6002,MATCH("R"&48,중복목록!$L$6:$L$6005,0))="","",INDEX(원본명단!$E$3:$E$6002,MATCH("R"&48,중복목록!$L$6:$L$6005,0))),"")) | F53: =IF($A53="","",IFERROR(MAX(INDEX(중복검사!$E$4:$E$6003,MATCH("R"&48,중복목록!$L$6:$L$6005,0)),INDEX(중복검사!$F$4:$F$6003,MATCH("R"&48,중복목록!$L$6:$L$6005,0)),INDEX(중복검사!$G$4:$G$6003,MATCH("R"&48,중복목록!$L$6:$L$6005,0))),"")) | G53: =IF($A53="","",IFERROR(INDEX(중복검사!$I$4:$I$6003,MATCH("R"&48,중복목록!$L$6:$L$6005,0)),"")) | H53: =IF($A53="","",IFERROR(INDEX(중복검사!$J$4:$J$6003,MATCH("R"&48,중복목록!$L$6:$L$6005,0)),"")) | J53: =IF(중복검사!$A51="",FALSE(),중복검사!$H51="중복") -> FALSE | K53: =IF($J53=FALSE(),"",COUNTIF($J$6:$J53,TRUE())) | L53: =IF($K53="","","R"&$K53)
A54: =IFERROR(INDEX(중복검사!$A$4:$A$6003,MATCH("R"&49,중복목록!$L$6:$L$6005,0)),"") | B54: =IF($A54="","",IFERROR(INDEX(중복검사!$B$4:$B$6003,MATCH("R"&49,중복목록!$L$6:$L$6005,0)),"")) | C54: =IF($A54="","",IFERROR(INDEX(중복검사!$C$4:$C$6003,MATCH("R"&49,중복목록!$L$6:$L$6005,0)),"")) | D54: =IF($A54="","",IFERROR(INDEX(중복검사!$D$4:$D$6003,MATCH("R"&49,중복목록!$L$6:$L$6005,0)),"")) | E54: =IF($A54="","",IFERROR(IF(INDEX(원본명단!$E$3:$E$6002,MATCH("R"&49,중복목록!$L$6:$L$6005,0))="","",INDEX(원본명단!$E$3:$E$6002,MATCH("R"&49,중복목록!$L$6:$L$6005,0))),"")) | F54: =IF($A54="","",IFERROR(MAX(INDEX(중복검사!$E$4:$E$6003,MATCH("R"&49,중복목록!$L$6:$L$6005,0)),INDEX(중복검사!$F$4:$F$6003,MATCH("R"&49,중복목록!$L$6:$L$6005,0)),INDEX(중복검사!$G$4:$G$6003,MATCH("R"&49,중복목록!$L$6:$L$6005,0))),"")) | G54: =IF($A54="","",IFERROR(INDEX(중복검사!$I$4:$I$6003,MATCH("R"&49,중복목록!$L$6:$L$6005,0)),"")) | H54: =IF($A54="","",IFERROR(INDEX(중복검사!$J$4:$J$6003,MATCH("R"&49,중복목록!$L$6:$L$6005,0)),"")) | J54: =IF(중복검사!$A52="",FALSE(),중복검사!$H52="중복") -> FALSE | K54: =IF($J54=FALSE(),"",COUNTIF($J$6:$J54,TRUE())) | L54: =IF($K54="","","R"&$K54)
A55: =IFERROR(INDEX(중복검사!$A$4:$A$6003,MATCH("R"&50,중복목록!$L$6:$L$6005,0)),"") | B55: =IF($A55="","",IFERROR(INDEX(중복검사!$B$4:$B$6003,MATCH("R"&50,중복목록!$L$6:$L$6005,0)),"")) | C55: =IF($A55="","",IFERROR(INDEX(중복검사!$C$4:$C$6003,MATCH("R"&50,중복목록!$L$6:$L$6005,0)),"")) | D55: =IF($A55="","",IFERROR(INDEX(중복검사!$D$4:$D$6003,MATCH("R"&50,중복목록!$L$6:$L$6005,0)),"")) | E55: =IF($A55="","",IFERROR(IF(INDEX(원본명단!$E$3:$E$6002,MATCH("R"&50,중복목록!$L$6:$L$6005,0))="","",INDEX(원본명단!$E$3:$E$6002,MATCH("R"&50,중복목록!$L$6:$L$6005,0))),"")) | F55: =IF($A55="","",IFERROR(MAX(INDEX(중복검사!$E$4:$E$6003,MATCH("R"&50,중복목록!$L$6:$L$6005,0)),INDEX(중복검사!$F$4:$F$6003,MATCH("R"&50,중복목록!$L$6:$L$6005,0)),INDEX(중복검사!$G$4:$G$6003,MATCH("R"&50,중복목록!$L$6:$L$6005,0))),"")) | G55: =IF($A55="","",IFERROR(INDEX(중복검사!$I$4:$I$6003,MATCH("R"&50,중복목록!$L$6:$L$6005,0)),"")) | H55: =IF($A55="","",IFERROR(INDEX(중복검사!$J$4:$J$6003,MATCH("R"&50,중복목록!$L$6:$L$6005,0)),"")) | J55: =IF(중복검사!$A53="",FALSE(),중복검사!$H53="중복") -> FALSE | K55: =IF($J55=FALSE(),"",COUNTIF($J$6:$J55,TRUE())) | L55: =IF($K55="","","R"&$K55)
A56: =IFERROR(INDEX(중복검사!$A$4:$A$6003,MATCH("R"&51,중복목록!$L$6:$L$6005,0)),"") | B56: =IF($A56="","",IFERROR(INDEX(중복검사!$B$4:$B$6003,MATCH("R"&51,중복목록!$L$6:$L$6005,0)),"")) | C56: =IF($A56="","",IFERROR(INDEX(중복검사!$C$4:$C$6003,MATCH("R"&51,중복목록!$L$6:$L$6005,0)),"")) | D56: =IF($A56="","",IFERROR(INDEX(중복검사!$D$4:$D$6003,MATCH("R"&51,중복목록!$L$6:$L$6005,0)),"")) | E56: =IF($A56="","",IFERROR(IF(INDEX(원본명단!$E$3:$E$6002,MATCH("R"&51,중복목록!$L$6:$L$6005,0))="","",INDEX(원본명단!$E$3:$E$6002,MATCH("R"&51,중복목록!$L$6:$L$6005,0))),"")) | F56: =IF($A56="","",IFERROR(MAX(INDEX(중복검사!$E$4:$E$6003,MATCH("R"&51,중복목록!$L$6:$L$6005,0)),INDEX(중복검사!$F$4:$F$6003,MATCH("R"&51,중복목록!$L$6:$L$6005,0)),INDEX(중복검사!$G$4:$G$6003,MATCH("R"&51,중복목록!$L$6:$L$6005,0))),"")) | G56: =IF($A56="","",IFERROR(INDEX(중복검사!$I$4:$I$6003,MATCH("R"&51,중복목록!$L$6:$L$6005,0)),"")) | H56: =IF($A56="","",IFERROR(INDEX(중복검사!$J$4:$J$6003,MATCH("R"&51,중복목록!$L$6:$L$6005,0)),"")) | J56: =IF(중복검사!$A54="",FALSE(),중복검사!$H54="중복") -> FALSE | K56: =IF($J56=FALSE(),"",COUNTIF($J$6:$J56,TRUE())) | L56: =IF($K56="","","R"&$K56)
A57: =IFERROR(INDEX(중복검사!$A$4:$A$6003,MATCH("R"&52,중복목록!$L$6:$L$6005,0)),"") | B57: =IF($A57="","",IFERROR(INDEX(중복검사!$B$4:$B$6003,MATCH("R"&52,중복목록!$L$6:$L$6005,0)),"")) | C57: =IF($A57="","",IFERROR(INDEX(중복검사!$C$4:$C$6003,MATCH("R"&52,중복목록!$L$6:$L$6005,0)),"")) | D57: =IF($A57="","",IFERROR(INDEX(중복검사!$D$4:$D$6003,MATCH("R"&52,중복목록!$L$6:$L$6005,0)),"")) | E57: =IF($A57="","",IFERROR(IF(INDEX(원본명단!$E$3:$E$6002,MATCH("R"&52,중복목록!$L$6:$L$6005,0))="","",INDEX(원본명단!$E$3:$E$6002,MATCH("R"&52,중복목록!$L$6:$L$6005,0))),"")) | F57: =IF($A57="","",IFERROR(MAX(INDEX(중복검사!$E$4:$E$6003,MATCH("R"&52,중복목록!$L$6:$L$6005,0)),INDEX(중복검사!$F$4:$F$6003,MATCH("R"&52,중복목록!$L$6:$L$6005,0)),INDEX(중복검사!$G$4:$G$6003,MATCH("R"&52,중복목록!$L$6:$L$6005,0))),"")) | G57: =IF($A57="","",IFERROR(INDEX(중복검사!$I$4:$I$6003,MATCH("R"&52,중복목록!$L$6:$L$6005,0)),"")) | H57: =IF($A57="","",IFERROR(INDEX(중복검사!$J$4:$J$6003,MATCH("R"&52,중복목록!$L$6:$L$6005,0)),"")) | J57: =IF(중복검사!$A55="",FALSE(),중복검사!$H55="중복") -> FALSE | K57: =IF($J57=FALSE(),"",COUNTIF($J$6:$J57,TRUE())) | L57: =IF($K57="","","R"&$K57)
A58: =IFERROR(INDEX(중복검사!$A$4:$A$6003,MATCH("R"&53,중복목록!$L$6:$L$6005,0)),"") | B58: =IF($A58="","",IFERROR(INDEX(중복검사!$B$4:$B$6003,MATCH("R"&53,중복목록!$L$6:$L$6005,0)),"")) | C58: =IF($A58="","",IFERROR(INDEX(중복검사!$C$4:$C$6003,MATCH("R"&53,중복목록!$L$6:$L$6005,0)),"")) | D58: =IF($A58="","",IFERROR(INDEX(중복검사!$D$4:$D$6003,MATCH("R"&53,중복목록!$L$6:$L$6005,0)),"")) | E58: =IF($A58="","",IFERROR(IF(INDEX(원본명단!$E$3:$E$6002,MATCH("R"&53,중복목록!$L$6:$L$6005,0))="","",INDEX(원본명단!$E$3:$E$6002,MATCH("R"&53,중복목록!$L$6:$L$6005,0))),"")) | F58: =IF($A58="","",IFERROR(MAX(INDEX(중복검사!$E$4:$E$6003,MATCH("R"&53,중복목록!$L$6:$L$6005,0)),INDEX(중복검사!$F$4:$F$6003,MATCH("R"&53,중복목록!$L$6:$L$6005,0)),INDEX(중복검사!$G$4:$G$6003,MATCH("R"&53,중복목록!$L$6:$L$6005,0))),"")) | G58: =IF($A58="","",IFERROR(INDEX(중복검사!$I$4:$I$6003,MATCH("R"&53,중복목록!$L$6:$L$6005,0)),"")) | H58: =IF($A58="","",IFERROR(INDEX(중복검사!$J$4:$J$6003,MATCH("R"&53,중복목록!$L$6:$L$6005,0)),"")) | J58: =IF(중복검사!$A56="",FALSE(),중복검사!$H56="중복") -> FALSE | K58: =IF($J58=FALSE(),"",COUNTIF($J$6:$J58,TRUE())) | L58: =IF($K58="","","R"&$K58)
A59: =IFERROR(INDEX(중복검사!$A$4:$A$6003,MATCH("R"&54,중복목록!$L$6:$L$6005,0)),"") | B59: =IF($A59="","",IFERROR(INDEX(중복검사!$B$4:$B$6003,MATCH("R"&54,중복목록!$L$6:$L$6005,0)),"")) | C59: =IF($A59="","",IFERROR(INDEX(중복검사!$C$4:$C$6003,MATCH("R"&54,중복목록!$L$6:$L$6005,0)),"")) | D59: =IF($A59="","",IFERROR(INDEX(중복검사!$D$4:$D$6003,MATCH("R"&54,중복목록!$L$6:$L$6005,0)),"")) | E59: =IF($A59="","",IFERROR(IF(INDEX(원본명단!$E$3:$E$6002,MATCH("R"&54,중복목록!$L$6:$L$6005,0))="","",INDEX(원본명단!$E$3:$E$6002,MATCH("R"&54,중복목록!$L$6:$L$6005,0))),"")) | F59: =IF($A59="","",IFERROR(MAX(INDEX(중복검사!$E$4:$E$6003,MATCH("R"&54,중복목록!$L$6:$L$6005,0)),INDEX(중복검사!$F$4:$F$6003,MATCH("R"&54,중복목록!$L$6:$L$6005,0)),INDEX(중복검사!$G$4:$G$6003,MATCH("R"&54,중복목록!$L$6:$L$6005,0))),"")) | G59: =IF($A59="","",IFERROR(INDEX(중복검사!$I$4:$I$6003,MATCH("R"&54,중복목록!$L$6:$L$6005,0)),"")) | H59: =IF($A59="","",IFERROR(INDEX(중복검사!$J$4:$J$6003,MATCH("R"&54,중복목록!$L$6:$L$6005,0)),"")) | J59: =IF(중복검사!$A57="",FALSE(),중복검사!$H57="중복") -> FALSE | K59: =IF($J59=FALSE(),"",COUNTIF($J$6:$J59,TRUE())) | L59: =IF($K59="","","R"&$K59)
A60: =IFERROR(INDEX(중복검사!$A$4:$A$6003,MATCH("R"&55,중복목록!$L$6:$L$6005,0)),"") | B60: =IF($A60="","",IFERROR(INDEX(중복검사!$B$4:$B$6003,MATCH("R"&55,중복목록!$L$6:$L$6005,0)),"")) | C60: =IF($A60="","",IFERROR(INDEX(중복검사!$C$4:$C$6003,MATCH("R"&55,중복목록!$L$6:$L$6005,0)),"")) | D60: =IF($A60="","",IFERROR(INDEX(중복검사!$D$4:$D$6003,MATCH("R"&55,중복목록!$L$6:$L$6005,0)),"")) | E60: =IF($A60="","",IFERROR(IF(INDEX(원본명단!$E$3:$E$6002,MATCH("R"&55,중복목록!$L$6:$L$6005,0))="","",INDEX(원본명단!$E$3:$E$6002,MATCH("R"&55,중복목록!$L$6:$L$6005,0))),"")) | F60: =IF($A60="","",IFERROR(MAX(INDEX(중복검사!$E$4:$E$6003,MATCH("R"&55,중복목록!$L$6:$L$6005,0)),INDEX(중복검사!$F$4:$F$6003,MATCH("R"&55,중복목록!$L$6:$L$6005,0)),INDEX(중복검사!$G$4:$G$6003,MATCH("R"&55,중복목록!$L$6:$L$6005,0))),"")) | G60: =IF($A60="","",IFERROR(INDEX(중복검사!$I$4:$I$6003,MATCH("R"&55,중복목록!$L$6:$L$6005,0)),"")) | H60: =IF($A60="","",IFERROR(INDEX(중복검사!$J$4:$J$6003,MATCH("R"&55,중복목록!$L$6:$L$6005,0)),"")) | J60: =IF(중복검사!$A58="",FALSE(),중복검사!$H58="중복") -> FALSE | K60: =IF($J60=FALSE(),"",COUNTIF($J$6:$J60,TRUE())) | L60: =IF($K60="","","R"&$K60)
A61: =IFERROR(INDEX(중복검사!$A$4:$A$6003,MATCH("R"&56,중복목록!$L$6:$L$6005,0)),"") | B61: =IF($A61="","",IFERROR(INDEX(중복검사!$B$4:$B$6003,MATCH("R"&56,중복목록!$L$6:$L$6005,0)),"")) | C61: =IF($A61="","",IFERROR(INDEX(중복검사!$C$4:$C$6003,MATCH("R"&56,중복목록!$L$6:$L$6005,0)),"")) | D61: =IF($A61="","",IFERROR(INDEX(중복검사!$D$4:$D$6003,MATCH("R"&56,중복목록!$L$6:$L$6005,0)),"")) | E61: =IF($A61="","",IFERROR(IF(INDEX(원본명단!$E$3:$E$6002,MATCH("R"&56,중복목록!$L$6:$L$6005,0))="","",INDEX(원본명단!$E$3:$E$6002,MATCH("R"&56,중복목록!$L$6:$L$6005,0))),"")) | F61: =IF($A61="","",IFERROR(MAX(INDEX(중복검사!$E$4:$E$6003,MATCH("R"&56,중복목록!$L$6:$L$6005,0)),INDEX(중복검사!$F$4:$F$6003,MATCH("R"&56,중복목록!$L$6:$L$6005,0)),INDEX(중복검사!$G$4:$G$6003,MATCH("R"&56,중복목록!$L$6:$L$6005,0))),"")) | G61: =IF($A61="","",IFERROR(INDEX(중복검사!$I$4:$I$6003,MATCH("R"&56,중복목록!$L$6:$L$6005,0)),"")) | H61: =IF($A61="","",IFERROR(INDEX(중복검사!$J$4:$J$6003,MATCH("R"&56,중복목록!$L$6:$L$6005,0)),"")) | J61: =IF(중복검사!$A59="",FALSE(),중복검사!$H59="중복") -> FALSE | K61: =IF($J61=FALSE(),"",COUNTIF($J$6:$J61,TRUE())) | L61: =IF($K61="","","R"&$K61)
A62: =IFERROR(INDEX(중복검사!$A$4:$A$6003,MATCH("R"&57,중복목록!$L$6:$L$6005,0)),"") | B62: =IF($A62="","",IFERROR(INDEX(중복검사!$B$4:$B$6003,MATCH("R"&57,중복목록!$L$6:$L$6005,0)),"")) | C62: =IF($A62="","",IFERROR(INDEX(중복검사!$C$4:$C$6003,MATCH("R"&57,중복목록!$L$6:$L$6005,0)),"")) | D62: =IF($A62="","",IFERROR(INDEX(중복검사!$D$4:$D$6003,MATCH("R"&57,중복목록!$L$6:$L$6005,0)),"")) | E62: =IF($A62="","",IFERROR(IF(INDEX(원본명단!$E$3:$E$6002,MATCH("R"&57,중복목록!$L$6:$L$6005,0))="","",INDEX(원본명단!$E$3:$E$6002,MATCH("R"&57,중복목록!$L$6:$L$6005,0))),"")) | F62: =IF($A62="","",IFERROR(MAX(INDEX(중복검사!$E$4:$E$6003,MATCH("R"&57,중복목록!$L$6:$L$6005,0)),INDEX(중복검사!$F$4:$F$6003,MATCH("R"&57,중복목록!$L$6:$L$6005,0)),INDEX(중복검사!$G$4:$G$6003,MATCH("R"&57,중복목록!$L$6:$L$6005,0))),"")) | G62: =IF($A62="","",IFERROR(INDEX(중복검사!$I$4:$I$6003,MATCH("R"&57,중복목록!$L$6:$L$6005,0)),"")) | H62: =IF($A62="","",IFERROR(INDEX(중복검사!$J$4:$J$6003,MATCH("R"&57,중복목록!$L$6:$L$6005,0)),"")) | J62: =IF(중복검사!$A60="",FALSE(),중복검사!$H60="중복") -> FALSE | K62: =IF($J62=FALSE(),"",COUNTIF($J$6:$J62,TRUE())) | L62: =IF($K62="","","R"&$K62)
A63: =IFERROR(INDEX(중복검사!$A$4:$A$6003,MATCH("R"&58,중복목록!$L$6:$L$6005,0)),"") | B63: =IF($A63="","",IFERROR(INDEX(중복검사!$B$4:$B$6003,MATCH("R"&58,중복목록!$L$6:$L$6005,0)),"")) | C63: =IF($A63="","",IFERROR(INDEX(중복검사!$C$4:$C$6003,MATCH("R"&58,중복목록!$L$6:$L$6005,0)),"")) | D63: =IF($A63="","",IFERROR(INDEX(중복검사!$D$4:$D$6003,MATCH("R"&58,중복목록!$L$6:$L$6005,0)),"")) | E63: =IF($A63="","",IFERROR(IF(INDEX(원본명단!$E$3:$E$6002,MATCH("R"&58,중복목록!$L$6:$L$6005,0))="","",INDEX(원본명단!$E$3:$E$6002,MATCH("R"&58,중복목록!$L$6:$L$6005,0))),"")) | F63: =IF($A63="","",IFERROR(MAX(INDEX(중복검사!$E$4:$E$6003,MATCH("R"&58,중복목록!$L$6:$L$6005,0)),INDEX(중복검사!$F$4:$F$6003,MATCH("R"&58,중복목록!$L$6:$L$6005,0)),INDEX(중복검사!$G$4:$G$6003,MATCH("R"&58,중복목록!$L$6:$L$6005,0))),"")) | G63: =IF($A63="","",IFERROR(INDEX(중복검사!$I$4:$I$6003,MATCH("R"&58,중복목록!$L$6:$L$6005,0)),"")) | H63: =IF($A63="","",IFERROR(INDEX(중복검사!$J$4:$J$6003,MATCH("R"&58,중복목록!$L$6:$L$6005,0)),"")) | J63: =IF(중복검사!$A61="",FALSE(),중복검사!$H61="중복") -> FALSE | K63: =IF($J63=FALSE(),"",COUNTIF($J$6:$J63,TRUE())) | L63: =IF($K63="","","R"&$K63)
A64: =IFERROR(INDEX(중복검사!$A$4:$A$6003,MATCH("R"&59,중복목록!$L$6:$L$6005,0)),"") | B64: =IF($A64="","",IFERROR(INDEX(중복검사!$B$4:$B$6003,MATCH("R"&59,중복목록!$L$6:$L$6005,0)),"")) | C64: =IF($A64="","",IFERROR(INDEX(중복검사!$C$4:$C$6003,MATCH("R"&59,중복목록!$L$6:$L$6005,0)),"")) | D64: =IF($A64="","",IFERROR(INDEX(중복검사!$D$4:$D$6003,MATCH("R"&59,중복목록!$L$6:$L$6005,0)),"")) | E64: =IF($A64="","",IFERROR(IF(INDEX(원본명단!$E$3:$E$6002,MATCH("R"&59,중복목록!$L$6:$L$6005,0))="","",INDEX(원본명단!$E$3:$E$6002,MATCH("R"&59,중복목록!$L$6:$L$6005,0))),"")) | F64: =IF($A64="","",IFERROR(MAX(INDEX(중복검사!$E$4:$E$6003,MATCH("R"&59,중복목록!$L$6:$L$6005,0)),INDEX(중복검사!$F$4:$F$6003,MATCH("R"&59,중복목록!$L$6:$L$6005,0)),INDEX(중복검사!$G$4:$G$6003,MATCH("R"&59,중복목록!$L$6:$L$6005,0))),"")) | G64: =IF($A64="","",IFERROR(INDEX(중복검사!$I$4:$I$6003,MATCH("R"&59,중복목록!$L$6:$L$6005,0)),"")) | H64: =IF($A64="","",IFERROR(INDEX(중복검사!$J$4:$J$6003,MATCH("R"&59,중복목록!$L$6:$L$6005,0)),"")) | J64: =IF(중복검사!$A62="",FALSE(),중복검사!$H62="중복") -> FALSE | K64: =IF($J64=FALSE(),"",COUNTIF($J$6:$J64,TRUE())) | L64: =IF($K64="","","R"&$K64)
A65: =IFERROR(INDEX(중복검사!$A$4:$A$6003,MATCH("R"&60,중복목록!$L$6:$L$6005,0)),"") | B65: =IF($A65="","",IFERROR(INDEX(중복검사!$B$4:$B$6003,MATCH("R"&60,중복목록!$L$6:$L$6005,0)),"")) | C65: =IF($A65="","",IFERROR(INDEX(중복검사!$C$4:$C$6003,MATCH("R"&60,중복목록!$L$6:$L$6005,0)),"")) | D65: =IF($A65="","",IFERROR(INDEX(중복검사!$D$4:$D$6003,MATCH("R"&60,중복목록!$L$6:$L$6005,0)),"")) | E65: =IF($A65="","",IFERROR(IF(INDEX(원본명단!$E$3:$E$6002,MATCH("R"&60,중복목록!$L$6:$L$6005,0))="","",INDEX(원본명단!$E$3:$E$6002,MATCH("R"&60,중복목록!$L$6:$L$6005,0))),"")) | F65: =IF($A65="","",IFERROR(MAX(INDEX(중복검사!$E$4:$E$6003,MATCH("R"&60,중복목록!$L$6:$L$6005,0)),INDEX(중복검사!$F$4:$F$6003,MATCH("R"&60,중복목록!$L$6:$L$6005,0)),INDEX(중복검사!$G$4:$G$6003,MATCH("R"&60,중복목록!$L$6:$L$6005,0))),"")) | G65: =IF($A65="","",IFERROR(INDEX(중복검사!$I$4:$I$6003,MATCH("R"&60,중복목록!$L$6:$L$6005,0)),"")) | H65: =IF($A65="","",IFERROR(INDEX(중복검사!$J$4:$J$6003,MATCH("R"&60,중복목록!$L$6:$L$6005,0)),"")) | J65: =IF(중복검사!$A63="",FALSE(),중복검사!$H63="중복") -> FALSE | K65: =IF($J65=FALSE(),"",COUNTIF($J$6:$J65,TRUE())) | L65: =IF($K65="","","R"&$K65)
A66: =IFERROR(INDEX(중복검사!$A$4:$A$6003,MATCH("R"&61,중복목록!$L$6:$L$6005,0)),"") | B66: =IF($A66="","",IFERROR(INDEX(중복검사!$B$4:$B$6003,MATCH("R"&61,중복목록!$L$6:$L$6005,0)),"")) | C66: =IF($A66="","",IFERROR(INDEX(중복검사!$C$4:$C$6003,MATCH("R"&61,중복목록!$L$6:$L$6005,0)),"")) | D66: =IF($A66="","",IFERROR(INDEX(중복검사!$D$4:$D$6003,MATCH("R"&61,중복목록!$L$6:$L$6005,0)),"")) | E66: =IF($A66="","",IFERROR(IF(INDEX(원본명단!$E$3:$E$6002,MATCH("R"&61,중복목록!$L$6:$L$6005,0))="","",INDEX(원본명단!$E$3:$E$6002,MATCH("R"&61,중복목록!$L$6:$L$6005,0))),"")) | F66: =IF($A66="","",IFERROR(MAX(INDEX(중복검사!$E$4:$E$6003,MATCH("R"&61,중복목록!$L$6:$L$6005,0)),INDEX(중복검사!$F$4:$F$6003,MATCH("R"&61,중복목록!$L$6:$L$6005,0)),INDEX(중복검사!$G$4:$G$6003,MATCH("R"&61,중복목록!$L$6:$L$6005,0))),"")) | G66: =IF($A66="","",IFERROR(INDEX(중복검사!$I$4:$I$6003,MATCH("R"&61,중복목록!$L$6:$L$6005,0)),"")) | H66: =IF($A66="","",IFERROR(INDEX(중복검사!$J$4:$J$6003,MATCH("R"&61,중복목록!$L$6:$L$6005,0)),"")) | J66: =IF(중복검사!$A64="",FALSE(),중복검사!$H64="중복") -> FALSE | K66: =IF($J66=FALSE(),"",COUNTIF($J$6:$J66,TRUE())) | L66: =IF($K66="","","R"&$K66)
A67: =IFERROR(INDEX(중복검사!$A$4:$A$6003,MATCH("R"&62,중복목록!$L$6:$L$6005,0)),"") | B67: =IF($A67="","",IFERROR(INDEX(중복검사!$B$4:$B$6003,MATCH("R"&62,중복목록!$L$6:$L$6005,0)),"")) | C67: =IF($A67="","",IFERROR(INDEX(중복검사!$C$4:$C$6003,MATCH("R"&62,중복목록!$L$6:$L$6005,0)),"")) | D67: =IF($A67="","",IFERROR(INDEX(중복검사!$D$4:$D$6003,MATCH("R"&62,중복목록!$L$6:$L$6005,0)),"")) | E67: =IF($A67="","",IFERROR(IF(INDEX(원본명단!$E$3:$E$6002,MATCH("R"&62,중복목록!$L$6:$L$6005,0))="","",INDEX(원본명단!$E$3:$E$6002,MATCH("R"&62,중복목록!$L$6:$L$6005,0))),"")) | F67: =IF($A67="","",IFERROR(MAX(INDEX(중복검사!$E$4:$E$6003,MATCH("R"&62,중복목록!$L$6:$L$6005,0)),INDEX(중복검사!$F$4:$F$6003,MATCH("R"&62,중복목록!$L$6:$L$6005,0)),INDEX(중복검사!$G$4:$G$6003,MATCH("R"&62,중복목록!$L$6:$L$6005,0))),"")) | G67: =IF($A67="","",IFERROR(INDEX(중복검사!$I$4:$I$6003,MATCH("R"&62,중복목록!$L$6:$L$6005,0)),"")) | H67: =IF($A67="","",IFERROR(INDEX(중복검사!$J$4:$J$6003,MATCH("R"&62,중복목록!$L$6:$L$6005,0)),"")) | J67: =IF(중복검사!$A65="",FALSE(),중복검사!$H65="중복") -> FALSE | K67: =IF($J67=FALSE(),"",COUNTIF($J$6:$J67,TRUE())) | L67: =IF($K67="","","R"&$K67)
A68: =IFERROR(INDEX(중복검사!$A$4:$A$6003,MATCH("R"&63,중복목록!$L$6:$L$6005,0)),"") | B68: =IF($A68="","",IFERROR(INDEX(중복검사!$B$4:$B$6003,MATCH("R"&63,중복목록!$L$6:$L$6005,0)),"")) | C68: =IF($A68="","",IFERROR(INDEX(중복검사!$C$4:$C$6003,MATCH("R"&63,중복목록!$L$6:$L$6005,0)),"")) | D68: =IF($A68="","",IFERROR(INDEX(중복검사!$D$4:$D$6003,MATCH("R"&63,중복목록!$L$6:$L$6005,0)),"")) | E68: =IF($A68="","",IFERROR(IF(INDEX(원본명단!$E$3:$E$6002,MATCH("R"&63,중복목록!$L$6:$L$6005,0))="","",INDEX(원본명단!$E$3:$E$6002,MATCH("R"&63,중복목록!$L$6:$L$6005,0))),"")) | F68: =IF($A68="","",IFERROR(MAX(INDEX(중복검사!$E$4:$E$6003,MATCH("R"&63,중복목록!$L$6:$L$6005,0)),INDEX(중복검사!$F$4:$F$6003,MATCH("R"&63,중복목록!$L$6:$L$6005,0)),INDEX(중복검사!$G$4:$G$6003,MATCH("R"&63,중복목록!$L$6:$L$6005,0))),"")) | G68: =IF($A68="","",IFERROR(INDEX(중복검사!$I$4:$I$6003,MATCH("R"&63,중복목록!$L$6:$L$6005,0)),"")) | H68: =IF($A68="","",IFERROR(INDEX(중복검사!$J$4:$J$6003,MATCH("R"&63,중복목록!$L$6:$L$6005,0)),"")) | J68: =IF(중복검사!$A66="",FALSE(),중복검사!$H66="중복") -> FALSE | K68: =IF($J68=FALSE(),"",COUNTIF($J$6:$J68,TRUE())) | L68: =IF($K68="","","R"&$K68)
A69: =IFERROR(INDEX(중복검사!$A$4:$A$6003,MATCH("R"&64,중복목록!$L$6:$L$6005,0)),"") | B69: =IF($A69="","",IFERROR(INDEX(중복검사!$B$4:$B$6003,MATCH("R"&64,중복목록!$L$6:$L$6005,0)),"")) | C69: =IF($A69="","",IFERROR(INDEX(중복검사!$C$4:$C$6003,MATCH("R"&64,중복목록!$L$6:$L$6005,0)),"")) | D69: =IF($A69="","",IFERROR(INDEX(중복검사!$D$4:$D$6003,MATCH("R"&64,중복목록!$L$6:$L$6005,0)),"")) | E69: =IF($A69="","",IFERROR(IF(INDEX(원본명단!$E$3:$E$6002,MATCH("R"&64,중복목록!$L$6:$L$6005,0))="","",INDEX(원본명단!$E$3:$E$6002,MATCH("R"&64,중복목록!$L$6:$L$6005,0))),"")) | F69: =IF($A69="","",IFERROR(MAX(INDEX(중복검사!$E$4:$E$6003,MATCH("R"&64,중복목록!$L$6:$L$6005,0)),INDEX(중복검사!$F$4:$F$6003,MATCH("R"&64,중복목록!$L$6:$L$6005,0)),INDEX(중복검사!$G$4:$G$6003,MATCH("R"&64,중복목록!$L$6:$L$6005,0))),"")) | G69: =IF($A69="","",IFERROR(INDEX(중복검사!$I$4:$I$6003,MATCH("R"&64,중복목록!$L$6:$L$6005,0)),"")) | H69: =IF($A69="","",IFERROR(INDEX(중복검사!$J$4:$J$6003,MATCH("R"&64,중복목록!$L$6:$L$6005,0)),"")) | J69: =IF(중복검사!$A67="",FALSE(),중복검사!$H67="중복") -> FALSE | K69: =IF($J69=FALSE(),"",COUNTIF($J$6:$J69,TRUE())) | L69: =IF($K69="","","R"&$K69)
A70: =IFERROR(INDEX(중복검사!$A$4:$A$6003,MATCH("R"&65,중복목록!$L$6:$L$6005,0)),"") | B70: =IF($A70="","",IFERROR(INDEX(중복검사!$B$4:$B$6003,MATCH("R"&65,중복목록!$L$6:$L$6005,0)),"")) | C70: =IF($A70="","",IFERROR(INDEX(중복검사!$C$4:$C$6003,MATCH("R"&65,중복목록!$L$6:$L$6005,0)),"")) | D70: =IF($A70="","",IFERROR(INDEX(중복검사!$D$4:$D$6003,MATCH("R"&65,중복목록!$L$6:$L$6005,0)),"")) | E70: =IF($A70="","",IFERROR(IF(INDEX(원본명단!$E$3:$E$6002,MATCH("R"&65,중복목록!$L$6:$L$6005,0))="","",INDEX(원본명단!$E$3:$E$6002,MATCH("R"&65,중복목록!$L$6:$L$6005,0))),"")) | F70: =IF($A70="","",IFERROR(MAX(INDEX(중복검사!$E$4:$E$6003,MATCH("R"&65,중복목록!$L$6:$L$6005,0)),INDEX(중복검사!$F$4:$F$6003,MATCH("R"&65,중복목록!$L$6:$L$6005,0)),INDEX(중복검사!$G$4:$G$6003,MATCH("R"&65,중복목록!$L$6:$L$6005,0))),"")) | G70: =IF($A70="","",IFERROR(INDEX(중복검사!$I$4:$I$6003,MATCH("R"&65,중복목록!$L$6:$L$6005,0)),"")) | H70: =IF($A70="","",IFERROR(INDEX(중복검사!$J$4:$J$6003,MATCH("R"&65,중복목록!$L$6:$L$6005,0)),"")) | J70: =IF(중복검사!$A68="",FALSE(),중복검사!$H68="중복") -> FALSE | K70: =IF($J70=FALSE(),"",COUNTIF($J$6:$J70,TRUE())) | L70: =IF($K70="","","R"&$K70)
A71: =IFERROR(INDEX(중복검사!$A$4:$A$6003,MATCH("R"&66,중복목록!$L$6:$L$6005,0)),"") | B71: =IF($A71="","",IFERROR(INDEX(중복검사!$B$4:$B$6003,MATCH("R"&66,중복목록!$L$6:$L$6005,0)),"")) | C71: =IF($A71="","",IFERROR(INDEX(중복검사!$C$4:$C$6003,MATCH("R"&66,중복목록!$L$6:$L$6005,0)),"")) | D71: =IF($A71="","",IFERROR(INDEX(중복검사!$D$4:$D$6003,MATCH("R"&66,중복목록!$L$6:$L$6005,0)),"")) | E71: =IF($A71="","",IFERROR(IF(INDEX(원본명단!$E$3:$E$6002,MATCH("R"&66,중복목록!$L$6:$L$6005,0))="","",INDEX(원본명단!$E$3:$E$6002,MATCH("R"&66,중복목록!$L$6:$L$6005,0))),"")) | F71: =IF($A71="","",IFERROR(MAX(INDEX(중복검사!$E$4:$E$6003,MATCH("R"&66,중복목록!$L$6:$L$6005,0)),INDEX(중복검사!$F$4:$F$6003,MATCH("R"&66,중복목록!$L$6:$L$6005,0)),INDEX(중복검사!$G$4:$G$6003,MATCH("R"&66,중복목록!$L$6:$L$6005,0))),"")) | G71: =IF($A71="","",IFERROR(INDEX(중복검사!$I$4:$I$6003,MATCH("R"&66,중복목록!$L$6:$L$6005,0)),"")) | H71: =IF($A71="","",IFERROR(INDEX(중복검사!$J$4:$J$6003,MATCH("R"&66,중복목록!$L$6:$L$6005,0)),"")) | J71: =IF(중복검사!$A69="",FALSE(),중복검사!$H69="중복") -> FALSE | K71: =IF($J71=FALSE(),"",COUNTIF($J$6:$J71,TRUE())) | L71: =IF($K71="","","R"&$K71)
A72: =IFERROR(INDEX(중복검사!$A$4:$A$6003,MATCH("R"&67,중복목록!$L$6:$L$6005,0)),"") | B72: =IF($A72="","",IFERROR(INDEX(중복검사!$B$4:$B$6003,MATCH("R"&67,중복목록!$L$6:$L$6005,0)),"")) | C72: =IF($A72="","",IFERROR(INDEX(중복검사!$C$4:$C$6003,MATCH("R"&67,중복목록!$L$6:$L$6005,0)),"")) | D72: =IF($A72="","",IFERROR(INDEX(중복검사!$D$4:$D$6003,MATCH("R"&67,중복목록!$L$6:$L$6005,0)),"")) | E72: =IF($A72="","",IFERROR(IF(INDEX(원본명단!$E$3:$E$6002,MATCH("R"&67,중복목록!$L$6:$L$6005,0))="","",INDEX(원본명단!$E$3:$E$6002,MATCH("R"&67,중복목록!$L$6:$L$6005,0))),"")) | F72: =IF($A72="","",IFERROR(MAX(INDEX(중복검사!$E$4:$E$6003,MATCH("R"&67,중복목록!$L$6:$L$6005,0)),INDEX(중복검사!$F$4:$F$6003,MATCH("R"&67,중복목록!$L$6:$L$6005,0)),INDEX(중복검사!$G$4:$G$6003,MATCH("R"&67,중복목록!$L$6:$L$6005,0))),"")) | G72: =IF($A72="","",IFERROR(INDEX(중복검사!$I$4:$I$6003,MATCH("R"&67,중복목록!$L$6:$L$6005,0)),"")) | H72: =IF($A72="","",IFERROR(INDEX(중복검사!$J$4:$J$6003,MATCH("R"&67,중복목록!$L$6:$L$6005,0)),"")) | J72: =IF(중복검사!$A70="",FALSE(),중복검사!$H70="중복") -> FALSE | K72: =IF($J72=FALSE(),"",COUNTIF($J$6:$J72,TRUE())) | L72: =IF($K72="","","R"&$K72)
A73: =IFERROR(INDEX(중복검사!$A$4:$A$6003,MATCH("R"&68,중복목록!$L$6:$L$6005,0)),"") | B73: =IF($A73="","",IFERROR(INDEX(중복검사!$B$4:$B$6003,MATCH("R"&68,중복목록!$L$6:$L$6005,0)),"")) | C73: =IF($A73="","",IFERROR(INDEX(중복검사!$C$4:$C$6003,MATCH("R"&68,중복목록!$L$6:$L$6005,0)),"")) | D73: =IF($A73="","",IFERROR(INDEX(중복검사!$D$4:$D$6003,MATCH("R"&68,중복목록!$L$6:$L$6005,0)),"")) | E73: =IF($A73="","",IFERROR(IF(INDEX(원본명단!$E$3:$E$6002,MATCH("R"&68,중복목록!$L$6:$L$6005,0))="","",INDEX(원본명단!$E$3:$E$6002,MATCH("R"&68,중복목록!$L$6:$L$6005,0))),"")) | F73: =IF($A73="","",IFERROR(MAX(INDEX(중복검사!$E$4:$E$6003,MATCH("R"&68,중복목록!$L$6:$L$6005,0)),INDEX(중복검사!$F$4:$F$6003,MATCH("R"&68,중복목록!$L$6:$L$6005,0)),INDEX(중복검사!$G$4:$G$6003,MATCH("R"&68,중복목록!$L$6:$L$6005,0))),"")) | G73: =IF($A73="","",IFERROR(INDEX(중복검사!$I$4:$I$6003,MATCH("R"&68,중복목록!$L$6:$L$6005,0)),"")) | H73: =IF($A73="","",IFERROR(INDEX(중복검사!$J$4:$J$6003,MATCH("R"&68,중복목록!$L$6:$L$6005,0)),"")) | J73: =IF(중복검사!$A71="",FALSE(),중복검사!$H71="중복") -> FALSE | K73: =IF($J73=FALSE(),"",COUNTIF($J$6:$J73,TRUE())) | L73: =IF($K73="","","R"&$K73)
A74: =IFERROR(INDEX(중복검사!$A$4:$A$6003,MATCH("R"&69,중복목록!$L$6:$L$6005,0)),"") | B74: =IF($A74="","",IFERROR(INDEX(중복검사!$B$4:$B$6003,MATCH("R"&69,중복목록!$L$6:$L$6005,0)),"")) | C74: =IF($A74="","",IFERROR(INDEX(중복검사!$C$4:$C$6003,MATCH("R"&69,중복목록!$L$6:$L$6005,0)),"")) | D74: =IF($A74="","",IFERROR(INDEX(중복검사!$D$4:$D$6003,MATCH("R"&69,중복목록!$L$6:$L$6005,0)),"")) | E74: =IF($A74="","",IFERROR(IF(INDEX(원본명단!$E$3:$E$6002,MATCH("R"&69,중복목록!$L$6:$L$6005,0))="","",INDEX(원본명단!$E$3:$E$6002,MATCH("R"&69,중복목록!$L$6:$L$6005,0))),"")) | F74: =IF($A74="","",IFERROR(MAX(INDEX(중복검사!$E$4:$E$6003,MATCH("R"&69,중복목록!$L$6:$L$6005,0)),INDEX(중복검사!$F$4:$F$6003,MATCH("R"&69,중복목록!$L$6:$L$6005,0)),INDEX(중복검사!$G$4:$G$6003,MATCH("R"&69,중복목록!$L$6:$L$6005,0))),"")) | G74: =IF($A74="","",IFERROR(INDEX(중복검사!$I$4:$I$6003,MATCH("R"&69,중복목록!$L$6:$L$6005,0)),"")) | H74: =IF($A74="","",IFERROR(INDEX(중복검사!$J$4:$J$6003,MATCH("R"&69,중복목록!$L$6:$L$6005,0)),"")) | J74: =IF(중복검사!$A72="",FALSE(),중복검사!$H72="중복") -> FALSE | K74: =IF($J74=FALSE(),"",COUNTIF($J$6:$J74,TRUE())) | L74: =IF($K74="","","R"&$K74)
A75: =IFERROR(INDEX(중복검사!$A$4:$A$6003,MATCH("R"&70,중복목록!$L$6:$L$6005,0)),"") | B75: =IF($A75="","",IFERROR(INDEX(중복검사!$B$4:$B$6003,MATCH("R"&70,중복목록!$L$6:$L$6005,0)),"")) | C75: =IF($A75="","",IFERROR(INDEX(중복검사!$C$4:$C$6003,MATCH("R"&70,중복목록!$L$6:$L$6005,0)),"")) | D75: =IF($A75="","",IFERROR(INDEX(중복검사!$D$4:$D$6003,MATCH("R"&70,중복목록!$L$6:$L$6005,0)),"")) | E75: =IF($A75="","",IFERROR(IF(INDEX(원본명단!$E$3:$E$6002,MATCH("R"&70,중복목록!$L$6:$L$6005,0))="","",INDEX(원본명단!$E$3:$E$6002,MATCH("R"&70,중복목록!$L$6:$L$6005,0))),"")) | F75: =IF($A75="","",IFERROR(MAX(INDEX(중복검사!$E$4:$E$6003,MATCH("R"&70,중복목록!$L$6:$L$6005,0)),INDEX(중복검사!$F$4:$F$6003,MATCH("R"&70,중복목록!$L$6:$L$6005,0)),INDEX(중복검사!$G$4:$G$6003,MATCH("R"&70,중복목록!$L$6:$L$6005,0))),"")) | G75: =IF($A75="","",IFERROR(INDEX(중복검사!$I$4:$I$6003,MATCH("R"&70,중복목록!$L$6:$L$6005,0)),"")) | H75: =IF($A75="","",IFERROR(INDEX(중복검사!$J$4:$J$6003,MATCH("R"&70,중복목록!$L$6:$L$6005,0)),"")) | J75: =IF(중복검사!$A73="",FALSE(),중복검사!$H73="중복") -> FALSE | K75: =IF($J75=FALSE(),"",COUNTIF($J$6:$J75,TRUE())) | L75: =IF($K75="","","R"&$K75)
A76: =IFERROR(INDEX(중복검사!$A$4:$A$6003,MATCH("R"&71,중복목록!$L$6:$L$6005,0)),"") | B76: =IF($A76="","",IFERROR(INDEX(중복검사!$B$4:$B$6003,MATCH("R"&71,중복목록!$L$6:$L$6005,0)),"")) | C76: =IF($A76="","",IFERROR(INDEX(중복검사!$C$4:$C$6003,MATCH("R"&71,중복목록!$L$6:$L$6005,0)),"")) | D76: =IF($A76="","",IFERROR(INDEX(중복검사!$D$4:$D$6003,MATCH("R"&71,중복목록!$L$6:$L$6005,0)),"")) | E76: =IF($A76="","",IFERROR(IF(INDEX(원본명단!$E$3:$E$6002,MATCH("R"&71,중복목록!$L$6:$L$6005,0))="","",INDEX(원본명단!$E$3:$E$6002,MATCH("R"&71,중복목록!$L$6:$L$6005,0))),"")) | F76: =IF($A76="","",IFERROR(MAX(INDEX(중복검사!$E$4:$E$6003,MATCH("R"&71,중복목록!$L$6:$L$6005,0)),INDEX(중복검사!$F$4:$F$6003,MATCH("R"&71,중복목록!$L$6:$L$6005,0)),INDEX(중복검사!$G$4:$G$6003,MATCH("R"&71,중복목록!$L$6:$L$6005,0))),"")) | G76: =IF($A76="","",IFERROR(INDEX(중복검사!$I$4:$I$6003,MATCH("R"&71,중복목록!$L$6:$L$6005,0)),"")) | H76: =IF($A76="","",IFERROR(INDEX(중복검사!$J$4:$J$6003,MATCH("R"&71,중복목록!$L$6:$L$6005,0)),"")) | J76: =IF(중복검사!$A74="",FALSE(),중복검사!$H74="중복") -> FALSE | K76: =IF($J76=FALSE(),"",COUNTIF($J$6:$J76,TRUE())) | L76: =IF($K76="","","R"&$K76)
A77: =IFERROR(INDEX(중복검사!$A$4:$A$6003,MATCH("R"&72,중복목록!$L$6:$L$6005,0)),"") | B77: =IF($A77="","",IFERROR(INDEX(중복검사!$B$4:$B$6003,MATCH("R"&72,중복목록!$L$6:$L$6005,0)),"")) | C77: =IF($A77="","",IFERROR(INDEX(중복검사!$C$4:$C$6003,MATCH("R"&72,중복목록!$L$6:$L$6005,0)),"")) | D77: =IF($A77="","",IFERROR(INDEX(중복검사!$D$4:$D$6003,MATCH("R"&72,중복목록!$L$6:$L$6005,0)),"")) | E77: =IF($A77="","",IFERROR(IF(INDEX(원본명단!$E$3:$E$6002,MATCH("R"&72,중복목록!$L$6:$L$6005,0))="","",INDEX(원본명단!$E$3:$E$6002,MATCH("R"&72,중복목록!$L$6:$L$6005,0))),"")) | F77: =IF($A77="","",IFERROR(MAX(INDEX(중복검사!$E$4:$E$6003,MATCH("R"&72,중복목록!$L$6:$L$6005,0)),INDEX(중복검사!$F$4:$F$6003,MATCH("R"&72,중복목록!$L$6:$L$6005,0)),INDEX(중복검사!$G$4:$G$6003,MATCH("R"&72,중복목록!$L$6:$L$6005,0))),"")) | G77: =IF($A77="","",IFERROR(INDEX(중복검사!$I$4:$I$6003,MATCH("R"&72,중복목록!$L$6:$L$6005,0)),"")) | H77: =IF($A77="","",IFERROR(INDEX(중복검사!$J$4:$J$6003,MATCH("R"&72,중복목록!$L$6:$L$6005,0)),"")) | J77: =IF(중복검사!$A75="",FALSE(),중복검사!$H75="중복") -> FALSE | K77: =IF($J77=FALSE(),"",COUNTIF($J$6:$J77,TRUE())) | L77: =IF($K77="","","R"&$K77)
A78: =IFERROR(INDEX(중복검사!$A$4:$A$6003,MATCH("R"&73,중복목록!$L$6:$L$6005,0)),"") | B78: =IF($A78="","",IFERROR(INDEX(중복검사!$B$4:$B$6003,MATCH("R"&73,중복목록!$L$6:$L$6005,0)),"")) | C78: =IF($A78="","",IFERROR(INDEX(중복검사!$C$4:$C$6003,MATCH("R"&73,중복목록!$L$6:$L$6005,0)),"")) | D78: =IF($A78="","",IFERROR(INDEX(중복검사!$D$4:$D$6003,MATCH("R"&73,중복목록!$L$6:$L$6005,0)),"")) | E78: =IF($A78="","",IFERROR(IF(INDEX(원본명단!$E$3:$E$6002,MATCH("R"&73,중복목록!$L$6:$L$6005,0))="","",INDEX(원본명단!$E$3:$E$6002,MATCH("R"&73,중복목록!$L$6:$L$6005,0))),"")) | F78: =IF($A78="","",IFERROR(MAX(INDEX(중복검사!$E$4:$E$6003,MATCH("R"&73,중복목록!$L$6:$L$6005,0)),INDEX(중복검사!$F$4:$F$6003,MATCH("R"&73,중복목록!$L$6:$L$6005,0)),INDEX(중복검사!$G$4:$G$6003,MATCH("R"&73,중복목록!$L$6:$L$6005,0))),"")) | G78: =IF($A78="","",IFERROR(INDEX(중복검사!$I$4:$I$6003,MATCH("R"&73,중복목록!$L$6:$L$6005,0)),"")) | H78: =IF($A78="","",IFERROR(INDEX(중복검사!$J$4:$J$6003,MATCH("R"&73,중복목록!$L$6:$L$6005,0)),"")) | J78: =IF(중복검사!$A76="",FALSE(),중복검사!$H76="중복") -> FALSE | K78: =IF($J78=FALSE(),"",COUNTIF($J$6:$J78,TRUE())) | L78: =IF($K78="","","R"&$K78)
A79: =IFERROR(INDEX(중복검사!$A$4:$A$6003,MATCH("R"&74,중복목록!$L$6:$L$6005,0)),"") | B79: =IF($A79="","",IFERROR(INDEX(중복검사!$B$4:$B$6003,MATCH("R"&74,중복목록!$L$6:$L$6005,0)),"")) | C79: =IF($A79="","",IFERROR(INDEX(중복검사!$C$4:$C$6003,MATCH("R"&74,중복목록!$L$6:$L$6005,0)),"")) | D79: =IF($A79="","",IFERROR(INDEX(중복검사!$D$4:$D$6003,MATCH("R"&74,중복목록!$L$6:$L$6005,0)),"")) | E79: =IF($A79="","",IFERROR(IF(INDEX(원본명단!$E$3:$E$6002,MATCH("R"&74,중복목록!$L$6:$L$6005,0))="","",INDEX(원본명단!$E$3:$E$6002,MATCH("R"&74,중복목록!$L$6:$L$6005,0))),"")) | F79: =IF($A79="","",IFERROR(MAX(INDEX(중복검사!$E$4:$E$6003,MATCH("R"&74,중복목록!$L$6:$L$6005,0)),INDEX(중복검사!$F$4:$F$6003,MATCH("R"&74,중복목록!$L$6:$L$6005,0)),INDEX(중복검사!$G$4:$G$6003,MATCH("R"&74,중복목록!$L$6:$L$6005,0))),"")) | G79: =IF($A79="","",IFERROR(INDEX(중복검사!$I$4:$I$6003,MATCH("R"&74,중복목록!$L$6:$L$6005,0)),"")) | H79: =IF($A79="","",IFERROR(INDEX(중복검사!$J$4:$J$6003,MATCH("R"&74,중복목록!$L$6:$L$6005,0)),"")) | J79: =IF(중복검사!$A77="",FALSE(),중복검사!$H77="중복") -> FALSE | K79: =IF($J79=FALSE(),"",COUNTIF($J$6:$J79,TRUE())) | L79: =IF($K79="","","R"&$K79)
A80: =IFERROR(INDEX(중복검사!$A$4:$A$6003,MATCH("R"&75,중복목록!$L$6:$L$6005,0)),"") | B80: =IF($A80="","",IFERROR(INDEX(중복검사!$B$4:$B$6003,MATCH("R"&75,중복목록!$L$6:$L$6005,0)),"")) | C80: =IF($A80="","",IFERROR(INDEX(중복검사!$C$4:$C$6003,MATCH("R"&75,중복목록!$L$6:$L$6005,0)),"")) | D80: =IF($A80="","",IFERROR(INDEX(중복검사!$D$4:$D$6003,MATCH("R"&75,중복목록!$L$6:$L$6005,0)),"")) | E80: =IF($A80="","",IFERROR(IF(INDEX(원본명단!$E$3:$E$6002,MATCH("R"&75,중복목록!$L$6:$L$6005,0))="","",INDEX(원본명단!$E$3:$E$6002,MATCH("R"&75,중복목록!$L$6:$L$6005,0))),"")) | F80: =IF($A80="","",IFERROR(MAX(INDEX(중복검사!$E$4:$E$6003,MATCH("R"&75,중복목록!$L$6:$L$6005,0)),INDEX(중복검사!$F$4:$F$6003,MATCH("R"&75,중복목록!$L$6:$L$6005,0)),INDEX(중복검사!$G$4:$G$6003,MATCH("R"&75,중복목록!$L$6:$L$6005,0))),"")) | G80: =IF($A80="","",IFERROR(INDEX(중복검사!$I$4:$I$6003,MATCH("R"&75,중복목록!$L$6:$L$6005,0)),"")) | H80: =IF($A80="","",IFERROR(INDEX(중복검사!$J$4:$J$6003,MATCH("R"&75,중복목록!$L$6:$L$6005,0)),"")) | J80: =IF(중복검사!$A78="",FALSE(),중복검사!$H78="중복") -> FALSE | K80: =IF($J80=FALSE(),"",COUNTIF($J$6:$J80,TRUE())) | L80: =IF($K80="","","R"&$K80)
A81: =IFERROR(INDEX(중복검사!$A$4:$A$6003,MATCH("R"&76,중복목록!$L$6:$L$6005,0)),"") | B81: =IF($A81="","",IFERROR(INDEX(중복검사!$B$4:$B$6003,MATCH("R"&76,중복목록!$L$6:$L$6005,0)),"")) | C81: =IF($A81="","",IFERROR(INDEX(중복검사!$C$4:$C$6003,MATCH("R"&76,중복목록!$L$6:$L$6005,0)),"")) | D81: =IF($A81="","",IFERROR(INDEX(중복검사!$D$4:$D$6003,MATCH("R"&76,중복목록!$L$6:$L$6005,0)),"")) | E81: =IF($A81="","",IFERROR(IF(INDEX(원본명단!$E$3:$E$6002,MATCH("R"&76,중복목록!$L$6:$L$6005,0))="","",INDEX(원본명단!$E$3:$E$6002,MATCH("R"&76,중복목록!$L$6:$L$6005,0))),"")) | F81: =IF($A81="","",IFERROR(MAX(INDEX(중복검사!$E$4:$E$6003,MATCH("R"&76,중복목록!$L$6:$L$6005,0)),INDEX(중복검사!$F$4:$F$6003,MATCH("R"&76,중복목록!$L$6:$L$6005,0)),INDEX(중복검사!$G$4:$G$6003,MATCH("R"&76,중복목록!$L$6:$L$6005,0))),"")) | G81: =IF($A81="","",IFERROR(INDEX(중복검사!$I$4:$I$6003,MATCH("R"&76,중복목록!$L$6:$L$6005,0)),"")) | H81: =IF($A81="","",IFERROR(INDEX(중복검사!$J$4:$J$6003,MATCH("R"&76,중복목록!$L$6:$L$6005,0)),"")) | J81: =IF(중복검사!$A79="",FALSE(),중복검사!$H79="중복") -> FALSE | K81: =IF($J81=FALSE(),"",COUNTIF($J$6:$J81,TRUE())) | L81: =IF($K81="","","R"&$K81)
A82: =IFERROR(INDEX(중복검사!$A$4:$A$6003,MATCH("R"&77,중복목록!$L$6:$L$6005,0)),"") | B82: =IF($A82="","",IFERROR(INDEX(중복검사!$B$4:$B$6003,MATCH("R"&77,중복목록!$L$6:$L$6005,0)),"")) | C82: =IF($A82="","",IFERROR(INDEX(중복검사!$C$4:$C$6003,MATCH("R"&77,중복목록!$L$6:$L$6005,0)),"")) | D82: =IF($A82="","",IFERROR(INDEX(중복검사!$D$4:$D$6003,MATCH("R"&77,중복목록!$L$6:$L$6005,0)),"")) | E82: =IF($A82="","",IFERROR(IF(INDEX(원본명단!$E$3:$E$6002,MATCH("R"&77,중복목록!$L$6:$L$6005,0))="","",INDEX(원본명단!$E$3:$E$6002,MATCH("R"&77,중복목록!$L$6:$L$6005,0))),"")) | F82: =IF($A82="","",IFERROR(MAX(INDEX(중복검사!$E$4:$E$6003,MATCH("R"&77,중복목록!$L$6:$L$6005,0)),INDEX(중복검사!$F$4:$F$6003,MATCH("R"&77,중복목록!$L$6:$L$6005,0)),INDEX(중복검사!$G$4:$G$6003,MATCH("R"&77,중복목록!$L$6:$L$6005,0))),"")) | G82: =IF($A82="","",IFERROR(INDEX(중복검사!$I$4:$I$6003,MATCH("R"&77,중복목록!$L$6:$L$6005,0)),"")) | H82: =IF($A82="","",IFERROR(INDEX(중복검사!$J$4:$J$6003,MATCH("R"&77,중복목록!$L$6:$L$6005,0)),"")) | J82: =IF(중복검사!$A80="",FALSE(),중복검사!$H80="중복") -> FALSE | K82: =IF($J82=FALSE(),"",COUNTIF($J$6:$J82,TRUE())) | L82: =IF($K82="","","R"&$K82)
A83: =IFERROR(INDEX(중복검사!$A$4:$A$6003,MATCH("R"&78,중복목록!$L$6:$L$6005,0)),"") | B83: =IF($A83="","",IFERROR(INDEX(중복검사!$B$4:$B$6003,MATCH("R"&78,중복목록!$L$6:$L$6005,0)),"")) | C83: =IF($A83="","",IFERROR(INDEX(중복검사!$C$4:$C$6003,MATCH("R"&78,중복목록!$L$6:$L$6005,0)),"")) | D83: =IF($A83="","",IFERROR(INDEX(중복검사!$D$4:$D$6003,MATCH("R"&78,중복목록!$L$6:$L$6005,0)),"")) | E83: =IF($A83="","",IFERROR(IF(INDEX(원본명단!$E$3:$E$6002,MATCH("R"&78,중복목록!$L$6:$L$6005,0))="","",INDEX(원본명단!$E$3:$E$6002,MATCH("R"&78,중복목록!$L$6:$L$6005,0))),"")) | F83: =IF($A83="","",IFERROR(MAX(INDEX(중복검사!$E$4:$E$6003,MATCH("R"&78,중복목록!$L$6:$L$6005,0)),INDEX(중복검사!$F$4:$F$6003,MATCH("R"&78,중복목록!$L$6:$L$6005,0)),INDEX(중복검사!$G$4:$G$6003,MATCH("R"&78,중복목록!$L$6:$L$6005,0))),"")) | G83: =IF($A83="","",IFERROR(INDEX(중복검사!$I$4:$I$6003,MATCH("R"&78,중복목록!$L$6:$L$6005,0)),"")) | H83: =IF($A83="","",IFERROR(INDEX(중복검사!$J$4:$J$6003,MATCH("R"&78,중복목록!$L$6:$L$6005,0)),"")) | J83: =IF(중복검사!$A81="",FALSE(),중복검사!$H81="중복") -> FALSE | K83: =IF($J83=FALSE(),"",COUNTIF($J$6:$J83,TRUE())) | L83: =IF($K83="","","R"&$K83)
A84: =IFERROR(INDEX(중복검사!$A$4:$A$6003,MATCH("R"&79,중복목록!$L$6:$L$6005,0)),"") | B84: =IF($A84="","",IFERROR(INDEX(중복검사!$B$4:$B$6003,MATCH("R"&79,중복목록!$L$6:$L$6005,0)),"")) | C84: =IF($A84="","",IFERROR(INDEX(중복검사!$C$4:$C$6003,MATCH("R"&79,중복목록!$L$6:$L$6005,0)),"")) | D84: =IF($A84="","",IFERROR(INDEX(중복검사!$D$4:$D$6003,MATCH("R"&79,중복목록!$L$6:$L$6005,0)),"")) | E84: =IF($A84="","",IFERROR(IF(INDEX(원본명단!$E$3:$E$6002,MATCH("R"&79,중복목록!$L$6:$L$6005,0))="","",INDEX(원본명단!$E$3:$E$6002,MATCH("R"&79,중복목록!$L$6:$L$6005,0))),"")) | F84: =IF($A84="","",IFERROR(MAX(INDEX(중복검사!$E$4:$E$6003,MATCH("R"&79,중복목록!$L$6:$L$6005,0)),INDEX(중복검사!$F$4:$F$6003,MATCH("R"&79,중복목록!$L$6:$L$6005,0)),INDEX(중복검사!$G$4:$G$6003,MATCH("R"&79,중복목록!$L$6:$L$6005,0))),"")) | G84: =IF($A84="","",IFERROR(INDEX(중복검사!$I$4:$I$6003,MATCH("R"&79,중복목록!$L$6:$L$6005,0)),"")) | H84: =IF($A84="","",IFERROR(INDEX(중복검사!$J$4:$J$6003,MATCH("R"&79,중복목록!$L$6:$L$6005,0)),"")) | J84: =IF(중복검사!$A82="",FALSE(),중복검사!$H82="중복") -> FALSE | K84: =IF($J84=FALSE(),"",COUNTIF($J$6:$J84,TRUE())) | L84: =IF($K84="","","R"&$K84)
A85: =IFERROR(INDEX(중복검사!$A$4:$A$6003,MATCH("R"&80,중복목록!$L$6:$L$6005,0)),"") | B85: =IF($A85="","",IFERROR(INDEX(중복검사!$B$4:$B$6003,MATCH("R"&80,중복목록!$L$6:$L$6005,0)),"")) | C85: =IF($A85="","",IFERROR(INDEX(중복검사!$C$4:$C$6003,MATCH("R"&80,중복목록!$L$6:$L$6005,0)),"")) | D85: =IF($A85="","",IFERROR(INDEX(중복검사!$D$4:$D$6003,MATCH("R"&80,중복목록!$L$6:$L$6005,0)),"")) | E85: =IF($A85="","",IFERROR(IF(INDEX(원본명단!$E$3:$E$6002,MATCH("R"&80,중복목록!$L$6:$L$6005,0))="","",INDEX(원본명단!$E$3:$E$6002,MATCH("R"&80,중복목록!$L$6:$L$6005,0))),"")) | F85: =IF($A85="","",IFERROR(MAX(INDEX(중복검사!$E$4:$E$6003,MATCH("R"&80,중복목록!$L$6:$L$6005,0)),INDEX(중복검사!$F$4:$F$6003,MATCH("R"&80,중복목록!$L$6:$L$6005,0)),INDEX(중복검사!$G$4:$G$6003,MATCH("R"&80,중복목록!$L$6:$L$6005,0))),"")) | G85: =IF($A85="","",IFERROR(INDEX(중복검사!$I$4:$I$6003,MATCH("R"&80,중복목록!$L$6:$L$6005,0)),"")) | H85: =IF($A85="","",IFERROR(INDEX(중복검사!$J$4:$J$6003,MATCH("R"&80,중복목록!$L$6:$L$6005,0)),"")) | J85: =IF(중복검사!$A83="",FALSE(),중복검사!$H83="중복") -> FALSE | K85: =IF($J85=FALSE(),"",COUNTIF($J$6:$J85,TRUE())) | L85: =IF($K85="","","R"&$K85)
A86: =IFERROR(INDEX(중복검사!$A$4:$A$6003,MATCH("R"&81,중복목록!$L$6:$L$6005,0)),"") | B86: =IF($A86="","",IFERROR(INDEX(중복검사!$B$4:$B$6003,MATCH("R"&81,중복목록!$L$6:$L$6005,0)),"")) | C86: =IF($A86="","",IFERROR(INDEX(중복검사!$C$4:$C$6003,MATCH("R"&81,중복목록!$L$6:$L$6005,0)),"")) | D86: =IF($A86="","",IFERROR(INDEX(중복검사!$D$4:$D$6003,MATCH("R"&81,중복목록!$L$6:$L$6005,0)),"")) | E86: =IF($A86="","",IFERROR(IF(INDEX(원본명단!$E$3:$E$6002,MATCH("R"&81,중복목록!$L$6:$L$6005,0))="","",INDEX(원본명단!$E$3:$E$6002,MATCH("R"&81,중복목록!$L$6:$L$6005,0))),"")) | F86: =IF($A86="","",IFERROR(MAX(INDEX(중복검사!$E$4:$E$6003,MATCH("R"&81,중복목록!$L$6:$L$6005,0)),INDEX(중복검사!$F$4:$F$6003,MATCH("R"&81,중복목록!$L$6:$L$6005,0)),INDEX(중복검사!$G$4:$G$6003,MATCH("R"&81,중복목록!$L$6:$L$6005,0))),"")) | G86: =IF($A86="","",IFERROR(INDEX(중복검사!$I$4:$I$6003,MATCH("R"&81,중복목록!$L$6:$L$6005,0)),"")) | H86: =IF($A86="","",IFERROR(INDEX(중복검사!$J$4:$J$6003,MATCH("R"&81,중복목록!$L$6:$L$6005,0)),"")) | J86: =IF(중복검사!$A84="",FALSE(),중복검사!$H84="중복") -> FALSE | K86: =IF($J86=FALSE(),"",COUNTIF($J$6:$J86,TRUE())) | L86: =IF($K86="","","R"&$K86)
A87: =IFERROR(INDEX(중복검사!$A$4:$A$6003,MATCH("R"&82,중복목록!$L$6:$L$6005,0)),"") | B87: =IF($A87="","",IFERROR(INDEX(중복검사!$B$4:$B$6003,MATCH("R"&82,중복목록!$L$6:$L$6005,0)),"")) | C87: =IF($A87="","",IFERROR(INDEX(중복검사!$C$4:$C$6003,MATCH("R"&82,중복목록!$L$6:$L$6005,0)),"")) | D87: =IF($A87="","",IFERROR(INDEX(중복검사!$D$4:$D$6003,MATCH("R"&82,중복목록!$L$6:$L$6005,0)),"")) | E87: =IF($A87="","",IFERROR(IF(INDEX(원본명단!$E$3:$E$6002,MATCH("R"&82,중복목록!$L$6:$L$6005,0))="","",INDEX(원본명단!$E$3:$E$6002,MATCH("R"&82,중복목록!$L$6:$L$6005,0))),"")) | F87: =IF($A87="","",IFERROR(MAX(INDEX(중복검사!$E$4:$E$6003,MATCH("R"&82,중복목록!$L$6:$L$6005,0)),INDEX(중복검사!$F$4:$F$6003,MATCH("R"&82,중복목록!$L$6:$L$6005,0)),INDEX(중복검사!$G$4:$G$6003,MATCH("R"&82,중복목록!$L$6:$L$6005,0))),"")) | G87: =IF($A87="","",IFERROR(INDEX(중복검사!$I$4:$I$6003,MATCH("R"&82,중복목록!$L$6:$L$6005,0)),"")) | H87: =IF($A87="","",IFERROR(INDEX(중복검사!$J$4:$J$6003,MATCH("R"&82,중복목록!$L$6:$L$6005,0)),"")) | J87: =IF(중복검사!$A85="",FALSE(),중복검사!$H85="중복") -> FALSE | K87: =IF($J87=FALSE(),"",COUNTIF($J$6:$J87,TRUE())) | L87: =IF($K87="","","R"&$K87)
A88: =IFERROR(INDEX(중복검사!$A$4:$A$6003,MATCH("R"&83,중복목록!$L$6:$L$6005,0)),"") | B88: =IF($A88="","",IFERROR(INDEX(중복검사!$B$4:$B$6003,MATCH("R"&83,중복목록!$L$6:$L$6005,0)),"")) | C88: =IF($A88="","",IFERROR(INDEX(중복검사!$C$4:$C$6003,MATCH("R"&83,중복목록!$L$6:$L$6005,0)),"")) | D88: =IF($A88="","",IFERROR(INDEX(중복검사!$D$4:$D$6003,MATCH("R"&83,중복목록!$L$6:$L$6005,0)),"")) | E88: =IF($A88="","",IFERROR(IF(INDEX(원본명단!$E$3:$E$6002,MATCH("R"&83,중복목록!$L$6:$L$6005,0))="","",INDEX(원본명단!$E$3:$E$6002,MATCH("R"&83,중복목록!$L$6:$L$6005,0))),"")) | F88: =IF($A88="","",IFERROR(MAX(INDEX(중복검사!$E$4:$E$6003,MATCH("R"&83,중복목록!$L$6:$L$6005,0)),INDEX(중복검사!$F$4:$F$6003,MATCH("R"&83,중복목록!$L$6:$L$6005,0)),INDEX(중복검사!$G$4:$G$6003,MATCH("R"&83,중복목록!$L$6:$L$6005,0))),"")) | G88: =IF($A88="","",IFERROR(INDEX(중복검사!$I$4:$I$6003,MATCH("R"&83,중복목록!$L$6:$L$6005,0)),"")) | H88: =IF($A88="","",IFERROR(INDEX(중복검사!$J$4:$J$6003,MATCH("R"&83,중복목록!$L$6:$L$6005,0)),"")) | J88: =IF(중복검사!$A86="",FALSE(),중복검사!$H86="중복") -> FALSE | K88: =IF($J88=FALSE(),"",COUNTIF($J$6:$J88,TRUE())) | L88: =IF($K88="","","R"&$K88)
A89: =IFERROR(INDEX(중복검사!$A$4:$A$6003,MATCH("R"&84,중복목록!$L$6:$L$6005,0)),"") | B89: =IF($A89="","",IFERROR(INDEX(중복검사!$B$4:$B$6003,MATCH("R"&84,중복목록!$L$6:$L$6005,0)),"")) | C89: =IF($A89="","",IFERROR(INDEX(중복검사!$C$4:$C$6003,MATCH("R"&84,중복목록!$L$6:$L$6005,0)),"")) | D89: =IF($A89="","",IFERROR(INDEX(중복검사!$D$4:$D$6003,MATCH("R"&84,중복목록!$L$6:$L$6005,0)),"")) | E89: =IF($A89="","",IFERROR(IF(INDEX(원본명단!$E$3:$E$6002,MATCH("R"&84,중복목록!$L$6:$L$6005,0))="","",INDEX(원본명단!$E$3:$E$6002,MATCH("R"&84,중복목록!$L$6:$L$6005,0))),"")) | F89: =IF($A89="","",IFERROR(MAX(INDEX(중복검사!$E$4:$E$6003,MATCH("R"&84,중복목록!$L$6:$L$6005,0)),INDEX(중복검사!$F$4:$F$6003,MATCH("R"&84,중복목록!$L$6:$L$6005,0)),INDEX(중복검사!$G$4:$G$6003,MATCH("R"&84,중복목록!$L$6:$L$6005,0))),"")) | G89: =IF($A89="","",IFERROR(INDEX(중복검사!$I$4:$I$6003,MATCH("R"&84,중복목록!$L$6:$L$6005,0)),"")) | H89: =IF($A89="","",IFERROR(INDEX(중복검사!$J$4:$J$6003,MATCH("R"&84,중복목록!$L$6:$L$6005,0)),"")) | J89: =IF(중복검사!$A87="",FALSE(),중복검사!$H87="중복") -> FALSE | K89: =IF($J89=FALSE(),"",COUNTIF($J$6:$J89,TRUE())) | L89: =IF($K89="","","R"&$K89)
A90: =IFERROR(INDEX(중복검사!$A$4:$A$6003,MATCH("R"&85,중복목록!$L$6:$L$6005,0)),"") | B90: =IF($A90="","",IFERROR(INDEX(중복검사!$B$4:$B$6003,MATCH("R"&85,중복목록!$L$6:$L$6005,0)),"")) | C90: =IF($A90="","",IFERROR(INDEX(중복검사!$C$4:$C$6003,MATCH("R"&85,중복목록!$L$6:$L$6005,0)),"")) | D90: =IF($A90="","",IFERROR(INDEX(중복검사!$D$4:$D$6003,MATCH("R"&85,중복목록!$L$6:$L$6005,0)),"")) | E90: =IF($A90="","",IFERROR(IF(INDEX(원본명단!$E$3:$E$6002,MATCH("R"&85,중복목록!$L$6:$L$6005,0))="","",INDEX(원본명단!$E$3:$E$6002,MATCH("R"&85,중복목록!$L$6:$L$6005,0))),"")) | F90: =IF($A90="","",IFERROR(MAX(INDEX(중복검사!$E$4:$E$6003,MATCH("R"&85,중복목록!$L$6:$L$6005,0)),INDEX(중복검사!$F$4:$F$6003,MATCH("R"&85,중복목록!$L$6:$L$6005,0)),INDEX(중복검사!$G$4:$G$6003,MATCH("R"&85,중복목록!$L$6:$L$6005,0))),"")) | G90: =IF($A90="","",IFERROR(INDEX(중복검사!$I$4:$I$6003,MATCH("R"&85,중복목록!$L$6:$L$6005,0)),"")) | H90: =IF($A90="","",IFERROR(INDEX(중복검사!$J$4:$J$6003,MATCH("R"&85,중복목록!$L$6:$L$6005,0)),"")) | J90: =IF(중복검사!$A88="",FALSE(),중복검사!$H88="중복") -> FALSE | K90: =IF($J90=FALSE(),"",COUNTIF($J$6:$J90,TRUE())) | L90: =IF($K90="","","R"&$K90)
A91: =IFERROR(INDEX(중복검사!$A$4:$A$6003,MATCH("R"&86,중복목록!$L$6:$L$6005,0)),"") | B91: =IF($A91="","",IFERROR(INDEX(중복검사!$B$4:$B$6003,MATCH("R"&86,중복목록!$L$6:$L$6005,0)),"")) | C91: =IF($A91="","",IFERROR(INDEX(중복검사!$C$4:$C$6003,MATCH("R"&86,중복목록!$L$6:$L$6005,0)),"")) | D91: =IF($A91="","",IFERROR(INDEX(중복검사!$D$4:$D$6003,MATCH("R"&86,중복목록!$L$6:$L$6005,0)),"")) | E91: =IF($A91="","",IFERROR(IF(INDEX(원본명단!$E$3:$E$6002,MATCH("R"&86,중복목록!$L$6:$L$6005,0))="","",INDEX(원본명단!$E$3:$E$6002,MATCH("R"&86,중복목록!$L$6:$L$6005,0))),"")) | F91: =IF($A91="","",IFERROR(MAX(INDEX(중복검사!$E$4:$E$6003,MATCH("R"&86,중복목록!$L$6:$L$6005,0)),INDEX(중복검사!$F$4:$F$6003,MATCH("R"&86,중복목록!$L$6:$L$6005,0)),INDEX(중복검사!$G$4:$G$6003,MATCH("R"&86,중복목록!$L$6:$L$6005,0))),"")) | G91: =IF($A91="","",IFERROR(INDEX(중복검사!$I$4:$I$6003,MATCH("R"&86,중복목록!$L$6:$L$6005,0)),"")) | H91: =IF($A91="","",IFERROR(INDEX(중복검사!$J$4:$J$6003,MATCH("R"&86,중복목록!$L$6:$L$6005,0)),"")) | J91: =IF(중복검사!$A89="",FALSE(),중복검사!$H89="중복") -> FALSE | K91: =IF($J91=FALSE(),"",COUNTIF($J$6:$J91,TRUE())) | L91: =IF($K91="","","R"&$K91)
A92: =IFERROR(INDEX(중복검사!$A$4:$A$6003,MATCH("R"&87,중복목록!$L$6:$L$6005,0)),"") | B92: =IF($A92="","",IFERROR(INDEX(중복검사!$B$4:$B$6003,MATCH("R"&87,중복목록!$L$6:$L$6005,0)),"")) | C92: =IF($A92="","",IFERROR(INDEX(중복검사!$C$4:$C$6003,MATCH("R"&87,중복목록!$L$6:$L$6005,0)),"")) | D92: =IF($A92="","",IFERROR(INDEX(중복검사!$D$4:$D$6003,MATCH("R"&87,중복목록!$L$6:$L$6005,0)),"")) | E92: =IF($A92="","",IFERROR(IF(INDEX(원본명단!$E$3:$E$6002,MATCH("R"&87,중복목록!$L$6:$L$6005,0))="","",INDEX(원본명단!$E$3:$E$6002,MATCH("R"&87,중복목록!$L$6:$L$6005,0))),"")) | F92: =IF($A92="","",IFERROR(MAX(INDEX(중복검사!$E$4:$E$6003,MATCH("R"&87,중복목록!$L$6:$L$6005,0)),INDEX(중복검사!$F$4:$F$6003,MATCH("R"&87,중복목록!$L$6:$L$6005,0)),INDEX(중복검사!$G$4:$G$6003,MATCH("R"&87,중복목록!$L$6:$L$6005,0))),"")) | G92: =IF($A92="","",IFERROR(INDEX(중복검사!$I$4:$I$6003,MATCH("R"&87,중복목록!$L$6:$L$6005,0)),"")) | H92: =IF($A92="","",IFERROR(INDEX(중복검사!$J$4:$J$6003,MATCH("R"&87,중복목록!$L$6:$L$6005,0)),"")) | J92: =IF(중복검사!$A90="",FALSE(),중복검사!$H90="중복") -> FALSE | K92: =IF($J92=FALSE(),"",COUNTIF($J$6:$J92,TRUE())) | L92: =IF($K92="","","R"&$K92)
A93: =IFERROR(INDEX(중복검사!$A$4:$A$6003,MATCH("R"&88,중복목록!$L$6:$L$6005,0)),"") | B93: =IF($A93="","",IFERROR(INDEX(중복검사!$B$4:$B$6003,MATCH("R"&88,중복목록!$L$6:$L$6005,0)),"")) | C93: =IF($A93="","",IFERROR(INDEX(중복검사!$C$4:$C$6003,MATCH("R"&88,중복목록!$L$6:$L$6005,0)),"")) | D93: =IF($A93="","",IFERROR(INDEX(중복검사!$D$4:$D$6003,MATCH("R"&88,중복목록!$L$6:$L$6005,0)),"")) | E93: =IF($A93="","",IFERROR(IF(INDEX(원본명단!$E$3:$E$6002,MATCH("R"&88,중복목록!$L$6:$L$6005,0))="","",INDEX(원본명단!$E$3:$E$6002,MATCH("R"&88,중복목록!$L$6:$L$6005,0))),"")) | F93: =IF($A93="","",IFERROR(MAX(INDEX(중복검사!$E$4:$E$6003,MATCH("R"&88,중복목록!$L$6:$L$6005,0)),INDEX(중복검사!$F$4:$F$6003,MATCH("R"&88,중복목록!$L$6:$L$6005,0)),INDEX(중복검사!$G$4:$G$6003,MATCH("R"&88,중복목록!$L$6:$L$6005,0))),"")) | G93: =IF($A93="","",IFERROR(INDEX(중복검사!$I$4:$I$6003,MATCH("R"&88,중복목록!$L$6:$L$6005,0)),"")) | H93: =IF($A93="","",IFERROR(INDEX(중복검사!$J$4:$J$6003,MATCH("R"&88,중복목록!$L$6:$L$6005,0)),"")) | J93: =IF(중복검사!$A91="",FALSE(),중복검사!$H91="중복") -> FALSE | K93: =IF($J93=FALSE(),"",COUNTIF($J$6:$J93,TRUE())) | L93: =IF($K93="","","R"&$K93)
A94: =IFERROR(INDEX(중복검사!$A$4:$A$6003,MATCH("R"&89,중복목록!$L$6:$L$6005,0)),"") | B94: =IF($A94="","",IFERROR(INDEX(중복검사!$B$4:$B$6003,MATCH("R"&89,중복목록!$L$6:$L$6005,0)),"")) | C94: =IF($A94="","",IFERROR(INDEX(중복검사!$C$4:$C$6003,MATCH("R"&89,중복목록!$L$6:$L$6005,0)),"")) | D94: =IF($A94="","",IFERROR(INDEX(중복검사!$D$4:$D$6003,MATCH("R"&89,중복목록!$L$6:$L$6005,0)),"")) | E94: =IF($A94="","",IFERROR(IF(INDEX(원본명단!$E$3:$E$6002,MATCH("R"&89,중복목록!$L$6:$L$6005,0))="","",INDEX(원본명단!$E$3:$E$6002,MATCH("R"&89,중복목록!$L$6:$L$6005,0))),"")) | F94: =IF($A94="","",IFERROR(MAX(INDEX(중복검사!$E$4:$E$6003,MATCH("R"&89,중복목록!$L$6:$L$6005,0)),INDEX(중복검사!$F$4:$F$6003,MATCH("R"&89,중복목록!$L$6:$L$6005,0)),INDEX(중복검사!$G$4:$G$6003,MATCH("R"&89,중복목록!$L$6:$L$6005,0))),"")) | G94: =IF($A94="","",IFERROR(INDEX(중복검사!$I$4:$I$6003,MATCH("R"&89,중복목록!$L$6:$L$6005,0)),"")) | H94: =IF($A94="","",IFERROR(INDEX(중복검사!$J$4:$J$6003,MATCH("R"&89,중복목록!$L$6:$L$6005,0)),"")) | J94: =IF(중복검사!$A92="",FALSE(),중복검사!$H92="중복") -> FALSE | K94: =IF($J94=FALSE(),"",COUNTIF($J$6:$J94,TRUE())) | L94: =IF($K94="","","R"&$K94)
A95: =IFERROR(INDEX(중복검사!$A$4:$A$6003,MATCH("R"&90,중복목록!$L$6:$L$6005,0)),"") | B95: =IF($A95="","",IFERROR(INDEX(중복검사!$B$4:$B$6003,MATCH("R"&90,중복목록!$L$6:$L$6005,0)),"")) | C95: =IF($A95="","",IFERROR(INDEX(중복검사!$C$4:$C$6003,MATCH("R"&90,중복목록!$L$6:$L$6005,0)),"")) | D95: =IF($A95="","",IFERROR(INDEX(중복검사!$D$4:$D$6003,MATCH("R"&90,중복목록!$L$6:$L$6005,0)),"")) | E95: =IF($A95="","",IFERROR(IF(INDEX(원본명단!$E$3:$E$6002,MATCH("R"&90,중복목록!$L$6:$L$6005,0))="","",INDEX(원본명단!$E$3:$E$6002,MATCH("R"&90,중복목록!$L$6:$L$6005,0))),"")) | F95: =IF($A95="","",IFERROR(MAX(INDEX(중복검사!$E$4:$E$6003,MATCH("R"&90,중복목록!$L$6:$L$6005,0)),INDEX(중복검사!$F$4:$F$6003,MATCH("R"&90,중복목록!$L$6:$L$6005,0)),INDEX(중복검사!$G$4:$G$6003,MATCH("R"&90,중복목록!$L$6:$L$6005,0))),"")) | G95: =IF($A95="","",IFERROR(INDEX(중복검사!$I$4:$I$6003,MATCH("R"&90,중복목록!$L$6:$L$6005,0)),"")) | H95: =IF($A95="","",IFERROR(INDEX(중복검사!$J$4:$J$6003,MATCH("R"&90,중복목록!$L$6:$L$6005,0)),"")) | J95: =IF(중복검사!$A93="",FALSE(),중복검사!$H93="중복") -> FALSE | K95: =IF($J95=FALSE(),"",COUNTIF($J$6:$J95,TRUE())) | L95: =IF($K95="","","R"&$K95)
A96: =IFERROR(INDEX(중복검사!$A$4:$A$6003,MATCH("R"&91,중복목록!$L$6:$L$6005,0)),"") | B96: =IF($A96="","",IFERROR(INDEX(중복검사!$B$4:$B$6003,MATCH("R"&91,중복목록!$L$6:$L$6005,0)),"")) | C96: =IF($A96="","",IFERROR(INDEX(중복검사!$C$4:$C$6003,MATCH("R"&91,중복목록!$L$6:$L$6005,0)),"")) | D96: =IF($A96="","",IFERROR(INDEX(중복검사!$D$4:$D$6003,MATCH("R"&91,중복목록!$L$6:$L$6005,0)),"")) | E96: =IF($A96="","",IFERROR(IF(INDEX(원본명단!$E$3:$E$6002,MATCH("R"&91,중복목록!$L$6:$L$6005,0))="","",INDEX(원본명단!$E$3:$E$6002,MATCH("R"&91,중복목록!$L$6:$L$6005,0))),"")) | F96: =IF($A96="","",IFERROR(MAX(INDEX(중복검사!$E$4:$E$6003,MATCH("R"&91,중복목록!$L$6:$L$6005,0)),INDEX(중복검사!$F$4:$F$6003,MATCH("R"&91,중복목록!$L$6:$L$6005,0)),INDEX(중복검사!$G$4:$G$6003,MATCH("R"&91,중복목록!$L$6:$L$6005,0))),"")) | G96: =IF($A96="","",IFERROR(INDEX(중복검사!$I$4:$I$6003,MATCH("R"&91,중복목록!$L$6:$L$6005,0)),"")) | H96: =IF($A96="","",IFERROR(INDEX(중복검사!$J$4:$J$6003,MATCH("R"&91,중복목록!$L$6:$L$6005,0)),"")) | J96: =IF(중복검사!$A94="",FALSE(),중복검사!$H94="중복") -> FALSE | K96: =IF($J96=FALSE(),"",COUNTIF($J$6:$J96,TRUE())) | L96: =IF($K96="","","R"&$K96)
A97: =IFERROR(INDEX(중복검사!$A$4:$A$6003,MATCH("R"&92,중복목록!$L$6:$L$6005,0)),"") | B97: =IF($A97="","",IFERROR(INDEX(중복검사!$B$4:$B$6003,MATCH("R"&92,중복목록!$L$6:$L$6005,0)),"")) | C97: =IF($A97="","",IFERROR(INDEX(중복검사!$C$4:$C$6003,MATCH("R"&92,중복목록!$L$6:$L$6005,0)),"")) | D97: =IF($A97="","",IFERROR(INDEX(중복검사!$D$4:$D$6003,MATCH("R"&92,중복목록!$L$6:$L$6005,0)),"")) | E97: =IF($A97="","",IFERROR(IF(INDEX(원본명단!$E$3:$E$6002,MATCH("R"&92,중복목록!$L$6:$L$6005,0))="","",INDEX(원본명단!$E$3:$E$6002,MATCH("R"&92,중복목록!$L$6:$L$6005,0))),"")) | F97: =IF($A97="","",IFERROR(MAX(INDEX(중복검사!$E$4:$E$6003,MATCH("R"&92,중복목록!$L$6:$L$6005,0)),INDEX(중복검사!$F$4:$F$6003,MATCH("R"&92,중복목록!$L$6:$L$6005,0)),INDEX(중복검사!$G$4:$G$6003,MATCH("R"&92,중복목록!$L$6:$L$6005,0))),"")) | G97: =IF($A97="","",IFERROR(INDEX(중복검사!$I$4:$I$6003,MATCH("R"&92,중복목록!$L$6:$L$6005,0)),"")) | H97: =IF($A97="","",IFERROR(INDEX(중복검사!$J$4:$J$6003,MATCH("R"&92,중복목록!$L$6:$L$6005,0)),"")) | J97: =IF(중복검사!$A95="",FALSE(),중복검사!$H95="중복") -> FALSE | K97: =IF($J97=FALSE(),"",COUNTIF($J$6:$J97,TRUE())) | L97: =IF($K97="","","R"&$K97)
A98: =IFERROR(INDEX(중복검사!$A$4:$A$6003,MATCH("R"&93,중복목록!$L$6:$L$6005,0)),"") | B98: =IF($A98="","",IFERROR(INDEX(중복검사!$B$4:$B$6003,MATCH("R"&93,중복목록!$L$6:$L$6005,0)),"")) | C98: =IF($A98="","",IFERROR(INDEX(중복검사!$C$4:$C$6003,MATCH("R"&93,중복목록!$L$6:$L$6005,0)),"")) | D98: =IF($A98="","",IFERROR(INDEX(중복검사!$D$4:$D$6003,MATCH("R"&93,중복목록!$L$6:$L$6005,0)),"")) | E98: =IF($A98="","",IFERROR(IF(INDEX(원본명단!$E$3:$E$6002,MATCH("R"&93,중복목록!$L$6:$L$6005,0))="","",INDEX(원본명단!$E$3:$E$6002,MATCH("R"&93,중복목록!$L$6:$L$6005,0))),"")) | F98: =IF($A98="","",IFERROR(MAX(INDEX(중복검사!$E$4:$E$6003,MATCH("R"&93,중복목록!$L$6:$L$6005,0)),INDEX(중복검사!$F$4:$F$6003,MATCH("R"&93,중복목록!$L$6:$L$6005,0)),INDEX(중복검사!$G$4:$G$6003,MATCH("R"&93,중복목록!$L$6:$L$6005,0))),"")) | G98: =IF($A98="","",IFERROR(INDEX(중복검사!$I$4:$I$6003,MATCH("R"&93,중복목록!$L$6:$L$6005,0)),"")) | H98: =IF($A98="","",IFERROR(INDEX(중복검사!$J$4:$J$6003,MATCH("R"&93,중복목록!$L$6:$L$6005,0)),"")) | J98: =IF(중복검사!$A96="",FALSE(),중복검사!$H96="중복") -> FALSE | K98: =IF($J98=FALSE(),"",COUNTIF($J$6:$J98,TRUE())) | L98: =IF($K98="","","R"&$K98)
A99: =IFERROR(INDEX(중복검사!$A$4:$A$6003,MATCH("R"&94,중복목록!$L$6:$L$6005,0)),"") | B99: =IF($A99="","",IFERROR(INDEX(중복검사!$B$4:$B$6003,MATCH("R"&94,중복목록!$L$6:$L$6005,0)),"")) | C99: =IF($A99="","",IFERROR(INDEX(중복검사!$C$4:$C$6003,MATCH("R"&94,중복목록!$L$6:$L$6005,0)),"")) | D99: =IF($A99="","",IFERROR(INDEX(중복검사!$D$4:$D$6003,MATCH("R"&94,중복목록!$L$6:$L$6005,0)),"")) | E99: =IF($A99="","",IFERROR(IF(INDEX(원본명단!$E$3:$E$6002,MATCH("R"&94,중복목록!$L$6:$L$6005,0))="","",INDEX(원본명단!$E$3:$E$6002,MATCH("R"&94,중복목록!$L$6:$L$6005,0))),"")) | F99: =IF($A99="","",IFERROR(MAX(INDEX(중복검사!$E$4:$E$6003,MATCH("R"&94,중복목록!$L$6:$L$6005,0)),INDEX(중복검사!$F$4:$F$6003,MATCH("R"&94,중복목록!$L$6:$L$6005,0)),INDEX(중복검사!$G$4:$G$6003,MATCH("R"&94,중복목록!$L$6:$L$6005,0))),"")) | G99: =IF($A99="","",IFERROR(INDEX(중복검사!$I$4:$I$6003,MATCH("R"&94,중복목록!$L$6:$L$6005,0)),"")) | H99: =IF($A99="","",IFERROR(INDEX(중복검사!$J$4:$J$6003,MATCH("R"&94,중복목록!$L$6:$L$6005,0)),"")) | J99: =IF(중복검사!$A97="",FALSE(),중복검사!$H97="중복") -> FALSE | K99: =IF($J99=FALSE(),"",COUNTIF($J$6:$J99,TRUE())) | L99: =IF($K99="","","R"&$K99)
A100: =IFERROR(INDEX(중복검사!$A$4:$A$6003,MATCH("R"&95,중복목록!$L$6:$L$6005,0)),"") | B100: =IF($A100="","",IFERROR(INDEX(중복검사!$B$4:$B$6003,MATCH("R"&95,중복목록!$L$6:$L$6005,0)),"")) | C100: =IF($A100="","",IFERROR(INDEX(중복검사!$C$4:$C$6003,MATCH("R"&95,중복목록!$L$6:$L$6005,0)),"")) | D100: =IF($A100="","",IFERROR(INDEX(중복검사!$D$4:$D$6003,MATCH("R"&95,중복목록!$L$6:$L$6005,0)),"")) | E100: =IF($A100="","",IFERROR(IF(INDEX(원본명단!$E$3:$E$6002,MATCH("R"&95,중복목록!$L$6:$L$6005,0))="","",INDEX(원본명단!$E$3:$E$6002,MATCH("R"&95,중복목록!$L$6:$L$6005,0))),"")) | F100: =IF($A100="","",IFERROR(MAX(INDEX(중복검사!$E$4:$E$6003,MATCH("R"&95,중복목록!$L$6:$L$6005,0)),INDEX(중복검사!$F$4:$F$6003,MATCH("R"&95,중복목록!$L$6:$L$6005,0)),INDEX(중복검사!$G$4:$G$6003,MATCH("R"&95,중복목록!$L$6:$L$6005,0))),"")) | G100: =IF($A100="","",IFERROR(INDEX(중복검사!$I$4:$I$6003,MATCH("R"&95,중복목록!$L$6:$L$6005,0)),"")) | H100: =IF($A100="","",IFERROR(INDEX(중복검사!$J$4:$J$6003,MATCH("R"&95,중복목록!$L$6:$L$6005,0)),"")) | J100: =IF(중복검사!$A98="",FALSE(),중복검사!$H98="중복") -> FALSE | K100: =IF($J100=FALSE(),"",COUNTIF($J$6:$J100,TRUE())) | L100: =IF($K100="","","R"&$K100)
A101: =IFERROR(INDEX(중복검사!$A$4:$A$6003,MATCH("R"&96,중복목록!$L$6:$L$6005,0)),"") | B101: =IF($A101="","",IFERROR(INDEX(중복검사!$B$4:$B$6003,MATCH("R"&96,중복목록!$L$6:$L$6005,0)),"")) | C101: =IF($A101="","",IFERROR(INDEX(중복검사!$C$4:$C$6003,MATCH("R"&96,중복목록!$L$6:$L$6005,0)),"")) | D101: =IF($A101="","",IFERROR(INDEX(중복검사!$D$4:$D$6003,MATCH("R"&96,중복목록!$L$6:$L$6005,0)),"")) | E101: =IF($A101="","",IFERROR(IF(INDEX(원본명단!$E$3:$E$6002,MATCH("R"&96,중복목록!$L$6:$L$6005,0))="","",INDEX(원본명단!$E$3:$E$6002,MATCH("R"&96,중복목록!$L$6:$L$6005,0))),"")) | F101: =IF($A101="","",IFERROR(MAX(INDEX(중복검사!$E$4:$E$6003,MATCH("R"&96,중복목록!$L$6:$L$6005,0)),INDEX(중복검사!$F$4:$F$6003,MATCH("R"&96,중복목록!$L$6:$L$6005,0)),INDEX(중복검사!$G$4:$G$6003,MATCH("R"&96,중복목록!$L$6:$L$6005,0))),"")) | G101: =IF($A101="","",IFERROR(INDEX(중복검사!$I$4:$I$6003,MATCH("R"&96,중복목록!$L$6:$L$6005,0)),"")) | H101: =IF($A101="","",IFERROR(INDEX(중복검사!$J$4:$J$6003,MATCH("R"&96,중복목록!$L$6:$L$6005,0)),"")) | J101: =IF(중복검사!$A99="",FALSE(),중복검사!$H99="중복") -> FALSE | K101: =IF($J101=FALSE(),"",COUNTIF($J$6:$J101,TRUE())) | L101: =IF($K101="","","R"&$K101)
A102: =IFERROR(INDEX(중복검사!$A$4:$A$6003,MATCH("R"&97,중복목록!$L$6:$L$6005,0)),"") | B102: =IF($A102="","",IFERROR(INDEX(중복검사!$B$4:$B$6003,MATCH("R"&97,중복목록!$L$6:$L$6005,0)),"")) | C102: =IF($A102="","",IFERROR(INDEX(중복검사!$C$4:$C$6003,MATCH("R"&97,중복목록!$L$6:$L$6005,0)),"")) | D102: =IF($A102="","",IFERROR(INDEX(중복검사!$D$4:$D$6003,MATCH("R"&97,중복목록!$L$6:$L$6005,0)),"")) | E102: =IF($A102="","",IFERROR(IF(INDEX(원본명단!$E$3:$E$6002,MATCH("R"&97,중복목록!$L$6:$L$6005,0))="","",INDEX(원본명단!$E$3:$E$6002,MATCH("R"&97,중복목록!$L$6:$L$6005,0))),"")) | F102: =IF($A102="","",IFERROR(MAX(INDEX(중복검사!$E$4:$E$6003,MATCH("R"&97,중복목록!$L$6:$L$6005,0)),INDEX(중복검사!$F$4:$F$6003,MATCH("R"&97,중복목록!$L$6:$L$6005,0)),INDEX(중복검사!$G$4:$G$6003,MATCH("R"&97,중복목록!$L$6:$L$6005,0))),"")) | G102: =IF($A102="","",IFERROR(INDEX(중복검사!$I$4:$I$6003,MATCH("R"&97,중복목록!$L$6:$L$6005,0)),"")) | H102: =IF($A102="","",IFERROR(INDEX(중복검사!$J$4:$J$6003,MATCH("R"&97,중복목록!$L$6:$L$6005,0)),"")) | J102: =IF(중복검사!$A100="",FALSE(),중복검사!$H100="중복") -> FALSE | K102: =IF($J102=FALSE(),"",COUNTIF($J$6:$J102,TRUE())) | L102: =IF($K102="","","R"&$K102)
...

Sheet 정리결과
A1: 정리결과 (겹치는 건 중 첫 번째만 남긴 명단)
A3: 정리 후 건수 | B3: =COUNTIF(중복검사!$J$4:$J$6003,"유지") -> 3 | D3: ※ 이 표를 복사해서 쓰세요. 반드시 눈으로 한 번 확인하시고요.
A5: 업체명 | B5: 사업자번호 | C5: 대표자 | D5: 연락처 | E5: 주소 | F5: 비고 | H5: 대상(자동) | I5: 순번(자동) | J5: 키(자동)
A6: =IFERROR(IF(INDEX(원본명단!$A$3:$A$6002,MATCH("R"&1,정리결과!$J$6:$J$6005,0))="","",INDEX(원본명단!$A$3:$A$6002,MATCH("R"&1,정리결과!$J$6:$J$6005,0))),"") -> (주)가나상사 | B6: =IF($A6="","",IFERROR(IF(INDEX(원본명단!$B$3:$B$6002,MATCH("R"&1,정리결과!$J$6:$J$6005,0))="","",INDEX(원본명단!$B$3:$B$6002,MATCH("R"&1,정리결과!$J$6:$J$6005,0))),"")) -> 123-45-67890 | C6: =IF($A6="","",IFERROR(IF(INDEX(원본명단!$C$3:$C$6002,MATCH("R"&1,정리결과!$J$6:$J$6005,0))="","",INDEX(원본명단!$C$3:$C$6002,MATCH("R"&1,정리결과!$J$6:$J$6005,0))),"")) -> 김대표 | D6: =IF($A6="","",IFERROR(IF(INDEX(원본명단!$D$3:$D$6002,MATCH("R"&1,정리결과!$J$6:$J$6005,0))="","",INDEX(원본명단!$D$3:$D$6002,MATCH("R"&1,정리결과!$J$6:$J$6005,0))),"")) -> 010-1111-2222 | E6: =IF($A6="","",IFERROR(IF(INDEX(원본명단!$E$3:$E$6002,MATCH("R"&1,정리결과!$J$6:$J$6005,0))="","",INDEX(원본명단!$E$3:$E$6002,MATCH("R"&1,정리결과!$J$6:$J$6005,0))),"")) -> 서울시 강남구 테헤란로 1 | F6: =IF($A6="","",IFERROR(IF(INDEX(원본명단!$F$3:$F$6002,MATCH("R"&1,정리결과!$J$6:$J$6005,0))="","",INDEX(원본명단!$F$3:$F$6002,MATCH("R"&1,정리결과!$J$6:$J$6005,0))),"")) -> ← 예시 5건 (2·5번이 중복) | H6: =IF(중복검사!$A4="",FALSE(),중복검사!$J4="유지") -> TRUE | I6: =IF($H6=FALSE(),"",COUNTIF($H$6:$H6,TRUE())) -> 1 | J6: =IF($I6="","","R"&$I6) -> R1
A7: =IFERROR(IF(INDEX(원본명단!$A$3:$A$6002,MATCH("R"&2,정리결과!$J$6:$J$6005,0))="","",INDEX(원본명단!$A$3:$A$6002,MATCH("R"&2,정리결과!$J$6:$J$6005,0))),"") -> 다라유통 | B7: =IF($A7="","",IFERROR(IF(INDEX(원본명단!$B$3:$B$6002,MATCH("R"&2,정리결과!$J$6:$J$6005,0))="","",INDEX(원본명단!$B$3:$B$6002,MATCH("R"&2,정리결과!$J$6:$J$6005,0))),"")) -> 222-22-22222 | C7: =IF($A7="","",IFERROR(IF(INDEX(원본명단!$C$3:$C$6002,MATCH("R"&2,정리결과!$J$6:$J$6005,0))="","",INDEX(원본명단!$C$3:$C$6002,MATCH("R"&2,정리결과!$J$6:$J$6005,0))),"")) -> 이대표 | D7: =IF($A7="","",IFERROR(IF(INDEX(원본명단!$D$3:$D$6002,MATCH("R"&2,정리결과!$J$6:$J$6005,0))="","",INDEX(원본명단!$D$3:$D$6002,MATCH("R"&2,정리결과!$J$6:$J$6005,0))),"")) -> 031-222-3333 | E7: =IF($A7="","",IFERROR(IF(INDEX(원본명단!$E$3:$E$6002,MATCH("R"&2,정리결과!$J$6:$J$6005,0))="","",INDEX(원본명단!$E$3:$E$6002,MATCH("R"&2,정리결과!$J$6:$J$6005,0))),"")) -> 경기도 성남시 분당구 2 | F7: =IF($A7="","",IFERROR(IF(INDEX(원본명단!$F$3:$F$6002,MATCH("R"&2,정리결과!$J$6:$J$6005,0))="","",INDEX(원본명단!$F$3:$F$6002,MATCH("R"&2,정리결과!$J$6:$J$6005,0))),"")) | H7: =IF(중복검사!$A5="",FALSE(),중복검사!$J5="유지") -> FALSE | I7: =IF($H7=FALSE(),"",COUNTIF($H$6:$H7,TRUE())) | J7: =IF($I7="","","R"&$I7)
A8: =IFERROR(IF(INDEX(원본명단!$A$3:$A$6002,MATCH("R"&3,정리결과!$J$6:$J$6005,0))="","",INDEX(원본명단!$A$3:$A$6002,MATCH("R"&3,정리결과!$J$6:$J$6005,0))),"") -> 마바물산 주식회사 | B8: =IF($A8="","",IFERROR(IF(INDEX(원본명단!$B$3:$B$6002,MATCH("R"&3,정리결과!$J$6:$J$6005,0))="","",INDEX(원본명단!$B$3:$B$6002,MATCH("R"&3,정리결과!$J$6:$J$6005,0))),"")) -> 333-33-33333 | C8: =IF($A8="","",IFERROR(IF(INDEX(원본명단!$C$3:$C$6002,MATCH("R"&3,정리결과!$J$6:$J$6005,0))="","",INDEX(원본명단!$C$3:$C$6002,MATCH("R"&3,정리결과!$J$6:$J$6005,0))),"")) -> 박대표 | D8: =IF($A8="","",IFERROR(IF(INDEX(원본명단!$D$3:$D$6002,MATCH("R"&3,정리결과!$J$6:$J$6005,0))="","",INDEX(원본명단!$D$3:$D$6002,MATCH("R"&3,정리결과!$J$6:$J$6005,0))),"")) -> 02-333-4444 | E8: =IF($A8="","",IFERROR(IF(INDEX(원본명단!$E$3:$E$6002,MATCH("R"&3,정리결과!$J$6:$J$6005,0))="","",INDEX(원본명단!$E$3:$E$6002,MATCH("R"&3,정리결과!$J$6:$J$6005,0))),"")) -> 부산시 해운대구 3 | F8: =IF($A8="","",IFERROR(IF(INDEX(원본명단!$F$3:$F$6002,MATCH("R"&3,정리결과!$J$6:$J$6005,0))="","",INDEX(원본명단!$F$3:$F$6002,MATCH("R"&3,정리결과!$J$6:$J$6005,0))),"")) | H8: =IF(중복검사!$A6="",FALSE(),중복검사!$J6="유지") -> TRUE | I8: =IF($H8=FALSE(),"",COUNTIF($H$6:$H8,TRUE())) -> 2 | J8: =IF($I8="","","R"&$I8) -> R2
A9: =IFERROR(IF(INDEX(원본명단!$A$3:$A$6002,MATCH("R"&4,정리결과!$J$6:$J$6005,0))="","",INDEX(원본명단!$A$3:$A$6002,MATCH("R"&4,정리결과!$J$6:$J$6005,0))),"") | B9: =IF($A9="","",IFERROR(IF(INDEX(원본명단!$B$3:$B$6002,MATCH("R"&4,정리결과!$J$6:$J$6005,0))="","",INDEX(원본명단!$B$3:$B$6002,MATCH("R"&4,정리결과!$J$6:$J$6005,0))),"")) | C9: =IF($A9="","",IFERROR(IF(INDEX(원본명단!$C$3:$C$6002,MATCH("R"&4,정리결과!$J$6:$J$6005,0))="","",INDEX(원본명단!$C$3:$C$6002,MATCH("R"&4,정리결과!$J$6:$J$6005,0))),"")) | D9: =IF($A9="","",IFERROR(IF(INDEX(원본명단!$D$3:$D$6002,MATCH("R"&4,정리결과!$J$6:$J$6005,0))="","",INDEX(원본명단!$D$3:$D$6002,MATCH("R"&4,정리결과!$J$6:$J$6005,0))),"")) | E9: =IF($A9="","",IFERROR(IF(INDEX(원본명단!$E$3:$E$6002,MATCH("R"&4,정리결과!$J$6:$J$6005,0))="","",INDEX(원본명단!$E$3:$E$6002,MATCH("R"&4,정리결과!$J$6:$J$6005,0))),"")) | F9: =IF($A9="","",IFERROR(IF(INDEX(원본명단!$F$3:$F$6002,MATCH("R"&4,정리결과!$J$6:$J$6005,0))="","",INDEX(원본명단!$F$3:$F$6002,MATCH("R"&4,정리결과!$J$6:$J$6005,0))),"")) | H9: =IF(중복검사!$A7="",FALSE(),중복검사!$J7="유지") -> TRUE | I9: =IF($H9=FALSE(),"",COUNTIF($H$6:$H9,TRUE())) -> 3 | J9: =IF($I9="","","R"&$I9) -> R3
A10: =IFERROR(IF(INDEX(원본명단!$A$3:$A$6002,MATCH("R"&5,정리결과!$J$6:$J$6005,0))="","",INDEX(원본명단!$A$3:$A$6002,MATCH("R"&5,정리결과!$J$6:$J$6005,0))),"") | B10: =IF($A10="","",IFERROR(IF(INDEX(원본명단!$B$3:$B$6002,MATCH("R"&5,정리결과!$J$6:$J$6005,0))="","",INDEX(원본명단!$B$3:$B$6002,MATCH("R"&5,정리결과!$J$6:$J$6005,0))),"")) | C10: =IF($A10="","",IFERROR(IF(INDEX(원본명단!$C$3:$C$6002,MATCH("R"&5,정리결과!$J$6:$J$6005,0))="","",INDEX(원본명단!$C$3:$C$6002,MATCH("R"&5,정리결과!$J$6:$J$6005,0))),"")) | D10: =IF($A10="","",IFERROR(IF(INDEX(원본명단!$D$3:$D$6002,MATCH("R"&5,정리결과!$J$6:$J$6005,0))="","",INDEX(원본명단!$D$3:$D$6002,MATCH("R"&5,정리결과!$J$6:$J$6005,0))),"")) | E10: =IF($A10="","",IFERROR(IF(INDEX(원본명단!$E$3:$E$6002,MATCH("R"&5,정리결과!$J$6:$J$6005,0))="","",INDEX(원본명단!$E$3:$E$6002,MATCH("R"&5,정리결과!$J$6:$J$6005,0))),"")) | F10: =IF($A10="","",IFERROR(IF(INDEX(원본명단!$F$3:$F$6002,MATCH("R"&5,정리결과!$J$6:$J$6005,0))="","",INDEX(원본명단!$F$3:$F$6002,MATCH("R"&5,정리결과!$J$6:$J$6005,0))),"")) | H10: =IF(중복검사!$A8="",FALSE(),중복검사!$J8="유지") -> FALSE | I10: =IF($H10=FALSE(),"",COUNTIF($H$6:$H10,TRUE())) | J10: =IF($I10="","","R"&$I10)
A11: =IFERROR(IF(INDEX(원본명단!$A$3:$A$6002,MATCH("R"&6,정리결과!$J$6:$J$6005,0))="","",INDEX(원본명단!$A$3:$A$6002,MATCH("R"&6,정리결과!$J$6:$J$6005,0))),"") | B11: =IF($A11="","",IFERROR(IF(INDEX(원본명단!$B$3:$B$6002,MATCH("R"&6,정리결과!$J$6:$J$6005,0))="","",INDEX(원본명단!$B$3:$B$6002,MATCH("R"&6,정리결과!$J$6:$J$6005,0))),"")) | C11: =IF($A11="","",IFERROR(IF(INDEX(원본명단!$C$3:$C$6002,MATCH("R"&6,정리결과!$J$6:$J$6005,0))="","",INDEX(원본명단!$C$3:$C$6002,MATCH("R"&6,정리결과!$J$6:$J$6005,0))),"")) | D11: =IF($A11="","",IFERROR(IF(INDEX(원본명단!$D$3:$D$6002,MATCH("R"&6,정리결과!$J$6:$J$6005,0))="","",INDEX(원본명단!$D$3:$D$6002,MATCH("R"&6,정리결과!$J$6:$J$6005,0))),"")) | E11: =IF($A11="","",IFERROR(IF(INDEX(원본명단!$E$3:$E$6002,MATCH("R"&6,정리결과!$J$6:$J$6005,0))="","",INDEX(원본명단!$E$3:$E$6002,MATCH("R"&6,정리결과!$J$6:$J$6005,0))),"")) | F11: =IF($A11="","",IFERROR(IF(INDEX(원본명단!$F$3:$F$6002,MATCH("R"&6,정리결과!$J$6:$J$6005,0))="","",INDEX(원본명단!$F$3:$F$6002,MATCH("R"&6,정리결과!$J$6:$J$6005,0))),"")) | H11: =IF(중복검사!$A9="",FALSE(),중복검사!$J9="유지") -> FALSE | I11: =IF($H11=FALSE(),"",COUNTIF($H$6:$H11,TRUE())) | J11: =IF($I11="","","R"&$I11)
A12: =IFERROR(IF(INDEX(원본명단!$A$3:$A$6002,MATCH("R"&7,정리결과!$J$6:$J$6005,0))="","",INDEX(원본명단!$A$3:$A$6002,MATCH("R"&7,정리결과!$J$6:$J$6005,0))),"") | B12: =IF($A12="","",IFERROR(IF(INDEX(원본명단!$B$3:$B$6002,MATCH("R"&7,정리결과!$J$6:$J$6005,0))="","",INDEX(원본명단!$B$3:$B$6002,MATCH("R"&7,정리결과!$J$6:$J$6005,0))),"")) | C12: =IF($A12="","",IFERROR(IF(INDEX(원본명단!$C$3:$C$6002,MATCH("R"&7,정리결과!$J$6:$J$6005,0))="","",INDEX(원본명단!$C$3:$C$6002,MATCH("R"&7,정리결과!$J$6:$J$6005,0))),"")) | D12: =IF($A12="","",IFERROR(IF(INDEX(원본명단!$D$3:$D$6002,MATCH("R"&7,정리결과!$J$6:$J$6005,0))="","",INDEX(원본명단!$D$3:$D$6002,MATCH("R"&7,정리결과!$J$6:$J$6005,0))),"")) | E12: =IF($A12="","",IFERROR(IF(INDEX(원본명단!$E$3:$E$6002,MATCH("R"&7,정리결과!$J$6:$J$6005,0))="","",INDEX(원본명단!$E$3:$E$6002,MATCH("R"&7,정리결과!$J$6:$J$6005,0))),"")) | F12: =IF($A12="","",IFERROR(IF(INDEX(원본명단!$F$3:$F$6002,MATCH("R"&7,정리결과!$J$6:$J$6005,0))="","",INDEX(원본명단!$F$3:$F$6002,MATCH("R"&7,정리결과!$J$6:$J$6005,0))),"")) | H12: =IF(중복검사!$A10="",FALSE(),중복검사!$J10="유지") -> FALSE | I12: =IF($H12=FALSE(),"",COUNTIF($H$6:$H12,TRUE())) | J12: =IF($I12="","","R"&$I12)
A13: =IFERROR(IF(INDEX(원본명단!$A$3:$A$6002,MATCH("R"&8,정리결과!$J$6:$J$6005,0))="","",INDEX(원본명단!$A$3:$A$6002,MATCH("R"&8,정리결과!$J$6:$J$6005,0))),"") | B13: =IF($A13="","",IFERROR(IF(INDEX(원본명단!$B$3:$B$6002,MATCH("R"&8,정리결과!$J$6:$J$6005,0))="","",INDEX(원본명단!$B$3:$B$6002,MATCH("R"&8,정리결과!$J$6:$J$6005,0))),"")) | C13: =IF($A13="","",IFERROR(IF(INDEX(원본명단!$C$3:$C$6002,MATCH("R"&8,정리결과!$J$6:$J$6005,0))="","",INDEX(원본명단!$C$3:$C$6002,MATCH("R"&8,정리결과!$J$6:$J$6005,0))),"")) | D13: =IF($A13="","",IFERROR(IF(INDEX(원본명단!$D$3:$D$6002,MATCH("R"&8,정리결과!$J$6:$J$6005,0))="","",INDEX(원본명단!$D$3:$D$6002,MATCH("R"&8,정리결과!$J$6:$J$6005,0))),"")) | E13: =IF($A13="","",IFERROR(IF(INDEX(원본명단!$E$3:$E$6002,MATCH("R"&8,정리결과!$J$6:$J$6005,0))="","",INDEX(원본명단!$E$3:$E$6002,MATCH("R"&8,정리결과!$J$6:$J$6005,0))),"")) | F13: =IF($A13="","",IFERROR(IF(INDEX(원본명단!$F$3:$F$6002,MATCH("R"&8,정리결과!$J$6:$J$6005,0))="","",INDEX(원본명단!$F$3:$F$6002,MATCH("R"&8,정리결과!$J$6:$J$6005,0))),"")) | H13: =IF(중복검사!$A11="",FALSE(),중복검사!$J11="유지") -> FALSE | I13: =IF($H13=FALSE(),"",COUNTIF($H$6:$H13,TRUE())) | J13: =IF($I13="","","R"&$I13)
A14: =IFERROR(IF(INDEX(원본명단!$A$3:$A$6002,MATCH("R"&9,정리결과!$J$6:$J$6005,0))="","",INDEX(원본명단!$A$3:$A$6002,MATCH("R"&9,정리결과!$J$6:$J$6005,0))),"") | B14: =IF($A14="","",IFERROR(IF(INDEX(원본명단!$B$3:$B$6002,MATCH("R"&9,정리결과!$J$6:$J$6005,0))="","",INDEX(원본명단!$B$3:$B$6002,MATCH("R"&9,정리결과!$J$6:$J$6005,0))),"")) | C14: =IF($A14="","",IFERROR(IF(INDEX(원본명단!$C$3:$C$6002,MATCH("R"&9,정리결과!$J$6:$J$6005,0))="","",INDEX(원본명단!$C$3:$C$6002,MATCH("R"&9,정리결과!$J$6:$J$6005,0))),"")) | D14: =IF($A14="","",IFERROR(IF(INDEX(원본명단!$D$3:$D$6002,MATCH("R"&9,정리결과!$J$6:$J$6005,0))="","",INDEX(원본명단!$D$3:$D$6002,MATCH("R"&9,정리결과!$J$6:$J$6005,0))),"")) | E14: =IF($A14="","",IFERROR(IF(INDEX(원본명단!$E$3:$E$6002,MATCH("R"&9,정리결과!$J$6:$J$6005,0))="","",INDEX(원본명단!$E$3:$E$6002,MATCH("R"&9,정리결과!$J$6:$J$6005,0))),"")) | F14: =IF($A14="","",IFERROR(IF(INDEX(원본명단!$F$3:$F$6002,MATCH("R"&9,정리결과!$J$6:$J$6005,0))="","",INDEX(원본명단!$F$3:$F$6002,MATCH("R"&9,정리결과!$J$6:$J$6005,0))),"")) | H14: =IF(중복검사!$A12="",FALSE(),중복검사!$J12="유지") -> FALSE | I14: =IF($H14=FALSE(),"",COUNTIF($H$6:$H14,TRUE())) | J14: =IF($I14="","","R"&$I14)
A15: =IFERROR(IF(INDEX(원본명단!$A$3:$A$6002,MATCH("R"&10,정리결과!$J$6:$J$6005,0))="","",INDEX(원본명단!$A$3:$A$6002,MATCH("R"&10,정리결과!$J$6:$J$6005,0))),"") | B15: =IF($A15="","",IFERROR(IF(INDEX(원본명단!$B$3:$B$6002,MATCH("R"&10,정리결과!$J$6:$J$6005,0))="","",INDEX(원본명단!$B$3:$B$6002,MATCH("R"&10,정리결과!$J$6:$J$6005,0))),"")) | C15: =IF($A15="","",IFERROR(IF(INDEX(원본명단!$C$3:$C$6002,MATCH("R"&10,정리결과!$J$6:$J$6005,0))="","",INDEX(원본명단!$C$3:$C$6002,MATCH("R"&10,정리결과!$J$6:$J$6005,0))),"")) | D15: =IF($A15="","",IFERROR(IF(INDEX(원본명단!$D$3:$D$6002,MATCH("R"&10,정리결과!$J$6:$J$6005,0))="","",INDEX(원본명단!$D$3:$D$6002,MATCH("R"&10,정리결과!$J$6:$J$6005,0))),"")) | E15: =IF($A15="","",IFERROR(IF(INDEX(원본명단!$E$3:$E$6002,MATCH("R"&10,정리결과!$J$6:$J$6005,0))="","",INDEX(원본명단!$E$3:$E$6002,MATCH("R"&10,정리결과!$J$6:$J$6005,0))),"")) | F15: =IF($A15="","",IFERROR(IF(INDEX(원본명단!$F$3:$F$6002,MATCH("R"&10,정리결과!$J$6:$J$6005,0))="","",INDEX(원본명단!$F$3:$F$6002,MATCH("R"&10,정리결과!$J$6:$J$6005,0))),"")) | H15: =IF(중복검사!$A13="",FALSE(),중복검사!$J13="유지") -> FALSE | I15: =IF($H15=FALSE(),"",COUNTIF($H$6:$H15,TRUE())) | J15: =IF($I15="","","R"&$I15)
A16: =IFERROR(IF(INDEX(원본명단!$A$3:$A$6002,MATCH("R"&11,정리결과!$J$6:$J$6005,0))="","",INDEX(원본명단!$A$3:$A$6002,MATCH("R"&11,정리결과!$J$6:$J$6005,0))),"") | B16: =IF($A16="","",IFERROR(IF(INDEX(원본명단!$B$3:$B$6002,MATCH("R"&11,정리결과!$J$6:$J$6005,0))="","",INDEX(원본명단!$B$3:$B$6002,MATCH("R"&11,정리결과!$J$6:$J$6005,0))),"")) | C16: =IF($A16="","",IFERROR(IF(INDEX(원본명단!$C$3:$C$6002,MATCH("R"&11,정리결과!$J$6:$J$6005,0))="","",INDEX(원본명단!$C$3:$C$6002,MATCH("R"&11,정리결과!$J$6:$J$6005,0))),"")) | D16: =IF($A16="","",IFERROR(IF(INDEX(원본명단!$D$3:$D$6002,MATCH("R"&11,정리결과!$J$6:$J$6005,0))="","",INDEX(원본명단!$D$3:$D$6002,MATCH("R"&11,정리결과!$J$6:$J$6005,0))),"")) | E16: =IF($A16="","",IFERROR(IF(INDEX(원본명단!$E$3:$E$6002,MATCH("R"&11,정리결과!$J$6:$J$6005,0))="","",INDEX(원본명단!$E$3:$E$6002,MATCH("R"&11,정리결과!$J$6:$J$6005,0))),"")) | F16: =IF($A16="","",IFERROR(IF(INDEX(원본명단!$F$3:$F$6002,MATCH("R"&11,정리결과!$J$6:$J$6005,0))="","",INDEX(원본명단!$F$3:$F$6002,MATCH("R"&11,정리결과!$J$6:$J$6005,0))),"")) | H16: =IF(중복검사!$A14="",FALSE(),중복검사!$J14="유지") -> FALSE | I16: =IF($H16=FALSE(),"",COUNTIF($H$6:$H16,TRUE())) | J16: =IF($I16="","","R"&$I16)
A17: =IFERROR(IF(INDEX(원본명단!$A$3:$A$6002,MATCH("R"&12,정리결과!$J$6:$J$6005,0))="","",INDEX(원본명단!$A$3:$A$6002,MATCH("R"&12,정리결과!$J$6:$J$6005,0))),"") | B17: =IF($A17="","",IFERROR(IF(INDEX(원본명단!$B$3:$B$6002,MATCH("R"&12,정리결과!$J$6:$J$6005,0))="","",INDEX(원본명단!$B$3:$B$6002,MATCH("R"&12,정리결과!$J$6:$J$6005,0))),"")) | C17: =IF($A17="","",IFERROR(IF(INDEX(원본명단!$C$3:$C$6002,MATCH("R"&12,정리결과!$J$6:$J$6005,0))="","",INDEX(원본명단!$C$3:$C$6002,MATCH("R"&12,정리결과!$J$6:$J$6005,0))),"")) | D17: =IF($A17="","",IFERROR(IF(INDEX(원본명단!$D$3:$D$6002,MATCH("R"&12,정리결과!$J$6:$J$6005,0))="","",INDEX(원본명단!$D$3:$D$6002,MATCH("R"&12,정리결과!$J$6:$J$6005,0))),"")) | E17: =IF($A17="","",IFERROR(IF(INDEX(원본명단!$E$3:$E$6002,MATCH("R"&12,정리결과!$J$6:$J$6005,0))="","",INDEX(원본명단!$E$3:$E$6002,MATCH("R"&12,정리결과!$J$6:$J$6005,0))),"")) | F17: =IF($A17="","",IFERROR(IF(INDEX(원본명단!$F$3:$F$6002,MATCH("R"&12,정리결과!$J$6:$J$6005,0))="","",INDEX(원본명단!$F$3:$F$6002,MATCH("R"&12,정리결과!$J$6:$J$6005,0))),"")) | H17: =IF(중복검사!$A15="",FALSE(),중복검사!$J15="유지") -> FALSE | I17: =IF($H17=FALSE(),"",COUNTIF($H$6:$H17,TRUE())) | J17: =IF($I17="","","R"&$I17)
A18: =IFERROR(IF(INDEX(원본명단!$A$3:$A$6002,MATCH("R"&13,정리결과!$J$6:$J$6005,0))="","",INDEX(원본명단!$A$3:$A$6002,MATCH("R"&13,정리결과!$J$6:$J$6005,0))),"") | B18: =IF($A18="","",IFERROR(IF(INDEX(원본명단!$B$3:$B$6002,MATCH("R"&13,정리결과!$J$6:$J$6005,0))="","",INDEX(원본명단!$B$3:$B$6002,MATCH("R"&13,정리결과!$J$6:$J$6005,0))),"")) | C18: =IF($A18="","",IFERROR(IF(INDEX(원본명단!$C$3:$C$6002,MATCH("R"&13,정리결과!$J$6:$J$6005,0))="","",INDEX(원본명단!$C$3:$C$6002,MATCH("R"&13,정리결과!$J$6:$J$6005,0))),"")) | D18: =IF($A18="","",IFERROR(IF(INDEX(원본명단!$D$3:$D$6002,MATCH("R"&13,정리결과!$J$6:$J$6005,0))="","",INDEX(원본명단!$D$3:$D$6002,MATCH("R"&13,정리결과!$J$6:$J$6005,0))),"")) | E18: =IF($A18="","",IFERROR(IF(INDEX(원본명단!$E$3:$E$6002,MATCH("R"&13,정리결과!$J$6:$J$6005,0))="","",INDEX(원본명단!$E$3:$E$6002,MATCH("R"&13,정리결과!$J$6:$J$6005,0))),"")) | F18: =IF($A18="","",IFERROR(IF(INDEX(원본명단!$F$3:$F$6002,MATCH("R"&13,정리결과!$J$6:$J$6005,0))="","",INDEX(원본명단!$F$3:$F$6002,MATCH("R"&13,정리결과!$J$6:$J$6005,0))),"")) | H18: =IF(중복검사!$A16="",FALSE(),중복검사!$J16="유지") -> FALSE | I18: =IF($H18=FALSE(),"",COUNTIF($H$6:$H18,TRUE())) | J18: =IF($I18="","","R"&$I18)
