Workbook

Sheet 사용안내
B2: 설비점검 · 예비품 · 만료 관리
B4: 핵심 | C4: 점검 주기를 등록해두면 다음 점검일과 남은 날짜가 자동으로 계산됩니다. 때를 놓치지 않게 하는 것이 목적입니다.
B5: 입력 규칙 | C5: 파란색 글씨 칸만 입력하세요. 검은색은 자동 계산입니다.
B6: ① 설비목록 | C6: 관리할 설비·기기를 등록합니다. 점검주기(일)를 반드시 넣으세요.
C7: 예: 에어컨 필터 90일, 소화기 180일, 승강기 30일, 정수기 6개월=180일
B8: ② 점검이력 | C8: 점검할 때마다 한 줄씩. 가장 최근 점검일 기준으로 다음 점검일이 다시 계산됩니다.
B9: ③ 점검현황 | C9: 설비별 다음 점검일과 남은 날짜(D-Day)가 나옵니다. 기한이 임박하면 빨간색입니다.
B10: ④ 예비품목록 | C10: 교체용 부품·소모품을 등록합니다. 적정재고를 넣으면 부족 여부를 알려줍니다.
B11: ⑤ 예비품입출고 | C11: 구매(입고)와 사용(출고)을 기록합니다. 어느 설비에 썼는지 남겨두면 이력이 됩니다.
B12: ⑥ 예비품현황 | C12: 현재고와 적정재고 대비 부족 수량이 나옵니다.
B13: ⑦ 만료관리 | C13: 보험·정기검사·계약처럼 만료일이 있는 것을 등록합니다. 만료 임박 시 경고합니다.
B14: 어디에 쓰나 | C14: 공장 설비, 건물 소방·승강기, 카페 기계 청소, 학원 기자재, 사무실 비품 등
B16: 설정 | C16: 값을 바꾸면 모든 계산에 반영됩니다
B17: 점검 경고 기준(일) | C17: 7
B18: 만료 경고 기준(일) | C18: 30
B20: ※ 법정 점검 주기(소방·승강기·전기 등)는 법으로 정해져 있습니다. 이 파일은 주기를 검증하지 않으니
B21: 해당 법령이나 관리업체의 안내에 따라 주기를 직접 입력하세요.

Sheet 설비목록
A1: 설비목록 (점검주기를 반드시 넣으세요)
A2: 설비코드 | B2: 설비명 | C2: 설치위치 | D2: 담당자 | E2: 점검주기(일) | F2: 최초 점검일 | G2: 설치일 | H2: 비고
A3: EQ001 | B3: 천장형 에어컨 1호기 | C3: 1층 사무실 | D3: 김담당 | E3: 90 | F3: 46082 | G3: 45056
A4: EQ002 | B4: 소화기 (분말 3.3kg) | C4: 1층 복도 | D4: 이담당 | E4: 180 | F4: 46063 | G4: 44566
A5: EQ003 | B5: 공기압축기 | C5: 공장동 | D5: 박담당 | E5: 30 | F5: 46254 | G5: 44378
A6: EQ004 | B6: 정수기 | C6: 휴게실 | D6: 김담당 | E6: 180 | F6: 46174 | G6: 45354
A204: ※ '최초 점검일'은 점검이력이 아직 없을 때의 기준일입니다. 점검이력이 쌓이면 최근 점검일이 우선합니다.

Sheet 점검이력
A1: 점검이력 (점검할 때마다 한 줄씩)
A2: 점검일 | B2: 설비코드 | C2: 설비명(자동) | D2: 점검구분 | E2: 점검자 | F2: 결과 | G2: 조치내용 | H2: 비고
C3: =IF($B3="","",IFERROR(INDEX(설비목록!$B$3:$B$202,MATCH($B3,설비목록!$A$3:$A$202,0)),"미등록설비"))
C4: =IF($B4="","",IFERROR(INDEX(설비목록!$B$3:$B$202,MATCH($B4,설비목록!$A$3:$A$202,0)),"미등록설비"))
C5: =IF($B5="","",IFERROR(INDEX(설비목록!$B$3:$B$202,MATCH($B5,설비목록!$A$3:$A$202,0)),"미등록설비"))
C6: =IF($B6="","",IFERROR(INDEX(설비목록!$B$3:$B$202,MATCH($B6,설비목록!$A$3:$A$202,0)),"미등록설비"))
C7: =IF($B7="","",IFERROR(INDEX(설비목록!$B$3:$B$202,MATCH($B7,설비목록!$A$3:$A$202,0)),"미등록설비"))
C8: =IF($B8="","",IFERROR(INDEX(설비목록!$B$3:$B$202,MATCH($B8,설비목록!$A$3:$A$202,0)),"미등록설비"))
C9: =IF($B9="","",IFERROR(INDEX(설비목록!$B$3:$B$202,MATCH($B9,설비목록!$A$3:$A$202,0)),"미등록설비"))
C10: =IF($B10="","",IFERROR(INDEX(설비목록!$B$3:$B$202,MATCH($B10,설비목록!$A$3:$A$202,0)),"미등록설비"))
C11: =IF($B11="","",IFERROR(INDEX(설비목록!$B$3:$B$202,MATCH($B11,설비목록!$A$3:$A$202,0)),"미등록설비"))
C12: =IF($B12="","",IFERROR(INDEX(설비목록!$B$3:$B$202,MATCH($B12,설비목록!$A$3:$A$202,0)),"미등록설비"))
C13: =IF($B13="","",IFERROR(INDEX(설비목록!$B$3:$B$202,MATCH($B13,설비목록!$A$3:$A$202,0)),"미등록설비"))
C14: =IF($B14="","",IFERROR(INDEX(설비목록!$B$3:$B$202,MATCH($B14,설비목록!$A$3:$A$202,0)),"미등록설비"))
... C802: =IF($B802="","",IFERROR(INDEX(설비목록!$B$3:$B$202,MATCH($B802,설비목록!$A$3:$A$202,0)),"미등록설비"))

Sheet 점검현황
A1: 점검현황 (전부 자동 · 기한 임박 시 빨간색)
A3: 오늘 | B3: =TODAY() -> 46278 | C3: 조치 필요 설비 | D3: =SUMPRODUCT(($A$6:$A$205<>"")*($H$6:$H$205<>"")*($H$6:$H$205<=사용안내!$C$17)) -> 3 | E3: (기한초과 + 임박 합계)
A5: 설비코드 | B5: 설비명 | C5: 설치위치 | D5: 담당자 | E5: 점검주기(일) | F5: 최근 점검일 | G5: 다음 점검일 | H5: D-Day | I5: 점검횟수 | J5: 상태
A6: =IF(설비목록!$A3="","",설비목록!$A3) -> EQ001 | B6: =IF($A6="","",설비목록!$B3) -> 천장형 에어컨 1호기 | C6: =IF($A6="","",설비목록!$C3) -> 1층 사무실 | D6: =IF($A6="","",설비목록!$D3) -> 김담당 | E6: =IF($A6="","",설비목록!$E3) -> 90 | F6: =IF($A6="","",IF(COUNTIFS(점검이력!$B$3:$B$802,$A6)=0,설비목록!$F3,_xlfn.MAXIFS(점검이력!$A$3:$A$802,점검이력!$B$3:$B$802,$A6))) -> 46082 | G6: =IF(OR($A6="",$F6="",$E6=""),"",$F6+$E6) -> 46172 | H6: =IF($G6="","",$G6-TODAY()) -> -106 | I6: =IF($A6="","",COUNTIFS(점검이력!$B$3:$B$802,$A6)) -> 0 | J6: =IF($H6="","",IF($H6<0,"기한초과",IF($H6<=사용안내!$C$17,"임박","정상"))) -> 기한초과
A7: =IF(설비목록!$A4="","",설비목록!$A4) -> EQ002 | B7: =IF($A7="","",설비목록!$B4) -> 소화기 (분말 3.3kg) | C7: =IF($A7="","",설비목록!$C4) -> 1층 복도 | D7: =IF($A7="","",설비목록!$D4) -> 이담당 | E7: =IF($A7="","",설비목록!$E4) -> 180 | F7: =IF($A7="","",IF(COUNTIFS(점검이력!$B$3:$B$802,$A7)=0,설비목록!$F4,_xlfn.MAXIFS(점검이력!$A$3:$A$802,점검이력!$B$3:$B$802,$A7))) -> 46063 | G7: =IF(OR($A7="",$F7="",$E7=""),"",$F7+$E7) -> 46243 | H7: =IF($G7="","",$G7-TODAY()) -> -35 | I7: =IF($A7="","",COUNTIFS(점검이력!$B$3:$B$802,$A7)) -> 0 | J7: =IF($H7="","",IF($H7<0,"기한초과",IF($H7<=사용안내!$C$17,"임박","정상"))) -> 기한초과
A8: =IF(설비목록!$A5="","",설비목록!$A5) -> EQ003 | B8: =IF($A8="","",설비목록!$B5) -> 공기압축기 | C8: =IF($A8="","",설비목록!$C5) -> 공장동 | D8: =IF($A8="","",설비목록!$D5) -> 박담당 | E8: =IF($A8="","",설비목록!$E5) -> 30 | F8: =IF($A8="","",IF(COUNTIFS(점검이력!$B$3:$B$802,$A8)=0,설비목록!$F5,_xlfn.MAXIFS(점검이력!$A$3:$A$802,점검이력!$B$3:$B$802,$A8))) -> 46254 | G8: =IF(OR($A8="",$F8="",$E8=""),"",$F8+$E8) -> 46284 | H8: =IF($G8="","",$G8-TODAY()) -> 6 | I8: =IF($A8="","",COUNTIFS(점검이력!$B$3:$B$802,$A8)) -> 0 | J8: =IF($H8="","",IF($H8<0,"기한초과",IF($H8<=사용안내!$C$17,"임박","정상"))) -> 임박
A9: =IF(설비목록!$A6="","",설비목록!$A6) -> EQ004 | B9: =IF($A9="","",설비목록!$B6) -> 정수기 | C9: =IF($A9="","",설비목록!$C6) -> 휴게실 | D9: =IF($A9="","",설비목록!$D6) -> 김담당 | E9: =IF($A9="","",설비목록!$E6) -> 180 | F9: =IF($A9="","",IF(COUNTIFS(점검이력!$B$3:$B$802,$A9)=0,설비목록!$F6,_xlfn.MAXIFS(점검이력!$A$3:$A$802,점검이력!$B$3:$B$802,$A9))) -> 46174 | G9: =IF(OR($A9="",$F9="",$E9=""),"",$F9+$E9) -> 46354 | H9: =IF($G9="","",$G9-TODAY()) -> 76 | I9: =IF($A9="","",COUNTIFS(점검이력!$B$3:$B$802,$A9)) -> 0 | J9: =IF($H9="","",IF($H9<0,"기한초과",IF($H9<=사용안내!$C$17,"임박","정상"))) -> 정상
A10: =IF(설비목록!$A7="","",설비목록!$A7) | B10: =IF($A10="","",설비목록!$B7) | C10: =IF($A10="","",설비목록!$C7) | D10: =IF($A10="","",설비목록!$D7) | E10: =IF($A10="","",설비목록!$E7) | F10: =IF($A10="","",IF(COUNTIFS(점검이력!$B$3:$B$802,$A10)=0,설비목록!$F7,_xlfn.MAXIFS(점검이력!$A$3:$A$802,점검이력!$B$3:$B$802,$A10))) | G10: =IF(OR($A10="",$F10="",$E10=""),"",$F10+$E10) | H10: =IF($G10="","",$G10-TODAY()) | I10: =IF($A10="","",COUNTIFS(점검이력!$B$3:$B$802,$A10)) | J10: =IF($H10="","",IF($H10<0,"기한초과",IF($H10<=사용안내!$C$17,"임박","정상")))
A11: =IF(설비목록!$A8="","",설비목록!$A8) | B11: =IF($A11="","",설비목록!$B8) | C11: =IF($A11="","",설비목록!$C8) | D11: =IF($A11="","",설비목록!$D8) | E11: =IF($A11="","",설비목록!$E8) | F11: =IF($A11="","",IF(COUNTIFS(점검이력!$B$3:$B$802,$A11)=0,설비목록!$F8,_xlfn.MAXIFS(점검이력!$A$3:$A$802,점검이력!$B$3:$B$802,$A11))) | G11: =IF(OR($A11="",$F11="",$E11=""),"",$F11+$E11) | H11: =IF($G11="","",$G11-TODAY()) | I11: =IF($A11="","",COUNTIFS(점검이력!$B$3:$B$802,$A11)) | J11: =IF($H11="","",IF($H11<0,"기한초과",IF($H11<=사용안내!$C$17,"임박","정상")))
A12: =IF(설비목록!$A9="","",설비목록!$A9) | B12: =IF($A12="","",설비목록!$B9) | C12: =IF($A12="","",설비목록!$C9) | D12: =IF($A12="","",설비목록!$D9) | E12: =IF($A12="","",설비목록!$E9) | F12: =IF($A12="","",IF(COUNTIFS(점검이력!$B$3:$B$802,$A12)=0,설비목록!$F9,_xlfn.MAXIFS(점검이력!$A$3:$A$802,점검이력!$B$3:$B$802,$A12))) | G12: =IF(OR($A12="",$F12="",$E12=""),"",$F12+$E12) | H12: =IF($G12="","",$G12-TODAY()) | I12: =IF($A12="","",COUNTIFS(점검이력!$B$3:$B$802,$A12)) | J12: =IF($H12="","",IF($H12<0,"기한초과",IF($H12<=사용안내!$C$17,"임박","정상")))
A13: =IF(설비목록!$A10="","",설비목록!$A10) | B13: =IF($A13="","",설비목록!$B10) | C13: =IF($A13="","",설비목록!$C10) | D13: =IF($A13="","",설비목록!$D10) | E13: =IF($A13="","",설비목록!$E10) | F13: =IF($A13="","",IF(COUNTIFS(점검이력!$B$3:$B$802,$A13)=0,설비목록!$F10,_xlfn.MAXIFS(점검이력!$A$3:$A$802,점검이력!$B$3:$B$802,$A13))) | G13: =IF(OR($A13="",$F13="",$E13=""),"",$F13+$E13) | H13: =IF($G13="","",$G13-TODAY()) | I13: =IF($A13="","",COUNTIFS(점검이력!$B$3:$B$802,$A13)) | J13: =IF($H13="","",IF($H13<0,"기한초과",IF($H13<=사용안내!$C$17,"임박","정상")))
A14: =IF(설비목록!$A11="","",설비목록!$A11) | B14: =IF($A14="","",설비목록!$B11) | C14: =IF($A14="","",설비목록!$C11) | D14: =IF($A14="","",설비목록!$D11) | E14: =IF($A14="","",설비목록!$E11) | F14: =IF($A14="","",IF(COUNTIFS(점검이력!$B$3:$B$802,$A14)=0,설비목록!$F11,_xlfn.MAXIFS(점검이력!$A$3:$A$802,점검이력!$B$3:$B$802,$A14))) | G14: =IF(OR($A14="",$F14="",$E14=""),"",$F14+$E14) | H14: =IF($G14="","",$G14-TODAY()) | I14: =IF($A14="","",COUNTIFS(점검이력!$B$3:$B$802,$A14)) | J14: =IF($H14="","",IF($H14<0,"기한초과",IF($H14<=사용안내!$C$17,"임박","정상")))
A15: =IF(설비목록!$A12="","",설비목록!$A12) | B15: =IF($A15="","",설비목록!$B12) | C15: =IF($A15="","",설비목록!$C12) | D15: =IF($A15="","",설비목록!$D12) | E15: =IF($A15="","",설비목록!$E12) | F15: =IF($A15="","",IF(COUNTIFS(점검이력!$B$3:$B$802,$A15)=0,설비목록!$F12,_xlfn.MAXIFS(점검이력!$A$3:$A$802,점검이력!$B$3:$B$802,$A15))) | G15: =IF(OR($A15="",$F15="",$E15=""),"",$F15+$E15) | H15: =IF($G15="","",$G15-TODAY()) | I15: =IF($A15="","",COUNTIFS(점검이력!$B$3:$B$802,$A15)) | J15: =IF($H15="","",IF($H15<0,"기한초과",IF($H15<=사용안내!$C$17,"임박","정상")))
A16: =IF(설비목록!$A13="","",설비목록!$A13) | B16: =IF($A16="","",설비목록!$B13) | C16: =IF($A16="","",설비목록!$C13) | D16: =IF($A16="","",설비목록!$D13) | E16: =IF($A16="","",설비목록!$E13) | F16: =IF($A16="","",IF(COUNTIFS(점검이력!$B$3:$B$802,$A16)=0,설비목록!$F13,_xlfn.MAXIFS(점검이력!$A$3:$A$802,점검이력!$B$3:$B$802,$A16))) | G16: =IF(OR($A16="",$F16="",$E16=""),"",$F16+$E16) | H16: =IF($G16="","",$G16-TODAY()) | I16: =IF($A16="","",COUNTIFS(점검이력!$B$3:$B$802,$A16)) | J16: =IF($H16="","",IF($H16<0,"기한초과",IF($H16<=사용안내!$C$17,"임박","정상")))
A17: =IF(설비목록!$A14="","",설비목록!$A14) | B17: =IF($A17="","",설비목록!$B14) | C17: =IF($A17="","",설비목록!$C14) | D17: =IF($A17="","",설비목록!$D14) | E17: =IF($A17="","",설비목록!$E14) | F17: =IF($A17="","",IF(COUNTIFS(점검이력!$B$3:$B$802,$A17)=0,설비목록!$F14,_xlfn.MAXIFS(점검이력!$A$3:$A$802,점검이력!$B$3:$B$802,$A17))) | G17: =IF(OR($A17="",$F17="",$E17=""),"",$F17+$E17) | H17: =IF($G17="","",$G17-TODAY()) | I17: =IF($A17="","",COUNTIFS(점검이력!$B$3:$B$802,$A17)) | J17: =IF($H17="","",IF($H17<0,"기한초과",IF($H17<=사용안내!$C$17,"임박","정상")))
... A205: =IF(설비목록!$A202="","",설비목록!$A202) | B205: =IF($A205="","",설비목록!$B202) | C205: =IF($A205="","",설비목록!$C202) | D205: =IF($A205="","",설비목록!$D202) | E205: =IF($A205="","",설비목록!$E202) | F205: =IF($A205="","",IF(COUNTIFS(점검이력!$B$3:$B$802,$A205)=0,설비목록!$F202,_xlfn.MAXIFS(점검이력!$A$3:$A$802,점검이력!$B$3:$B$802,$A205))) | G205: =IF(OR($A205="",$F205="",$E205=""),"",$F205+$E205) | H205: =IF($G205="","",$G205-TODAY()) | I205: =IF($A205="","",COUNTIFS(점검이력!$B$3:$B$802,$A205)) | J205: =IF($H205="","",IF($H205<0,"기한초과",IF($H205<=사용안내!$C$17,"임박","정상")))
A207: ※ 다음 점검일 = 최근 점검일 + 점검주기(일). 점검이력이 없으면 설비목록의 '최초 점검일'을 씁니다.
A208: ※ D-Day가 음수면 기한초과(분홍), 기준일 이내면 임박(노랑)으로 표시됩니다.

Sheet 예비품목록
A1: 예비품목록 (교체용 부품 · 소모품)
A2: 품번 | B2: 품명 | C2: 규격 | D2: 단위 | E2: 초기재고 | F2: 적정재고 | G2: 비고
A3: SP001 | B3: 에어컨 필터 | C3: 600×600 | D3: EA | E3: 8 | F3: 4
A4: SP002 | B4: 압축기 오일 | C4: 4L | D4: 통 | E4: 3 | F4: 2
A5: SP003 | B5: 정수기 필터 세트 | C5: 3단 | D5: SET | E5: 2 | F5: 2

Sheet 예비품입출고
A1: 예비품입출고 (구매는 입고 / 사용은 출고)
A2: 일자 | B2: 구분 | C2: 품번 | D2: 품명(자동) | E2: 단위(자동) | F2: 수량 | G2: 사용 설비 | H2: 사용자 | I2: 비고 | J2: 증감(자동) | K2: 이동후재고(자동)
D3: =IF($C3="","",IFERROR(INDEX(예비품목록!$B$3:$B$202,MATCH($C3,예비품목록!$A$3:$A$202,0)),"미등록품번")) | E3: =IF($C3="","",IFERROR(INDEX(예비품목록!$D$3:$D$202,MATCH($C3,예비품목록!$A$3:$A$202,0)),"")) | J3: =IF(OR($C3="",$F3=""),"",IF($B3="입고",$F3,IF($B3="출고",-$F3,$F3))) | K3: =IF($C3="","",IFERROR(INDEX(예비품목록!$E$3:$E$202,MATCH($C3,예비품목록!$A$3:$A$202,0)),0)+SUMIFS($J$3:$J3,$C$3:$C3,$C3))
D4: =IF($C4="","",IFERROR(INDEX(예비품목록!$B$3:$B$202,MATCH($C4,예비품목록!$A$3:$A$202,0)),"미등록품번")) | E4: =IF($C4="","",IFERROR(INDEX(예비품목록!$D$3:$D$202,MATCH($C4,예비품목록!$A$3:$A$202,0)),"")) | J4: =IF(OR($C4="",$F4=""),"",IF($B4="입고",$F4,IF($B4="출고",-$F4,$F4))) | K4: =IF($C4="","",IFERROR(INDEX(예비품목록!$E$3:$E$202,MATCH($C4,예비품목록!$A$3:$A$202,0)),0)+SUMIFS($J$3:$J4,$C$3:$C4,$C4))
D5: =IF($C5="","",IFERROR(INDEX(예비품목록!$B$3:$B$202,MATCH($C5,예비품목록!$A$3:$A$202,0)),"미등록품번")) | E5: =IF($C5="","",IFERROR(INDEX(예비품목록!$D$3:$D$202,MATCH($C5,예비품목록!$A$3:$A$202,0)),"")) | J5: =IF(OR($C5="",$F5=""),"",IF($B5="입고",$F5,IF($B5="출고",-$F5,$F5))) | K5: =IF($C5="","",IFERROR(INDEX(예비품목록!$E$3:$E$202,MATCH($C5,예비품목록!$A$3:$A$202,0)),0)+SUMIFS($J$3:$J5,$C$3:$C5,$C5))
D6: =IF($C6="","",IFERROR(INDEX(예비품목록!$B$3:$B$202,MATCH($C6,예비품목록!$A$3:$A$202,0)),"미등록품번")) | E6: =IF($C6="","",IFERROR(INDEX(예비품목록!$D$3:$D$202,MATCH($C6,예비품목록!$A$3:$A$202,0)),"")) | J6: =IF(OR($C6="",$F6=""),"",IF($B6="입고",$F6,IF($B6="출고",-$F6,$F6))) | K6: =IF($C6="","",IFERROR(INDEX(예비품목록!$E$3:$E$202,MATCH($C6,예비품목록!$A$3:$A$202,0)),0)+SUMIFS($J$3:$J6,$C$3:$C6,$C6))
D7: =IF($C7="","",IFERROR(INDEX(예비품목록!$B$3:$B$202,MATCH($C7,예비품목록!$A$3:$A$202,0)),"미등록품번")) | E7: =IF($C7="","",IFERROR(INDEX(예비품목록!$D$3:$D$202,MATCH($C7,예비품목록!$A$3:$A$202,0)),"")) | J7: =IF(OR($C7="",$F7=""),"",IF($B7="입고",$F7,IF($B7="출고",-$F7,$F7))) | K7: =IF($C7="","",IFERROR(INDEX(예비품목록!$E$3:$E$202,MATCH($C7,예비품목록!$A$3:$A$202,0)),0)+SUMIFS($J$3:$J7,$C$3:$C7,$C7))
D8: =IF($C8="","",IFERROR(INDEX(예비품목록!$B$3:$B$202,MATCH($C8,예비품목록!$A$3:$A$202,0)),"미등록품번")) | E8: =IF($C8="","",IFERROR(INDEX(예비품목록!$D$3:$D$202,MATCH($C8,예비품목록!$A$3:$A$202,0)),"")) | J8: =IF(OR($C8="",$F8=""),"",IF($B8="입고",$F8,IF($B8="출고",-$F8,$F8))) | K8: =IF($C8="","",IFERROR(INDEX(예비품목록!$E$3:$E$202,MATCH($C8,예비품목록!$A$3:$A$202,0)),0)+SUMIFS($J$3:$J8,$C$3:$C8,$C8))
D9: =IF($C9="","",IFERROR(INDEX(예비품목록!$B$3:$B$202,MATCH($C9,예비품목록!$A$3:$A$202,0)),"미등록품번")) | E9: =IF($C9="","",IFERROR(INDEX(예비품목록!$D$3:$D$202,MATCH($C9,예비품목록!$A$3:$A$202,0)),"")) | J9: =IF(OR($C9="",$F9=""),"",IF($B9="입고",$F9,IF($B9="출고",-$F9,$F9))) | K9: =IF($C9="","",IFERROR(INDEX(예비품목록!$E$3:$E$202,MATCH($C9,예비품목록!$A$3:$A$202,0)),0)+SUMIFS($J$3:$J9,$C$3:$C9,$C9))
D10: =IF($C10="","",IFERROR(INDEX(예비품목록!$B$3:$B$202,MATCH($C10,예비품목록!$A$3:$A$202,0)),"미등록품번")) | E10: =IF($C10="","",IFERROR(INDEX(예비품목록!$D$3:$D$202,MATCH($C10,예비품목록!$A$3:$A$202,0)),"")) | J10: =IF(OR($C10="",$F10=""),"",IF($B10="입고",$F10,IF($B10="출고",-$F10,$F10))) | K10: =IF($C10="","",IFERROR(INDEX(예비품목록!$E$3:$E$202,MATCH($C10,예비품목록!$A$3:$A$202,0)),0)+SUMIFS($J$3:$J10,$C$3:$C10,$C10))
D11: =IF($C11="","",IFERROR(INDEX(예비품목록!$B$3:$B$202,MATCH($C11,예비품목록!$A$3:$A$202,0)),"미등록품번")) | E11: =IF($C11="","",IFERROR(INDEX(예비품목록!$D$3:$D$202,MATCH($C11,예비품목록!$A$3:$A$202,0)),"")) | J11: =IF(OR($C11="",$F11=""),"",IF($B11="입고",$F11,IF($B11="출고",-$F11,$F11))) | K11: =IF($C11="","",IFERROR(INDEX(예비품목록!$E$3:$E$202,MATCH($C11,예비품목록!$A$3:$A$202,0)),0)+SUMIFS($J$3:$J11,$C$3:$C11,$C11))
D12: =IF($C12="","",IFERROR(INDEX(예비품목록!$B$3:$B$202,MATCH($C12,예비품목록!$A$3:$A$202,0)),"미등록품번")) | E12: =IF($C12="","",IFERROR(INDEX(예비품목록!$D$3:$D$202,MATCH($C12,예비품목록!$A$3:$A$202,0)),"")) | J12: =IF(OR($C12="",$F12=""),"",IF($B12="입고",$F12,IF($B12="출고",-$F12,$F12))) | K12: =IF($C12="","",IFERROR(INDEX(예비품목록!$E$3:$E$202,MATCH($C12,예비품목록!$A$3:$A$202,0)),0)+SUMIFS($J$3:$J12,$C$3:$C12,$C12))
D13: =IF($C13="","",IFERROR(INDEX(예비품목록!$B$3:$B$202,MATCH($C13,예비품목록!$A$3:$A$202,0)),"미등록품번")) | E13: =IF($C13="","",IFERROR(INDEX(예비품목록!$D$3:$D$202,MATCH($C13,예비품목록!$A$3:$A$202,0)),"")) | J13: =IF(OR($C13="",$F13=""),"",IF($B13="입고",$F13,IF($B13="출고",-$F13,$F13))) | K13: =IF($C13="","",IFERROR(INDEX(예비품목록!$E$3:$E$202,MATCH($C13,예비품목록!$A$3:$A$202,0)),0)+SUMIFS($J$3:$J13,$C$3:$C13,$C13))
D14: =IF($C14="","",IFERROR(INDEX(예비품목록!$B$3:$B$202,MATCH($C14,예비품목록!$A$3:$A$202,0)),"미등록품번")) | E14: =IF($C14="","",IFERROR(INDEX(예비품목록!$D$3:$D$202,MATCH($C14,예비품목록!$A$3:$A$202,0)),"")) | J14: =IF(OR($C14="",$F14=""),"",IF($B14="입고",$F14,IF($B14="출고",-$F14,$F14))) | K14: =IF($C14="","",IFERROR(INDEX(예비품목록!$E$3:$E$202,MATCH($C14,예비품목록!$A$3:$A$202,0)),0)+SUMIFS($J$3:$J14,$C$3:$C14,$C14))
... D602: =IF($C602="","",IFERROR(INDEX(예비품목록!$B$3:$B$202,MATCH($C602,예비품목록!$A$3:$A$202,0)),"미등록품번")) | E602: =IF($C602="","",IFERROR(INDEX(예비품목록!$D$3:$D$202,MATCH($C602,예비품목록!$A$3:$A$202,0)),"")) | J602: =IF(OR($C602="",$F602=""),"",IF($B602="입고",$F602,IF($B602="출고",-$F602,$F602))) | K602: =IF($C602="","",IFERROR(INDEX(예비품목록!$E$3:$E$202,MATCH($C602,예비품목록!$A$3:$A$202,0)),0)+SUMIFS($J$3:$J602,$C$3:$C602,$C602))

Sheet 예비품현황
A1: 예비품현황
A3: 부족 품목 수 | B3: =SUMPRODUCT(($A$6:$A$205<>"")*($G$6:$G$205>0)) -> 0
A5: 품번 | B5: 품명 | C5: 단위 | D5: 총입고 | E5: 총출고 | F5: 현재고 | G5: 부족수량 | H5: 적정재고
A6: =IF(예비품목록!$A3="","",예비품목록!$A3) -> SP001 | B6: =IF($A6="","",예비품목록!$B3) -> 에어컨 필터 | C6: =IF($A6="","",예비품목록!$D3) -> EA | D6: =IF($A6="","",SUMIFS(예비품입출고!$F$3:$F$602,예비품입출고!$C$3:$C$602,$A6,예비품입출고!$B$3:$B$602,"입고")) -> 0 | E6: =IF($A6="","",SUMIFS(예비품입출고!$F$3:$F$602,예비품입출고!$C$3:$C$602,$A6,예비품입출고!$B$3:$B$602,"출고")) -> 0 | F6: =IF($A6="","",IF(예비품목록!$E3="",0,예비품목록!$E3)+SUMIFS(예비품입출고!$J$3:$J$602,예비품입출고!$C$3:$C$602,$A6)) -> 8 | G6: =IF($A6="","",MAX(0,$H6-$F6)) -> 0 | H6: =IF($A6="","",IF(예비품목록!$F3="",0,예비품목록!$F3)) -> 4
A7: =IF(예비품목록!$A4="","",예비품목록!$A4) -> SP002 | B7: =IF($A7="","",예비품목록!$B4) -> 압축기 오일 | C7: =IF($A7="","",예비품목록!$D4) -> 통 | D7: =IF($A7="","",SUMIFS(예비품입출고!$F$3:$F$602,예비품입출고!$C$3:$C$602,$A7,예비품입출고!$B$3:$B$602,"입고")) -> 0 | E7: =IF($A7="","",SUMIFS(예비품입출고!$F$3:$F$602,예비품입출고!$C$3:$C$602,$A7,예비품입출고!$B$3:$B$602,"출고")) -> 0 | F7: =IF($A7="","",IF(예비품목록!$E4="",0,예비품목록!$E4)+SUMIFS(예비품입출고!$J$3:$J$602,예비품입출고!$C$3:$C$602,$A7)) -> 3 | G7: =IF($A7="","",MAX(0,$H7-$F7)) -> 0 | H7: =IF($A7="","",IF(예비품목록!$F4="",0,예비품목록!$F4)) -> 2
A8: =IF(예비품목록!$A5="","",예비품목록!$A5) -> SP003 | B8: =IF($A8="","",예비품목록!$B5) -> 정수기 필터 세트 | C8: =IF($A8="","",예비품목록!$D5) -> SET | D8: =IF($A8="","",SUMIFS(예비품입출고!$F$3:$F$602,예비품입출고!$C$3:$C$602,$A8,예비품입출고!$B$3:$B$602,"입고")) -> 0 | E8: =IF($A8="","",SUMIFS(예비품입출고!$F$3:$F$602,예비품입출고!$C$3:$C$602,$A8,예비품입출고!$B$3:$B$602,"출고")) -> 0 | F8: =IF($A8="","",IF(예비품목록!$E5="",0,예비품목록!$E5)+SUMIFS(예비품입출고!$J$3:$J$602,예비품입출고!$C$3:$C$602,$A8)) -> 2 | G8: =IF($A8="","",MAX(0,$H8-$F8)) -> 0 | H8: =IF($A8="","",IF(예비품목록!$F5="",0,예비품목록!$F5)) -> 2
A9: =IF(예비품목록!$A6="","",예비품목록!$A6) | B9: =IF($A9="","",예비품목록!$B6) | C9: =IF($A9="","",예비품목록!$D6) | D9: =IF($A9="","",SUMIFS(예비품입출고!$F$3:$F$602,예비품입출고!$C$3:$C$602,$A9,예비품입출고!$B$3:$B$602,"입고")) | E9: =IF($A9="","",SUMIFS(예비품입출고!$F$3:$F$602,예비품입출고!$C$3:$C$602,$A9,예비품입출고!$B$3:$B$602,"출고")) | F9: =IF($A9="","",IF(예비품목록!$E6="",0,예비품목록!$E6)+SUMIFS(예비품입출고!$J$3:$J$602,예비품입출고!$C$3:$C$602,$A9)) | G9: =IF($A9="","",MAX(0,$H9-$F9)) | H9: =IF($A9="","",IF(예비품목록!$F6="",0,예비품목록!$F6))
A10: =IF(예비품목록!$A7="","",예비품목록!$A7) | B10: =IF($A10="","",예비품목록!$B7) | C10: =IF($A10="","",예비품목록!$D7) | D10: =IF($A10="","",SUMIFS(예비품입출고!$F$3:$F$602,예비품입출고!$C$3:$C$602,$A10,예비품입출고!$B$3:$B$602,"입고")) | E10: =IF($A10="","",SUMIFS(예비품입출고!$F$3:$F$602,예비품입출고!$C$3:$C$602,$A10,예비품입출고!$B$3:$B$602,"출고")) | F10: =IF($A10="","",IF(예비품목록!$E7="",0,예비품목록!$E7)+SUMIFS(예비품입출고!$J$3:$J$602,예비품입출고!$C$3:$C$602,$A10)) | G10: =IF($A10="","",MAX(0,$H10-$F10)) | H10: =IF($A10="","",IF(예비품목록!$F7="",0,예비품목록!$F7))
A11: =IF(예비품목록!$A8="","",예비품목록!$A8) | B11: =IF($A11="","",예비품목록!$B8) | C11: =IF($A11="","",예비품목록!$D8) | D11: =IF($A11="","",SUMIFS(예비품입출고!$F$3:$F$602,예비품입출고!$C$3:$C$602,$A11,예비품입출고!$B$3:$B$602,"입고")) | E11: =IF($A11="","",SUMIFS(예비품입출고!$F$3:$F$602,예비품입출고!$C$3:$C$602,$A11,예비품입출고!$B$3:$B$602,"출고")) | F11: =IF($A11="","",IF(예비품목록!$E8="",0,예비품목록!$E8)+SUMIFS(예비품입출고!$J$3:$J$602,예비품입출고!$C$3:$C$602,$A11)) | G11: =IF($A11="","",MAX(0,$H11-$F11)) | H11: =IF($A11="","",IF(예비품목록!$F8="",0,예비품목록!$F8))
A12: =IF(예비품목록!$A9="","",예비품목록!$A9) | B12: =IF($A12="","",예비품목록!$B9) | C12: =IF($A12="","",예비품목록!$D9) | D12: =IF($A12="","",SUMIFS(예비품입출고!$F$3:$F$602,예비품입출고!$C$3:$C$602,$A12,예비품입출고!$B$3:$B$602,"입고")) | E12: =IF($A12="","",SUMIFS(예비품입출고!$F$3:$F$602,예비품입출고!$C$3:$C$602,$A12,예비품입출고!$B$3:$B$602,"출고")) | F12: =IF($A12="","",IF(예비품목록!$E9="",0,예비품목록!$E9)+SUMIFS(예비품입출고!$J$3:$J$602,예비품입출고!$C$3:$C$602,$A12)) | G12: =IF($A12="","",MAX(0,$H12-$F12)) | H12: =IF($A12="","",IF(예비품목록!$F9="",0,예비품목록!$F9))
A13: =IF(예비품목록!$A10="","",예비품목록!$A10) | B13: =IF($A13="","",예비품목록!$B10) | C13: =IF($A13="","",예비품목록!$D10) | D13: =IF($A13="","",SUMIFS(예비품입출고!$F$3:$F$602,예비품입출고!$C$3:$C$602,$A13,예비품입출고!$B$3:$B$602,"입고")) | E13: =IF($A13="","",SUMIFS(예비품입출고!$F$3:$F$602,예비품입출고!$C$3:$C$602,$A13,예비품입출고!$B$3:$B$602,"출고")) | F13: =IF($A13="","",IF(예비품목록!$E10="",0,예비품목록!$E10)+SUMIFS(예비품입출고!$J$3:$J$602,예비품입출고!$C$3:$C$602,$A13)) | G13: =IF($A13="","",MAX(0,$H13-$F13)) | H13: =IF($A13="","",IF(예비품목록!$F10="",0,예비품목록!$F10))
A14: =IF(예비품목록!$A11="","",예비품목록!$A11) | B14: =IF($A14="","",예비품목록!$B11) | C14: =IF($A14="","",예비품목록!$D11) | D14: =IF($A14="","",SUMIFS(예비품입출고!$F$3:$F$602,예비품입출고!$C$3:$C$602,$A14,예비품입출고!$B$3:$B$602,"입고")) | E14: =IF($A14="","",SUMIFS(예비품입출고!$F$3:$F$602,예비품입출고!$C$3:$C$602,$A14,예비품입출고!$B$3:$B$602,"출고")) | F14: =IF($A14="","",IF(예비품목록!$E11="",0,예비품목록!$E11)+SUMIFS(예비품입출고!$J$3:$J$602,예비품입출고!$C$3:$C$602,$A14)) | G14: =IF($A14="","",MAX(0,$H14-$F14)) | H14: =IF($A14="","",IF(예비품목록!$F11="",0,예비품목록!$F11))
A15: =IF(예비품목록!$A12="","",예비품목록!$A12) | B15: =IF($A15="","",예비품목록!$B12) | C15: =IF($A15="","",예비품목록!$D12) | D15: =IF($A15="","",SUMIFS(예비품입출고!$F$3:$F$602,예비품입출고!$C$3:$C$602,$A15,예비품입출고!$B$3:$B$602,"입고")) | E15: =IF($A15="","",SUMIFS(예비품입출고!$F$3:$F$602,예비품입출고!$C$3:$C$602,$A15,예비품입출고!$B$3:$B$602,"출고")) | F15: =IF($A15="","",IF(예비품목록!$E12="",0,예비품목록!$E12)+SUMIFS(예비품입출고!$J$3:$J$602,예비품입출고!$C$3:$C$602,$A15)) | G15: =IF($A15="","",MAX(0,$H15-$F15)) | H15: =IF($A15="","",IF(예비품목록!$F12="",0,예비품목록!$F12))
A16: =IF(예비품목록!$A13="","",예비품목록!$A13) | B16: =IF($A16="","",예비품목록!$B13) | C16: =IF($A16="","",예비품목록!$D13) | D16: =IF($A16="","",SUMIFS(예비품입출고!$F$3:$F$602,예비품입출고!$C$3:$C$602,$A16,예비품입출고!$B$3:$B$602,"입고")) | E16: =IF($A16="","",SUMIFS(예비품입출고!$F$3:$F$602,예비품입출고!$C$3:$C$602,$A16,예비품입출고!$B$3:$B$602,"출고")) | F16: =IF($A16="","",IF(예비품목록!$E13="",0,예비품목록!$E13)+SUMIFS(예비품입출고!$J$3:$J$602,예비품입출고!$C$3:$C$602,$A16)) | G16: =IF($A16="","",MAX(0,$H16-$F16)) | H16: =IF($A16="","",IF(예비품목록!$F13="",0,예비품목록!$F13))
A17: =IF(예비품목록!$A14="","",예비품목록!$A14) | B17: =IF($A17="","",예비품목록!$B14) | C17: =IF($A17="","",예비품목록!$D14) | D17: =IF($A17="","",SUMIFS(예비품입출고!$F$3:$F$602,예비품입출고!$C$3:$C$602,$A17,예비품입출고!$B$3:$B$602,"입고")) | E17: =IF($A17="","",SUMIFS(예비품입출고!$F$3:$F$602,예비품입출고!$C$3:$C$602,$A17,예비품입출고!$B$3:$B$602,"출고")) | F17: =IF($A17="","",IF(예비품목록!$E14="",0,예비품목록!$E14)+SUMIFS(예비품입출고!$J$3:$J$602,예비품입출고!$C$3:$C$602,$A17)) | G17: =IF($A17="","",MAX(0,$H17-$F17)) | H17: =IF($A17="","",IF(예비품목록!$F14="",0,예비품목록!$F14))
... A205: =IF(예비품목록!$A202="","",예비품목록!$A202) | B205: =IF($A205="","",예비품목록!$B202) | C205: =IF($A205="","",예비품목록!$D202) | D205: =IF($A205="","",SUMIFS(예비품입출고!$F$3:$F$602,예비품입출고!$C$3:$C$602,$A205,예비품입출고!$B$3:$B$602,"입고")) | E205: =IF($A205="","",SUMIFS(예비품입출고!$F$3:$F$602,예비품입출고!$C$3:$C$602,$A205,예비품입출고!$B$3:$B$602,"출고")) | F205: =IF($A205="","",IF(예비품목록!$E202="",0,예비품목록!$E202)+SUMIFS(예비품입출고!$J$3:$J$602,예비품입출고!$C$3:$C$602,$A205)) | G205: =IF($A205="","",MAX(0,$H205-$F205)) | H205: =IF($A205="","",IF(예비품목록!$F202="",0,예비품목록!$F202))
A207: ※ 부족수량 = 적정재고 − 현재고 (음수면 0). 0보다 크면 빨간 배경입니다.

Sheet 만료관리
A1: 만료관리 (보험 · 정기검사 · 계약 등 기한이 있는 것)
A3: 임박 건수 | B3: =SUMPRODUCT(($A$6:$A$105<>"")*($G$6:$G$105<>"")*($G$6:$G$105<=사용안내!$C$18)) -> 1 | C3: ← 만료 경고 기준은 [사용안내]에서 바꿉니다
A5: 항목명 | B5: 구분 | C5: 대상 설비/시설 | D5: 담당자 | E5: 시작일 | F5: 만료일 | G5: D-Day | H5: 갱신완료 | I5: 비고
A6: 화재보험 | B6: 보험 | C6: 건물 전체 | D6: 김담당 | E6: 46023 | F6: 46387 | G6: =IF(OR($F6="",$H6="갱신완료"),"",$F6-TODAY()) -> 109 | H6: 미갱신
A7: 승강기 정기검사 | B7: 정기검사 | C7: 승객용 1호기 | D7: 이담당 | E7: 45931 | F7: 46295 | G7: =IF(OR($F7="",$H7="갱신완료"),"",$F7-TODAY()) -> 17 | H7: 미갱신
A8: 소방시설 종합점검 | B8: 정기검사 | C8: 건물 전체 | D8: 이담당 | E8: 46113 | F8: 46477 | G8: =IF(OR($F8="",$H8="갱신완료"),"",$F8-TODAY()) -> 199 | H8: 미갱신
G9: =IF(OR($F9="",$H9="갱신완료"),"",$F9-TODAY())
G10: =IF(OR($F10="",$H10="갱신완료"),"",$F10-TODAY())
G11: =IF(OR($F11="",$H11="갱신완료"),"",$F11-TODAY())
G12: =IF(OR($F12="",$H12="갱신완료"),"",$F12-TODAY())
G13: =IF(OR($F13="",$H13="갱신완료"),"",$F13-TODAY())
G14: =IF(OR($F14="",$H14="갱신완료"),"",$F14-TODAY())
G15: =IF(OR($F15="",$H15="갱신완료"),"",$F15-TODAY())
G16: =IF(OR($F16="",$H16="갱신완료"),"",$F16-TODAY())
G17: =IF(OR($F17="",$H17="갱신완료"),"",$F17-TODAY())
G18: =IF(OR($F18="",$H18="갱신완료"),"",$F18-TODAY())
G19: =IF(OR($F19="",$H19="갱신완료"),"",$F19-TODAY())
G20: =IF(OR($F20="",$H20="갱신완료"),"",$F20-TODAY())
... G105: =IF(OR($F105="",$H105="갱신완료"),"",$F105-TODAY())
A107: ※ 갱신을 마치면 [갱신완료]로 바꾸고, 새 시작일·만료일로 새 줄을 추가하세요.
A108: ※ D-Day가 음수면 기한초과(분홍), 경고 기준 이내면 임박(노랑)입니다.
