Workbook

Sheet 사용안내
B2: 배송비 자동부여 · 주문내역서
B4: 핵심 | C4: 주문 금액과 지역만 넣으면 배송비가 규정대로 자동으로 붙습니다.
B5: 입력 규칙 | C5: 파란색 글씨 칸만 입력하세요. 검은색은 자동 계산입니다.
B6: ① 배송비규정 | C6: 금액 구간별 배송비를 등록합니다. 여기 값이 계산의 기준입니다.
C7: 예: 0원 이상 3,000원 / 30,000원 이상 0원
B8: ② 지역추가비 | C8: 제주·도서산간 등 추가로 받을 지역과 금액을 등록합니다.
B9: ③ 주문내역 | C9: 주문마다 한 줄. 주문금액과 지역만 넣으면 배송비가 자동으로 나옵니다.
C10: 같은 주문번호를 쓰면 여러 상품이 한 건으로 묶여 배송비가 한 번만 붙습니다.
B11: ④ 주문내역서 | C11: 주문번호를 고르면 그 주문의 명세가 한 장에 인쇄됩니다.
B12: ⑤ 일별집계 / 지역별집계 | C12: 자동 집계표입니다.
B13: 배송비 계산 | C13: 구간표에서 주문금액 이하의 가장 큰 기준을 찾아 그 배송비를 적용, 지역추가비를 더합니다.
B15: ※ 배송비 구간과 지역 추가비는 사업자가 정하는 값입니다. 직접 넣으세요.

Sheet 배송비규정
A1: 배송비규정 (금액 구간별 · 오름차순으로 넣으세요)
A2: 기준금액 이상 | B2: 배송비 | C2: 비고
A3: 0 | B3: 3000 | C3: 기본
A4: 30000 | B4: 0 | C4: 3만원 이상 무료
A34: ※ 반드시 기준금액을 작은 값부터 큰 값 순서로 넣으세요. 순서가 섞이면 계산이 틀립니다.

Sheet 지역추가비
A1: 지역추가비
A2: 지역 | B2: 추가비 | C2: 비고
A3: 일반 | B3: 0
A4: 제주 | B4: 3000
A5: 도서산간 | B5: 5000

Sheet 주문내역
A1: 주문내역 (주문금액·지역만 넣으면 배송비 자동)
A2: 주문일 | B2: 주문번호 | C2: 고객명 | D2: 연락처 | E2: 주소 | F2: 상품명 | G2: 수량 | H2: 단가 | I2: 상품금액(자동) | J2: 지역 | K2: 주문합계(자동) | L2: 배송비(자동) | M2: 청구액(자동) | N2: 주문내순번(자동) | O2: 조회키(자동)
A3: 46275 | B3: O-1001 | C3: 김고객 | D3: 010-0000-0001 | E3: 서울시 강남구 | F3: 사과 5kg | G3: 1 | H3: 29000 | I3: =IF(OR($G3="",$H3=""),"",ROUND($G3*$H3,0)) -> 29000 | J3: 일반 | K3: =IF($B3="","",SUMIFS($I$3:$I$2002,$B$3:$B$2002,$B3)) -> 29000 | L3: =IF($B3="","",IF(COUNTIFS($B$3:$B3,$B3)>1,0,IFERROR(LOOKUP($K3,배송비규정!$A$3:$A$32,배송비규정!$B$3:$B$32),0)+IFERROR(INDEX(지역추가비!$B$3:$B$42,MATCH($J3,지역추가비!$A$3:$A$42,0)),0))) -> 3000 | M3: =IF($B3="","",IF(COUNTIFS($B$3:$B3,$B3)>1,"",$K3+$L3)) -> 32000 | N3: =IF($B3="","",COUNTIFS($B$3:$B3,$B3)) -> 1 | O3: =IF($B3="","",$B3&"|"&$N3) -> O-1001|1
A4: 46275 | B4: O-1002 | C4: 이고객 | D4: 010-0000-0002 | E4: 제주시 | F4: 사과 5kg | G4: 1 | H4: 29000 | I4: =IF(OR($G4="",$H4=""),"",ROUND($G4*$H4,0)) -> 29000 | J4: 제주 | K4: =IF($B4="","",SUMIFS($I$3:$I$2002,$B$3:$B$2002,$B4)) -> 29000 | L4: =IF($B4="","",IF(COUNTIFS($B$3:$B4,$B4)>1,0,IFERROR(LOOKUP($K4,배송비규정!$A$3:$A$32,배송비규정!$B$3:$B$32),0)+IFERROR(INDEX(지역추가비!$B$3:$B$42,MATCH($J4,지역추가비!$A$3:$A$42,0)),0))) -> 6000 | M4: =IF($B4="","",IF(COUNTIFS($B$3:$B4,$B4)>1,"",$K4+$L4)) -> 35000 | N4: =IF($B4="","",COUNTIFS($B$3:$B4,$B4)) -> 1 | O4: =IF($B4="","",$B4&"|"&$N4) -> O-1002|1
A5: 46276 | B5: O-1003 | C5: 박고객 | D5: 010-0000-0003 | E5: 부산시 | F5: 사과 5kg | G5: 1 | H5: 31000 | I5: =IF(OR($G5="",$H5=""),"",ROUND($G5*$H5,0)) -> 31000 | J5: 일반 | K5: =IF($B5="","",SUMIFS($I$3:$I$2002,$B$3:$B$2002,$B5)) -> 31000 | L5: =IF($B5="","",IF(COUNTIFS($B$3:$B5,$B5)>1,0,IFERROR(LOOKUP($K5,배송비규정!$A$3:$A$32,배송비규정!$B$3:$B$32),0)+IFERROR(INDEX(지역추가비!$B$3:$B$42,MATCH($J5,지역추가비!$A$3:$A$42,0)),0))) -> 0 | M5: =IF($B5="","",IF(COUNTIFS($B$3:$B5,$B5)>1,"",$K5+$L5)) -> 31000 | N5: =IF($B5="","",COUNTIFS($B$3:$B5,$B5)) -> 1 | O5: =IF($B5="","",$B5&"|"&$N5) -> O-1003|1
A6: 46276 | B6: O-1004 | C6: 최고객 | D6: 010-0000-0004 | E6: 대구시 | F6: 사과 5kg | G6: 1 | H6: 15000 | I6: =IF(OR($G6="",$H6=""),"",ROUND($G6*$H6,0)) -> 15000 | J6: 일반 | K6: =IF($B6="","",SUMIFS($I$3:$I$2002,$B$3:$B$2002,$B6)) -> 35000 | L6: =IF($B6="","",IF(COUNTIFS($B$3:$B6,$B6)>1,0,IFERROR(LOOKUP($K6,배송비규정!$A$3:$A$32,배송비규정!$B$3:$B$32),0)+IFERROR(INDEX(지역추가비!$B$3:$B$42,MATCH($J6,지역추가비!$A$3:$A$42,0)),0))) -> 0 | M6: =IF($B6="","",IF(COUNTIFS($B$3:$B6,$B6)>1,"",$K6+$L6)) -> 35000 | N6: =IF($B6="","",COUNTIFS($B$3:$B6,$B6)) -> 1 | O6: =IF($B6="","",$B6&"|"&$N6) -> O-1004|1
A7: 46276 | B7: O-1004 | C7: 최고객 | D7: 010-0000-0004 | E7: 대구시 | F7: 배 7.5kg | G7: 1 | H7: 20000 | I7: =IF(OR($G7="",$H7=""),"",ROUND($G7*$H7,0)) -> 20000 | J7: 일반 | K7: =IF($B7="","",SUMIFS($I$3:$I$2002,$B$3:$B$2002,$B7)) -> 35000 | L7: =IF($B7="","",IF(COUNTIFS($B$3:$B7,$B7)>1,0,IFERROR(LOOKUP($K7,배송비규정!$A$3:$A$32,배송비규정!$B$3:$B$32),0)+IFERROR(INDEX(지역추가비!$B$3:$B$42,MATCH($J7,지역추가비!$A$3:$A$42,0)),0))) -> 0 | M7: =IF($B7="","",IF(COUNTIFS($B$3:$B7,$B7)>1,"",$K7+$L7)) | N7: =IF($B7="","",COUNTIFS($B$3:$B7,$B7)) -> 2 | O7: =IF($B7="","",$B7&"|"&$N7) -> O-1004|2
I8: =IF(OR($G8="",$H8=""),"",ROUND($G8*$H8,0)) | K8: =IF($B8="","",SUMIFS($I$3:$I$2002,$B$3:$B$2002,$B8)) | L8: =IF($B8="","",IF(COUNTIFS($B$3:$B8,$B8)>1,0,IFERROR(LOOKUP($K8,배송비규정!$A$3:$A$32,배송비규정!$B$3:$B$32),0)+IFERROR(INDEX(지역추가비!$B$3:$B$42,MATCH($J8,지역추가비!$A$3:$A$42,0)),0))) | M8: =IF($B8="","",IF(COUNTIFS($B$3:$B8,$B8)>1,"",$K8+$L8)) | N8: =IF($B8="","",COUNTIFS($B$3:$B8,$B8)) | O8: =IF($B8="","",$B8&"|"&$N8)
I9: =IF(OR($G9="",$H9=""),"",ROUND($G9*$H9,0)) | K9: =IF($B9="","",SUMIFS($I$3:$I$2002,$B$3:$B$2002,$B9)) | L9: =IF($B9="","",IF(COUNTIFS($B$3:$B9,$B9)>1,0,IFERROR(LOOKUP($K9,배송비규정!$A$3:$A$32,배송비규정!$B$3:$B$32),0)+IFERROR(INDEX(지역추가비!$B$3:$B$42,MATCH($J9,지역추가비!$A$3:$A$42,0)),0))) | M9: =IF($B9="","",IF(COUNTIFS($B$3:$B9,$B9)>1,"",$K9+$L9)) | N9: =IF($B9="","",COUNTIFS($B$3:$B9,$B9)) | O9: =IF($B9="","",$B9&"|"&$N9)
I10: =IF(OR($G10="",$H10=""),"",ROUND($G10*$H10,0)) | K10: =IF($B10="","",SUMIFS($I$3:$I$2002,$B$3:$B$2002,$B10)) | L10: =IF($B10="","",IF(COUNTIFS($B$3:$B10,$B10)>1,0,IFERROR(LOOKUP($K10,배송비규정!$A$3:$A$32,배송비규정!$B$3:$B$32),0)+IFERROR(INDEX(지역추가비!$B$3:$B$42,MATCH($J10,지역추가비!$A$3:$A$42,0)),0))) | M10: =IF($B10="","",IF(COUNTIFS($B$3:$B10,$B10)>1,"",$K10+$L10)) | N10: =IF($B10="","",COUNTIFS($B$3:$B10,$B10)) | O10: =IF($B10="","",$B10&"|"&$N10)
I11: =IF(OR($G11="",$H11=""),"",ROUND($G11*$H11,0)) | K11: =IF($B11="","",SUMIFS($I$3:$I$2002,$B$3:$B$2002,$B11)) | L11: =IF($B11="","",IF(COUNTIFS($B$3:$B11,$B11)>1,0,IFERROR(LOOKUP($K11,배송비규정!$A$3:$A$32,배송비규정!$B$3:$B$32),0)+IFERROR(INDEX(지역추가비!$B$3:$B$42,MATCH($J11,지역추가비!$A$3:$A$42,0)),0))) | M11: =IF($B11="","",IF(COUNTIFS($B$3:$B11,$B11)>1,"",$K11+$L11)) | N11: =IF($B11="","",COUNTIFS($B$3:$B11,$B11)) | O11: =IF($B11="","",$B11&"|"&$N11)
I12: =IF(OR($G12="",$H12=""),"",ROUND($G12*$H12,0)) | K12: =IF($B12="","",SUMIFS($I$3:$I$2002,$B$3:$B$2002,$B12)) | L12: =IF($B12="","",IF(COUNTIFS($B$3:$B12,$B12)>1,0,IFERROR(LOOKUP($K12,배송비규정!$A$3:$A$32,배송비규정!$B$3:$B$32),0)+IFERROR(INDEX(지역추가비!$B$3:$B$42,MATCH($J12,지역추가비!$A$3:$A$42,0)),0))) | M12: =IF($B12="","",IF(COUNTIFS($B$3:$B12,$B12)>1,"",$K12+$L12)) | N12: =IF($B12="","",COUNTIFS($B$3:$B12,$B12)) | O12: =IF($B12="","",$B12&"|"&$N12)
I13: =IF(OR($G13="",$H13=""),"",ROUND($G13*$H13,0)) | K13: =IF($B13="","",SUMIFS($I$3:$I$2002,$B$3:$B$2002,$B13)) | L13: =IF($B13="","",IF(COUNTIFS($B$3:$B13,$B13)>1,0,IFERROR(LOOKUP($K13,배송비규정!$A$3:$A$32,배송비규정!$B$3:$B$32),0)+IFERROR(INDEX(지역추가비!$B$3:$B$42,MATCH($J13,지역추가비!$A$3:$A$42,0)),0))) | M13: =IF($B13="","",IF(COUNTIFS($B$3:$B13,$B13)>1,"",$K13+$L13)) | N13: =IF($B13="","",COUNTIFS($B$3:$B13,$B13)) | O13: =IF($B13="","",$B13&"|"&$N13)
I14: =IF(OR($G14="",$H14=""),"",ROUND($G14*$H14,0)) | K14: =IF($B14="","",SUMIFS($I$3:$I$2002,$B$3:$B$2002,$B14)) | L14: =IF($B14="","",IF(COUNTIFS($B$3:$B14,$B14)>1,0,IFERROR(LOOKUP($K14,배송비규정!$A$3:$A$32,배송비규정!$B$3:$B$32),0)+IFERROR(INDEX(지역추가비!$B$3:$B$42,MATCH($J14,지역추가비!$A$3:$A$42,0)),0))) | M14: =IF($B14="","",IF(COUNTIFS($B$3:$B14,$B14)>1,"",$K14+$L14)) | N14: =IF($B14="","",COUNTIFS($B$3:$B14,$B14)) | O14: =IF($B14="","",$B14&"|"&$N14)
I15: =IF(OR($G15="",$H15=""),"",ROUND($G15*$H15,0)) | K15: =IF($B15="","",SUMIFS($I$3:$I$2002,$B$3:$B$2002,$B15)) | L15: =IF($B15="","",IF(COUNTIFS($B$3:$B15,$B15)>1,0,IFERROR(LOOKUP($K15,배송비규정!$A$3:$A$32,배송비규정!$B$3:$B$32),0)+IFERROR(INDEX(지역추가비!$B$3:$B$42,MATCH($J15,지역추가비!$A$3:$A$42,0)),0))) | M15: =IF($B15="","",IF(COUNTIFS($B$3:$B15,$B15)>1,"",$K15+$L15)) | N15: =IF($B15="","",COUNTIFS($B$3:$B15,$B15)) | O15: =IF($B15="","",$B15&"|"&$N15)
I16: =IF(OR($G16="",$H16=""),"",ROUND($G16*$H16,0)) | K16: =IF($B16="","",SUMIFS($I$3:$I$2002,$B$3:$B$2002,$B16)) | L16: =IF($B16="","",IF(COUNTIFS($B$3:$B16,$B16)>1,0,IFERROR(LOOKUP($K16,배송비규정!$A$3:$A$32,배송비규정!$B$3:$B$32),0)+IFERROR(INDEX(지역추가비!$B$3:$B$42,MATCH($J16,지역추가비!$A$3:$A$42,0)),0))) | M16: =IF($B16="","",IF(COUNTIFS($B$3:$B16,$B16)>1,"",$K16+$L16)) | N16: =IF($B16="","",COUNTIFS($B$3:$B16,$B16)) | O16: =IF($B16="","",$B16&"|"&$N16)
I17: =IF(OR($G17="",$H17=""),"",ROUND($G17*$H17,0)) | K17: =IF($B17="","",SUMIFS($I$3:$I$2002,$B$3:$B$2002,$B17)) | L17: =IF($B17="","",IF(COUNTIFS($B$3:$B17,$B17)>1,0,IFERROR(LOOKUP($K17,배송비규정!$A$3:$A$32,배송비규정!$B$3:$B$32),0)+IFERROR(INDEX(지역추가비!$B$3:$B$42,MATCH($J17,지역추가비!$A$3:$A$42,0)),0))) | M17: =IF($B17="","",IF(COUNTIFS($B$3:$B17,$B17)>1,"",$K17+$L17)) | N17: =IF($B17="","",COUNTIFS($B$3:$B17,$B17)) | O17: =IF($B17="","",$B17&"|"&$N17)
I18: =IF(OR($G18="",$H18=""),"",ROUND($G18*$H18,0)) | K18: =IF($B18="","",SUMIFS($I$3:$I$2002,$B$3:$B$2002,$B18)) | L18: =IF($B18="","",IF(COUNTIFS($B$3:$B18,$B18)>1,0,IFERROR(LOOKUP($K18,배송비규정!$A$3:$A$32,배송비규정!$B$3:$B$32),0)+IFERROR(INDEX(지역추가비!$B$3:$B$42,MATCH($J18,지역추가비!$A$3:$A$42,0)),0))) | M18: =IF($B18="","",IF(COUNTIFS($B$3:$B18,$B18)>1,"",$K18+$L18)) | N18: =IF($B18="","",COUNTIFS($B$3:$B18,$B18)) | O18: =IF($B18="","",$B18&"|"&$N18)
I19: =IF(OR($G19="",$H19=""),"",ROUND($G19*$H19,0)) | K19: =IF($B19="","",SUMIFS($I$3:$I$2002,$B$3:$B$2002,$B19)) | L19: =IF($B19="","",IF(COUNTIFS($B$3:$B19,$B19)>1,0,IFERROR(LOOKUP($K19,배송비규정!$A$3:$A$32,배송비규정!$B$3:$B$32),0)+IFERROR(INDEX(지역추가비!$B$3:$B$42,MATCH($J19,지역추가비!$A$3:$A$42,0)),0))) | M19: =IF($B19="","",IF(COUNTIFS($B$3:$B19,$B19)>1,"",$K19+$L19)) | N19: =IF($B19="","",COUNTIFS($B$3:$B19,$B19)) | O19: =IF($B19="","",$B19&"|"&$N19)
... I2002: =IF(OR($G2002="",$H2002=""),"",ROUND($G2002*$H2002,0)) | K2002: =IF($B2002="","",SUMIFS($I$3:$I$2002,$B$3:$B$2002,$B2002)) | L2002: =IF($B2002="","",IF(COUNTIFS($B$3:$B2002,$B2002)>1,0,IFERROR(LOOKUP($K2002,배송비규정!$A$3:$A$32,배송비규정!$B$3:$B$32),0)+IFERROR(INDEX(지역추가비!$B$3:$B$42,MATCH($J2002,지역추가비!$A$3:$A$42,0)),0))) | M2002: =IF($B2002="","",IF(COUNTIFS($B$3:$B2002,$B2002)>1,"",$K2002+$L2002)) | N2002: =IF($B2002="","",COUNTIFS($B$3:$B2002,$B2002)) | O2002: =IF($B2002="","",$B2002&"|"&$N2002)
A2004: ※ 같은 주문번호의 두 번째 줄부터는 회색이며 배송비가 0입니다.
A2005: ※ 청구액은 그 주문의 첫 줄에만 표시됩니다.

Sheet 주문내역서
B2: 주 문 내 역 서
B4: 주문번호 | C4: O-1004 | D4: ← 이 칸만 바꾸세요
B6: 주문일 | C6: =IFERROR(INDEX(주문내역!$A$3:$A$2002,MATCH($C$4,주문내역!$B$3:$B$2002,0)),"") -> 46276
B7: 고객명 | C7: =IFERROR(INDEX(주문내역!$C$3:$C$2002,MATCH($C$4,주문내역!$B$3:$B$2002,0)),"") -> 최고객
B8: 연락처 | C8: =IFERROR(INDEX(주문내역!$D$3:$D$2002,MATCH($C$4,주문내역!$B$3:$B$2002,0)),"") -> 010-0000-0004
B9: 주소 | C9: =IFERROR(INDEX(주문내역!$E$3:$E$2002,MATCH($C$4,주문내역!$B$3:$B$2002,0)),"") -> 대구시
B11: 상품명 | C11: 수량 | D11: 단가 | E11: 금액
B12: =IFERROR(INDEX(주문내역!$F$3:$F$2002,MATCH($C$4&"|"&1,주문내역!$O$3:$O$2002,0)),"") -> 사과 5kg | C12: =IF($B12="","",IFERROR(INDEX(주문내역!$G$3:$G$2002,MATCH($C$4&"|"&1,주문내역!$O$3:$O$2002,0)),"")) -> 1 | D12: =IF($B12="","",IFERROR(INDEX(주문내역!$H$3:$H$2002,MATCH($C$4&"|"&1,주문내역!$O$3:$O$2002,0)),"")) -> 15000 | E12: =IF($B12="","",IFERROR(INDEX(주문내역!$I$3:$I$2002,MATCH($C$4&"|"&1,주문내역!$O$3:$O$2002,0)),"")) -> 15000
B13: =IFERROR(INDEX(주문내역!$F$3:$F$2002,MATCH($C$4&"|"&2,주문내역!$O$3:$O$2002,0)),"") -> 배 7.5kg | C13: =IF($B13="","",IFERROR(INDEX(주문내역!$G$3:$G$2002,MATCH($C$4&"|"&2,주문내역!$O$3:$O$2002,0)),"")) -> 1 | D13: =IF($B13="","",IFERROR(INDEX(주문내역!$H$3:$H$2002,MATCH($C$4&"|"&2,주문내역!$O$3:$O$2002,0)),"")) -> 20000 | E13: =IF($B13="","",IFERROR(INDEX(주문내역!$I$3:$I$2002,MATCH($C$4&"|"&2,주문내역!$O$3:$O$2002,0)),"")) -> 20000
B14: =IFERROR(INDEX(주문내역!$F$3:$F$2002,MATCH($C$4&"|"&3,주문내역!$O$3:$O$2002,0)),"") | C14: =IF($B14="","",IFERROR(INDEX(주문내역!$G$3:$G$2002,MATCH($C$4&"|"&3,주문내역!$O$3:$O$2002,0)),"")) | D14: =IF($B14="","",IFERROR(INDEX(주문내역!$H$3:$H$2002,MATCH($C$4&"|"&3,주문내역!$O$3:$O$2002,0)),"")) | E14: =IF($B14="","",IFERROR(INDEX(주문내역!$I$3:$I$2002,MATCH($C$4&"|"&3,주문내역!$O$3:$O$2002,0)),""))
B15: =IFERROR(INDEX(주문내역!$F$3:$F$2002,MATCH($C$4&"|"&4,주문내역!$O$3:$O$2002,0)),"") | C15: =IF($B15="","",IFERROR(INDEX(주문내역!$G$3:$G$2002,MATCH($C$4&"|"&4,주문내역!$O$3:$O$2002,0)),"")) | D15: =IF($B15="","",IFERROR(INDEX(주문내역!$H$3:$H$2002,MATCH($C$4&"|"&4,주문내역!$O$3:$O$2002,0)),"")) | E15: =IF($B15="","",IFERROR(INDEX(주문내역!$I$3:$I$2002,MATCH($C$4&"|"&4,주문내역!$O$3:$O$2002,0)),""))
B16: =IFERROR(INDEX(주문내역!$F$3:$F$2002,MATCH($C$4&"|"&5,주문내역!$O$3:$O$2002,0)),"") | C16: =IF($B16="","",IFERROR(INDEX(주문내역!$G$3:$G$2002,MATCH($C$4&"|"&5,주문내역!$O$3:$O$2002,0)),"")) | D16: =IF($B16="","",IFERROR(INDEX(주문내역!$H$3:$H$2002,MATCH($C$4&"|"&5,주문내역!$O$3:$O$2002,0)),"")) | E16: =IF($B16="","",IFERROR(INDEX(주문내역!$I$3:$I$2002,MATCH($C$4&"|"&5,주문내역!$O$3:$O$2002,0)),""))
B17: =IFERROR(INDEX(주문내역!$F$3:$F$2002,MATCH($C$4&"|"&6,주문내역!$O$3:$O$2002,0)),"") | C17: =IF($B17="","",IFERROR(INDEX(주문내역!$G$3:$G$2002,MATCH($C$4&"|"&6,주문내역!$O$3:$O$2002,0)),"")) | D17: =IF($B17="","",IFERROR(INDEX(주문내역!$H$3:$H$2002,MATCH($C$4&"|"&6,주문내역!$O$3:$O$2002,0)),"")) | E17: =IF($B17="","",IFERROR(INDEX(주문내역!$I$3:$I$2002,MATCH($C$4&"|"&6,주문내역!$O$3:$O$2002,0)),""))
B18: =IFERROR(INDEX(주문내역!$F$3:$F$2002,MATCH($C$4&"|"&7,주문내역!$O$3:$O$2002,0)),"") | C18: =IF($B18="","",IFERROR(INDEX(주문내역!$G$3:$G$2002,MATCH($C$4&"|"&7,주문내역!$O$3:$O$2002,0)),"")) | D18: =IF($B18="","",IFERROR(INDEX(주문내역!$H$3:$H$2002,MATCH($C$4&"|"&7,주문내역!$O$3:$O$2002,0)),"")) | E18: =IF($B18="","",IFERROR(INDEX(주문내역!$I$3:$I$2002,MATCH($C$4&"|"&7,주문내역!$O$3:$O$2002,0)),""))
B19: =IFERROR(INDEX(주문내역!$F$3:$F$2002,MATCH($C$4&"|"&8,주문내역!$O$3:$O$2002,0)),"") | C19: =IF($B19="","",IFERROR(INDEX(주문내역!$G$3:$G$2002,MATCH($C$4&"|"&8,주문내역!$O$3:$O$2002,0)),"")) | D19: =IF($B19="","",IFERROR(INDEX(주문내역!$H$3:$H$2002,MATCH($C$4&"|"&8,주문내역!$O$3:$O$2002,0)),"")) | E19: =IF($B19="","",IFERROR(INDEX(주문내역!$I$3:$I$2002,MATCH($C$4&"|"&8,주문내역!$O$3:$O$2002,0)),""))
B20: =IFERROR(INDEX(주문내역!$F$3:$F$2002,MATCH($C$4&"|"&9,주문내역!$O$3:$O$2002,0)),"") | C20: =IF($B20="","",IFERROR(INDEX(주문내역!$G$3:$G$2002,MATCH($C$4&"|"&9,주문내역!$O$3:$O$2002,0)),"")) | D20: =IF($B20="","",IFERROR(INDEX(주문내역!$H$3:$H$2002,MATCH($C$4&"|"&9,주문내역!$O$3:$O$2002,0)),"")) | E20: =IF($B20="","",IFERROR(INDEX(주문내역!$I$3:$I$2002,MATCH($C$4&"|"&9,주문내역!$O$3:$O$2002,0)),""))
B21: =IFERROR(INDEX(주문내역!$F$3:$F$2002,MATCH($C$4&"|"&10,주문내역!$O$3:$O$2002,0)),"") | C21: =IF($B21="","",IFERROR(INDEX(주문내역!$G$3:$G$2002,MATCH($C$4&"|"&10,주문내역!$O$3:$O$2002,0)),"")) | D21: =IF($B21="","",IFERROR(INDEX(주문내역!$H$3:$H$2002,MATCH($C$4&"|"&10,주문내역!$O$3:$O$2002,0)),"")) | E21: =IF($B21="","",IFERROR(INDEX(주문내역!$I$3:$I$2002,MATCH($C$4&"|"&10,주문내역!$O$3:$O$2002,0)),""))
B22: 상품 합계 | E22: =IFERROR(INDEX(주문내역!$K$3:$K$2002,MATCH($C$4,주문내역!$B$3:$B$2002,0)),0) -> 35000
B23: 배 송 비 | E23: =IFERROR(INDEX(주문내역!$L$3:$L$2002,MATCH($C$4,주문내역!$B$3:$B$2002,0)),0) -> 0
B24: 총 청 구 액 | E24: =E22+E23 -> 35000

Sheet 일별집계
A1: 일별집계
A3: 시작일 | B3: 46266
A5: 날짜 | B5: 주문 건수 | C5: 상품 금액 | D5: 배송비 | E5: 청구 합계 | F5: 평균 객단가
A6: =$B$3+0 -> 46266 | B6: =SUMPRODUCT((주문내역!$A$3:$A$2002=$A6)*(주문내역!$L$3:$L$2002<>""))-SUMPRODUCT((주문내역!$A$3:$A$2002=$A6)*(주문내역!$L$3:$L$2002=0)*(주문내역!$K$3:$K$2002<30000)*0) -> 0 | C6: =SUMIFS(주문내역!$I$3:$I$2002,주문내역!$A$3:$A$2002,$A6) -> 0 | D6: =SUMIFS(주문내역!$L$3:$L$2002,주문내역!$A$3:$A$2002,$A6) -> 0 | E6: =$C6+$D6 -> 0 | F6: =IF($B6=0,0,ROUND($E6/$B6,0)) -> 0
A7: =$B$3+1 -> 46267 | B7: =SUMPRODUCT((주문내역!$A$3:$A$2002=$A7)*(주문내역!$L$3:$L$2002<>""))-SUMPRODUCT((주문내역!$A$3:$A$2002=$A7)*(주문내역!$L$3:$L$2002=0)*(주문내역!$K$3:$K$2002<30000)*0) -> 0 | C7: =SUMIFS(주문내역!$I$3:$I$2002,주문내역!$A$3:$A$2002,$A7) -> 0 | D7: =SUMIFS(주문내역!$L$3:$L$2002,주문내역!$A$3:$A$2002,$A7) -> 0 | E7: =$C7+$D7 -> 0 | F7: =IF($B7=0,0,ROUND($E7/$B7,0)) -> 0
A8: =$B$3+2 -> 46268 | B8: =SUMPRODUCT((주문내역!$A$3:$A$2002=$A8)*(주문내역!$L$3:$L$2002<>""))-SUMPRODUCT((주문내역!$A$3:$A$2002=$A8)*(주문내역!$L$3:$L$2002=0)*(주문내역!$K$3:$K$2002<30000)*0) -> 0 | C8: =SUMIFS(주문내역!$I$3:$I$2002,주문내역!$A$3:$A$2002,$A8) -> 0 | D8: =SUMIFS(주문내역!$L$3:$L$2002,주문내역!$A$3:$A$2002,$A8) -> 0 | E8: =$C8+$D8 -> 0 | F8: =IF($B8=0,0,ROUND($E8/$B8,0)) -> 0
A9: =$B$3+3 -> 46269 | B9: =SUMPRODUCT((주문내역!$A$3:$A$2002=$A9)*(주문내역!$L$3:$L$2002<>""))-SUMPRODUCT((주문내역!$A$3:$A$2002=$A9)*(주문내역!$L$3:$L$2002=0)*(주문내역!$K$3:$K$2002<30000)*0) -> 0 | C9: =SUMIFS(주문내역!$I$3:$I$2002,주문내역!$A$3:$A$2002,$A9) -> 0 | D9: =SUMIFS(주문내역!$L$3:$L$2002,주문내역!$A$3:$A$2002,$A9) -> 0 | E9: =$C9+$D9 -> 0 | F9: =IF($B9=0,0,ROUND($E9/$B9,0)) -> 0
A10: =$B$3+4 -> 46270 | B10: =SUMPRODUCT((주문내역!$A$3:$A$2002=$A10)*(주문내역!$L$3:$L$2002<>""))-SUMPRODUCT((주문내역!$A$3:$A$2002=$A10)*(주문내역!$L$3:$L$2002=0)*(주문내역!$K$3:$K$2002<30000)*0) -> 0 | C10: =SUMIFS(주문내역!$I$3:$I$2002,주문내역!$A$3:$A$2002,$A10) -> 0 | D10: =SUMIFS(주문내역!$L$3:$L$2002,주문내역!$A$3:$A$2002,$A10) -> 0 | E10: =$C10+$D10 -> 0 | F10: =IF($B10=0,0,ROUND($E10/$B10,0)) -> 0
A11: =$B$3+5 -> 46271 | B11: =SUMPRODUCT((주문내역!$A$3:$A$2002=$A11)*(주문내역!$L$3:$L$2002<>""))-SUMPRODUCT((주문내역!$A$3:$A$2002=$A11)*(주문내역!$L$3:$L$2002=0)*(주문내역!$K$3:$K$2002<30000)*0) -> 0 | C11: =SUMIFS(주문내역!$I$3:$I$2002,주문내역!$A$3:$A$2002,$A11) -> 0 | D11: =SUMIFS(주문내역!$L$3:$L$2002,주문내역!$A$3:$A$2002,$A11) -> 0 | E11: =$C11+$D11 -> 0 | F11: =IF($B11=0,0,ROUND($E11/$B11,0)) -> 0
A12: =$B$3+6 -> 46272 | B12: =SUMPRODUCT((주문내역!$A$3:$A$2002=$A12)*(주문내역!$L$3:$L$2002<>""))-SUMPRODUCT((주문내역!$A$3:$A$2002=$A12)*(주문내역!$L$3:$L$2002=0)*(주문내역!$K$3:$K$2002<30000)*0) -> 0 | C12: =SUMIFS(주문내역!$I$3:$I$2002,주문내역!$A$3:$A$2002,$A12) -> 0 | D12: =SUMIFS(주문내역!$L$3:$L$2002,주문내역!$A$3:$A$2002,$A12) -> 0 | E12: =$C12+$D12 -> 0 | F12: =IF($B12=0,0,ROUND($E12/$B12,0)) -> 0
A13: =$B$3+7 -> 46273 | B13: =SUMPRODUCT((주문내역!$A$3:$A$2002=$A13)*(주문내역!$L$3:$L$2002<>""))-SUMPRODUCT((주문내역!$A$3:$A$2002=$A13)*(주문내역!$L$3:$L$2002=0)*(주문내역!$K$3:$K$2002<30000)*0) -> 0 | C13: =SUMIFS(주문내역!$I$3:$I$2002,주문내역!$A$3:$A$2002,$A13) -> 0 | D13: =SUMIFS(주문내역!$L$3:$L$2002,주문내역!$A$3:$A$2002,$A13) -> 0 | E13: =$C13+$D13 -> 0 | F13: =IF($B13=0,0,ROUND($E13/$B13,0)) -> 0
A14: =$B$3+8 -> 46274 | B14: =SUMPRODUCT((주문내역!$A$3:$A$2002=$A14)*(주문내역!$L$3:$L$2002<>""))-SUMPRODUCT((주문내역!$A$3:$A$2002=$A14)*(주문내역!$L$3:$L$2002=0)*(주문내역!$K$3:$K$2002<30000)*0) -> 0 | C14: =SUMIFS(주문내역!$I$3:$I$2002,주문내역!$A$3:$A$2002,$A14) -> 0 | D14: =SUMIFS(주문내역!$L$3:$L$2002,주문내역!$A$3:$A$2002,$A14) -> 0 | E14: =$C14+$D14 -> 0 | F14: =IF($B14=0,0,ROUND($E14/$B14,0)) -> 0
A15: =$B$3+9 -> 46275 | B15: =SUMPRODUCT((주문내역!$A$3:$A$2002=$A15)*(주문내역!$L$3:$L$2002<>""))-SUMPRODUCT((주문내역!$A$3:$A$2002=$A15)*(주문내역!$L$3:$L$2002=0)*(주문내역!$K$3:$K$2002<30000)*0) -> 2 | C15: =SUMIFS(주문내역!$I$3:$I$2002,주문내역!$A$3:$A$2002,$A15) -> 58000 | D15: =SUMIFS(주문내역!$L$3:$L$2002,주문내역!$A$3:$A$2002,$A15) -> 9000 | E15: =$C15+$D15 -> 67000 | F15: =IF($B15=0,0,ROUND($E15/$B15,0)) -> 33500
A16: =$B$3+10 -> 46276 | B16: =SUMPRODUCT((주문내역!$A$3:$A$2002=$A16)*(주문내역!$L$3:$L$2002<>""))-SUMPRODUCT((주문내역!$A$3:$A$2002=$A16)*(주문내역!$L$3:$L$2002=0)*(주문내역!$K$3:$K$2002<30000)*0) -> 3 | C16: =SUMIFS(주문내역!$I$3:$I$2002,주문내역!$A$3:$A$2002,$A16) -> 66000 | D16: =SUMIFS(주문내역!$L$3:$L$2002,주문내역!$A$3:$A$2002,$A16) -> 0 | E16: =$C16+$D16 -> 66000 | F16: =IF($B16=0,0,ROUND($E16/$B16,0)) -> 22000
A17: =$B$3+11 -> 46277 | B17: =SUMPRODUCT((주문내역!$A$3:$A$2002=$A17)*(주문내역!$L$3:$L$2002<>""))-SUMPRODUCT((주문내역!$A$3:$A$2002=$A17)*(주문내역!$L$3:$L$2002=0)*(주문내역!$K$3:$K$2002<30000)*0) -> 0 | C17: =SUMIFS(주문내역!$I$3:$I$2002,주문내역!$A$3:$A$2002,$A17) -> 0 | D17: =SUMIFS(주문내역!$L$3:$L$2002,주문내역!$A$3:$A$2002,$A17) -> 0 | E17: =$C17+$D17 -> 0 | F17: =IF($B17=0,0,ROUND($E17/$B17,0)) -> 0
A18: =$B$3+12 -> 46278 | B18: =SUMPRODUCT((주문내역!$A$3:$A$2002=$A18)*(주문내역!$L$3:$L$2002<>""))-SUMPRODUCT((주문내역!$A$3:$A$2002=$A18)*(주문내역!$L$3:$L$2002=0)*(주문내역!$K$3:$K$2002<30000)*0) -> 0 | C18: =SUMIFS(주문내역!$I$3:$I$2002,주문내역!$A$3:$A$2002,$A18) -> 0 | D18: =SUMIFS(주문내역!$L$3:$L$2002,주문내역!$A$3:$A$2002,$A18) -> 0 | E18: =$C18+$D18 -> 0 | F18: =IF($B18=0,0,ROUND($E18/$B18,0)) -> 0
A19: =$B$3+13 -> 46279 | B19: =SUMPRODUCT((주문내역!$A$3:$A$2002=$A19)*(주문내역!$L$3:$L$2002<>""))-SUMPRODUCT((주문내역!$A$3:$A$2002=$A19)*(주문내역!$L$3:$L$2002=0)*(주문내역!$K$3:$K$2002<30000)*0) -> 0 | C19: =SUMIFS(주문내역!$I$3:$I$2002,주문내역!$A$3:$A$2002,$A19) -> 0 | D19: =SUMIFS(주문내역!$L$3:$L$2002,주문내역!$A$3:$A$2002,$A19) -> 0 | E19: =$C19+$D19 -> 0 | F19: =IF($B19=0,0,ROUND($E19/$B19,0)) -> 0
A20: =$B$3+14 -> 46280 | B20: =SUMPRODUCT((주문내역!$A$3:$A$2002=$A20)*(주문내역!$L$3:$L$2002<>""))-SUMPRODUCT((주문내역!$A$3:$A$2002=$A20)*(주문내역!$L$3:$L$2002=0)*(주문내역!$K$3:$K$2002<30000)*0) -> 0 | C20: =SUMIFS(주문내역!$I$3:$I$2002,주문내역!$A$3:$A$2002,$A20) -> 0 | D20: =SUMIFS(주문내역!$L$3:$L$2002,주문내역!$A$3:$A$2002,$A20) -> 0 | E20: =$C20+$D20 -> 0 | F20: =IF($B20=0,0,ROUND($E20/$B20,0)) -> 0
A21: =$B$3+15 -> 46281 | B21: =SUMPRODUCT((주문내역!$A$3:$A$2002=$A21)*(주문내역!$L$3:$L$2002<>""))-SUMPRODUCT((주문내역!$A$3:$A$2002=$A21)*(주문내역!$L$3:$L$2002=0)*(주문내역!$K$3:$K$2002<30000)*0) -> 0 | C21: =SUMIFS(주문내역!$I$3:$I$2002,주문내역!$A$3:$A$2002,$A21) -> 0 | D21: =SUMIFS(주문내역!$L$3:$L$2002,주문내역!$A$3:$A$2002,$A21) -> 0 | E21: =$C21+$D21 -> 0 | F21: =IF($B21=0,0,ROUND($E21/$B21,0)) -> 0
A22: =$B$3+16 -> 46282 | B22: =SUMPRODUCT((주문내역!$A$3:$A$2002=$A22)*(주문내역!$L$3:$L$2002<>""))-SUMPRODUCT((주문내역!$A$3:$A$2002=$A22)*(주문내역!$L$3:$L$2002=0)*(주문내역!$K$3:$K$2002<30000)*0) -> 0 | C22: =SUMIFS(주문내역!$I$3:$I$2002,주문내역!$A$3:$A$2002,$A22) -> 0 | D22: =SUMIFS(주문내역!$L$3:$L$2002,주문내역!$A$3:$A$2002,$A22) -> 0 | E22: =$C22+$D22 -> 0 | F22: =IF($B22=0,0,ROUND($E22/$B22,0)) -> 0
A23: =$B$3+17 -> 46283 | B23: =SUMPRODUCT((주문내역!$A$3:$A$2002=$A23)*(주문내역!$L$3:$L$2002<>""))-SUMPRODUCT((주문내역!$A$3:$A$2002=$A23)*(주문내역!$L$3:$L$2002=0)*(주문내역!$K$3:$K$2002<30000)*0) -> 0 | C23: =SUMIFS(주문내역!$I$3:$I$2002,주문내역!$A$3:$A$2002,$A23) -> 0 | D23: =SUMIFS(주문내역!$L$3:$L$2002,주문내역!$A$3:$A$2002,$A23) -> 0 | E23: =$C23+$D23 -> 0 | F23: =IF($B23=0,0,ROUND($E23/$B23,0)) -> 0
A24: =$B$3+18 -> 46284 | B24: =SUMPRODUCT((주문내역!$A$3:$A$2002=$A24)*(주문내역!$L$3:$L$2002<>""))-SUMPRODUCT((주문내역!$A$3:$A$2002=$A24)*(주문내역!$L$3:$L$2002=0)*(주문내역!$K$3:$K$2002<30000)*0) -> 0 | C24: =SUMIFS(주문내역!$I$3:$I$2002,주문내역!$A$3:$A$2002,$A24) -> 0 | D24: =SUMIFS(주문내역!$L$3:$L$2002,주문내역!$A$3:$A$2002,$A24) -> 0 | E24: =$C24+$D24 -> 0 | F24: =IF($B24=0,0,ROUND($E24/$B24,0)) -> 0
A25: =$B$3+19 -> 46285 | B25: =SUMPRODUCT((주문내역!$A$3:$A$2002=$A25)*(주문내역!$L$3:$L$2002<>""))-SUMPRODUCT((주문내역!$A$3:$A$2002=$A25)*(주문내역!$L$3:$L$2002=0)*(주문내역!$K$3:$K$2002<30000)*0) -> 0 | C25: =SUMIFS(주문내역!$I$3:$I$2002,주문내역!$A$3:$A$2002,$A25) -> 0 | D25: =SUMIFS(주문내역!$L$3:$L$2002,주문내역!$A$3:$A$2002,$A25) -> 0 | E25: =$C25+$D25 -> 0 | F25: =IF($B25=0,0,ROUND($E25/$B25,0)) -> 0
A26: =$B$3+20 -> 46286 | B26: =SUMPRODUCT((주문내역!$A$3:$A$2002=$A26)*(주문내역!$L$3:$L$2002<>""))-SUMPRODUCT((주문내역!$A$3:$A$2002=$A26)*(주문내역!$L$3:$L$2002=0)*(주문내역!$K$3:$K$2002<30000)*0) -> 0 | C26: =SUMIFS(주문내역!$I$3:$I$2002,주문내역!$A$3:$A$2002,$A26) -> 0 | D26: =SUMIFS(주문내역!$L$3:$L$2002,주문내역!$A$3:$A$2002,$A26) -> 0 | E26: =$C26+$D26 -> 0 | F26: =IF($B26=0,0,ROUND($E26/$B26,0)) -> 0
A27: =$B$3+21 -> 46287 | B27: =SUMPRODUCT((주문내역!$A$3:$A$2002=$A27)*(주문내역!$L$3:$L$2002<>""))-SUMPRODUCT((주문내역!$A$3:$A$2002=$A27)*(주문내역!$L$3:$L$2002=0)*(주문내역!$K$3:$K$2002<30000)*0) -> 0 | C27: =SUMIFS(주문내역!$I$3:$I$2002,주문내역!$A$3:$A$2002,$A27) -> 0 | D27: =SUMIFS(주문내역!$L$3:$L$2002,주문내역!$A$3:$A$2002,$A27) -> 0 | E27: =$C27+$D27 -> 0 | F27: =IF($B27=0,0,ROUND($E27/$B27,0)) -> 0
A28: =$B$3+22 -> 46288 | B28: =SUMPRODUCT((주문내역!$A$3:$A$2002=$A28)*(주문내역!$L$3:$L$2002<>""))-SUMPRODUCT((주문내역!$A$3:$A$2002=$A28)*(주문내역!$L$3:$L$2002=0)*(주문내역!$K$3:$K$2002<30000)*0) -> 0 | C28: =SUMIFS(주문내역!$I$3:$I$2002,주문내역!$A$3:$A$2002,$A28) -> 0 | D28: =SUMIFS(주문내역!$L$3:$L$2002,주문내역!$A$3:$A$2002,$A28) -> 0 | E28: =$C28+$D28 -> 0 | F28: =IF($B28=0,0,ROUND($E28/$B28,0)) -> 0
A29: =$B$3+23 -> 46289 | B29: =SUMPRODUCT((주문내역!$A$3:$A$2002=$A29)*(주문내역!$L$3:$L$2002<>""))-SUMPRODUCT((주문내역!$A$3:$A$2002=$A29)*(주문내역!$L$3:$L$2002=0)*(주문내역!$K$3:$K$2002<30000)*0) -> 0 | C29: =SUMIFS(주문내역!$I$3:$I$2002,주문내역!$A$3:$A$2002,$A29) -> 0 | D29: =SUMIFS(주문내역!$L$3:$L$2002,주문내역!$A$3:$A$2002,$A29) -> 0 | E29: =$C29+$D29 -> 0 | F29: =IF($B29=0,0,ROUND($E29/$B29,0)) -> 0
A30: =$B$3+24 -> 46290 | B30: =SUMPRODUCT((주문내역!$A$3:$A$2002=$A30)*(주문내역!$L$3:$L$2002<>""))-SUMPRODUCT((주문내역!$A$3:$A$2002=$A30)*(주문내역!$L$3:$L$2002=0)*(주문내역!$K$3:$K$2002<30000)*0) -> 0 | C30: =SUMIFS(주문내역!$I$3:$I$2002,주문내역!$A$3:$A$2002,$A30) -> 0 | D30: =SUMIFS(주문내역!$L$3:$L$2002,주문내역!$A$3:$A$2002,$A30) -> 0 | E30: =$C30+$D30 -> 0 | F30: =IF($B30=0,0,ROUND($E30/$B30,0)) -> 0
A31: =$B$3+25 -> 46291 | B31: =SUMPRODUCT((주문내역!$A$3:$A$2002=$A31)*(주문내역!$L$3:$L$2002<>""))-SUMPRODUCT((주문내역!$A$3:$A$2002=$A31)*(주문내역!$L$3:$L$2002=0)*(주문내역!$K$3:$K$2002<30000)*0) -> 0 | C31: =SUMIFS(주문내역!$I$3:$I$2002,주문내역!$A$3:$A$2002,$A31) -> 0 | D31: =SUMIFS(주문내역!$L$3:$L$2002,주문내역!$A$3:$A$2002,$A31) -> 0 | E31: =$C31+$D31 -> 0 | F31: =IF($B31=0,0,ROUND($E31/$B31,0)) -> 0
A32: =$B$3+26 -> 46292 | B32: =SUMPRODUCT((주문내역!$A$3:$A$2002=$A32)*(주문내역!$L$3:$L$2002<>""))-SUMPRODUCT((주문내역!$A$3:$A$2002=$A32)*(주문내역!$L$3:$L$2002=0)*(주문내역!$K$3:$K$2002<30000)*0) -> 0 | C32: =SUMIFS(주문내역!$I$3:$I$2002,주문내역!$A$3:$A$2002,$A32) -> 0 | D32: =SUMIFS(주문내역!$L$3:$L$2002,주문내역!$A$3:$A$2002,$A32) -> 0 | E32: =$C32+$D32 -> 0 | F32: =IF($B32=0,0,ROUND($E32/$B32,0)) -> 0
A33: =$B$3+27 -> 46293 | B33: =SUMPRODUCT((주문내역!$A$3:$A$2002=$A33)*(주문내역!$L$3:$L$2002<>""))-SUMPRODUCT((주문내역!$A$3:$A$2002=$A33)*(주문내역!$L$3:$L$2002=0)*(주문내역!$K$3:$K$2002<30000)*0) -> 0 | C33: =SUMIFS(주문내역!$I$3:$I$2002,주문내역!$A$3:$A$2002,$A33) -> 0 | D33: =SUMIFS(주문내역!$L$3:$L$2002,주문내역!$A$3:$A$2002,$A33) -> 0 | E33: =$C33+$D33 -> 0 | F33: =IF($B33=0,0,ROUND($E33/$B33,0)) -> 0
A34: =$B$3+28 -> 46294 | B34: =SUMPRODUCT((주문내역!$A$3:$A$2002=$A34)*(주문내역!$L$3:$L$2002<>""))-SUMPRODUCT((주문내역!$A$3:$A$2002=$A34)*(주문내역!$L$3:$L$2002=0)*(주문내역!$K$3:$K$2002<30000)*0) -> 0 | C34: =SUMIFS(주문내역!$I$3:$I$2002,주문내역!$A$3:$A$2002,$A34) -> 0 | D34: =SUMIFS(주문내역!$L$3:$L$2002,주문내역!$A$3:$A$2002,$A34) -> 0 | E34: =$C34+$D34 -> 0 | F34: =IF($B34=0,0,ROUND($E34/$B34,0)) -> 0
A35: =$B$3+29 -> 46295 | B35: =SUMPRODUCT((주문내역!$A$3:$A$2002=$A35)*(주문내역!$L$3:$L$2002<>""))-SUMPRODUCT((주문내역!$A$3:$A$2002=$A35)*(주문내역!$L$3:$L$2002=0)*(주문내역!$K$3:$K$2002<30000)*0) -> 0 | C35: =SUMIFS(주문내역!$I$3:$I$2002,주문내역!$A$3:$A$2002,$A35) -> 0 | D35: =SUMIFS(주문내역!$L$3:$L$2002,주문내역!$A$3:$A$2002,$A35) -> 0 | E35: =$C35+$D35 -> 0 | F35: =IF($B35=0,0,ROUND($E35/$B35,0)) -> 0
A36: =$B$3+30 -> 46296 | B36: =SUMPRODUCT((주문내역!$A$3:$A$2002=$A36)*(주문내역!$L$3:$L$2002<>""))-SUMPRODUCT((주문내역!$A$3:$A$2002=$A36)*(주문내역!$L$3:$L$2002=0)*(주문내역!$K$3:$K$2002<30000)*0) -> 0 | C36: =SUMIFS(주문내역!$I$3:$I$2002,주문내역!$A$3:$A$2002,$A36) -> 0 | D36: =SUMIFS(주문내역!$L$3:$L$2002,주문내역!$A$3:$A$2002,$A36) -> 0 | E36: =$C36+$D36 -> 0 | F36: =IF($B36=0,0,ROUND($E36/$B36,0)) -> 0

Sheet 지역별집계
A1: 지역별집계
A3: 지역 | B3: 추가비 | C3: 주문 건수 | D3: 상품 금액 | E3: 배송비 합계
A4: =IF(지역추가비!$A3="","",지역추가비!$A3) -> 일반 | B4: =IF($A4="","",지역추가비!$B3) -> 0 | C4: =IF($A4="","",COUNTIFS(주문내역!$J$3:$J$2002,$A4)) -> 4 | D4: =IF($A4="","",SUMIFS(주문내역!$I$3:$I$2002,주문내역!$J$3:$J$2002,$A4)) -> 95000 | E4: =IF($A4="","",SUMIFS(주문내역!$L$3:$L$2002,주문내역!$J$3:$J$2002,$A4)) -> 3000
A5: =IF(지역추가비!$A4="","",지역추가비!$A4) -> 제주 | B5: =IF($A5="","",지역추가비!$B4) -> 3000 | C5: =IF($A5="","",COUNTIFS(주문내역!$J$3:$J$2002,$A5)) -> 1 | D5: =IF($A5="","",SUMIFS(주문내역!$I$3:$I$2002,주문내역!$J$3:$J$2002,$A5)) -> 29000 | E5: =IF($A5="","",SUMIFS(주문내역!$L$3:$L$2002,주문내역!$J$3:$J$2002,$A5)) -> 6000
A6: =IF(지역추가비!$A5="","",지역추가비!$A5) -> 도서산간 | B6: =IF($A6="","",지역추가비!$B5) -> 5000 | C6: =IF($A6="","",COUNTIFS(주문내역!$J$3:$J$2002,$A6)) -> 0 | D6: =IF($A6="","",SUMIFS(주문내역!$I$3:$I$2002,주문내역!$J$3:$J$2002,$A6)) -> 0 | E6: =IF($A6="","",SUMIFS(주문내역!$L$3:$L$2002,주문내역!$J$3:$J$2002,$A6)) -> 0
A7: =IF(지역추가비!$A6="","",지역추가비!$A6) | B7: =IF($A7="","",지역추가비!$B6) | C7: =IF($A7="","",COUNTIFS(주문내역!$J$3:$J$2002,$A7)) | D7: =IF($A7="","",SUMIFS(주문내역!$I$3:$I$2002,주문내역!$J$3:$J$2002,$A7)) | E7: =IF($A7="","",SUMIFS(주문내역!$L$3:$L$2002,주문내역!$J$3:$J$2002,$A7))
A8: =IF(지역추가비!$A7="","",지역추가비!$A7) | B8: =IF($A8="","",지역추가비!$B7) | C8: =IF($A8="","",COUNTIFS(주문내역!$J$3:$J$2002,$A8)) | D8: =IF($A8="","",SUMIFS(주문내역!$I$3:$I$2002,주문내역!$J$3:$J$2002,$A8)) | E8: =IF($A8="","",SUMIFS(주문내역!$L$3:$L$2002,주문내역!$J$3:$J$2002,$A8))
A9: =IF(지역추가비!$A8="","",지역추가비!$A8) | B9: =IF($A9="","",지역추가비!$B8) | C9: =IF($A9="","",COUNTIFS(주문내역!$J$3:$J$2002,$A9)) | D9: =IF($A9="","",SUMIFS(주문내역!$I$3:$I$2002,주문내역!$J$3:$J$2002,$A9)) | E9: =IF($A9="","",SUMIFS(주문내역!$L$3:$L$2002,주문내역!$J$3:$J$2002,$A9))
A10: =IF(지역추가비!$A9="","",지역추가비!$A9) | B10: =IF($A10="","",지역추가비!$B9) | C10: =IF($A10="","",COUNTIFS(주문내역!$J$3:$J$2002,$A10)) | D10: =IF($A10="","",SUMIFS(주문내역!$I$3:$I$2002,주문내역!$J$3:$J$2002,$A10)) | E10: =IF($A10="","",SUMIFS(주문내역!$L$3:$L$2002,주문내역!$J$3:$J$2002,$A10))
A11: =IF(지역추가비!$A10="","",지역추가비!$A10) | B11: =IF($A11="","",지역추가비!$B10) | C11: =IF($A11="","",COUNTIFS(주문내역!$J$3:$J$2002,$A11)) | D11: =IF($A11="","",SUMIFS(주문내역!$I$3:$I$2002,주문내역!$J$3:$J$2002,$A11)) | E11: =IF($A11="","",SUMIFS(주문내역!$L$3:$L$2002,주문내역!$J$3:$J$2002,$A11))
A12: =IF(지역추가비!$A11="","",지역추가비!$A11) | B12: =IF($A12="","",지역추가비!$B11) | C12: =IF($A12="","",COUNTIFS(주문내역!$J$3:$J$2002,$A12)) | D12: =IF($A12="","",SUMIFS(주문내역!$I$3:$I$2002,주문내역!$J$3:$J$2002,$A12)) | E12: =IF($A12="","",SUMIFS(주문내역!$L$3:$L$2002,주문내역!$J$3:$J$2002,$A12))
A13: =IF(지역추가비!$A12="","",지역추가비!$A12) | B13: =IF($A13="","",지역추가비!$B12) | C13: =IF($A13="","",COUNTIFS(주문내역!$J$3:$J$2002,$A13)) | D13: =IF($A13="","",SUMIFS(주문내역!$I$3:$I$2002,주문내역!$J$3:$J$2002,$A13)) | E13: =IF($A13="","",SUMIFS(주문내역!$L$3:$L$2002,주문내역!$J$3:$J$2002,$A13))
A14: =IF(지역추가비!$A13="","",지역추가비!$A13) | B14: =IF($A14="","",지역추가비!$B13) | C14: =IF($A14="","",COUNTIFS(주문내역!$J$3:$J$2002,$A14)) | D14: =IF($A14="","",SUMIFS(주문내역!$I$3:$I$2002,주문내역!$J$3:$J$2002,$A14)) | E14: =IF($A14="","",SUMIFS(주문내역!$L$3:$L$2002,주문내역!$J$3:$J$2002,$A14))
A15: =IF(지역추가비!$A14="","",지역추가비!$A14) | B15: =IF($A15="","",지역추가비!$B14) | C15: =IF($A15="","",COUNTIFS(주문내역!$J$3:$J$2002,$A15)) | D15: =IF($A15="","",SUMIFS(주문내역!$I$3:$I$2002,주문내역!$J$3:$J$2002,$A15)) | E15: =IF($A15="","",SUMIFS(주문내역!$L$3:$L$2002,주문내역!$J$3:$J$2002,$A15))
... A43: =IF(지역추가비!$A42="","",지역추가비!$A42) | B43: =IF($A43="","",지역추가비!$B42) | C43: =IF($A43="","",COUNTIFS(주문내역!$J$3:$J$2002,$A43)) | D43: =IF($A43="","",SUMIFS(주문내역!$I$3:$I$2002,주문내역!$J$3:$J$2002,$A43)) | E43: =IF($A43="","",SUMIFS(주문내역!$L$3:$L$2002,주문내역!$J$3:$J$2002,$A43))
