Workbook

Sheet 사용안내
B2: 견적서 · 기성청구서 통합 관리
B4: 핵심 | C4: 내역은 [내역입력] 시트 한 곳에만 넣습니다. 견적서와 기성청구서가 그것을 그대로 가져다 씁니다.
B5: 입력 규칙 | C5: 파란색 글씨 칸만 입력하세요. 검은색은 자동 계산이라 건드리면 안 됩니다.
B6: ① 기초정보 | C6: 우리 회사 정보와 부가세율을 등록합니다. 한 번만 하면 됩니다.
B7: ② 현장목록 | C7: 현장명·발주처·현장주소를 등록합니다. 여기 등록해야 내역입력에서 고를 수 있습니다.
B8: ③ 품목마스터 | C8: 자주 쓰는 품목의 규격·단위·기본단가를 등록해두면 내역입력이 빨라집니다.
B9: ④ 내역입력 | C9: 현장을 고르고 품목을 고르면 규격·단위·단가가 자동으로 붙습니다.
C10: 수량과 기성률(%)만 직접 넣으면 금액이 자동 계산됩니다.
B11: ⑤ 견적서 | C11: 출력할 현장을 고르면 그 현장의 내역이 자동으로 채워집니다. 그대로 인쇄하세요.
B12: ⑥ 기성청구서 | C12: 같은 현장을 고르면 기성률이 반영된 청구 금액이 나옵니다.
B13: 기성률이란 | C13: 전체 공사 중 이번에 청구할 비율입니다. 100%면 전액 청구, 50%면 절반만 청구합니다.
B15: ※ 견적서·기성청구서의 한 장당 최대 항목 수는 20개입니다.

Sheet 기초정보
B2: 기초정보 (파란색 칸에 입력)
B4: 상호 | C4: ○○이엔지
B5: 사업자등록번호 | C5: 000-00-00000
B6: 대표자 | C6: 홍길동
B7: 주소 | C7: 서울시 ○○구 ○○로 00
B8: 업태 | C8: 제조, 건설
B9: 종목 | C9: 환기설비
B10: 전화 | C10: 02-000-0000
B11: 팩스 | C11: 02-000-0001
B12: 담당자 | C12: 홍길동
B13: 부가세율 | C13: 0.1
B15: ※ 예시값입니다. 실제 회사 정보로 바꿔주세요.

Sheet 현장목록
A1: 현장목록 (여기 등록해야 내역입력에서 선택 가능)
A2: 현장명 | B2: 발주처 | C2: 현장주소 | D2: 착공일 | E2: 비고
A3: ○○아파트 지하주차장 | B3: ○○종합건설 | C3: 경기도 ○○시 ○○동 | E3: ← 예시 행

Sheet 품목마스터
A1: 품목마스터 (자주 쓰는 품목을 등록해두면 내역입력이 빨라집니다)
A2: 품목명 | B2: 규격 | C2: 단위 | D2: 기본단가 | E2: 비고
A3: 주차장 환기휀 | B3: SF-500 / 1HP | C3: 대 | D3: 850000 | E3: ← 예시 행입니다
A4: 급기 덕트 | B4: SPCC 0.6T | C4: M | D4: 42000
A5: 배기 그릴 | B5: 300x300 | C5: EA | D5: 18000

Sheet 내역입력
A1: 내역입력 (현장·품목·수량·기성률만 입력 / 나머지 자동)
A2: 현장명 | B2: 품목명 | C2: 규격(자동) | D2: 단위(자동) | E2: 단가 | F2: 수량 | G2: 공급가액(자동) | H2: 기성률(%) | I2: 기성금액(자동) | J2: 비고 | K2: 정렬순번(자동) | L2: 조회키(자동)
A3: ○○아파트 지하주차장 | B3: 주차장 환기휀 | C3: =IF($B3="","",IFERROR(INDEX(품목마스터!$B$3:$B$102,MATCH($B3,품목마스터!$A$3:$A$102,0)),"")) -> SF-500 / 1HP | D3: =IF($B3="","",IFERROR(INDEX(품목마스터!$C$3:$C$102,MATCH($B3,품목마스터!$A$3:$A$102,0)),"")) -> 대 | E3: =IF($B3="","",IFERROR(INDEX(품목마스터!$D$3:$D$102,MATCH($B3,품목마스터!$A$3:$A$102,0)),0)) -> 850000 | F3: 4 | G3: =IF(OR($E3="",$F3=""),"",ROUND($E3*$F3,0)) -> 3400000 | H3: 60 | I3: =IF($G3="","",ROUND($G3*IF($H3="",0,$H3)/100,0)) -> 2040000 | J3: ← 예시 행입니다. 지우고 쓰세요. | K3: =IF($A3="","",COUNTIFS($A$3:$A3,$A3)) -> 1 | L3: =IF($A3="","",$A3&"|"&$K3) -> ○○아파트 지하주차장|1
A4: ○○아파트 지하주차장 | B4: 급기 덕트 | C4: =IF($B4="","",IFERROR(INDEX(품목마스터!$B$3:$B$102,MATCH($B4,품목마스터!$A$3:$A$102,0)),"")) -> SPCC 0.6T | D4: =IF($B4="","",IFERROR(INDEX(품목마스터!$C$3:$C$102,MATCH($B4,품목마스터!$A$3:$A$102,0)),"")) -> M | E4: =IF($B4="","",IFERROR(INDEX(품목마스터!$D$3:$D$102,MATCH($B4,품목마스터!$A$3:$A$102,0)),0)) -> 42000 | F4: 120 | G4: =IF(OR($E4="",$F4=""),"",ROUND($E4*$F4,0)) -> 5040000 | H4: 60 | I4: =IF($G4="","",ROUND($G4*IF($H4="",0,$H4)/100,0)) -> 3024000 | K4: =IF($A4="","",COUNTIFS($A$3:$A4,$A4)) -> 2 | L4: =IF($A4="","",$A4&"|"&$K4) -> ○○아파트 지하주차장|2
A5: ○○아파트 지하주차장 | B5: 배기 그릴 | C5: =IF($B5="","",IFERROR(INDEX(품목마스터!$B$3:$B$102,MATCH($B5,품목마스터!$A$3:$A$102,0)),"")) -> 300x300 | D5: =IF($B5="","",IFERROR(INDEX(품목마스터!$C$3:$C$102,MATCH($B5,품목마스터!$A$3:$A$102,0)),"")) -> EA | E5: =IF($B5="","",IFERROR(INDEX(품목마스터!$D$3:$D$102,MATCH($B5,품목마스터!$A$3:$A$102,0)),0)) -> 18000 | F5: 24 | G5: =IF(OR($E5="",$F5=""),"",ROUND($E5*$F5,0)) -> 432000 | H5: 50 | I5: =IF($G5="","",ROUND($G5*IF($H5="",0,$H5)/100,0)) -> 216000 | K5: =IF($A5="","",COUNTIFS($A$3:$A5,$A5)) -> 3 | L5: =IF($A5="","",$A5&"|"&$K5) -> ○○아파트 지하주차장|3
C6: =IF($B6="","",IFERROR(INDEX(품목마스터!$B$3:$B$102,MATCH($B6,품목마스터!$A$3:$A$102,0)),"")) | D6: =IF($B6="","",IFERROR(INDEX(품목마스터!$C$3:$C$102,MATCH($B6,품목마스터!$A$3:$A$102,0)),"")) | E6: =IF($B6="","",IFERROR(INDEX(품목마스터!$D$3:$D$102,MATCH($B6,품목마스터!$A$3:$A$102,0)),0)) | G6: =IF(OR($E6="",$F6=""),"",ROUND($E6*$F6,0)) | I6: =IF($G6="","",ROUND($G6*IF($H6="",0,$H6)/100,0)) | K6: =IF($A6="","",COUNTIFS($A$3:$A6,$A6)) | L6: =IF($A6="","",$A6&"|"&$K6)
C7: =IF($B7="","",IFERROR(INDEX(품목마스터!$B$3:$B$102,MATCH($B7,품목마스터!$A$3:$A$102,0)),"")) | D7: =IF($B7="","",IFERROR(INDEX(품목마스터!$C$3:$C$102,MATCH($B7,품목마스터!$A$3:$A$102,0)),"")) | E7: =IF($B7="","",IFERROR(INDEX(품목마스터!$D$3:$D$102,MATCH($B7,품목마스터!$A$3:$A$102,0)),0)) | G7: =IF(OR($E7="",$F7=""),"",ROUND($E7*$F7,0)) | I7: =IF($G7="","",ROUND($G7*IF($H7="",0,$H7)/100,0)) | K7: =IF($A7="","",COUNTIFS($A$3:$A7,$A7)) | L7: =IF($A7="","",$A7&"|"&$K7)
C8: =IF($B8="","",IFERROR(INDEX(품목마스터!$B$3:$B$102,MATCH($B8,품목마스터!$A$3:$A$102,0)),"")) | D8: =IF($B8="","",IFERROR(INDEX(품목마스터!$C$3:$C$102,MATCH($B8,품목마스터!$A$3:$A$102,0)),"")) | E8: =IF($B8="","",IFERROR(INDEX(품목마스터!$D$3:$D$102,MATCH($B8,품목마스터!$A$3:$A$102,0)),0)) | G8: =IF(OR($E8="",$F8=""),"",ROUND($E8*$F8,0)) | I8: =IF($G8="","",ROUND($G8*IF($H8="",0,$H8)/100,0)) | K8: =IF($A8="","",COUNTIFS($A$3:$A8,$A8)) | L8: =IF($A8="","",$A8&"|"&$K8)
C9: =IF($B9="","",IFERROR(INDEX(품목마스터!$B$3:$B$102,MATCH($B9,품목마스터!$A$3:$A$102,0)),"")) | D9: =IF($B9="","",IFERROR(INDEX(품목마스터!$C$3:$C$102,MATCH($B9,품목마스터!$A$3:$A$102,0)),"")) | E9: =IF($B9="","",IFERROR(INDEX(품목마스터!$D$3:$D$102,MATCH($B9,품목마스터!$A$3:$A$102,0)),0)) | G9: =IF(OR($E9="",$F9=""),"",ROUND($E9*$F9,0)) | I9: =IF($G9="","",ROUND($G9*IF($H9="",0,$H9)/100,0)) | K9: =IF($A9="","",COUNTIFS($A$3:$A9,$A9)) | L9: =IF($A9="","",$A9&"|"&$K9)
C10: =IF($B10="","",IFERROR(INDEX(품목마스터!$B$3:$B$102,MATCH($B10,품목마스터!$A$3:$A$102,0)),"")) | D10: =IF($B10="","",IFERROR(INDEX(품목마스터!$C$3:$C$102,MATCH($B10,품목마스터!$A$3:$A$102,0)),"")) | E10: =IF($B10="","",IFERROR(INDEX(품목마스터!$D$3:$D$102,MATCH($B10,품목마스터!$A$3:$A$102,0)),0)) | G10: =IF(OR($E10="",$F10=""),"",ROUND($E10*$F10,0)) | I10: =IF($G10="","",ROUND($G10*IF($H10="",0,$H10)/100,0)) | K10: =IF($A10="","",COUNTIFS($A$3:$A10,$A10)) | L10: =IF($A10="","",$A10&"|"&$K10)
C11: =IF($B11="","",IFERROR(INDEX(품목마스터!$B$3:$B$102,MATCH($B11,품목마스터!$A$3:$A$102,0)),"")) | D11: =IF($B11="","",IFERROR(INDEX(품목마스터!$C$3:$C$102,MATCH($B11,품목마스터!$A$3:$A$102,0)),"")) | E11: =IF($B11="","",IFERROR(INDEX(품목마스터!$D$3:$D$102,MATCH($B11,품목마스터!$A$3:$A$102,0)),0)) | G11: =IF(OR($E11="",$F11=""),"",ROUND($E11*$F11,0)) | I11: =IF($G11="","",ROUND($G11*IF($H11="",0,$H11)/100,0)) | K11: =IF($A11="","",COUNTIFS($A$3:$A11,$A11)) | L11: =IF($A11="","",$A11&"|"&$K11)
C12: =IF($B12="","",IFERROR(INDEX(품목마스터!$B$3:$B$102,MATCH($B12,품목마스터!$A$3:$A$102,0)),"")) | D12: =IF($B12="","",IFERROR(INDEX(품목마스터!$C$3:$C$102,MATCH($B12,품목마스터!$A$3:$A$102,0)),"")) | E12: =IF($B12="","",IFERROR(INDEX(품목마스터!$D$3:$D$102,MATCH($B12,품목마스터!$A$3:$A$102,0)),0)) | G12: =IF(OR($E12="",$F12=""),"",ROUND($E12*$F12,0)) | I12: =IF($G12="","",ROUND($G12*IF($H12="",0,$H12)/100,0)) | K12: =IF($A12="","",COUNTIFS($A$3:$A12,$A12)) | L12: =IF($A12="","",$A12&"|"&$K12)
C13: =IF($B13="","",IFERROR(INDEX(품목마스터!$B$3:$B$102,MATCH($B13,품목마스터!$A$3:$A$102,0)),"")) | D13: =IF($B13="","",IFERROR(INDEX(품목마스터!$C$3:$C$102,MATCH($B13,품목마스터!$A$3:$A$102,0)),"")) | E13: =IF($B13="","",IFERROR(INDEX(품목마스터!$D$3:$D$102,MATCH($B13,품목마스터!$A$3:$A$102,0)),0)) | G13: =IF(OR($E13="",$F13=""),"",ROUND($E13*$F13,0)) | I13: =IF($G13="","",ROUND($G13*IF($H13="",0,$H13)/100,0)) | K13: =IF($A13="","",COUNTIFS($A$3:$A13,$A13)) | L13: =IF($A13="","",$A13&"|"&$K13)
C14: =IF($B14="","",IFERROR(INDEX(품목마스터!$B$3:$B$102,MATCH($B14,품목마스터!$A$3:$A$102,0)),"")) | D14: =IF($B14="","",IFERROR(INDEX(품목마스터!$C$3:$C$102,MATCH($B14,품목마스터!$A$3:$A$102,0)),"")) | E14: =IF($B14="","",IFERROR(INDEX(품목마스터!$D$3:$D$102,MATCH($B14,품목마스터!$A$3:$A$102,0)),0)) | G14: =IF(OR($E14="",$F14=""),"",ROUND($E14*$F14,0)) | I14: =IF($G14="","",ROUND($G14*IF($H14="",0,$H14)/100,0)) | K14: =IF($A14="","",COUNTIFS($A$3:$A14,$A14)) | L14: =IF($A14="","",$A14&"|"&$K14)
C15: =IF($B15="","",IFERROR(INDEX(품목마스터!$B$3:$B$102,MATCH($B15,품목마스터!$A$3:$A$102,0)),"")) | D15: =IF($B15="","",IFERROR(INDEX(품목마스터!$C$3:$C$102,MATCH($B15,품목마스터!$A$3:$A$102,0)),"")) | E15: =IF($B15="","",IFERROR(INDEX(품목마스터!$D$3:$D$102,MATCH($B15,품목마스터!$A$3:$A$102,0)),0)) | G15: =IF(OR($E15="",$F15=""),"",ROUND($E15*$F15,0)) | I15: =IF($G15="","",ROUND($G15*IF($H15="",0,$H15)/100,0)) | K15: =IF($A15="","",COUNTIFS($A$3:$A15,$A15)) | L15: =IF($A15="","",$A15&"|"&$K15)
C16: =IF($B16="","",IFERROR(INDEX(품목마스터!$B$3:$B$102,MATCH($B16,품목마스터!$A$3:$A$102,0)),"")) | D16: =IF($B16="","",IFERROR(INDEX(품목마스터!$C$3:$C$102,MATCH($B16,품목마스터!$A$3:$A$102,0)),"")) | E16: =IF($B16="","",IFERROR(INDEX(품목마스터!$D$3:$D$102,MATCH($B16,품목마스터!$A$3:$A$102,0)),0)) | G16: =IF(OR($E16="",$F16=""),"",ROUND($E16*$F16,0)) | I16: =IF($G16="","",ROUND($G16*IF($H16="",0,$H16)/100,0)) | K16: =IF($A16="","",COUNTIFS($A$3:$A16,$A16)) | L16: =IF($A16="","",$A16&"|"&$K16)
C17: =IF($B17="","",IFERROR(INDEX(품목마스터!$B$3:$B$102,MATCH($B17,품목마스터!$A$3:$A$102,0)),"")) | D17: =IF($B17="","",IFERROR(INDEX(품목마스터!$C$3:$C$102,MATCH($B17,품목마스터!$A$3:$A$102,0)),"")) | E17: =IF($B17="","",IFERROR(INDEX(품목마스터!$D$3:$D$102,MATCH($B17,품목마스터!$A$3:$A$102,0)),0)) | G17: =IF(OR($E17="",$F17=""),"",ROUND($E17*$F17,0)) | I17: =IF($G17="","",ROUND($G17*IF($H17="",0,$H17)/100,0)) | K17: =IF($A17="","",COUNTIFS($A$3:$A17,$A17)) | L17: =IF($A17="","",$A17&"|"&$K17)
... C302: =IF($B302="","",IFERROR(INDEX(품목마스터!$B$3:$B$102,MATCH($B302,품목마스터!$A$3:$A$102,0)),"")) | D302: =IF($B302="","",IFERROR(INDEX(품목마스터!$C$3:$C$102,MATCH($B302,품목마스터!$A$3:$A$102,0)),"")) | E302: =IF($B302="","",IFERROR(INDEX(품목마스터!$D$3:$D$102,MATCH($B302,품목마스터!$A$3:$A$102,0)),0)) | G302: =IF(OR($E302="",$F302=""),"",ROUND($E302*$F302,0)) | I302: =IF($G302="","",ROUND($G302*IF($H302="",0,$H302)/100,0)) | K302: =IF($A302="","",COUNTIFS($A$3:$A302,$A302)) | L302: =IF($A302="","",$A302&"|"&$K302)

Sheet 견적서
A1: 견 적 서
A3: 출력할 현장 | C3: ○○아파트 지하주차장 | E3: 작성일 | F3: =TODAY() -> 46279
A4: ※ 위의 [출력할 현장]만 바꾸면 아래 내용이 전부 자동으로 바뀝니다.
A6: 수 신 | C6: =IFERROR(INDEX(현장목록!$B$3:$B$62,MATCH($C$3,현장목록!$A$3:$A$62,0)),"") -> ○○종합건설 | E6: 상호 | F6: =기초정보!$C$4 -> ○○이엔지
A7: 현 장 | C7: =$C$3 -> ○○아파트 지하주차장 | E7: 사업자번호 | F7: =기초정보!$C$5 -> 000-00-00000
A8: 현장주소 | C8: =IFERROR(INDEX(현장목록!$C$3:$C$62,MATCH($C$3,현장목록!$A$3:$A$62,0)),"") -> 경기도 ○○시 ○○동 | E8: 대표자 | F8: =기초정보!$C$6 -> 홍길동
A10: No | B10: 품 목 | C10: 규 격 | D10: 단위 | E10: 수량 | F10: 단가 | G10: 공급가액
A11: 1 | B11: =IFERROR(INDEX(내역입력!$B$3:$B$302,MATCH($C$3&"|"&1,내역입력!$L$3:$L$302,0)),"") -> 주차장 환기휀 | C11: =IF($B11="","",IFERROR(INDEX(내역입력!$C$3:$C$302,MATCH($C$3&"|"&1,내역입력!$L$3:$L$302,0)),"")) -> SF-500 / 1HP | D11: =IF($B11="","",IFERROR(INDEX(내역입력!$D$3:$D$302,MATCH($C$3&"|"&1,내역입력!$L$3:$L$302,0)),"")) -> 대 | E11: =IF($B11="","",IFERROR(INDEX(내역입력!$F$3:$F$302,MATCH($C$3&"|"&1,내역입력!$L$3:$L$302,0)),"")) -> 4 | F11: =IF($B11="","",IFERROR(INDEX(내역입력!$E$3:$E$302,MATCH($C$3&"|"&1,내역입력!$L$3:$L$302,0)),"")) -> 850000 | G11: =IF($B11="","",IFERROR(INDEX(내역입력!$G$3:$G$302,MATCH($C$3&"|"&1,내역입력!$L$3:$L$302,0)),"")) -> 3400000
A12: 2 | B12: =IFERROR(INDEX(내역입력!$B$3:$B$302,MATCH($C$3&"|"&2,내역입력!$L$3:$L$302,0)),"") -> 급기 덕트 | C12: =IF($B12="","",IFERROR(INDEX(내역입력!$C$3:$C$302,MATCH($C$3&"|"&2,내역입력!$L$3:$L$302,0)),"")) -> SPCC 0.6T | D12: =IF($B12="","",IFERROR(INDEX(내역입력!$D$3:$D$302,MATCH($C$3&"|"&2,내역입력!$L$3:$L$302,0)),"")) -> M | E12: =IF($B12="","",IFERROR(INDEX(내역입력!$F$3:$F$302,MATCH($C$3&"|"&2,내역입력!$L$3:$L$302,0)),"")) -> 120 | F12: =IF($B12="","",IFERROR(INDEX(내역입력!$E$3:$E$302,MATCH($C$3&"|"&2,내역입력!$L$3:$L$302,0)),"")) -> 42000 | G12: =IF($B12="","",IFERROR(INDEX(내역입력!$G$3:$G$302,MATCH($C$3&"|"&2,내역입력!$L$3:$L$302,0)),"")) -> 5040000
A13: 3 | B13: =IFERROR(INDEX(내역입력!$B$3:$B$302,MATCH($C$3&"|"&3,내역입력!$L$3:$L$302,0)),"") -> 배기 그릴 | C13: =IF($B13="","",IFERROR(INDEX(내역입력!$C$3:$C$302,MATCH($C$3&"|"&3,내역입력!$L$3:$L$302,0)),"")) -> 300x300 | D13: =IF($B13="","",IFERROR(INDEX(내역입력!$D$3:$D$302,MATCH($C$3&"|"&3,내역입력!$L$3:$L$302,0)),"")) -> EA | E13: =IF($B13="","",IFERROR(INDEX(내역입력!$F$3:$F$302,MATCH($C$3&"|"&3,내역입력!$L$3:$L$302,0)),"")) -> 24 | F13: =IF($B13="","",IFERROR(INDEX(내역입력!$E$3:$E$302,MATCH($C$3&"|"&3,내역입력!$L$3:$L$302,0)),"")) -> 18000 | G13: =IF($B13="","",IFERROR(INDEX(내역입력!$G$3:$G$302,MATCH($C$3&"|"&3,내역입력!$L$3:$L$302,0)),"")) -> 432000
A14: 4 | B14: =IFERROR(INDEX(내역입력!$B$3:$B$302,MATCH($C$3&"|"&4,내역입력!$L$3:$L$302,0)),"") | C14: =IF($B14="","",IFERROR(INDEX(내역입력!$C$3:$C$302,MATCH($C$3&"|"&4,내역입력!$L$3:$L$302,0)),"")) | D14: =IF($B14="","",IFERROR(INDEX(내역입력!$D$3:$D$302,MATCH($C$3&"|"&4,내역입력!$L$3:$L$302,0)),"")) | E14: =IF($B14="","",IFERROR(INDEX(내역입력!$F$3:$F$302,MATCH($C$3&"|"&4,내역입력!$L$3:$L$302,0)),"")) | F14: =IF($B14="","",IFERROR(INDEX(내역입력!$E$3:$E$302,MATCH($C$3&"|"&4,내역입력!$L$3:$L$302,0)),"")) | G14: =IF($B14="","",IFERROR(INDEX(내역입력!$G$3:$G$302,MATCH($C$3&"|"&4,내역입력!$L$3:$L$302,0)),""))
A15: 5 | B15: =IFERROR(INDEX(내역입력!$B$3:$B$302,MATCH($C$3&"|"&5,내역입력!$L$3:$L$302,0)),"") | C15: =IF($B15="","",IFERROR(INDEX(내역입력!$C$3:$C$302,MATCH($C$3&"|"&5,내역입력!$L$3:$L$302,0)),"")) | D15: =IF($B15="","",IFERROR(INDEX(내역입력!$D$3:$D$302,MATCH($C$3&"|"&5,내역입력!$L$3:$L$302,0)),"")) | E15: =IF($B15="","",IFERROR(INDEX(내역입력!$F$3:$F$302,MATCH($C$3&"|"&5,내역입력!$L$3:$L$302,0)),"")) | F15: =IF($B15="","",IFERROR(INDEX(내역입력!$E$3:$E$302,MATCH($C$3&"|"&5,내역입력!$L$3:$L$302,0)),"")) | G15: =IF($B15="","",IFERROR(INDEX(내역입력!$G$3:$G$302,MATCH($C$3&"|"&5,내역입력!$L$3:$L$302,0)),""))
A16: 6 | B16: =IFERROR(INDEX(내역입력!$B$3:$B$302,MATCH($C$3&"|"&6,내역입력!$L$3:$L$302,0)),"") | C16: =IF($B16="","",IFERROR(INDEX(내역입력!$C$3:$C$302,MATCH($C$3&"|"&6,내역입력!$L$3:$L$302,0)),"")) | D16: =IF($B16="","",IFERROR(INDEX(내역입력!$D$3:$D$302,MATCH($C$3&"|"&6,내역입력!$L$3:$L$302,0)),"")) | E16: =IF($B16="","",IFERROR(INDEX(내역입력!$F$3:$F$302,MATCH($C$3&"|"&6,내역입력!$L$3:$L$302,0)),"")) | F16: =IF($B16="","",IFERROR(INDEX(내역입력!$E$3:$E$302,MATCH($C$3&"|"&6,내역입력!$L$3:$L$302,0)),"")) | G16: =IF($B16="","",IFERROR(INDEX(내역입력!$G$3:$G$302,MATCH($C$3&"|"&6,내역입력!$L$3:$L$302,0)),""))
A17: 7 | B17: =IFERROR(INDEX(내역입력!$B$3:$B$302,MATCH($C$3&"|"&7,내역입력!$L$3:$L$302,0)),"") | C17: =IF($B17="","",IFERROR(INDEX(내역입력!$C$3:$C$302,MATCH($C$3&"|"&7,내역입력!$L$3:$L$302,0)),"")) | D17: =IF($B17="","",IFERROR(INDEX(내역입력!$D$3:$D$302,MATCH($C$3&"|"&7,내역입력!$L$3:$L$302,0)),"")) | E17: =IF($B17="","",IFERROR(INDEX(내역입력!$F$3:$F$302,MATCH($C$3&"|"&7,내역입력!$L$3:$L$302,0)),"")) | F17: =IF($B17="","",IFERROR(INDEX(내역입력!$E$3:$E$302,MATCH($C$3&"|"&7,내역입력!$L$3:$L$302,0)),"")) | G17: =IF($B17="","",IFERROR(INDEX(내역입력!$G$3:$G$302,MATCH($C$3&"|"&7,내역입력!$L$3:$L$302,0)),""))
A18: 8 | B18: =IFERROR(INDEX(내역입력!$B$3:$B$302,MATCH($C$3&"|"&8,내역입력!$L$3:$L$302,0)),"") | C18: =IF($B18="","",IFERROR(INDEX(내역입력!$C$3:$C$302,MATCH($C$3&"|"&8,내역입력!$L$3:$L$302,0)),"")) | D18: =IF($B18="","",IFERROR(INDEX(내역입력!$D$3:$D$302,MATCH($C$3&"|"&8,내역입력!$L$3:$L$302,0)),"")) | E18: =IF($B18="","",IFERROR(INDEX(내역입력!$F$3:$F$302,MATCH($C$3&"|"&8,내역입력!$L$3:$L$302,0)),"")) | F18: =IF($B18="","",IFERROR(INDEX(내역입력!$E$3:$E$302,MATCH($C$3&"|"&8,내역입력!$L$3:$L$302,0)),"")) | G18: =IF($B18="","",IFERROR(INDEX(내역입력!$G$3:$G$302,MATCH($C$3&"|"&8,내역입력!$L$3:$L$302,0)),""))
A19: 9 | B19: =IFERROR(INDEX(내역입력!$B$3:$B$302,MATCH($C$3&"|"&9,내역입력!$L$3:$L$302,0)),"") | C19: =IF($B19="","",IFERROR(INDEX(내역입력!$C$3:$C$302,MATCH($C$3&"|"&9,내역입력!$L$3:$L$302,0)),"")) | D19: =IF($B19="","",IFERROR(INDEX(내역입력!$D$3:$D$302,MATCH($C$3&"|"&9,내역입력!$L$3:$L$302,0)),"")) | E19: =IF($B19="","",IFERROR(INDEX(내역입력!$F$3:$F$302,MATCH($C$3&"|"&9,내역입력!$L$3:$L$302,0)),"")) | F19: =IF($B19="","",IFERROR(INDEX(내역입력!$E$3:$E$302,MATCH($C$3&"|"&9,내역입력!$L$3:$L$302,0)),"")) | G19: =IF($B19="","",IFERROR(INDEX(내역입력!$G$3:$G$302,MATCH($C$3&"|"&9,내역입력!$L$3:$L$302,0)),""))
A20: 10 | B20: =IFERROR(INDEX(내역입력!$B$3:$B$302,MATCH($C$3&"|"&10,내역입력!$L$3:$L$302,0)),"") | C20: =IF($B20="","",IFERROR(INDEX(내역입력!$C$3:$C$302,MATCH($C$3&"|"&10,내역입력!$L$3:$L$302,0)),"")) | D20: =IF($B20="","",IFERROR(INDEX(내역입력!$D$3:$D$302,MATCH($C$3&"|"&10,내역입력!$L$3:$L$302,0)),"")) | E20: =IF($B20="","",IFERROR(INDEX(내역입력!$F$3:$F$302,MATCH($C$3&"|"&10,내역입력!$L$3:$L$302,0)),"")) | F20: =IF($B20="","",IFERROR(INDEX(내역입력!$E$3:$E$302,MATCH($C$3&"|"&10,내역입력!$L$3:$L$302,0)),"")) | G20: =IF($B20="","",IFERROR(INDEX(내역입력!$G$3:$G$302,MATCH($C$3&"|"&10,내역입력!$L$3:$L$302,0)),""))
A21: 11 | B21: =IFERROR(INDEX(내역입력!$B$3:$B$302,MATCH($C$3&"|"&11,내역입력!$L$3:$L$302,0)),"") | C21: =IF($B21="","",IFERROR(INDEX(내역입력!$C$3:$C$302,MATCH($C$3&"|"&11,내역입력!$L$3:$L$302,0)),"")) | D21: =IF($B21="","",IFERROR(INDEX(내역입력!$D$3:$D$302,MATCH($C$3&"|"&11,내역입력!$L$3:$L$302,0)),"")) | E21: =IF($B21="","",IFERROR(INDEX(내역입력!$F$3:$F$302,MATCH($C$3&"|"&11,내역입력!$L$3:$L$302,0)),"")) | F21: =IF($B21="","",IFERROR(INDEX(내역입력!$E$3:$E$302,MATCH($C$3&"|"&11,내역입력!$L$3:$L$302,0)),"")) | G21: =IF($B21="","",IFERROR(INDEX(내역입력!$G$3:$G$302,MATCH($C$3&"|"&11,내역입력!$L$3:$L$302,0)),""))
A22: 12 | B22: =IFERROR(INDEX(내역입력!$B$3:$B$302,MATCH($C$3&"|"&12,내역입력!$L$3:$L$302,0)),"") | C22: =IF($B22="","",IFERROR(INDEX(내역입력!$C$3:$C$302,MATCH($C$3&"|"&12,내역입력!$L$3:$L$302,0)),"")) | D22: =IF($B22="","",IFERROR(INDEX(내역입력!$D$3:$D$302,MATCH($C$3&"|"&12,내역입력!$L$3:$L$302,0)),"")) | E22: =IF($B22="","",IFERROR(INDEX(내역입력!$F$3:$F$302,MATCH($C$3&"|"&12,내역입력!$L$3:$L$302,0)),"")) | F22: =IF($B22="","",IFERROR(INDEX(내역입력!$E$3:$E$302,MATCH($C$3&"|"&12,내역입력!$L$3:$L$302,0)),"")) | G22: =IF($B22="","",IFERROR(INDEX(내역입력!$G$3:$G$302,MATCH($C$3&"|"&12,내역입력!$L$3:$L$302,0)),""))
A23: 13 | B23: =IFERROR(INDEX(내역입력!$B$3:$B$302,MATCH($C$3&"|"&13,내역입력!$L$3:$L$302,0)),"") | C23: =IF($B23="","",IFERROR(INDEX(내역입력!$C$3:$C$302,MATCH($C$3&"|"&13,내역입력!$L$3:$L$302,0)),"")) | D23: =IF($B23="","",IFERROR(INDEX(내역입력!$D$3:$D$302,MATCH($C$3&"|"&13,내역입력!$L$3:$L$302,0)),"")) | E23: =IF($B23="","",IFERROR(INDEX(내역입력!$F$3:$F$302,MATCH($C$3&"|"&13,내역입력!$L$3:$L$302,0)),"")) | F23: =IF($B23="","",IFERROR(INDEX(내역입력!$E$3:$E$302,MATCH($C$3&"|"&13,내역입력!$L$3:$L$302,0)),"")) | G23: =IF($B23="","",IFERROR(INDEX(내역입력!$G$3:$G$302,MATCH($C$3&"|"&13,내역입력!$L$3:$L$302,0)),""))
A24: 14 | B24: =IFERROR(INDEX(내역입력!$B$3:$B$302,MATCH($C$3&"|"&14,내역입력!$L$3:$L$302,0)),"") | C24: =IF($B24="","",IFERROR(INDEX(내역입력!$C$3:$C$302,MATCH($C$3&"|"&14,내역입력!$L$3:$L$302,0)),"")) | D24: =IF($B24="","",IFERROR(INDEX(내역입력!$D$3:$D$302,MATCH($C$3&"|"&14,내역입력!$L$3:$L$302,0)),"")) | E24: =IF($B24="","",IFERROR(INDEX(내역입력!$F$3:$F$302,MATCH($C$3&"|"&14,내역입력!$L$3:$L$302,0)),"")) | F24: =IF($B24="","",IFERROR(INDEX(내역입력!$E$3:$E$302,MATCH($C$3&"|"&14,내역입력!$L$3:$L$302,0)),"")) | G24: =IF($B24="","",IFERROR(INDEX(내역입력!$G$3:$G$302,MATCH($C$3&"|"&14,내역입력!$L$3:$L$302,0)),""))
A25: 15 | B25: =IFERROR(INDEX(내역입력!$B$3:$B$302,MATCH($C$3&"|"&15,내역입력!$L$3:$L$302,0)),"") | C25: =IF($B25="","",IFERROR(INDEX(내역입력!$C$3:$C$302,MATCH($C$3&"|"&15,내역입력!$L$3:$L$302,0)),"")) | D25: =IF($B25="","",IFERROR(INDEX(내역입력!$D$3:$D$302,MATCH($C$3&"|"&15,내역입력!$L$3:$L$302,0)),"")) | E25: =IF($B25="","",IFERROR(INDEX(내역입력!$F$3:$F$302,MATCH($C$3&"|"&15,내역입력!$L$3:$L$302,0)),"")) | F25: =IF($B25="","",IFERROR(INDEX(내역입력!$E$3:$E$302,MATCH($C$3&"|"&15,내역입력!$L$3:$L$302,0)),"")) | G25: =IF($B25="","",IFERROR(INDEX(내역입력!$G$3:$G$302,MATCH($C$3&"|"&15,내역입력!$L$3:$L$302,0)),""))
A26: 16 | B26: =IFERROR(INDEX(내역입력!$B$3:$B$302,MATCH($C$3&"|"&16,내역입력!$L$3:$L$302,0)),"") | C26: =IF($B26="","",IFERROR(INDEX(내역입력!$C$3:$C$302,MATCH($C$3&"|"&16,내역입력!$L$3:$L$302,0)),"")) | D26: =IF($B26="","",IFERROR(INDEX(내역입력!$D$3:$D$302,MATCH($C$3&"|"&16,내역입력!$L$3:$L$302,0)),"")) | E26: =IF($B26="","",IFERROR(INDEX(내역입력!$F$3:$F$302,MATCH($C$3&"|"&16,내역입력!$L$3:$L$302,0)),"")) | F26: =IF($B26="","",IFERROR(INDEX(내역입력!$E$3:$E$302,MATCH($C$3&"|"&16,내역입력!$L$3:$L$302,0)),"")) | G26: =IF($B26="","",IFERROR(INDEX(내역입력!$G$3:$G$302,MATCH($C$3&"|"&16,내역입력!$L$3:$L$302,0)),""))
A27: 17 | B27: =IFERROR(INDEX(내역입력!$B$3:$B$302,MATCH($C$3&"|"&17,내역입력!$L$3:$L$302,0)),"") | C27: =IF($B27="","",IFERROR(INDEX(내역입력!$C$3:$C$302,MATCH($C$3&"|"&17,내역입력!$L$3:$L$302,0)),"")) | D27: =IF($B27="","",IFERROR(INDEX(내역입력!$D$3:$D$302,MATCH($C$3&"|"&17,내역입력!$L$3:$L$302,0)),"")) | E27: =IF($B27="","",IFERROR(INDEX(내역입력!$F$3:$F$302,MATCH($C$3&"|"&17,내역입력!$L$3:$L$302,0)),"")) | F27: =IF($B27="","",IFERROR(INDEX(내역입력!$E$3:$E$302,MATCH($C$3&"|"&17,내역입력!$L$3:$L$302,0)),"")) | G27: =IF($B27="","",IFERROR(INDEX(내역입력!$G$3:$G$302,MATCH($C$3&"|"&17,내역입력!$L$3:$L$302,0)),""))
A28: 18 | B28: =IFERROR(INDEX(내역입력!$B$3:$B$302,MATCH($C$3&"|"&18,내역입력!$L$3:$L$302,0)),"") | C28: =IF($B28="","",IFERROR(INDEX(내역입력!$C$3:$C$302,MATCH($C$3&"|"&18,내역입력!$L$3:$L$302,0)),"")) | D28: =IF($B28="","",IFERROR(INDEX(내역입력!$D$3:$D$302,MATCH($C$3&"|"&18,내역입력!$L$3:$L$302,0)),"")) | E28: =IF($B28="","",IFERROR(INDEX(내역입력!$F$3:$F$302,MATCH($C$3&"|"&18,내역입력!$L$3:$L$302,0)),"")) | F28: =IF($B28="","",IFERROR(INDEX(내역입력!$E$3:$E$302,MATCH($C$3&"|"&18,내역입력!$L$3:$L$302,0)),"")) | G28: =IF($B28="","",IFERROR(INDEX(내역입력!$G$3:$G$302,MATCH($C$3&"|"&18,내역입력!$L$3:$L$302,0)),""))
A29: 19 | B29: =IFERROR(INDEX(내역입력!$B$3:$B$302,MATCH($C$3&"|"&19,내역입력!$L$3:$L$302,0)),"") | C29: =IF($B29="","",IFERROR(INDEX(내역입력!$C$3:$C$302,MATCH($C$3&"|"&19,내역입력!$L$3:$L$302,0)),"")) | D29: =IF($B29="","",IFERROR(INDEX(내역입력!$D$3:$D$302,MATCH($C$3&"|"&19,내역입력!$L$3:$L$302,0)),"")) | E29: =IF($B29="","",IFERROR(INDEX(내역입력!$F$3:$F$302,MATCH($C$3&"|"&19,내역입력!$L$3:$L$302,0)),"")) | F29: =IF($B29="","",IFERROR(INDEX(내역입력!$E$3:$E$302,MATCH($C$3&"|"&19,내역입력!$L$3:$L$302,0)),"")) | G29: =IF($B29="","",IFERROR(INDEX(내역입력!$G$3:$G$302,MATCH($C$3&"|"&19,내역입력!$L$3:$L$302,0)),""))
A30: 20 | B30: =IFERROR(INDEX(내역입력!$B$3:$B$302,MATCH($C$3&"|"&20,내역입력!$L$3:$L$302,0)),"") | C30: =IF($B30="","",IFERROR(INDEX(내역입력!$C$3:$C$302,MATCH($C$3&"|"&20,내역입력!$L$3:$L$302,0)),"")) | D30: =IF($B30="","",IFERROR(INDEX(내역입력!$D$3:$D$302,MATCH($C$3&"|"&20,내역입력!$L$3:$L$302,0)),"")) | E30: =IF($B30="","",IFERROR(INDEX(내역입력!$F$3:$F$302,MATCH($C$3&"|"&20,내역입력!$L$3:$L$302,0)),"")) | F30: =IF($B30="","",IFERROR(INDEX(내역입력!$E$3:$E$302,MATCH($C$3&"|"&20,내역입력!$L$3:$L$302,0)),"")) | G30: =IF($B30="","",IFERROR(INDEX(내역입력!$G$3:$G$302,MATCH($C$3&"|"&20,내역입력!$L$3:$L$302,0)),""))
B31: 공 급 가 액 | G31: =SUM(G11:G30) -> 8872000
B32: 부 가 세 | G32: =ROUND(G31*기초정보!$C$13,0) -> 887200
B33: 합 계 금 액 | G33: =G31+G32 -> 9759200
A35: ※ 항목이 20개를 넘으면 표시되지 않습니다. 내역입력 시트에서 현장별 항목 수를 확인하세요.

Sheet 기성청구서
A1: 기 성 청 구 서
A3: 출력할 현장 | C3: ○○아파트 지하주차장 | E3: 작성일 | F3: =TODAY() -> 46279
A4: ※ 위의 [출력할 현장]만 바꾸면 아래 내용이 전부 자동으로 바뀝니다.
A6: 수 신 | C6: =IFERROR(INDEX(현장목록!$B$3:$B$62,MATCH($C$3,현장목록!$A$3:$A$62,0)),"") -> ○○종합건설 | E6: 상호 | F6: =기초정보!$C$4 -> ○○이엔지
A7: 현 장 | C7: =$C$3 -> ○○아파트 지하주차장 | E7: 사업자번호 | F7: =기초정보!$C$5 -> 000-00-00000
A8: 현장주소 | C8: =IFERROR(INDEX(현장목록!$C$3:$C$62,MATCH($C$3,현장목록!$A$3:$A$62,0)),"") -> 경기도 ○○시 ○○동 | E8: 대표자 | F8: =기초정보!$C$6 -> 홍길동
A10: No | B10: 품 목 | C10: 규 격 | D10: 단위 | E10: 수량 | F10: 단가 | G10: 기성금액
A11: 1 | B11: =IFERROR(INDEX(내역입력!$B$3:$B$302,MATCH($C$3&"|"&1,내역입력!$L$3:$L$302,0)),"") -> 주차장 환기휀 | C11: =IF($B11="","",IFERROR(INDEX(내역입력!$C$3:$C$302,MATCH($C$3&"|"&1,내역입력!$L$3:$L$302,0)),"")) -> SF-500 / 1HP | D11: =IF($B11="","",IFERROR(INDEX(내역입력!$D$3:$D$302,MATCH($C$3&"|"&1,내역입력!$L$3:$L$302,0)),"")) -> 대 | E11: =IF($B11="","",IFERROR(INDEX(내역입력!$F$3:$F$302,MATCH($C$3&"|"&1,내역입력!$L$3:$L$302,0)),"")) -> 4 | F11: =IF($B11="","",IFERROR(INDEX(내역입력!$E$3:$E$302,MATCH($C$3&"|"&1,내역입력!$L$3:$L$302,0)),"")) -> 850000 | G11: =IF($B11="","",IFERROR(INDEX(내역입력!$I$3:$I$302,MATCH($C$3&"|"&1,내역입력!$L$3:$L$302,0)),"")) -> 2040000
A12: 2 | B12: =IFERROR(INDEX(내역입력!$B$3:$B$302,MATCH($C$3&"|"&2,내역입력!$L$3:$L$302,0)),"") -> 급기 덕트 | C12: =IF($B12="","",IFERROR(INDEX(내역입력!$C$3:$C$302,MATCH($C$3&"|"&2,내역입력!$L$3:$L$302,0)),"")) -> SPCC 0.6T | D12: =IF($B12="","",IFERROR(INDEX(내역입력!$D$3:$D$302,MATCH($C$3&"|"&2,내역입력!$L$3:$L$302,0)),"")) -> M | E12: =IF($B12="","",IFERROR(INDEX(내역입력!$F$3:$F$302,MATCH($C$3&"|"&2,내역입력!$L$3:$L$302,0)),"")) -> 120 | F12: =IF($B12="","",IFERROR(INDEX(내역입력!$E$3:$E$302,MATCH($C$3&"|"&2,내역입력!$L$3:$L$302,0)),"")) -> 42000 | G12: =IF($B12="","",IFERROR(INDEX(내역입력!$I$3:$I$302,MATCH($C$3&"|"&2,내역입력!$L$3:$L$302,0)),"")) -> 3024000
A13: 3 | B13: =IFERROR(INDEX(내역입력!$B$3:$B$302,MATCH($C$3&"|"&3,내역입력!$L$3:$L$302,0)),"") -> 배기 그릴 | C13: =IF($B13="","",IFERROR(INDEX(내역입력!$C$3:$C$302,MATCH($C$3&"|"&3,내역입력!$L$3:$L$302,0)),"")) -> 300x300 | D13: =IF($B13="","",IFERROR(INDEX(내역입력!$D$3:$D$302,MATCH($C$3&"|"&3,내역입력!$L$3:$L$302,0)),"")) -> EA | E13: =IF($B13="","",IFERROR(INDEX(내역입력!$F$3:$F$302,MATCH($C$3&"|"&3,내역입력!$L$3:$L$302,0)),"")) -> 24 | F13: =IF($B13="","",IFERROR(INDEX(내역입력!$E$3:$E$302,MATCH($C$3&"|"&3,내역입력!$L$3:$L$302,0)),"")) -> 18000 | G13: =IF($B13="","",IFERROR(INDEX(내역입력!$I$3:$I$302,MATCH($C$3&"|"&3,내역입력!$L$3:$L$302,0)),"")) -> 216000
A14: 4 | B14: =IFERROR(INDEX(내역입력!$B$3:$B$302,MATCH($C$3&"|"&4,내역입력!$L$3:$L$302,0)),"") | C14: =IF($B14="","",IFERROR(INDEX(내역입력!$C$3:$C$302,MATCH($C$3&"|"&4,내역입력!$L$3:$L$302,0)),"")) | D14: =IF($B14="","",IFERROR(INDEX(내역입력!$D$3:$D$302,MATCH($C$3&"|"&4,내역입력!$L$3:$L$302,0)),"")) | E14: =IF($B14="","",IFERROR(INDEX(내역입력!$F$3:$F$302,MATCH($C$3&"|"&4,내역입력!$L$3:$L$302,0)),"")) | F14: =IF($B14="","",IFERROR(INDEX(내역입력!$E$3:$E$302,MATCH($C$3&"|"&4,내역입력!$L$3:$L$302,0)),"")) | G14: =IF($B14="","",IFERROR(INDEX(내역입력!$I$3:$I$302,MATCH($C$3&"|"&4,내역입력!$L$3:$L$302,0)),""))
A15: 5 | B15: =IFERROR(INDEX(내역입력!$B$3:$B$302,MATCH($C$3&"|"&5,내역입력!$L$3:$L$302,0)),"") | C15: =IF($B15="","",IFERROR(INDEX(내역입력!$C$3:$C$302,MATCH($C$3&"|"&5,내역입력!$L$3:$L$302,0)),"")) | D15: =IF($B15="","",IFERROR(INDEX(내역입력!$D$3:$D$302,MATCH($C$3&"|"&5,내역입력!$L$3:$L$302,0)),"")) | E15: =IF($B15="","",IFERROR(INDEX(내역입력!$F$3:$F$302,MATCH($C$3&"|"&5,내역입력!$L$3:$L$302,0)),"")) | F15: =IF($B15="","",IFERROR(INDEX(내역입력!$E$3:$E$302,MATCH($C$3&"|"&5,내역입력!$L$3:$L$302,0)),"")) | G15: =IF($B15="","",IFERROR(INDEX(내역입력!$I$3:$I$302,MATCH($C$3&"|"&5,내역입력!$L$3:$L$302,0)),""))
A16: 6 | B16: =IFERROR(INDEX(내역입력!$B$3:$B$302,MATCH($C$3&"|"&6,내역입력!$L$3:$L$302,0)),"") | C16: =IF($B16="","",IFERROR(INDEX(내역입력!$C$3:$C$302,MATCH($C$3&"|"&6,내역입력!$L$3:$L$302,0)),"")) | D16: =IF($B16="","",IFERROR(INDEX(내역입력!$D$3:$D$302,MATCH($C$3&"|"&6,내역입력!$L$3:$L$302,0)),"")) | E16: =IF($B16="","",IFERROR(INDEX(내역입력!$F$3:$F$302,MATCH($C$3&"|"&6,내역입력!$L$3:$L$302,0)),"")) | F16: =IF($B16="","",IFERROR(INDEX(내역입력!$E$3:$E$302,MATCH($C$3&"|"&6,내역입력!$L$3:$L$302,0)),"")) | G16: =IF($B16="","",IFERROR(INDEX(내역입력!$I$3:$I$302,MATCH($C$3&"|"&6,내역입력!$L$3:$L$302,0)),""))
A17: 7 | B17: =IFERROR(INDEX(내역입력!$B$3:$B$302,MATCH($C$3&"|"&7,내역입력!$L$3:$L$302,0)),"") | C17: =IF($B17="","",IFERROR(INDEX(내역입력!$C$3:$C$302,MATCH($C$3&"|"&7,내역입력!$L$3:$L$302,0)),"")) | D17: =IF($B17="","",IFERROR(INDEX(내역입력!$D$3:$D$302,MATCH($C$3&"|"&7,내역입력!$L$3:$L$302,0)),"")) | E17: =IF($B17="","",IFERROR(INDEX(내역입력!$F$3:$F$302,MATCH($C$3&"|"&7,내역입력!$L$3:$L$302,0)),"")) | F17: =IF($B17="","",IFERROR(INDEX(내역입력!$E$3:$E$302,MATCH($C$3&"|"&7,내역입력!$L$3:$L$302,0)),"")) | G17: =IF($B17="","",IFERROR(INDEX(내역입력!$I$3:$I$302,MATCH($C$3&"|"&7,내역입력!$L$3:$L$302,0)),""))
A18: 8 | B18: =IFERROR(INDEX(내역입력!$B$3:$B$302,MATCH($C$3&"|"&8,내역입력!$L$3:$L$302,0)),"") | C18: =IF($B18="","",IFERROR(INDEX(내역입력!$C$3:$C$302,MATCH($C$3&"|"&8,내역입력!$L$3:$L$302,0)),"")) | D18: =IF($B18="","",IFERROR(INDEX(내역입력!$D$3:$D$302,MATCH($C$3&"|"&8,내역입력!$L$3:$L$302,0)),"")) | E18: =IF($B18="","",IFERROR(INDEX(내역입력!$F$3:$F$302,MATCH($C$3&"|"&8,내역입력!$L$3:$L$302,0)),"")) | F18: =IF($B18="","",IFERROR(INDEX(내역입력!$E$3:$E$302,MATCH($C$3&"|"&8,내역입력!$L$3:$L$302,0)),"")) | G18: =IF($B18="","",IFERROR(INDEX(내역입력!$I$3:$I$302,MATCH($C$3&"|"&8,내역입력!$L$3:$L$302,0)),""))
A19: 9 | B19: =IFERROR(INDEX(내역입력!$B$3:$B$302,MATCH($C$3&"|"&9,내역입력!$L$3:$L$302,0)),"") | C19: =IF($B19="","",IFERROR(INDEX(내역입력!$C$3:$C$302,MATCH($C$3&"|"&9,내역입력!$L$3:$L$302,0)),"")) | D19: =IF($B19="","",IFERROR(INDEX(내역입력!$D$3:$D$302,MATCH($C$3&"|"&9,내역입력!$L$3:$L$302,0)),"")) | E19: =IF($B19="","",IFERROR(INDEX(내역입력!$F$3:$F$302,MATCH($C$3&"|"&9,내역입력!$L$3:$L$302,0)),"")) | F19: =IF($B19="","",IFERROR(INDEX(내역입력!$E$3:$E$302,MATCH($C$3&"|"&9,내역입력!$L$3:$L$302,0)),"")) | G19: =IF($B19="","",IFERROR(INDEX(내역입력!$I$3:$I$302,MATCH($C$3&"|"&9,내역입력!$L$3:$L$302,0)),""))
A20: 10 | B20: =IFERROR(INDEX(내역입력!$B$3:$B$302,MATCH($C$3&"|"&10,내역입력!$L$3:$L$302,0)),"") | C20: =IF($B20="","",IFERROR(INDEX(내역입력!$C$3:$C$302,MATCH($C$3&"|"&10,내역입력!$L$3:$L$302,0)),"")) | D20: =IF($B20="","",IFERROR(INDEX(내역입력!$D$3:$D$302,MATCH($C$3&"|"&10,내역입력!$L$3:$L$302,0)),"")) | E20: =IF($B20="","",IFERROR(INDEX(내역입력!$F$3:$F$302,MATCH($C$3&"|"&10,내역입력!$L$3:$L$302,0)),"")) | F20: =IF($B20="","",IFERROR(INDEX(내역입력!$E$3:$E$302,MATCH($C$3&"|"&10,내역입력!$L$3:$L$302,0)),"")) | G20: =IF($B20="","",IFERROR(INDEX(내역입력!$I$3:$I$302,MATCH($C$3&"|"&10,내역입력!$L$3:$L$302,0)),""))
A21: 11 | B21: =IFERROR(INDEX(내역입력!$B$3:$B$302,MATCH($C$3&"|"&11,내역입력!$L$3:$L$302,0)),"") | C21: =IF($B21="","",IFERROR(INDEX(내역입력!$C$3:$C$302,MATCH($C$3&"|"&11,내역입력!$L$3:$L$302,0)),"")) | D21: =IF($B21="","",IFERROR(INDEX(내역입력!$D$3:$D$302,MATCH($C$3&"|"&11,내역입력!$L$3:$L$302,0)),"")) | E21: =IF($B21="","",IFERROR(INDEX(내역입력!$F$3:$F$302,MATCH($C$3&"|"&11,내역입력!$L$3:$L$302,0)),"")) | F21: =IF($B21="","",IFERROR(INDEX(내역입력!$E$3:$E$302,MATCH($C$3&"|"&11,내역입력!$L$3:$L$302,0)),"")) | G21: =IF($B21="","",IFERROR(INDEX(내역입력!$I$3:$I$302,MATCH($C$3&"|"&11,내역입력!$L$3:$L$302,0)),""))
A22: 12 | B22: =IFERROR(INDEX(내역입력!$B$3:$B$302,MATCH($C$3&"|"&12,내역입력!$L$3:$L$302,0)),"") | C22: =IF($B22="","",IFERROR(INDEX(내역입력!$C$3:$C$302,MATCH($C$3&"|"&12,내역입력!$L$3:$L$302,0)),"")) | D22: =IF($B22="","",IFERROR(INDEX(내역입력!$D$3:$D$302,MATCH($C$3&"|"&12,내역입력!$L$3:$L$302,0)),"")) | E22: =IF($B22="","",IFERROR(INDEX(내역입력!$F$3:$F$302,MATCH($C$3&"|"&12,내역입력!$L$3:$L$302,0)),"")) | F22: =IF($B22="","",IFERROR(INDEX(내역입력!$E$3:$E$302,MATCH($C$3&"|"&12,내역입력!$L$3:$L$302,0)),"")) | G22: =IF($B22="","",IFERROR(INDEX(내역입력!$I$3:$I$302,MATCH($C$3&"|"&12,내역입력!$L$3:$L$302,0)),""))
A23: 13 | B23: =IFERROR(INDEX(내역입력!$B$3:$B$302,MATCH($C$3&"|"&13,내역입력!$L$3:$L$302,0)),"") | C23: =IF($B23="","",IFERROR(INDEX(내역입력!$C$3:$C$302,MATCH($C$3&"|"&13,내역입력!$L$3:$L$302,0)),"")) | D23: =IF($B23="","",IFERROR(INDEX(내역입력!$D$3:$D$302,MATCH($C$3&"|"&13,내역입력!$L$3:$L$302,0)),"")) | E23: =IF($B23="","",IFERROR(INDEX(내역입력!$F$3:$F$302,MATCH($C$3&"|"&13,내역입력!$L$3:$L$302,0)),"")) | F23: =IF($B23="","",IFERROR(INDEX(내역입력!$E$3:$E$302,MATCH($C$3&"|"&13,내역입력!$L$3:$L$302,0)),"")) | G23: =IF($B23="","",IFERROR(INDEX(내역입력!$I$3:$I$302,MATCH($C$3&"|"&13,내역입력!$L$3:$L$302,0)),""))
A24: 14 | B24: =IFERROR(INDEX(내역입력!$B$3:$B$302,MATCH($C$3&"|"&14,내역입력!$L$3:$L$302,0)),"") | C24: =IF($B24="","",IFERROR(INDEX(내역입력!$C$3:$C$302,MATCH($C$3&"|"&14,내역입력!$L$3:$L$302,0)),"")) | D24: =IF($B24="","",IFERROR(INDEX(내역입력!$D$3:$D$302,MATCH($C$3&"|"&14,내역입력!$L$3:$L$302,0)),"")) | E24: =IF($B24="","",IFERROR(INDEX(내역입력!$F$3:$F$302,MATCH($C$3&"|"&14,내역입력!$L$3:$L$302,0)),"")) | F24: =IF($B24="","",IFERROR(INDEX(내역입력!$E$3:$E$302,MATCH($C$3&"|"&14,내역입력!$L$3:$L$302,0)),"")) | G24: =IF($B24="","",IFERROR(INDEX(내역입력!$I$3:$I$302,MATCH($C$3&"|"&14,내역입력!$L$3:$L$302,0)),""))
A25: 15 | B25: =IFERROR(INDEX(내역입력!$B$3:$B$302,MATCH($C$3&"|"&15,내역입력!$L$3:$L$302,0)),"") | C25: =IF($B25="","",IFERROR(INDEX(내역입력!$C$3:$C$302,MATCH($C$3&"|"&15,내역입력!$L$3:$L$302,0)),"")) | D25: =IF($B25="","",IFERROR(INDEX(내역입력!$D$3:$D$302,MATCH($C$3&"|"&15,내역입력!$L$3:$L$302,0)),"")) | E25: =IF($B25="","",IFERROR(INDEX(내역입력!$F$3:$F$302,MATCH($C$3&"|"&15,내역입력!$L$3:$L$302,0)),"")) | F25: =IF($B25="","",IFERROR(INDEX(내역입력!$E$3:$E$302,MATCH($C$3&"|"&15,내역입력!$L$3:$L$302,0)),"")) | G25: =IF($B25="","",IFERROR(INDEX(내역입력!$I$3:$I$302,MATCH($C$3&"|"&15,내역입력!$L$3:$L$302,0)),""))
A26: 16 | B26: =IFERROR(INDEX(내역입력!$B$3:$B$302,MATCH($C$3&"|"&16,내역입력!$L$3:$L$302,0)),"") | C26: =IF($B26="","",IFERROR(INDEX(내역입력!$C$3:$C$302,MATCH($C$3&"|"&16,내역입력!$L$3:$L$302,0)),"")) | D26: =IF($B26="","",IFERROR(INDEX(내역입력!$D$3:$D$302,MATCH($C$3&"|"&16,내역입력!$L$3:$L$302,0)),"")) | E26: =IF($B26="","",IFERROR(INDEX(내역입력!$F$3:$F$302,MATCH($C$3&"|"&16,내역입력!$L$3:$L$302,0)),"")) | F26: =IF($B26="","",IFERROR(INDEX(내역입력!$E$3:$E$302,MATCH($C$3&"|"&16,내역입력!$L$3:$L$302,0)),"")) | G26: =IF($B26="","",IFERROR(INDEX(내역입력!$I$3:$I$302,MATCH($C$3&"|"&16,내역입력!$L$3:$L$302,0)),""))
A27: 17 | B27: =IFERROR(INDEX(내역입력!$B$3:$B$302,MATCH($C$3&"|"&17,내역입력!$L$3:$L$302,0)),"") | C27: =IF($B27="","",IFERROR(INDEX(내역입력!$C$3:$C$302,MATCH($C$3&"|"&17,내역입력!$L$3:$L$302,0)),"")) | D27: =IF($B27="","",IFERROR(INDEX(내역입력!$D$3:$D$302,MATCH($C$3&"|"&17,내역입력!$L$3:$L$302,0)),"")) | E27: =IF($B27="","",IFERROR(INDEX(내역입력!$F$3:$F$302,MATCH($C$3&"|"&17,내역입력!$L$3:$L$302,0)),"")) | F27: =IF($B27="","",IFERROR(INDEX(내역입력!$E$3:$E$302,MATCH($C$3&"|"&17,내역입력!$L$3:$L$302,0)),"")) | G27: =IF($B27="","",IFERROR(INDEX(내역입력!$I$3:$I$302,MATCH($C$3&"|"&17,내역입력!$L$3:$L$302,0)),""))
A28: 18 | B28: =IFERROR(INDEX(내역입력!$B$3:$B$302,MATCH($C$3&"|"&18,내역입력!$L$3:$L$302,0)),"") | C28: =IF($B28="","",IFERROR(INDEX(내역입력!$C$3:$C$302,MATCH($C$3&"|"&18,내역입력!$L$3:$L$302,0)),"")) | D28: =IF($B28="","",IFERROR(INDEX(내역입력!$D$3:$D$302,MATCH($C$3&"|"&18,내역입력!$L$3:$L$302,0)),"")) | E28: =IF($B28="","",IFERROR(INDEX(내역입력!$F$3:$F$302,MATCH($C$3&"|"&18,내역입력!$L$3:$L$302,0)),"")) | F28: =IF($B28="","",IFERROR(INDEX(내역입력!$E$3:$E$302,MATCH($C$3&"|"&18,내역입력!$L$3:$L$302,0)),"")) | G28: =IF($B28="","",IFERROR(INDEX(내역입력!$I$3:$I$302,MATCH($C$3&"|"&18,내역입력!$L$3:$L$302,0)),""))
A29: 19 | B29: =IFERROR(INDEX(내역입력!$B$3:$B$302,MATCH($C$3&"|"&19,내역입력!$L$3:$L$302,0)),"") | C29: =IF($B29="","",IFERROR(INDEX(내역입력!$C$3:$C$302,MATCH($C$3&"|"&19,내역입력!$L$3:$L$302,0)),"")) | D29: =IF($B29="","",IFERROR(INDEX(내역입력!$D$3:$D$302,MATCH($C$3&"|"&19,내역입력!$L$3:$L$302,0)),"")) | E29: =IF($B29="","",IFERROR(INDEX(내역입력!$F$3:$F$302,MATCH($C$3&"|"&19,내역입력!$L$3:$L$302,0)),"")) | F29: =IF($B29="","",IFERROR(INDEX(내역입력!$E$3:$E$302,MATCH($C$3&"|"&19,내역입력!$L$3:$L$302,0)),"")) | G29: =IF($B29="","",IFERROR(INDEX(내역입력!$I$3:$I$302,MATCH($C$3&"|"&19,내역입력!$L$3:$L$302,0)),""))
A30: 20 | B30: =IFERROR(INDEX(내역입력!$B$3:$B$302,MATCH($C$3&"|"&20,내역입력!$L$3:$L$302,0)),"") | C30: =IF($B30="","",IFERROR(INDEX(내역입력!$C$3:$C$302,MATCH($C$3&"|"&20,내역입력!$L$3:$L$302,0)),"")) | D30: =IF($B30="","",IFERROR(INDEX(내역입력!$D$3:$D$302,MATCH($C$3&"|"&20,내역입력!$L$3:$L$302,0)),"")) | E30: =IF($B30="","",IFERROR(INDEX(내역입력!$F$3:$F$302,MATCH($C$3&"|"&20,내역입력!$L$3:$L$302,0)),"")) | F30: =IF($B30="","",IFERROR(INDEX(내역입력!$E$3:$E$302,MATCH($C$3&"|"&20,내역입력!$L$3:$L$302,0)),"")) | G30: =IF($B30="","",IFERROR(INDEX(내역입력!$I$3:$I$302,MATCH($C$3&"|"&20,내역입력!$L$3:$L$302,0)),""))
B31: 공 급 가 액 | G31: =SUM(G11:G30) -> 5280000
B32: 부 가 세 | G32: =ROUND(G31*기초정보!$C$13,0) -> 528000
B33: 합 계 금 액 | G33: =G31+G32 -> 5808000
A35: ※ 항목이 20개를 넘으면 표시되지 않습니다. 내역입력 시트에서 현장별 항목 수를 확인하세요.
