Workbook

Sheet 사용안내
B2: 검수 · 출고 · 재고 통합관리
B4: 핵심 | C4: 검수(입고)와 출고를 각각 입력하면 품번 기준으로 자동 매칭되어 예상재고가 나옵니다.
B5: 입력 규칙 | C5: 파란색 글씨 칸만 입력하세요. 검은색은 자동 계산입니다.
B6: ① 품목마스터 | C6: 품번·품목명·단위·기초재고를 등록합니다. 품번이 모든 집계의 기준입니다.
B7: ② 거래처마스터 | C7: 거래처코드·거래처명을 등록합니다.
B8: ③ 검수내역 | C8: 농협 eSCM 검수 데이터를 붙여넣습니다. 이것이 입고입니다.
B9: ④ 출고내역 | C9: 대리점 출고를 기록합니다. 정상수량과 덤수량을 나눠서 넣으세요.
C10: 덤은 재고에서는 빠지지만 정산금액에는 잡히지 않습니다.
C11: 행사·인상으로 단가가 달라지면 [구분] 칸에 표시하세요. 필터로 걸러낼 수 있습니다.
B12: ⑤ 재고조정 | C12: 반품·파손·샘플처럼 정상 입출고가 아닌 것을 여기에 수기로 넣습니다.
B13: ⑥ 종합집계표 | C13: 품목별 입고·출고·덤·조정·예상재고가 자동으로 나옵니다.
B14: ⑦ 대리점요약 | C14: 거래처를 고르면 그 거래처의 검수·출고가 한 페이지로 나옵니다. 인쇄용입니다.
B15: ⑧ 월별집계 | C15: 월별 입고·출고 수량과 정산금액이 나옵니다.
B17: ※ 예상재고 = 기초재고 + 검수입고 − (출고 정상수량 + 덤수량) + 재고조정
B18: ※ 실사 재고와 차이가 나면 [재고조정]에 사유와 함께 기록하세요.
B19: ※ 선입선출(FIFO) 원가는 계산하지 않습니다. 정산금액은 출고 시 입력한 단가로만 계산됩니다.

Sheet 품목마스터
A1: 품목마스터 (품번이 기준입니다)
A2: 품번 | B2: 품목명 | C2: 규격 | D2: 단위 | E2: 기초재고 | F2: 비고
A3: P001 | B3: 홍삼즙 30포 | C3: 3g×30 | D3: 박스 | E3: 120
A4: P002 | B4: 홍삼정 240g | C4: 240g | D4: EA | E4: 80
A5: P003 | B5: 선물세트 A | C5: 즙5+정1 | D5: SET | E5: 40

Sheet 거래처마스터
A1: 거래처마스터
A2: 거래처코드 | B2: 거래처명 | C2: 구분 | D2: 비고
A3: C001 | B3: ○○대리점 | C3: 대리점
A4: C002 | B4: 농협 eSCM | C4: 매입처
A5: C003 | B5: △△대리점 | C5: 대리점

Sheet 검수내역
A1: 검수내역 (입고) ─ 농협 eSCM 데이터를 붙여넣으세요
A2: 검수일 | B2: 거래처코드 | C2: 거래처명(자동) | D2: 품번 | E2: 품목명(자동) | F2: 단위(자동) | G2: 검수수량 | H2: 단가 | I2: 금액(자동) | J2: 비고
A3: 46266 | B3: C002 | C3: =IF($B3="","",IFERROR(INDEX(거래처마스터!$B$3:$B$102,MATCH($B3,거래처마스터!$A$3:$A$102,0)),"미등록")) -> 농협 eSCM | D3: P001 | E3: =IF($D3="","",IFERROR(INDEX(품목마스터!$B$3:$B$202,MATCH($D3,품목마스터!$A$3:$A$202,0)),"미등록품번")) -> 홍삼즙 30포 | F3: =IF($D3="","",IFERROR(INDEX(품목마스터!$D$3:$D$202,MATCH($D3,품목마스터!$A$3:$A$202,0)),"")) -> 박스 | G3: 200 | H3: 18000 | I3: =IF(OR($G3="",$H3=""),"",ROUND($G3*$H3,0)) -> 3600000 | J3: ← 예시 행입니다. 지우고 쓰세요.
A4: 46266 | B4: C002 | C4: =IF($B4="","",IFERROR(INDEX(거래처마스터!$B$3:$B$102,MATCH($B4,거래처마스터!$A$3:$A$102,0)),"미등록")) -> 농협 eSCM | D4: P002 | E4: =IF($D4="","",IFERROR(INDEX(품목마스터!$B$3:$B$202,MATCH($D4,품목마스터!$A$3:$A$202,0)),"미등록품번")) -> 홍삼정 240g | F4: =IF($D4="","",IFERROR(INDEX(품목마스터!$D$3:$D$202,MATCH($D4,품목마스터!$A$3:$A$202,0)),"")) -> EA | G4: 120 | H4: 26000 | I4: =IF(OR($G4="",$H4=""),"",ROUND($G4*$H4,0)) -> 3120000
A5: 46273 | B5: C002 | C5: =IF($B5="","",IFERROR(INDEX(거래처마스터!$B$3:$B$102,MATCH($B5,거래처마스터!$A$3:$A$102,0)),"미등록")) -> 농협 eSCM | D5: P003 | E5: =IF($D5="","",IFERROR(INDEX(품목마스터!$B$3:$B$202,MATCH($D5,품목마스터!$A$3:$A$202,0)),"미등록품번")) -> 선물세트 A | F5: =IF($D5="","",IFERROR(INDEX(품목마스터!$D$3:$D$202,MATCH($D5,품목마스터!$A$3:$A$202,0)),"")) -> SET | G5: 60 | H5: 52000 | I5: =IF(OR($G5="",$H5=""),"",ROUND($G5*$H5,0)) -> 3120000
C6: =IF($B6="","",IFERROR(INDEX(거래처마스터!$B$3:$B$102,MATCH($B6,거래처마스터!$A$3:$A$102,0)),"미등록")) | E6: =IF($D6="","",IFERROR(INDEX(품목마스터!$B$3:$B$202,MATCH($D6,품목마스터!$A$3:$A$202,0)),"미등록품번")) | F6: =IF($D6="","",IFERROR(INDEX(품목마스터!$D$3:$D$202,MATCH($D6,품목마스터!$A$3:$A$202,0)),"")) | I6: =IF(OR($G6="",$H6=""),"",ROUND($G6*$H6,0))
C7: =IF($B7="","",IFERROR(INDEX(거래처마스터!$B$3:$B$102,MATCH($B7,거래처마스터!$A$3:$A$102,0)),"미등록")) | E7: =IF($D7="","",IFERROR(INDEX(품목마스터!$B$3:$B$202,MATCH($D7,품목마스터!$A$3:$A$202,0)),"미등록품번")) | F7: =IF($D7="","",IFERROR(INDEX(품목마스터!$D$3:$D$202,MATCH($D7,품목마스터!$A$3:$A$202,0)),"")) | I7: =IF(OR($G7="",$H7=""),"",ROUND($G7*$H7,0))
C8: =IF($B8="","",IFERROR(INDEX(거래처마스터!$B$3:$B$102,MATCH($B8,거래처마스터!$A$3:$A$102,0)),"미등록")) | E8: =IF($D8="","",IFERROR(INDEX(품목마스터!$B$3:$B$202,MATCH($D8,품목마스터!$A$3:$A$202,0)),"미등록품번")) | F8: =IF($D8="","",IFERROR(INDEX(품목마스터!$D$3:$D$202,MATCH($D8,품목마스터!$A$3:$A$202,0)),"")) | I8: =IF(OR($G8="",$H8=""),"",ROUND($G8*$H8,0))
C9: =IF($B9="","",IFERROR(INDEX(거래처마스터!$B$3:$B$102,MATCH($B9,거래처마스터!$A$3:$A$102,0)),"미등록")) | E9: =IF($D9="","",IFERROR(INDEX(품목마스터!$B$3:$B$202,MATCH($D9,품목마스터!$A$3:$A$202,0)),"미등록품번")) | F9: =IF($D9="","",IFERROR(INDEX(품목마스터!$D$3:$D$202,MATCH($D9,품목마스터!$A$3:$A$202,0)),"")) | I9: =IF(OR($G9="",$H9=""),"",ROUND($G9*$H9,0))
C10: =IF($B10="","",IFERROR(INDEX(거래처마스터!$B$3:$B$102,MATCH($B10,거래처마스터!$A$3:$A$102,0)),"미등록")) | E10: =IF($D10="","",IFERROR(INDEX(품목마스터!$B$3:$B$202,MATCH($D10,품목마스터!$A$3:$A$202,0)),"미등록품번")) | F10: =IF($D10="","",IFERROR(INDEX(품목마스터!$D$3:$D$202,MATCH($D10,품목마스터!$A$3:$A$202,0)),"")) | I10: =IF(OR($G10="",$H10=""),"",ROUND($G10*$H10,0))
C11: =IF($B11="","",IFERROR(INDEX(거래처마스터!$B$3:$B$102,MATCH($B11,거래처마스터!$A$3:$A$102,0)),"미등록")) | E11: =IF($D11="","",IFERROR(INDEX(품목마스터!$B$3:$B$202,MATCH($D11,품목마스터!$A$3:$A$202,0)),"미등록품번")) | F11: =IF($D11="","",IFERROR(INDEX(품목마스터!$D$3:$D$202,MATCH($D11,품목마스터!$A$3:$A$202,0)),"")) | I11: =IF(OR($G11="",$H11=""),"",ROUND($G11*$H11,0))
C12: =IF($B12="","",IFERROR(INDEX(거래처마스터!$B$3:$B$102,MATCH($B12,거래처마스터!$A$3:$A$102,0)),"미등록")) | E12: =IF($D12="","",IFERROR(INDEX(품목마스터!$B$3:$B$202,MATCH($D12,품목마스터!$A$3:$A$202,0)),"미등록품번")) | F12: =IF($D12="","",IFERROR(INDEX(품목마스터!$D$3:$D$202,MATCH($D12,품목마스터!$A$3:$A$202,0)),"")) | I12: =IF(OR($G12="",$H12=""),"",ROUND($G12*$H12,0))
C13: =IF($B13="","",IFERROR(INDEX(거래처마스터!$B$3:$B$102,MATCH($B13,거래처마스터!$A$3:$A$102,0)),"미등록")) | E13: =IF($D13="","",IFERROR(INDEX(품목마스터!$B$3:$B$202,MATCH($D13,품목마스터!$A$3:$A$202,0)),"미등록품번")) | F13: =IF($D13="","",IFERROR(INDEX(품목마스터!$D$3:$D$202,MATCH($D13,품목마스터!$A$3:$A$202,0)),"")) | I13: =IF(OR($G13="",$H13=""),"",ROUND($G13*$H13,0))
C14: =IF($B14="","",IFERROR(INDEX(거래처마스터!$B$3:$B$102,MATCH($B14,거래처마스터!$A$3:$A$102,0)),"미등록")) | E14: =IF($D14="","",IFERROR(INDEX(품목마스터!$B$3:$B$202,MATCH($D14,품목마스터!$A$3:$A$202,0)),"미등록품번")) | F14: =IF($D14="","",IFERROR(INDEX(품목마스터!$D$3:$D$202,MATCH($D14,품목마스터!$A$3:$A$202,0)),"")) | I14: =IF(OR($G14="",$H14=""),"",ROUND($G14*$H14,0))
C15: =IF($B15="","",IFERROR(INDEX(거래처마스터!$B$3:$B$102,MATCH($B15,거래처마스터!$A$3:$A$102,0)),"미등록")) | E15: =IF($D15="","",IFERROR(INDEX(품목마스터!$B$3:$B$202,MATCH($D15,품목마스터!$A$3:$A$202,0)),"미등록품번")) | F15: =IF($D15="","",IFERROR(INDEX(품목마스터!$D$3:$D$202,MATCH($D15,품목마스터!$A$3:$A$202,0)),"")) | I15: =IF(OR($G15="",$H15=""),"",ROUND($G15*$H15,0))
C16: =IF($B16="","",IFERROR(INDEX(거래처마스터!$B$3:$B$102,MATCH($B16,거래처마스터!$A$3:$A$102,0)),"미등록")) | E16: =IF($D16="","",IFERROR(INDEX(품목마스터!$B$3:$B$202,MATCH($D16,품목마스터!$A$3:$A$202,0)),"미등록품번")) | F16: =IF($D16="","",IFERROR(INDEX(품목마스터!$D$3:$D$202,MATCH($D16,품목마스터!$A$3:$A$202,0)),"")) | I16: =IF(OR($G16="",$H16=""),"",ROUND($G16*$H16,0))
C17: =IF($B17="","",IFERROR(INDEX(거래처마스터!$B$3:$B$102,MATCH($B17,거래처마스터!$A$3:$A$102,0)),"미등록")) | E17: =IF($D17="","",IFERROR(INDEX(품목마스터!$B$3:$B$202,MATCH($D17,품목마스터!$A$3:$A$202,0)),"미등록품번")) | F17: =IF($D17="","",IFERROR(INDEX(품목마스터!$D$3:$D$202,MATCH($D17,품목마스터!$A$3:$A$202,0)),"")) | I17: =IF(OR($G17="",$H17=""),"",ROUND($G17*$H17,0))
... C802: =IF($B802="","",IFERROR(INDEX(거래처마스터!$B$3:$B$102,MATCH($B802,거래처마스터!$A$3:$A$102,0)),"미등록")) | E802: =IF($D802="","",IFERROR(INDEX(품목마스터!$B$3:$B$202,MATCH($D802,품목마스터!$A$3:$A$202,0)),"미등록품번")) | F802: =IF($D802="","",IFERROR(INDEX(품목마스터!$D$3:$D$202,MATCH($D802,품목마스터!$A$3:$A$202,0)),"")) | I802: =IF(OR($G802="",$H802=""),"",ROUND($G802*$H802,0))

Sheet 출고내역
A1: 출고내역 (대리점) ─ 정상수량과 덤수량을 나눠서 입력
A2: 출고일 | B2: 거래처코드 | C2: 거래처명(자동) | D2: 품번 | E2: 품목명(자동) | F2: 단위(자동) | G2: 정상수량 | H2: 덤수량 | I2: 단가 | J2: 구분 | K2: 정산금액(자동) | L2: 총출고수량(자동) | M2: 비고
A3: 46267 | B3: C001 | C3: =IF($B3="","",IFERROR(INDEX(거래처마스터!$B$3:$B$102,MATCH($B3,거래처마스터!$A$3:$A$102,0)),"미등록")) -> ○○대리점 | D3: P001 | E3: =IF($D3="","",IFERROR(INDEX(품목마스터!$B$3:$B$202,MATCH($D3,품목마스터!$A$3:$A$202,0)),"미등록품번")) -> 홍삼즙 30포 | F3: =IF($D3="","",IFERROR(INDEX(품목마스터!$D$3:$D$202,MATCH($D3,품목마스터!$A$3:$A$202,0)),"")) -> 박스 | G3: 80 | H3: 4 | I3: 22000 | J3: 정상 | K3: =IF(OR($G3="",$I3=""),"",ROUND($G3*$I3,0)) -> 1760000 | L3: =IF($D3="","",IF($G3="",0,$G3)+IF($H3="",0,$H3)) -> 84 | M3: ← 예시 행입니다. 지우고 쓰세요.
A4: 46268 | B4: C003 | C4: =IF($B4="","",IFERROR(INDEX(거래처마스터!$B$3:$B$102,MATCH($B4,거래처마스터!$A$3:$A$102,0)),"미등록")) -> △△대리점 | D4: P002 | E4: =IF($D4="","",IFERROR(INDEX(품목마스터!$B$3:$B$202,MATCH($D4,품목마스터!$A$3:$A$202,0)),"미등록품번")) -> 홍삼정 240g | F4: =IF($D4="","",IFERROR(INDEX(품목마스터!$D$3:$D$202,MATCH($D4,품목마스터!$A$3:$A$202,0)),"")) -> EA | G4: 40 | H4: 2 | I4: 31000 | J4: 정상 | K4: =IF(OR($G4="",$I4=""),"",ROUND($G4*$I4,0)) -> 1240000 | L4: =IF($D4="","",IF($G4="",0,$G4)+IF($H4="",0,$H4)) -> 42
A5: 46274 | B5: C001 | C5: =IF($B5="","",IFERROR(INDEX(거래처마스터!$B$3:$B$102,MATCH($B5,거래처마스터!$A$3:$A$102,0)),"미등록")) -> ○○대리점 | D5: P003 | E5: =IF($D5="","",IFERROR(INDEX(품목마스터!$B$3:$B$202,MATCH($D5,품목마스터!$A$3:$A$202,0)),"미등록품번")) -> 선물세트 A | F5: =IF($D5="","",IFERROR(INDEX(품목마스터!$D$3:$D$202,MATCH($D5,품목마스터!$A$3:$A$202,0)),"")) -> SET | G5: 25 | H5: 0 | I5: 62000 | J5: 행사 | K5: =IF(OR($G5="",$I5=""),"",ROUND($G5*$I5,0)) -> 1550000 | L5: =IF($D5="","",IF($G5="",0,$G5)+IF($H5="",0,$H5)) -> 25
A6: 46276 | B6: C001 | C6: =IF($B6="","",IFERROR(INDEX(거래처마스터!$B$3:$B$102,MATCH($B6,거래처마스터!$A$3:$A$102,0)),"미등록")) -> ○○대리점 | D6: P001 | E6: =IF($D6="","",IFERROR(INDEX(품목마스터!$B$3:$B$202,MATCH($D6,품목마스터!$A$3:$A$202,0)),"미등록품번")) -> 홍삼즙 30포 | F6: =IF($D6="","",IFERROR(INDEX(품목마스터!$D$3:$D$202,MATCH($D6,품목마스터!$A$3:$A$202,0)),"")) -> 박스 | G6: 60 | H6: 3 | I6: 22000 | J6: 정상 | K6: =IF(OR($G6="",$I6=""),"",ROUND($G6*$I6,0)) -> 1320000 | L6: =IF($D6="","",IF($G6="",0,$G6)+IF($H6="",0,$H6)) -> 63
C7: =IF($B7="","",IFERROR(INDEX(거래처마스터!$B$3:$B$102,MATCH($B7,거래처마스터!$A$3:$A$102,0)),"미등록")) | E7: =IF($D7="","",IFERROR(INDEX(품목마스터!$B$3:$B$202,MATCH($D7,품목마스터!$A$3:$A$202,0)),"미등록품번")) | F7: =IF($D7="","",IFERROR(INDEX(품목마스터!$D$3:$D$202,MATCH($D7,품목마스터!$A$3:$A$202,0)),"")) | K7: =IF(OR($G7="",$I7=""),"",ROUND($G7*$I7,0)) | L7: =IF($D7="","",IF($G7="",0,$G7)+IF($H7="",0,$H7))
C8: =IF($B8="","",IFERROR(INDEX(거래처마스터!$B$3:$B$102,MATCH($B8,거래처마스터!$A$3:$A$102,0)),"미등록")) | E8: =IF($D8="","",IFERROR(INDEX(품목마스터!$B$3:$B$202,MATCH($D8,품목마스터!$A$3:$A$202,0)),"미등록품번")) | F8: =IF($D8="","",IFERROR(INDEX(품목마스터!$D$3:$D$202,MATCH($D8,품목마스터!$A$3:$A$202,0)),"")) | K8: =IF(OR($G8="",$I8=""),"",ROUND($G8*$I8,0)) | L8: =IF($D8="","",IF($G8="",0,$G8)+IF($H8="",0,$H8))
C9: =IF($B9="","",IFERROR(INDEX(거래처마스터!$B$3:$B$102,MATCH($B9,거래처마스터!$A$3:$A$102,0)),"미등록")) | E9: =IF($D9="","",IFERROR(INDEX(품목마스터!$B$3:$B$202,MATCH($D9,품목마스터!$A$3:$A$202,0)),"미등록품번")) | F9: =IF($D9="","",IFERROR(INDEX(품목마스터!$D$3:$D$202,MATCH($D9,품목마스터!$A$3:$A$202,0)),"")) | K9: =IF(OR($G9="",$I9=""),"",ROUND($G9*$I9,0)) | L9: =IF($D9="","",IF($G9="",0,$G9)+IF($H9="",0,$H9))
C10: =IF($B10="","",IFERROR(INDEX(거래처마스터!$B$3:$B$102,MATCH($B10,거래처마스터!$A$3:$A$102,0)),"미등록")) | E10: =IF($D10="","",IFERROR(INDEX(품목마스터!$B$3:$B$202,MATCH($D10,품목마스터!$A$3:$A$202,0)),"미등록품번")) | F10: =IF($D10="","",IFERROR(INDEX(품목마스터!$D$3:$D$202,MATCH($D10,품목마스터!$A$3:$A$202,0)),"")) | K10: =IF(OR($G10="",$I10=""),"",ROUND($G10*$I10,0)) | L10: =IF($D10="","",IF($G10="",0,$G10)+IF($H10="",0,$H10))
C11: =IF($B11="","",IFERROR(INDEX(거래처마스터!$B$3:$B$102,MATCH($B11,거래처마스터!$A$3:$A$102,0)),"미등록")) | E11: =IF($D11="","",IFERROR(INDEX(품목마스터!$B$3:$B$202,MATCH($D11,품목마스터!$A$3:$A$202,0)),"미등록품번")) | F11: =IF($D11="","",IFERROR(INDEX(품목마스터!$D$3:$D$202,MATCH($D11,품목마스터!$A$3:$A$202,0)),"")) | K11: =IF(OR($G11="",$I11=""),"",ROUND($G11*$I11,0)) | L11: =IF($D11="","",IF($G11="",0,$G11)+IF($H11="",0,$H11))
C12: =IF($B12="","",IFERROR(INDEX(거래처마스터!$B$3:$B$102,MATCH($B12,거래처마스터!$A$3:$A$102,0)),"미등록")) | E12: =IF($D12="","",IFERROR(INDEX(품목마스터!$B$3:$B$202,MATCH($D12,품목마스터!$A$3:$A$202,0)),"미등록품번")) | F12: =IF($D12="","",IFERROR(INDEX(품목마스터!$D$3:$D$202,MATCH($D12,품목마스터!$A$3:$A$202,0)),"")) | K12: =IF(OR($G12="",$I12=""),"",ROUND($G12*$I12,0)) | L12: =IF($D12="","",IF($G12="",0,$G12)+IF($H12="",0,$H12))
C13: =IF($B13="","",IFERROR(INDEX(거래처마스터!$B$3:$B$102,MATCH($B13,거래처마스터!$A$3:$A$102,0)),"미등록")) | E13: =IF($D13="","",IFERROR(INDEX(품목마스터!$B$3:$B$202,MATCH($D13,품목마스터!$A$3:$A$202,0)),"미등록품번")) | F13: =IF($D13="","",IFERROR(INDEX(품목마스터!$D$3:$D$202,MATCH($D13,품목마스터!$A$3:$A$202,0)),"")) | K13: =IF(OR($G13="",$I13=""),"",ROUND($G13*$I13,0)) | L13: =IF($D13="","",IF($G13="",0,$G13)+IF($H13="",0,$H13))
C14: =IF($B14="","",IFERROR(INDEX(거래처마스터!$B$3:$B$102,MATCH($B14,거래처마스터!$A$3:$A$102,0)),"미등록")) | E14: =IF($D14="","",IFERROR(INDEX(품목마스터!$B$3:$B$202,MATCH($D14,품목마스터!$A$3:$A$202,0)),"미등록품번")) | F14: =IF($D14="","",IFERROR(INDEX(품목마스터!$D$3:$D$202,MATCH($D14,품목마스터!$A$3:$A$202,0)),"")) | K14: =IF(OR($G14="",$I14=""),"",ROUND($G14*$I14,0)) | L14: =IF($D14="","",IF($G14="",0,$G14)+IF($H14="",0,$H14))
C15: =IF($B15="","",IFERROR(INDEX(거래처마스터!$B$3:$B$102,MATCH($B15,거래처마스터!$A$3:$A$102,0)),"미등록")) | E15: =IF($D15="","",IFERROR(INDEX(품목마스터!$B$3:$B$202,MATCH($D15,품목마스터!$A$3:$A$202,0)),"미등록품번")) | F15: =IF($D15="","",IFERROR(INDEX(품목마스터!$D$3:$D$202,MATCH($D15,품목마스터!$A$3:$A$202,0)),"")) | K15: =IF(OR($G15="",$I15=""),"",ROUND($G15*$I15,0)) | L15: =IF($D15="","",IF($G15="",0,$G15)+IF($H15="",0,$H15))
C16: =IF($B16="","",IFERROR(INDEX(거래처마스터!$B$3:$B$102,MATCH($B16,거래처마스터!$A$3:$A$102,0)),"미등록")) | E16: =IF($D16="","",IFERROR(INDEX(품목마스터!$B$3:$B$202,MATCH($D16,품목마스터!$A$3:$A$202,0)),"미등록품번")) | F16: =IF($D16="","",IFERROR(INDEX(품목마스터!$D$3:$D$202,MATCH($D16,품목마스터!$A$3:$A$202,0)),"")) | K16: =IF(OR($G16="",$I16=""),"",ROUND($G16*$I16,0)) | L16: =IF($D16="","",IF($G16="",0,$G16)+IF($H16="",0,$H16))
C17: =IF($B17="","",IFERROR(INDEX(거래처마스터!$B$3:$B$102,MATCH($B17,거래처마스터!$A$3:$A$102,0)),"미등록")) | E17: =IF($D17="","",IFERROR(INDEX(품목마스터!$B$3:$B$202,MATCH($D17,품목마스터!$A$3:$A$202,0)),"미등록품번")) | F17: =IF($D17="","",IFERROR(INDEX(품목마스터!$D$3:$D$202,MATCH($D17,품목마스터!$A$3:$A$202,0)),"")) | K17: =IF(OR($G17="",$I17=""),"",ROUND($G17*$I17,0)) | L17: =IF($D17="","",IF($G17="",0,$G17)+IF($H17="",0,$H17))
C18: =IF($B18="","",IFERROR(INDEX(거래처마스터!$B$3:$B$102,MATCH($B18,거래처마스터!$A$3:$A$102,0)),"미등록")) | E18: =IF($D18="","",IFERROR(INDEX(품목마스터!$B$3:$B$202,MATCH($D18,품목마스터!$A$3:$A$202,0)),"미등록품번")) | F18: =IF($D18="","",IFERROR(INDEX(품목마스터!$D$3:$D$202,MATCH($D18,품목마스터!$A$3:$A$202,0)),"")) | K18: =IF(OR($G18="",$I18=""),"",ROUND($G18*$I18,0)) | L18: =IF($D18="","",IF($G18="",0,$G18)+IF($H18="",0,$H18))
... C802: =IF($B802="","",IFERROR(INDEX(거래처마스터!$B$3:$B$102,MATCH($B802,거래처마스터!$A$3:$A$102,0)),"미등록")) | E802: =IF($D802="","",IFERROR(INDEX(품목마스터!$B$3:$B$202,MATCH($D802,품목마스터!$A$3:$A$202,0)),"미등록품번")) | F802: =IF($D802="","",IFERROR(INDEX(품목마스터!$D$3:$D$202,MATCH($D802,품목마스터!$A$3:$A$202,0)),"")) | K802: =IF(OR($G802="",$I802=""),"",ROUND($G802*$I802,0)) | L802: =IF($D802="","",IF($G802="",0,$G802)+IF($H802="",0,$H802))

Sheet 재고조정
A1: 재고조정 (반품·파손·샘플 등 정상 입출고가 아닌 건)
A2: 조정일 | B2: 품번 | C2: 품목명(자동) | D2: 조정구분 | E2: 조정수량(+/-) | F2: 사유
A3: 46269 | B3: P002 | C3: =IF($B3="","",IFERROR(INDEX(품목마스터!$B$3:$B$202,MATCH($B3,품목마스터!$A$3:$A$202,0)),"미등록품번")) -> 홍삼정 240g | D3: 파손 | E3: -3 | F3: 운반 중 파손
A4: 46272 | B4: P001 | C4: =IF($B4="","",IFERROR(INDEX(품목마스터!$B$3:$B$202,MATCH($B4,품목마스터!$A$3:$A$202,0)),"미등록품번")) -> 홍삼즙 30포 | D4: 샘플 | E4: -5 | F4: 신규 거래처 샘플 제공
A5: 46275 | B5: P003 | C5: =IF($B5="","",IFERROR(INDEX(품목마스터!$B$3:$B$202,MATCH($B5,품목마스터!$A$3:$A$202,0)),"미등록품번")) -> 선물세트 A | D5: 반품입고 | E5: 2 | F5: 대리점 반품 입고
C6: =IF($B6="","",IFERROR(INDEX(품목마스터!$B$3:$B$202,MATCH($B6,품목마스터!$A$3:$A$202,0)),"미등록품번"))
C7: =IF($B7="","",IFERROR(INDEX(품목마스터!$B$3:$B$202,MATCH($B7,품목마스터!$A$3:$A$202,0)),"미등록품번"))
C8: =IF($B8="","",IFERROR(INDEX(품목마스터!$B$3:$B$202,MATCH($B8,품목마스터!$A$3:$A$202,0)),"미등록품번"))
C9: =IF($B9="","",IFERROR(INDEX(품목마스터!$B$3:$B$202,MATCH($B9,품목마스터!$A$3:$A$202,0)),"미등록품번"))
C10: =IF($B10="","",IFERROR(INDEX(품목마스터!$B$3:$B$202,MATCH($B10,품목마스터!$A$3:$A$202,0)),"미등록품번"))
C11: =IF($B11="","",IFERROR(INDEX(품목마스터!$B$3:$B$202,MATCH($B11,품목마스터!$A$3:$A$202,0)),"미등록품번"))
C12: =IF($B12="","",IFERROR(INDEX(품목마스터!$B$3:$B$202,MATCH($B12,품목마스터!$A$3:$A$202,0)),"미등록품번"))
C13: =IF($B13="","",IFERROR(INDEX(품목마스터!$B$3:$B$202,MATCH($B13,품목마스터!$A$3:$A$202,0)),"미등록품번"))
C14: =IF($B14="","",IFERROR(INDEX(품목마스터!$B$3:$B$202,MATCH($B14,품목마스터!$A$3:$A$202,0)),"미등록품번"))
C15: =IF($B15="","",IFERROR(INDEX(품목마스터!$B$3:$B$202,MATCH($B15,품목마스터!$A$3:$A$202,0)),"미등록품번"))
C16: =IF($B16="","",IFERROR(INDEX(품목마스터!$B$3:$B$202,MATCH($B16,품목마스터!$A$3:$A$202,0)),"미등록품번"))
C17: =IF($B17="","",IFERROR(INDEX(품목마스터!$B$3:$B$202,MATCH($B17,품목마스터!$A$3:$A$202,0)),"미등록품번"))
... C302: =IF($B302="","",IFERROR(INDEX(품목마스터!$B$3:$B$202,MATCH($B302,품목마스터!$A$3:$A$202,0)),"미등록품번"))
A304: ※ 반품입고처럼 재고가 늘면 양수(+), 파손·샘플처럼 줄면 음수(-)로 입력하세요.

Sheet 종합집계표
A1: 종합집계표 (품목별 입출고 및 예상재고)
A3: 기간 | B3: 전체 | C3: ※ 예상재고는 전체 기간 누적 기준입니다.
A5: 품번 | B5: 품목명 | C5: 단위 | D5: 기초재고 | E5: 검수입고 | F5: 출고(정상) | G5: 출고(덤) | H5: 총출고 | I5: 재고조정 | J5: 예상재고 | K5: 정산금액
A6: =IF(품목마스터!$A3="","",품목마스터!$A3) -> P001 | B6: =IF($A6="","",품목마스터!$B3) -> 홍삼즙 30포 | C6: =IF($A6="","",품목마스터!$D3) -> 박스 | D6: =IF($A6="","",IF(품목마스터!$E3="",0,품목마스터!$E3)) -> 120 | E6: =IF($A6="","",SUMIFS(검수내역!$G$3:$G$802,검수내역!$D$3:$D$802,$A6)) -> 200 | F6: =IF($A6="","",SUMIFS(출고내역!$G$3:$G$802,출고내역!$D$3:$D$802,$A6)) -> 140 | G6: =IF($A6="","",SUMIFS(출고내역!$H$3:$H$802,출고내역!$D$3:$D$802,$A6)) -> 7 | H6: =IF($A6="","",$F6+$G6) -> 147 | I6: =IF($A6="","",SUMIFS(재고조정!$E$3:$E$302,재고조정!$B$3:$B$302,$A6)) -> -5 | J6: =IF($A6="","",$D6+$E6-$H6+$I6) -> 168 | K6: =IF($A6="","",SUMIFS(출고내역!$K$3:$K$802,출고내역!$D$3:$D$802,$A6)) -> 3080000
A7: =IF(품목마스터!$A4="","",품목마스터!$A4) -> P002 | B7: =IF($A7="","",품목마스터!$B4) -> 홍삼정 240g | C7: =IF($A7="","",품목마스터!$D4) -> EA | D7: =IF($A7="","",IF(품목마스터!$E4="",0,품목마스터!$E4)) -> 80 | E7: =IF($A7="","",SUMIFS(검수내역!$G$3:$G$802,검수내역!$D$3:$D$802,$A7)) -> 120 | F7: =IF($A7="","",SUMIFS(출고내역!$G$3:$G$802,출고내역!$D$3:$D$802,$A7)) -> 40 | G7: =IF($A7="","",SUMIFS(출고내역!$H$3:$H$802,출고내역!$D$3:$D$802,$A7)) -> 2 | H7: =IF($A7="","",$F7+$G7) -> 42 | I7: =IF($A7="","",SUMIFS(재고조정!$E$3:$E$302,재고조정!$B$3:$B$302,$A7)) -> -3 | J7: =IF($A7="","",$D7+$E7-$H7+$I7) -> 155 | K7: =IF($A7="","",SUMIFS(출고내역!$K$3:$K$802,출고내역!$D$3:$D$802,$A7)) -> 1240000
A8: =IF(품목마스터!$A5="","",품목마스터!$A5) -> P003 | B8: =IF($A8="","",품목마스터!$B5) -> 선물세트 A | C8: =IF($A8="","",품목마스터!$D5) -> SET | D8: =IF($A8="","",IF(품목마스터!$E5="",0,품목마스터!$E5)) -> 40 | E8: =IF($A8="","",SUMIFS(검수내역!$G$3:$G$802,검수내역!$D$3:$D$802,$A8)) -> 60 | F8: =IF($A8="","",SUMIFS(출고내역!$G$3:$G$802,출고내역!$D$3:$D$802,$A8)) -> 25 | G8: =IF($A8="","",SUMIFS(출고내역!$H$3:$H$802,출고내역!$D$3:$D$802,$A8)) -> 0 | H8: =IF($A8="","",$F8+$G8) -> 25 | I8: =IF($A8="","",SUMIFS(재고조정!$E$3:$E$302,재고조정!$B$3:$B$302,$A8)) -> 2 | J8: =IF($A8="","",$D8+$E8-$H8+$I8) -> 77 | K8: =IF($A8="","",SUMIFS(출고내역!$K$3:$K$802,출고내역!$D$3:$D$802,$A8)) -> 1550000
A9: =IF(품목마스터!$A6="","",품목마스터!$A6) | B9: =IF($A9="","",품목마스터!$B6) | C9: =IF($A9="","",품목마스터!$D6) | D9: =IF($A9="","",IF(품목마스터!$E6="",0,품목마스터!$E6)) | E9: =IF($A9="","",SUMIFS(검수내역!$G$3:$G$802,검수내역!$D$3:$D$802,$A9)) | F9: =IF($A9="","",SUMIFS(출고내역!$G$3:$G$802,출고내역!$D$3:$D$802,$A9)) | G9: =IF($A9="","",SUMIFS(출고내역!$H$3:$H$802,출고내역!$D$3:$D$802,$A9)) | H9: =IF($A9="","",$F9+$G9) | I9: =IF($A9="","",SUMIFS(재고조정!$E$3:$E$302,재고조정!$B$3:$B$302,$A9)) | J9: =IF($A9="","",$D9+$E9-$H9+$I9) | K9: =IF($A9="","",SUMIFS(출고내역!$K$3:$K$802,출고내역!$D$3:$D$802,$A9))
A10: =IF(품목마스터!$A7="","",품목마스터!$A7) | B10: =IF($A10="","",품목마스터!$B7) | C10: =IF($A10="","",품목마스터!$D7) | D10: =IF($A10="","",IF(품목마스터!$E7="",0,품목마스터!$E7)) | E10: =IF($A10="","",SUMIFS(검수내역!$G$3:$G$802,검수내역!$D$3:$D$802,$A10)) | F10: =IF($A10="","",SUMIFS(출고내역!$G$3:$G$802,출고내역!$D$3:$D$802,$A10)) | G10: =IF($A10="","",SUMIFS(출고내역!$H$3:$H$802,출고내역!$D$3:$D$802,$A10)) | H10: =IF($A10="","",$F10+$G10) | I10: =IF($A10="","",SUMIFS(재고조정!$E$3:$E$302,재고조정!$B$3:$B$302,$A10)) | J10: =IF($A10="","",$D10+$E10-$H10+$I10) | K10: =IF($A10="","",SUMIFS(출고내역!$K$3:$K$802,출고내역!$D$3:$D$802,$A10))
A11: =IF(품목마스터!$A8="","",품목마스터!$A8) | B11: =IF($A11="","",품목마스터!$B8) | C11: =IF($A11="","",품목마스터!$D8) | D11: =IF($A11="","",IF(품목마스터!$E8="",0,품목마스터!$E8)) | E11: =IF($A11="","",SUMIFS(검수내역!$G$3:$G$802,검수내역!$D$3:$D$802,$A11)) | F11: =IF($A11="","",SUMIFS(출고내역!$G$3:$G$802,출고내역!$D$3:$D$802,$A11)) | G11: =IF($A11="","",SUMIFS(출고내역!$H$3:$H$802,출고내역!$D$3:$D$802,$A11)) | H11: =IF($A11="","",$F11+$G11) | I11: =IF($A11="","",SUMIFS(재고조정!$E$3:$E$302,재고조정!$B$3:$B$302,$A11)) | J11: =IF($A11="","",$D11+$E11-$H11+$I11) | K11: =IF($A11="","",SUMIFS(출고내역!$K$3:$K$802,출고내역!$D$3:$D$802,$A11))
A12: =IF(품목마스터!$A9="","",품목마스터!$A9) | B12: =IF($A12="","",품목마스터!$B9) | C12: =IF($A12="","",품목마스터!$D9) | D12: =IF($A12="","",IF(품목마스터!$E9="",0,품목마스터!$E9)) | E12: =IF($A12="","",SUMIFS(검수내역!$G$3:$G$802,검수내역!$D$3:$D$802,$A12)) | F12: =IF($A12="","",SUMIFS(출고내역!$G$3:$G$802,출고내역!$D$3:$D$802,$A12)) | G12: =IF($A12="","",SUMIFS(출고내역!$H$3:$H$802,출고내역!$D$3:$D$802,$A12)) | H12: =IF($A12="","",$F12+$G12) | I12: =IF($A12="","",SUMIFS(재고조정!$E$3:$E$302,재고조정!$B$3:$B$302,$A12)) | J12: =IF($A12="","",$D12+$E12-$H12+$I12) | K12: =IF($A12="","",SUMIFS(출고내역!$K$3:$K$802,출고내역!$D$3:$D$802,$A12))
A13: =IF(품목마스터!$A10="","",품목마스터!$A10) | B13: =IF($A13="","",품목마스터!$B10) | C13: =IF($A13="","",품목마스터!$D10) | D13: =IF($A13="","",IF(품목마스터!$E10="",0,품목마스터!$E10)) | E13: =IF($A13="","",SUMIFS(검수내역!$G$3:$G$802,검수내역!$D$3:$D$802,$A13)) | F13: =IF($A13="","",SUMIFS(출고내역!$G$3:$G$802,출고내역!$D$3:$D$802,$A13)) | G13: =IF($A13="","",SUMIFS(출고내역!$H$3:$H$802,출고내역!$D$3:$D$802,$A13)) | H13: =IF($A13="","",$F13+$G13) | I13: =IF($A13="","",SUMIFS(재고조정!$E$3:$E$302,재고조정!$B$3:$B$302,$A13)) | J13: =IF($A13="","",$D13+$E13-$H13+$I13) | K13: =IF($A13="","",SUMIFS(출고내역!$K$3:$K$802,출고내역!$D$3:$D$802,$A13))
A14: =IF(품목마스터!$A11="","",품목마스터!$A11) | B14: =IF($A14="","",품목마스터!$B11) | C14: =IF($A14="","",품목마스터!$D11) | D14: =IF($A14="","",IF(품목마스터!$E11="",0,품목마스터!$E11)) | E14: =IF($A14="","",SUMIFS(검수내역!$G$3:$G$802,검수내역!$D$3:$D$802,$A14)) | F14: =IF($A14="","",SUMIFS(출고내역!$G$3:$G$802,출고내역!$D$3:$D$802,$A14)) | G14: =IF($A14="","",SUMIFS(출고내역!$H$3:$H$802,출고내역!$D$3:$D$802,$A14)) | H14: =IF($A14="","",$F14+$G14) | I14: =IF($A14="","",SUMIFS(재고조정!$E$3:$E$302,재고조정!$B$3:$B$302,$A14)) | J14: =IF($A14="","",$D14+$E14-$H14+$I14) | K14: =IF($A14="","",SUMIFS(출고내역!$K$3:$K$802,출고내역!$D$3:$D$802,$A14))
A15: =IF(품목마스터!$A12="","",품목마스터!$A12) | B15: =IF($A15="","",품목마스터!$B12) | C15: =IF($A15="","",품목마스터!$D12) | D15: =IF($A15="","",IF(품목마스터!$E12="",0,품목마스터!$E12)) | E15: =IF($A15="","",SUMIFS(검수내역!$G$3:$G$802,검수내역!$D$3:$D$802,$A15)) | F15: =IF($A15="","",SUMIFS(출고내역!$G$3:$G$802,출고내역!$D$3:$D$802,$A15)) | G15: =IF($A15="","",SUMIFS(출고내역!$H$3:$H$802,출고내역!$D$3:$D$802,$A15)) | H15: =IF($A15="","",$F15+$G15) | I15: =IF($A15="","",SUMIFS(재고조정!$E$3:$E$302,재고조정!$B$3:$B$302,$A15)) | J15: =IF($A15="","",$D15+$E15-$H15+$I15) | K15: =IF($A15="","",SUMIFS(출고내역!$K$3:$K$802,출고내역!$D$3:$D$802,$A15))
A16: =IF(품목마스터!$A13="","",품목마스터!$A13) | B16: =IF($A16="","",품목마스터!$B13) | C16: =IF($A16="","",품목마스터!$D13) | D16: =IF($A16="","",IF(품목마스터!$E13="",0,품목마스터!$E13)) | E16: =IF($A16="","",SUMIFS(검수내역!$G$3:$G$802,검수내역!$D$3:$D$802,$A16)) | F16: =IF($A16="","",SUMIFS(출고내역!$G$3:$G$802,출고내역!$D$3:$D$802,$A16)) | G16: =IF($A16="","",SUMIFS(출고내역!$H$3:$H$802,출고내역!$D$3:$D$802,$A16)) | H16: =IF($A16="","",$F16+$G16) | I16: =IF($A16="","",SUMIFS(재고조정!$E$3:$E$302,재고조정!$B$3:$B$302,$A16)) | J16: =IF($A16="","",$D16+$E16-$H16+$I16) | K16: =IF($A16="","",SUMIFS(출고내역!$K$3:$K$802,출고내역!$D$3:$D$802,$A16))
A17: =IF(품목마스터!$A14="","",품목마스터!$A14) | B17: =IF($A17="","",품목마스터!$B14) | C17: =IF($A17="","",품목마스터!$D14) | D17: =IF($A17="","",IF(품목마스터!$E14="",0,품목마스터!$E14)) | E17: =IF($A17="","",SUMIFS(검수내역!$G$3:$G$802,검수내역!$D$3:$D$802,$A17)) | F17: =IF($A17="","",SUMIFS(출고내역!$G$3:$G$802,출고내역!$D$3:$D$802,$A17)) | G17: =IF($A17="","",SUMIFS(출고내역!$H$3:$H$802,출고내역!$D$3:$D$802,$A17)) | H17: =IF($A17="","",$F17+$G17) | I17: =IF($A17="","",SUMIFS(재고조정!$E$3:$E$302,재고조정!$B$3:$B$302,$A17)) | J17: =IF($A17="","",$D17+$E17-$H17+$I17) | K17: =IF($A17="","",SUMIFS(출고내역!$K$3:$K$802,출고내역!$D$3:$D$802,$A17))
... A205: =IF(품목마스터!$A202="","",품목마스터!$A202) | B205: =IF($A205="","",품목마스터!$B202) | C205: =IF($A205="","",품목마스터!$D202) | D205: =IF($A205="","",IF(품목마스터!$E202="",0,품목마스터!$E202)) | E205: =IF($A205="","",SUMIFS(검수내역!$G$3:$G$802,검수내역!$D$3:$D$802,$A205)) | F205: =IF($A205="","",SUMIFS(출고내역!$G$3:$G$802,출고내역!$D$3:$D$802,$A205)) | G205: =IF($A205="","",SUMIFS(출고내역!$H$3:$H$802,출고내역!$D$3:$D$802,$A205)) | H205: =IF($A205="","",$F205+$G205) | I205: =IF($A205="","",SUMIFS(재고조정!$E$3:$E$302,재고조정!$B$3:$B$302,$A205)) | J205: =IF($A205="","",$D205+$E205-$H205+$I205) | K205: =IF($A205="","",SUMIFS(출고내역!$K$3:$K$802,출고내역!$D$3:$D$802,$A205))
B207: 합계 | D207: =SUM(D6:D205) -> 240 | E207: =SUM(E6:E205) -> 380 | F207: =SUM(F6:F205) -> 205 | G207: =SUM(G6:G205) -> 9 | H207: =SUM(H6:H205) -> 214 | I207: =SUM(I6:I205) -> -6 | J207: =SUM(J6:J205) -> 400 | K207: =SUM(K6:K205) -> 5870000
A209: ※ 예상재고가 음수인 품목은 빨간 배경으로 표시됩니다. 입력 누락을 확인하세요.

Sheet 대리점요약
A1: 대 리 점 거 래 요 약
A3: 거래처코드 | B3: C001 | C3: =IFERROR(INDEX(거래처마스터!$B$3:$B$102,MATCH($B$3,거래처마스터!$A$3:$A$102,0)),"") -> ○○대리점 | E3: 출력일 | F3: =TODAY() -> 46279
A5: 요약
A6: 검수 건수 | B6: =COUNTIFS(검수내역!$B$3:$B$802,$B$3) -> 0
A7: 검수 금액 | B7: =SUMIFS(검수내역!$I$3:$I$802,검수내역!$B$3:$B$802,$B$3) -> 0
A8: 출고 건수 | B8: =COUNTIFS(출고내역!$B$3:$B$802,$B$3) -> 3
A9: 정산 금액 | B9: =SUMIFS(출고내역!$K$3:$K$802,출고내역!$B$3:$B$802,$B$3) -> 4630000
A10: 덤 수량 합계 | B10: =SUMIFS(출고내역!$H$3:$H$802,출고내역!$B$3:$B$802,$B$3) -> 7
A12: 품번 | B12: 품목명 | C12: 단위 | D12: 검수수량 | E12: 출고(정상) | F12: 덤수량 | G12: 정산금액
A13: =IF(품목마스터!$A3="","",품목마스터!$A3) -> P001 | B13: =IF($A13="","",품목마스터!$B3) -> 홍삼즙 30포 | C13: =IF($A13="","",품목마스터!$D3) -> 박스 | D13: =IF($A13="","",SUMIFS(검수내역!$G$3:$G$802,검수내역!$D$3:$D$802,$A13,검수내역!$B$3:$B$802,$B$3)) -> 0 | E13: =IF($A13="","",SUMIFS(출고내역!$G$3:$G$802,출고내역!$D$3:$D$802,$A13,출고내역!$B$3:$B$802,$B$3)) -> 140 | F13: =IF($A13="","",SUMIFS(출고내역!$H$3:$H$802,출고내역!$D$3:$D$802,$A13,출고내역!$B$3:$B$802,$B$3)) -> 7 | G13: =IF($A13="","",SUMIFS(출고내역!$K$3:$K$802,출고내역!$D$3:$D$802,$A13,출고내역!$B$3:$B$802,$B$3)) -> 3080000
A14: =IF(품목마스터!$A4="","",품목마스터!$A4) -> P002 | B14: =IF($A14="","",품목마스터!$B4) -> 홍삼정 240g | C14: =IF($A14="","",품목마스터!$D4) -> EA | D14: =IF($A14="","",SUMIFS(검수내역!$G$3:$G$802,검수내역!$D$3:$D$802,$A14,검수내역!$B$3:$B$802,$B$3)) -> 0 | E14: =IF($A14="","",SUMIFS(출고내역!$G$3:$G$802,출고내역!$D$3:$D$802,$A14,출고내역!$B$3:$B$802,$B$3)) -> 0 | F14: =IF($A14="","",SUMIFS(출고내역!$H$3:$H$802,출고내역!$D$3:$D$802,$A14,출고내역!$B$3:$B$802,$B$3)) -> 0 | G14: =IF($A14="","",SUMIFS(출고내역!$K$3:$K$802,출고내역!$D$3:$D$802,$A14,출고내역!$B$3:$B$802,$B$3)) -> 0
A15: =IF(품목마스터!$A5="","",품목마스터!$A5) -> P003 | B15: =IF($A15="","",품목마스터!$B5) -> 선물세트 A | C15: =IF($A15="","",품목마스터!$D5) -> SET | D15: =IF($A15="","",SUMIFS(검수내역!$G$3:$G$802,검수내역!$D$3:$D$802,$A15,검수내역!$B$3:$B$802,$B$3)) -> 0 | E15: =IF($A15="","",SUMIFS(출고내역!$G$3:$G$802,출고내역!$D$3:$D$802,$A15,출고내역!$B$3:$B$802,$B$3)) -> 25 | F15: =IF($A15="","",SUMIFS(출고내역!$H$3:$H$802,출고내역!$D$3:$D$802,$A15,출고내역!$B$3:$B$802,$B$3)) -> 0 | G15: =IF($A15="","",SUMIFS(출고내역!$K$3:$K$802,출고내역!$D$3:$D$802,$A15,출고내역!$B$3:$B$802,$B$3)) -> 1550000
A16: =IF(품목마스터!$A6="","",품목마스터!$A6) | B16: =IF($A16="","",품목마스터!$B6) | C16: =IF($A16="","",품목마스터!$D6) | D16: =IF($A16="","",SUMIFS(검수내역!$G$3:$G$802,검수내역!$D$3:$D$802,$A16,검수내역!$B$3:$B$802,$B$3)) | E16: =IF($A16="","",SUMIFS(출고내역!$G$3:$G$802,출고내역!$D$3:$D$802,$A16,출고내역!$B$3:$B$802,$B$3)) | F16: =IF($A16="","",SUMIFS(출고내역!$H$3:$H$802,출고내역!$D$3:$D$802,$A16,출고내역!$B$3:$B$802,$B$3)) | G16: =IF($A16="","",SUMIFS(출고내역!$K$3:$K$802,출고내역!$D$3:$D$802,$A16,출고내역!$B$3:$B$802,$B$3))
A17: =IF(품목마스터!$A7="","",품목마스터!$A7) | B17: =IF($A17="","",품목마스터!$B7) | C17: =IF($A17="","",품목마스터!$D7) | D17: =IF($A17="","",SUMIFS(검수내역!$G$3:$G$802,검수내역!$D$3:$D$802,$A17,검수내역!$B$3:$B$802,$B$3)) | E17: =IF($A17="","",SUMIFS(출고내역!$G$3:$G$802,출고내역!$D$3:$D$802,$A17,출고내역!$B$3:$B$802,$B$3)) | F17: =IF($A17="","",SUMIFS(출고내역!$H$3:$H$802,출고내역!$D$3:$D$802,$A17,출고내역!$B$3:$B$802,$B$3)) | G17: =IF($A17="","",SUMIFS(출고내역!$K$3:$K$802,출고내역!$D$3:$D$802,$A17,출고내역!$B$3:$B$802,$B$3))
A18: =IF(품목마스터!$A8="","",품목마스터!$A8) | B18: =IF($A18="","",품목마스터!$B8) | C18: =IF($A18="","",품목마스터!$D8) | D18: =IF($A18="","",SUMIFS(검수내역!$G$3:$G$802,검수내역!$D$3:$D$802,$A18,검수내역!$B$3:$B$802,$B$3)) | E18: =IF($A18="","",SUMIFS(출고내역!$G$3:$G$802,출고내역!$D$3:$D$802,$A18,출고내역!$B$3:$B$802,$B$3)) | F18: =IF($A18="","",SUMIFS(출고내역!$H$3:$H$802,출고내역!$D$3:$D$802,$A18,출고내역!$B$3:$B$802,$B$3)) | G18: =IF($A18="","",SUMIFS(출고내역!$K$3:$K$802,출고내역!$D$3:$D$802,$A18,출고내역!$B$3:$B$802,$B$3))
A19: =IF(품목마스터!$A9="","",품목마스터!$A9) | B19: =IF($A19="","",품목마스터!$B9) | C19: =IF($A19="","",품목마스터!$D9) | D19: =IF($A19="","",SUMIFS(검수내역!$G$3:$G$802,검수내역!$D$3:$D$802,$A19,검수내역!$B$3:$B$802,$B$3)) | E19: =IF($A19="","",SUMIFS(출고내역!$G$3:$G$802,출고내역!$D$3:$D$802,$A19,출고내역!$B$3:$B$802,$B$3)) | F19: =IF($A19="","",SUMIFS(출고내역!$H$3:$H$802,출고내역!$D$3:$D$802,$A19,출고내역!$B$3:$B$802,$B$3)) | G19: =IF($A19="","",SUMIFS(출고내역!$K$3:$K$802,출고내역!$D$3:$D$802,$A19,출고내역!$B$3:$B$802,$B$3))
A20: =IF(품목마스터!$A10="","",품목마스터!$A10) | B20: =IF($A20="","",품목마스터!$B10) | C20: =IF($A20="","",품목마스터!$D10) | D20: =IF($A20="","",SUMIFS(검수내역!$G$3:$G$802,검수내역!$D$3:$D$802,$A20,검수내역!$B$3:$B$802,$B$3)) | E20: =IF($A20="","",SUMIFS(출고내역!$G$3:$G$802,출고내역!$D$3:$D$802,$A20,출고내역!$B$3:$B$802,$B$3)) | F20: =IF($A20="","",SUMIFS(출고내역!$H$3:$H$802,출고내역!$D$3:$D$802,$A20,출고내역!$B$3:$B$802,$B$3)) | G20: =IF($A20="","",SUMIFS(출고내역!$K$3:$K$802,출고내역!$D$3:$D$802,$A20,출고내역!$B$3:$B$802,$B$3))
A21: =IF(품목마스터!$A11="","",품목마스터!$A11) | B21: =IF($A21="","",품목마스터!$B11) | C21: =IF($A21="","",품목마스터!$D11) | D21: =IF($A21="","",SUMIFS(검수내역!$G$3:$G$802,검수내역!$D$3:$D$802,$A21,검수내역!$B$3:$B$802,$B$3)) | E21: =IF($A21="","",SUMIFS(출고내역!$G$3:$G$802,출고내역!$D$3:$D$802,$A21,출고내역!$B$3:$B$802,$B$3)) | F21: =IF($A21="","",SUMIFS(출고내역!$H$3:$H$802,출고내역!$D$3:$D$802,$A21,출고내역!$B$3:$B$802,$B$3)) | G21: =IF($A21="","",SUMIFS(출고내역!$K$3:$K$802,출고내역!$D$3:$D$802,$A21,출고내역!$B$3:$B$802,$B$3))
A22: =IF(품목마스터!$A12="","",품목마스터!$A12) | B22: =IF($A22="","",품목마스터!$B12) | C22: =IF($A22="","",품목마스터!$D12) | D22: =IF($A22="","",SUMIFS(검수내역!$G$3:$G$802,검수내역!$D$3:$D$802,$A22,검수내역!$B$3:$B$802,$B$3)) | E22: =IF($A22="","",SUMIFS(출고내역!$G$3:$G$802,출고내역!$D$3:$D$802,$A22,출고내역!$B$3:$B$802,$B$3)) | F22: =IF($A22="","",SUMIFS(출고내역!$H$3:$H$802,출고내역!$D$3:$D$802,$A22,출고내역!$B$3:$B$802,$B$3)) | G22: =IF($A22="","",SUMIFS(출고내역!$K$3:$K$802,출고내역!$D$3:$D$802,$A22,출고내역!$B$3:$B$802,$B$3))
A23: =IF(품목마스터!$A13="","",품목마스터!$A13) | B23: =IF($A23="","",품목마스터!$B13) | C23: =IF($A23="","",품목마스터!$D13) | D23: =IF($A23="","",SUMIFS(검수내역!$G$3:$G$802,검수내역!$D$3:$D$802,$A23,검수내역!$B$3:$B$802,$B$3)) | E23: =IF($A23="","",SUMIFS(출고내역!$G$3:$G$802,출고내역!$D$3:$D$802,$A23,출고내역!$B$3:$B$802,$B$3)) | F23: =IF($A23="","",SUMIFS(출고내역!$H$3:$H$802,출고내역!$D$3:$D$802,$A23,출고내역!$B$3:$B$802,$B$3)) | G23: =IF($A23="","",SUMIFS(출고내역!$K$3:$K$802,출고내역!$D$3:$D$802,$A23,출고내역!$B$3:$B$802,$B$3))
A24: =IF(품목마스터!$A14="","",품목마스터!$A14) | B24: =IF($A24="","",품목마스터!$B14) | C24: =IF($A24="","",품목마스터!$D14) | D24: =IF($A24="","",SUMIFS(검수내역!$G$3:$G$802,검수내역!$D$3:$D$802,$A24,검수내역!$B$3:$B$802,$B$3)) | E24: =IF($A24="","",SUMIFS(출고내역!$G$3:$G$802,출고내역!$D$3:$D$802,$A24,출고내역!$B$3:$B$802,$B$3)) | F24: =IF($A24="","",SUMIFS(출고내역!$H$3:$H$802,출고내역!$D$3:$D$802,$A24,출고내역!$B$3:$B$802,$B$3)) | G24: =IF($A24="","",SUMIFS(출고내역!$K$3:$K$802,출고내역!$D$3:$D$802,$A24,출고내역!$B$3:$B$802,$B$3))
... A42: =IF(품목마스터!$A32="","",품목마스터!$A32) | B42: =IF($A42="","",품목마스터!$B32) | C42: =IF($A42="","",품목마스터!$D32) | D42: =IF($A42="","",SUMIFS(검수내역!$G$3:$G$802,검수내역!$D$3:$D$802,$A42,검수내역!$B$3:$B$802,$B$3)) | E42: =IF($A42="","",SUMIFS(출고내역!$G$3:$G$802,출고내역!$D$3:$D$802,$A42,출고내역!$B$3:$B$802,$B$3)) | F42: =IF($A42="","",SUMIFS(출고내역!$H$3:$H$802,출고내역!$D$3:$D$802,$A42,출고내역!$B$3:$B$802,$B$3)) | G42: =IF($A42="","",SUMIFS(출고내역!$K$3:$K$802,출고내역!$D$3:$D$802,$A42,출고내역!$B$3:$B$802,$B$3))
B43: 합계 | D43: =SUM(D13:D42) -> 0 | E43: =SUM(E13:E42) -> 165 | F43: =SUM(F13:F42) -> 7 | G43: =SUM(G13:G42) -> 4630000
A45: ※ 덤 수량은 재고에서는 차감되지만 정산금액에는 포함되지 않습니다.

Sheet 월별집계
A1: 월별집계
A3: 대상 연도 | B3: 2026
A5: 월 | B5: 검수수량 | C5: 검수금액 | D5: 출고(정상) | E5: 출고(덤) | F5: 총출고 | G5: 정산금액
A6: 1 | B6: =SUMIFS(검수내역!$G$3:$G$802,검수내역!$A$3:$A$802,">="&DATE($B$3,1,1),검수내역!$A$3:$A$802,"<="&EOMONTH(DATE($B$3,1,1),0)) -> 0 | C6: =SUMIFS(검수내역!$I$3:$I$802,검수내역!$A$3:$A$802,">="&DATE($B$3,1,1),검수내역!$A$3:$A$802,"<="&EOMONTH(DATE($B$3,1,1),0)) -> 0 | D6: =SUMIFS(출고내역!$G$3:$G$802,출고내역!$A$3:$A$802,">="&DATE($B$3,1,1),출고내역!$A$3:$A$802,"<="&EOMONTH(DATE($B$3,1,1),0)) -> 0 | E6: =SUMIFS(출고내역!$H$3:$H$802,출고내역!$A$3:$A$802,">="&DATE($B$3,1,1),출고내역!$A$3:$A$802,"<="&EOMONTH(DATE($B$3,1,1),0)) -> 0 | F6: =$D6+$E6 -> 0 | G6: =SUMIFS(출고내역!$K$3:$K$802,출고내역!$A$3:$A$802,">="&DATE($B$3,1,1),출고내역!$A$3:$A$802,"<="&EOMONTH(DATE($B$3,1,1),0)) -> 0
A7: 2 | B7: =SUMIFS(검수내역!$G$3:$G$802,검수내역!$A$3:$A$802,">="&DATE($B$3,2,1),검수내역!$A$3:$A$802,"<="&EOMONTH(DATE($B$3,2,1),0)) -> 0 | C7: =SUMIFS(검수내역!$I$3:$I$802,검수내역!$A$3:$A$802,">="&DATE($B$3,2,1),검수내역!$A$3:$A$802,"<="&EOMONTH(DATE($B$3,2,1),0)) -> 0 | D7: =SUMIFS(출고내역!$G$3:$G$802,출고내역!$A$3:$A$802,">="&DATE($B$3,2,1),출고내역!$A$3:$A$802,"<="&EOMONTH(DATE($B$3,2,1),0)) -> 0 | E7: =SUMIFS(출고내역!$H$3:$H$802,출고내역!$A$3:$A$802,">="&DATE($B$3,2,1),출고내역!$A$3:$A$802,"<="&EOMONTH(DATE($B$3,2,1),0)) -> 0 | F7: =$D7+$E7 -> 0 | G7: =SUMIFS(출고내역!$K$3:$K$802,출고내역!$A$3:$A$802,">="&DATE($B$3,2,1),출고내역!$A$3:$A$802,"<="&EOMONTH(DATE($B$3,2,1),0)) -> 0
A8: 3 | B8: =SUMIFS(검수내역!$G$3:$G$802,검수내역!$A$3:$A$802,">="&DATE($B$3,3,1),검수내역!$A$3:$A$802,"<="&EOMONTH(DATE($B$3,3,1),0)) -> 0 | C8: =SUMIFS(검수내역!$I$3:$I$802,검수내역!$A$3:$A$802,">="&DATE($B$3,3,1),검수내역!$A$3:$A$802,"<="&EOMONTH(DATE($B$3,3,1),0)) -> 0 | D8: =SUMIFS(출고내역!$G$3:$G$802,출고내역!$A$3:$A$802,">="&DATE($B$3,3,1),출고내역!$A$3:$A$802,"<="&EOMONTH(DATE($B$3,3,1),0)) -> 0 | E8: =SUMIFS(출고내역!$H$3:$H$802,출고내역!$A$3:$A$802,">="&DATE($B$3,3,1),출고내역!$A$3:$A$802,"<="&EOMONTH(DATE($B$3,3,1),0)) -> 0 | F8: =$D8+$E8 -> 0 | G8: =SUMIFS(출고내역!$K$3:$K$802,출고내역!$A$3:$A$802,">="&DATE($B$3,3,1),출고내역!$A$3:$A$802,"<="&EOMONTH(DATE($B$3,3,1),0)) -> 0
A9: 4 | B9: =SUMIFS(검수내역!$G$3:$G$802,검수내역!$A$3:$A$802,">="&DATE($B$3,4,1),검수내역!$A$3:$A$802,"<="&EOMONTH(DATE($B$3,4,1),0)) -> 0 | C9: =SUMIFS(검수내역!$I$3:$I$802,검수내역!$A$3:$A$802,">="&DATE($B$3,4,1),검수내역!$A$3:$A$802,"<="&EOMONTH(DATE($B$3,4,1),0)) -> 0 | D9: =SUMIFS(출고내역!$G$3:$G$802,출고내역!$A$3:$A$802,">="&DATE($B$3,4,1),출고내역!$A$3:$A$802,"<="&EOMONTH(DATE($B$3,4,1),0)) -> 0 | E9: =SUMIFS(출고내역!$H$3:$H$802,출고내역!$A$3:$A$802,">="&DATE($B$3,4,1),출고내역!$A$3:$A$802,"<="&EOMONTH(DATE($B$3,4,1),0)) -> 0 | F9: =$D9+$E9 -> 0 | G9: =SUMIFS(출고내역!$K$3:$K$802,출고내역!$A$3:$A$802,">="&DATE($B$3,4,1),출고내역!$A$3:$A$802,"<="&EOMONTH(DATE($B$3,4,1),0)) -> 0
A10: 5 | B10: =SUMIFS(검수내역!$G$3:$G$802,검수내역!$A$3:$A$802,">="&DATE($B$3,5,1),검수내역!$A$3:$A$802,"<="&EOMONTH(DATE($B$3,5,1),0)) -> 0 | C10: =SUMIFS(검수내역!$I$3:$I$802,검수내역!$A$3:$A$802,">="&DATE($B$3,5,1),검수내역!$A$3:$A$802,"<="&EOMONTH(DATE($B$3,5,1),0)) -> 0 | D10: =SUMIFS(출고내역!$G$3:$G$802,출고내역!$A$3:$A$802,">="&DATE($B$3,5,1),출고내역!$A$3:$A$802,"<="&EOMONTH(DATE($B$3,5,1),0)) -> 0 | E10: =SUMIFS(출고내역!$H$3:$H$802,출고내역!$A$3:$A$802,">="&DATE($B$3,5,1),출고내역!$A$3:$A$802,"<="&EOMONTH(DATE($B$3,5,1),0)) -> 0 | F10: =$D10+$E10 -> 0 | G10: =SUMIFS(출고내역!$K$3:$K$802,출고내역!$A$3:$A$802,">="&DATE($B$3,5,1),출고내역!$A$3:$A$802,"<="&EOMONTH(DATE($B$3,5,1),0)) -> 0
A11: 6 | B11: =SUMIFS(검수내역!$G$3:$G$802,검수내역!$A$3:$A$802,">="&DATE($B$3,6,1),검수내역!$A$3:$A$802,"<="&EOMONTH(DATE($B$3,6,1),0)) -> 0 | C11: =SUMIFS(검수내역!$I$3:$I$802,검수내역!$A$3:$A$802,">="&DATE($B$3,6,1),검수내역!$A$3:$A$802,"<="&EOMONTH(DATE($B$3,6,1),0)) -> 0 | D11: =SUMIFS(출고내역!$G$3:$G$802,출고내역!$A$3:$A$802,">="&DATE($B$3,6,1),출고내역!$A$3:$A$802,"<="&EOMONTH(DATE($B$3,6,1),0)) -> 0 | E11: =SUMIFS(출고내역!$H$3:$H$802,출고내역!$A$3:$A$802,">="&DATE($B$3,6,1),출고내역!$A$3:$A$802,"<="&EOMONTH(DATE($B$3,6,1),0)) -> 0 | F11: =$D11+$E11 -> 0 | G11: =SUMIFS(출고내역!$K$3:$K$802,출고내역!$A$3:$A$802,">="&DATE($B$3,6,1),출고내역!$A$3:$A$802,"<="&EOMONTH(DATE($B$3,6,1),0)) -> 0
A12: 7 | B12: =SUMIFS(검수내역!$G$3:$G$802,검수내역!$A$3:$A$802,">="&DATE($B$3,7,1),검수내역!$A$3:$A$802,"<="&EOMONTH(DATE($B$3,7,1),0)) -> 0 | C12: =SUMIFS(검수내역!$I$3:$I$802,검수내역!$A$3:$A$802,">="&DATE($B$3,7,1),검수내역!$A$3:$A$802,"<="&EOMONTH(DATE($B$3,7,1),0)) -> 0 | D12: =SUMIFS(출고내역!$G$3:$G$802,출고내역!$A$3:$A$802,">="&DATE($B$3,7,1),출고내역!$A$3:$A$802,"<="&EOMONTH(DATE($B$3,7,1),0)) -> 0 | E12: =SUMIFS(출고내역!$H$3:$H$802,출고내역!$A$3:$A$802,">="&DATE($B$3,7,1),출고내역!$A$3:$A$802,"<="&EOMONTH(DATE($B$3,7,1),0)) -> 0 | F12: =$D12+$E12 -> 0 | G12: =SUMIFS(출고내역!$K$3:$K$802,출고내역!$A$3:$A$802,">="&DATE($B$3,7,1),출고내역!$A$3:$A$802,"<="&EOMONTH(DATE($B$3,7,1),0)) -> 0
A13: 8 | B13: =SUMIFS(검수내역!$G$3:$G$802,검수내역!$A$3:$A$802,">="&DATE($B$3,8,1),검수내역!$A$3:$A$802,"<="&EOMONTH(DATE($B$3,8,1),0)) -> 0 | C13: =SUMIFS(검수내역!$I$3:$I$802,검수내역!$A$3:$A$802,">="&DATE($B$3,8,1),검수내역!$A$3:$A$802,"<="&EOMONTH(DATE($B$3,8,1),0)) -> 0 | D13: =SUMIFS(출고내역!$G$3:$G$802,출고내역!$A$3:$A$802,">="&DATE($B$3,8,1),출고내역!$A$3:$A$802,"<="&EOMONTH(DATE($B$3,8,1),0)) -> 0 | E13: =SUMIFS(출고내역!$H$3:$H$802,출고내역!$A$3:$A$802,">="&DATE($B$3,8,1),출고내역!$A$3:$A$802,"<="&EOMONTH(DATE($B$3,8,1),0)) -> 0 | F13: =$D13+$E13 -> 0 | G13: =SUMIFS(출고내역!$K$3:$K$802,출고내역!$A$3:$A$802,">="&DATE($B$3,8,1),출고내역!$A$3:$A$802,"<="&EOMONTH(DATE($B$3,8,1),0)) -> 0
A14: 9 | B14: =SUMIFS(검수내역!$G$3:$G$802,검수내역!$A$3:$A$802,">="&DATE($B$3,9,1),검수내역!$A$3:$A$802,"<="&EOMONTH(DATE($B$3,9,1),0)) -> 380 | C14: =SUMIFS(검수내역!$I$3:$I$802,검수내역!$A$3:$A$802,">="&DATE($B$3,9,1),검수내역!$A$3:$A$802,"<="&EOMONTH(DATE($B$3,9,1),0)) -> 9840000 | D14: =SUMIFS(출고내역!$G$3:$G$802,출고내역!$A$3:$A$802,">="&DATE($B$3,9,1),출고내역!$A$3:$A$802,"<="&EOMONTH(DATE($B$3,9,1),0)) -> 205 | E14: =SUMIFS(출고내역!$H$3:$H$802,출고내역!$A$3:$A$802,">="&DATE($B$3,9,1),출고내역!$A$3:$A$802,"<="&EOMONTH(DATE($B$3,9,1),0)) -> 9 | F14: =$D14+$E14 -> 214 | G14: =SUMIFS(출고내역!$K$3:$K$802,출고내역!$A$3:$A$802,">="&DATE($B$3,9,1),출고내역!$A$3:$A$802,"<="&EOMONTH(DATE($B$3,9,1),0)) -> 5870000
A15: 10 | B15: =SUMIFS(검수내역!$G$3:$G$802,검수내역!$A$3:$A$802,">="&DATE($B$3,10,1),검수내역!$A$3:$A$802,"<="&EOMONTH(DATE($B$3,10,1),0)) -> 0 | C15: =SUMIFS(검수내역!$I$3:$I$802,검수내역!$A$3:$A$802,">="&DATE($B$3,10,1),검수내역!$A$3:$A$802,"<="&EOMONTH(DATE($B$3,10,1),0)) -> 0 | D15: =SUMIFS(출고내역!$G$3:$G$802,출고내역!$A$3:$A$802,">="&DATE($B$3,10,1),출고내역!$A$3:$A$802,"<="&EOMONTH(DATE($B$3,10,1),0)) -> 0 | E15: =SUMIFS(출고내역!$H$3:$H$802,출고내역!$A$3:$A$802,">="&DATE($B$3,10,1),출고내역!$A$3:$A$802,"<="&EOMONTH(DATE($B$3,10,1),0)) -> 0 | F15: =$D15+$E15 -> 0 | G15: =SUMIFS(출고내역!$K$3:$K$802,출고내역!$A$3:$A$802,">="&DATE($B$3,10,1),출고내역!$A$3:$A$802,"<="&EOMONTH(DATE($B$3,10,1),0)) -> 0
A16: 11 | B16: =SUMIFS(검수내역!$G$3:$G$802,검수내역!$A$3:$A$802,">="&DATE($B$3,11,1),검수내역!$A$3:$A$802,"<="&EOMONTH(DATE($B$3,11,1),0)) -> 0 | C16: =SUMIFS(검수내역!$I$3:$I$802,검수내역!$A$3:$A$802,">="&DATE($B$3,11,1),검수내역!$A$3:$A$802,"<="&EOMONTH(DATE($B$3,11,1),0)) -> 0 | D16: =SUMIFS(출고내역!$G$3:$G$802,출고내역!$A$3:$A$802,">="&DATE($B$3,11,1),출고내역!$A$3:$A$802,"<="&EOMONTH(DATE($B$3,11,1),0)) -> 0 | E16: =SUMIFS(출고내역!$H$3:$H$802,출고내역!$A$3:$A$802,">="&DATE($B$3,11,1),출고내역!$A$3:$A$802,"<="&EOMONTH(DATE($B$3,11,1),0)) -> 0 | F16: =$D16+$E16 -> 0 | G16: =SUMIFS(출고내역!$K$3:$K$802,출고내역!$A$3:$A$802,">="&DATE($B$3,11,1),출고내역!$A$3:$A$802,"<="&EOMONTH(DATE($B$3,11,1),0)) -> 0
A17: 12 | B17: =SUMIFS(검수내역!$G$3:$G$802,검수내역!$A$3:$A$802,">="&DATE($B$3,12,1),검수내역!$A$3:$A$802,"<="&EOMONTH(DATE($B$3,12,1),0)) -> 0 | C17: =SUMIFS(검수내역!$I$3:$I$802,검수내역!$A$3:$A$802,">="&DATE($B$3,12,1),검수내역!$A$3:$A$802,"<="&EOMONTH(DATE($B$3,12,1),0)) -> 0 | D17: =SUMIFS(출고내역!$G$3:$G$802,출고내역!$A$3:$A$802,">="&DATE($B$3,12,1),출고내역!$A$3:$A$802,"<="&EOMONTH(DATE($B$3,12,1),0)) -> 0 | E17: =SUMIFS(출고내역!$H$3:$H$802,출고내역!$A$3:$A$802,">="&DATE($B$3,12,1),출고내역!$A$3:$A$802,"<="&EOMONTH(DATE($B$3,12,1),0)) -> 0 | F17: =$D17+$E17 -> 0 | G17: =SUMIFS(출고내역!$K$3:$K$802,출고내역!$A$3:$A$802,">="&DATE($B$3,12,1),출고내역!$A$3:$A$802,"<="&EOMONTH(DATE($B$3,12,1),0)) -> 0
A18: 합계 | B18: =SUM(B6:B17) -> 380 | C18: =SUM(C6:C17) -> 9840000 | D18: =SUM(D6:D17) -> 205 | E18: =SUM(E6:E17) -> 9 | F18: =SUM(F6:F17) -> 214 | G18: =SUM(G6:G17) -> 5870000
