Workbook

Sheet 사용안내
B2: 차량 정비 · 소모품 교체 주기 관리
B4: 핵심 | C4: 마지막 교체일과 주행거리를 넣으면 다음 교체 시점이 자동으로 계산됩니다.
B5: 입력 규칙 | C5: 파란색 글씨 칸만 입력하세요. 검은색은 자동 계산입니다.
B6: ① 차량목록 | C6: 차량번호·차종·현재 주행거리를 등록합니다. 주행거리는 계기판 숫자를 그대로요.
B7: ② 정비항목 | C7: 엔진오일·타이어 등 교체 주기를 등록합니다. km 주기와 개월 주기를 둘 다 넣을 수 있습니다.
C8: 둘 다 넣으면 먼저 오는 쪽이 기준이 됩니다. 하나만 넣어도 됩니다.
B9: ③ 정비이력 | C9: 정비할 때마다 한 줄. 날짜·주행거리·항목·비용을 넣습니다.
B10: ④ 정비현황 | C10: 차량 × 항목별로 다음 교체 시점과 남은 거리·날짜가 나옵니다.
B11: ⑤ 교체대상 | C11: 지금 교체해야 하는 것만 모아서 보여줍니다.
B12: ⑥ 차량별 비용 | C12: 차량별 정비 횟수와 누적 비용입니다.
B13: 주행거리 갱신 | C13: 차량목록의 현재 주행거리를 주기적으로 직접 갱신해야 정확합니다.
B15: 설정 | C15: 값을 바꾸면 모든 계산에 반영됩니다
B16: km 경고 기준 | C16: 1000
B17: 일수 경고 기준 | C17: 30
B19: ※ 교체 주기는 제조사 권장값이나 회사 규정을 확인하고 직접 넣으세요. 이 파일은 주기를 검증하지 않습니다.

Sheet 차량목록
A1: 차량목록
A2: 차량번호 | B2: 차종 | C2: 연식 | D2: 담당자 | E2: 현재 주행거리(km) | F2: 등록일 | G2: 상태
A3: 12가3456 | B3: 포터2 | C3: 2022 | D3: 김기사 | E3: 81800 | F3: 44621 | G3: 운행
A4: 34나5678 | B4: 봉고3 | C4: 2023 | D4: 이기사 | E4: 42300 | F4: 45056 | G4: 운행
A5: 56다7890 | B5: 스타렉스 | C5: 2021 | D5: 박기사 | E5: 125000 | F5: 44242 | G5: 운행

Sheet 정비항목
A1: 정비항목 (주기는 제조사 권장값을 확인하고 넣으세요)
A2: 항목코드 | B2: 정비항목 | C2: 주기(km) | D2: 주기(개월) | E2: 비고
A3: M01 | B3: 엔진오일 | C3: 10000 | D3: 6
A4: M02 | B4: 에어크리너 | C4: 20000 | D4: 12
A5: M03 | B5: 타이어 | C5: 50000 | D5: 36
A6: M04 | B6: 브레이크 패드 | C6: 40000 | D6: 24
A7: M05 | B7: 정기검사 | C7: 0 | D7: 12
A54: ※ km 주기만 있으면 개월은 비우고, 날짜 기준만 있으면 km를 비우거나 0으로 넣으세요.

Sheet 정비이력
A1: 정비이력 (정비할 때마다 한 줄)
A2: 정비일 | B2: 차량번호 | C2: 차종(자동) | D2: 항목코드 | E2: 정비항목(자동) | F2: 정비 시 주행거리 | G2: 비용 | H2: 정비소/비고
A3: 46183 | B3: 12가3456 | C3: =IF($B3="","",IFERROR(INDEX(차량목록!$B$3:$B$102,MATCH($B3,차량목록!$A$3:$A$102,0)),"미등록차량")) -> 포터2 | D3: M01 | E3: =IF($D3="","",IFERROR(INDEX(정비항목!$B$3:$B$52,MATCH($D3,정비항목!$A$3:$A$52,0)),"미등록항목")) -> 엔진오일 | F3: 72000 | G3: 85000
A4: 46086 | B4: 12가3456 | C4: =IF($B4="","",IFERROR(INDEX(차량목록!$B$3:$B$102,MATCH($B4,차량목록!$A$3:$A$102,0)),"미등록차량")) -> 포터2 | D4: M02 | E4: =IF($D4="","",IFERROR(INDEX(정비항목!$B$3:$B$52,MATCH($D4,정비항목!$A$3:$A$52,0)),"미등록항목")) -> 에어크리너 | F4: 65000 | G4: 45000
A5: 46235 | B5: 34나5678 | C5: =IF($B5="","",IFERROR(INDEX(차량목록!$B$3:$B$102,MATCH($B5,차량목록!$A$3:$A$102,0)),"미등록차량")) -> 봉고3 | D5: M01 | E5: =IF($D5="","",IFERROR(INDEX(정비항목!$B$3:$B$52,MATCH($D5,정비항목!$A$3:$A$52,0)),"미등록항목")) -> 엔진오일 | F5: 38000 | G5: 85000
A6: 45536 | B6: 56다7890 | C6: =IF($B6="","",IFERROR(INDEX(차량목록!$B$3:$B$102,MATCH($B6,차량목록!$A$3:$A$102,0)),"미등록차량")) -> 스타렉스 | D6: M03 | E6: =IF($D6="","",IFERROR(INDEX(정비항목!$B$3:$B$52,MATCH($D6,정비항목!$A$3:$A$52,0)),"미등록항목")) -> 타이어 | F6: 95000 | G6: 620000
C7: =IF($B7="","",IFERROR(INDEX(차량목록!$B$3:$B$102,MATCH($B7,차량목록!$A$3:$A$102,0)),"미등록차량")) | E7: =IF($D7="","",IFERROR(INDEX(정비항목!$B$3:$B$52,MATCH($D7,정비항목!$A$3:$A$52,0)),"미등록항목"))
C8: =IF($B8="","",IFERROR(INDEX(차량목록!$B$3:$B$102,MATCH($B8,차량목록!$A$3:$A$102,0)),"미등록차량")) | E8: =IF($D8="","",IFERROR(INDEX(정비항목!$B$3:$B$52,MATCH($D8,정비항목!$A$3:$A$52,0)),"미등록항목"))
C9: =IF($B9="","",IFERROR(INDEX(차량목록!$B$3:$B$102,MATCH($B9,차량목록!$A$3:$A$102,0)),"미등록차량")) | E9: =IF($D9="","",IFERROR(INDEX(정비항목!$B$3:$B$52,MATCH($D9,정비항목!$A$3:$A$52,0)),"미등록항목"))
C10: =IF($B10="","",IFERROR(INDEX(차량목록!$B$3:$B$102,MATCH($B10,차량목록!$A$3:$A$102,0)),"미등록차량")) | E10: =IF($D10="","",IFERROR(INDEX(정비항목!$B$3:$B$52,MATCH($D10,정비항목!$A$3:$A$52,0)),"미등록항목"))
C11: =IF($B11="","",IFERROR(INDEX(차량목록!$B$3:$B$102,MATCH($B11,차량목록!$A$3:$A$102,0)),"미등록차량")) | E11: =IF($D11="","",IFERROR(INDEX(정비항목!$B$3:$B$52,MATCH($D11,정비항목!$A$3:$A$52,0)),"미등록항목"))
C12: =IF($B12="","",IFERROR(INDEX(차량목록!$B$3:$B$102,MATCH($B12,차량목록!$A$3:$A$102,0)),"미등록차량")) | E12: =IF($D12="","",IFERROR(INDEX(정비항목!$B$3:$B$52,MATCH($D12,정비항목!$A$3:$A$52,0)),"미등록항목"))
C13: =IF($B13="","",IFERROR(INDEX(차량목록!$B$3:$B$102,MATCH($B13,차량목록!$A$3:$A$102,0)),"미등록차량")) | E13: =IF($D13="","",IFERROR(INDEX(정비항목!$B$3:$B$52,MATCH($D13,정비항목!$A$3:$A$52,0)),"미등록항목"))
C14: =IF($B14="","",IFERROR(INDEX(차량목록!$B$3:$B$102,MATCH($B14,차량목록!$A$3:$A$102,0)),"미등록차량")) | E14: =IF($D14="","",IFERROR(INDEX(정비항목!$B$3:$B$52,MATCH($D14,정비항목!$A$3:$A$52,0)),"미등록항목"))
C15: =IF($B15="","",IFERROR(INDEX(차량목록!$B$3:$B$102,MATCH($B15,차량목록!$A$3:$A$102,0)),"미등록차량")) | E15: =IF($D15="","",IFERROR(INDEX(정비항목!$B$3:$B$52,MATCH($D15,정비항목!$A$3:$A$52,0)),"미등록항목"))
C16: =IF($B16="","",IFERROR(INDEX(차량목록!$B$3:$B$102,MATCH($B16,차량목록!$A$3:$A$102,0)),"미등록차량")) | E16: =IF($D16="","",IFERROR(INDEX(정비항목!$B$3:$B$52,MATCH($D16,정비항목!$A$3:$A$52,0)),"미등록항목"))
C17: =IF($B17="","",IFERROR(INDEX(차량목록!$B$3:$B$102,MATCH($B17,차량목록!$A$3:$A$102,0)),"미등록차량")) | E17: =IF($D17="","",IFERROR(INDEX(정비항목!$B$3:$B$52,MATCH($D17,정비항목!$A$3:$A$52,0)),"미등록항목"))
C18: =IF($B18="","",IFERROR(INDEX(차량목록!$B$3:$B$102,MATCH($B18,차량목록!$A$3:$A$102,0)),"미등록차량")) | E18: =IF($D18="","",IFERROR(INDEX(정비항목!$B$3:$B$52,MATCH($D18,정비항목!$A$3:$A$52,0)),"미등록항목"))
... C1002: =IF($B1002="","",IFERROR(INDEX(차량목록!$B$3:$B$102,MATCH($B1002,차량목록!$A$3:$A$102,0)),"미등록차량")) | E1002: =IF($D1002="","",IFERROR(INDEX(정비항목!$B$3:$B$52,MATCH($D1002,정비항목!$A$3:$A$52,0)),"미등록항목"))

Sheet 정비현황
A1: 정비현황 (차량 × 항목)
A3: 오늘 | B3: =TODAY() -> 46279 | D3: 교체 대상 | E3: =COUNTIF($M$6:$M$365,"교체") -> 0 | G3: 임박 | H3: =COUNTIF($M$6:$M$365,"임박") -> 1
A5: 차량번호 | B5: 차종 | C5: 항목 | D5: 주기(km) | E5: 주기(개월) | F5: 최근 정비일 | G5: 최근 정비 km | H5: 현재 km | I5: 다음 교체 km | J5: 남은 km | K5: 다음 교체일 | L5: D-Day | M5: 상태
A6: =IF(OR(차량목록!$A3="",정비항목!$A3="",차량목록!$G3="매각"),"",차량목록!$A3) -> 12가3456 | B6: =IF($A6="","",차량목록!$B3) -> 포터2 | C6: =IF($A6="","",정비항목!$B3) -> 엔진오일 | D6: =IF($A6="","",IF(정비항목!$C3="",0,정비항목!$C3)) -> 10000 | E6: =IF($A6="","",IF(정비항목!$D3="",0,정비항목!$D3)) -> 6 | F6: =IF($A6="","",IF(COUNTIFS(정비이력!$B$3:$B$1002,$A6,정비이력!$D$3:$D$1002,정비항목!$A3)=0,"",SUMPRODUCT(MAX((정비이력!$B$3:$B$1002=$A6)*(정비이력!$D$3:$D$1002=정비항목!$A3)*정비이력!$A$3:$A$1002)))) -> 46183 | G6: =IF($A6="","",IF($F6="","",SUMPRODUCT(MAX((정비이력!$B$3:$B$1002=$A6)*(정비이력!$D$3:$D$1002=정비항목!$A3)*정비이력!$F$3:$F$1002)))) -> 72000 | H6: =IF($A6="","",IF(차량목록!$E3="",0,차량목록!$E3)) -> 81800 | I6: =IF(OR($A6="",$D6=0),"",IF($G6="",$H6+$D6,$G6+$D6)) -> 82000 | J6: =IF($I6="","",$I6-$H6) -> 200 | K6: =IF(OR($A6="",$E6=0),"",IF($F6="",EDATE(TODAY(),$E6),EDATE($F6,$E6))) -> 46366 | L6: =IF($K6="","",$K6-TODAY()) -> 87 | M6: =IF($A6="","",IF(AND($J6="",$L6=""),"-",IF(OR(AND($J6<>"",$J6<=0),AND($L6<>"",$L6<0)),"교체",IF(OR(AND($J6<>"",$J6<=사용안내!$C$16),AND($L6<>"",$L6<=사용안내!$C$17)),"임박","정상")))) -> 임박
A7: =IF(OR(차량목록!$A3="",정비항목!$A4="",차량목록!$G3="매각"),"",차량목록!$A3) -> 12가3456 | B7: =IF($A7="","",차량목록!$B3) -> 포터2 | C7: =IF($A7="","",정비항목!$B4) -> 에어크리너 | D7: =IF($A7="","",IF(정비항목!$C4="",0,정비항목!$C4)) -> 20000 | E7: =IF($A7="","",IF(정비항목!$D4="",0,정비항목!$D4)) -> 12 | F7: =IF($A7="","",IF(COUNTIFS(정비이력!$B$3:$B$1002,$A7,정비이력!$D$3:$D$1002,정비항목!$A4)=0,"",SUMPRODUCT(MAX((정비이력!$B$3:$B$1002=$A7)*(정비이력!$D$3:$D$1002=정비항목!$A4)*정비이력!$A$3:$A$1002)))) -> 46086 | G7: =IF($A7="","",IF($F7="","",SUMPRODUCT(MAX((정비이력!$B$3:$B$1002=$A7)*(정비이력!$D$3:$D$1002=정비항목!$A4)*정비이력!$F$3:$F$1002)))) -> 65000 | H7: =IF($A7="","",IF(차량목록!$E3="",0,차량목록!$E3)) -> 81800 | I7: =IF(OR($A7="",$D7=0),"",IF($G7="",$H7+$D7,$G7+$D7)) -> 85000 | J7: =IF($I7="","",$I7-$H7) -> 3200 | K7: =IF(OR($A7="",$E7=0),"",IF($F7="",EDATE(TODAY(),$E7),EDATE($F7,$E7))) -> 46451 | L7: =IF($K7="","",$K7-TODAY()) -> 172 | M7: =IF($A7="","",IF(AND($J7="",$L7=""),"-",IF(OR(AND($J7<>"",$J7<=0),AND($L7<>"",$L7<0)),"교체",IF(OR(AND($J7<>"",$J7<=사용안내!$C$16),AND($L7<>"",$L7<=사용안내!$C$17)),"임박","정상")))) -> 정상
A8: =IF(OR(차량목록!$A3="",정비항목!$A5="",차량목록!$G3="매각"),"",차량목록!$A3) -> 12가3456 | B8: =IF($A8="","",차량목록!$B3) -> 포터2 | C8: =IF($A8="","",정비항목!$B5) -> 타이어 | D8: =IF($A8="","",IF(정비항목!$C5="",0,정비항목!$C5)) -> 50000 | E8: =IF($A8="","",IF(정비항목!$D5="",0,정비항목!$D5)) -> 36 | F8: =IF($A8="","",IF(COUNTIFS(정비이력!$B$3:$B$1002,$A8,정비이력!$D$3:$D$1002,정비항목!$A5)=0,"",SUMPRODUCT(MAX((정비이력!$B$3:$B$1002=$A8)*(정비이력!$D$3:$D$1002=정비항목!$A5)*정비이력!$A$3:$A$1002)))) | G8: =IF($A8="","",IF($F8="","",SUMPRODUCT(MAX((정비이력!$B$3:$B$1002=$A8)*(정비이력!$D$3:$D$1002=정비항목!$A5)*정비이력!$F$3:$F$1002)))) | H8: =IF($A8="","",IF(차량목록!$E3="",0,차량목록!$E3)) -> 81800 | I8: =IF(OR($A8="",$D8=0),"",IF($G8="",$H8+$D8,$G8+$D8)) -> 131800 | J8: =IF($I8="","",$I8-$H8) -> 50000 | K8: =IF(OR($A8="",$E8=0),"",IF($F8="",EDATE(TODAY(),$E8),EDATE($F8,$E8))) -> 47375 | L8: =IF($K8="","",$K8-TODAY()) -> 1096 | M8: =IF($A8="","",IF(AND($J8="",$L8=""),"-",IF(OR(AND($J8<>"",$J8<=0),AND($L8<>"",$L8<0)),"교체",IF(OR(AND($J8<>"",$J8<=사용안내!$C$16),AND($L8<>"",$L8<=사용안내!$C$17)),"임박","정상")))) -> 정상
A9: =IF(OR(차량목록!$A3="",정비항목!$A6="",차량목록!$G3="매각"),"",차량목록!$A3) -> 12가3456 | B9: =IF($A9="","",차량목록!$B3) -> 포터2 | C9: =IF($A9="","",정비항목!$B6) -> 브레이크 패드 | D9: =IF($A9="","",IF(정비항목!$C6="",0,정비항목!$C6)) -> 40000 | E9: =IF($A9="","",IF(정비항목!$D6="",0,정비항목!$D6)) -> 24 | F9: =IF($A9="","",IF(COUNTIFS(정비이력!$B$3:$B$1002,$A9,정비이력!$D$3:$D$1002,정비항목!$A6)=0,"",SUMPRODUCT(MAX((정비이력!$B$3:$B$1002=$A9)*(정비이력!$D$3:$D$1002=정비항목!$A6)*정비이력!$A$3:$A$1002)))) | G9: =IF($A9="","",IF($F9="","",SUMPRODUCT(MAX((정비이력!$B$3:$B$1002=$A9)*(정비이력!$D$3:$D$1002=정비항목!$A6)*정비이력!$F$3:$F$1002)))) | H9: =IF($A9="","",IF(차량목록!$E3="",0,차량목록!$E3)) -> 81800 | I9: =IF(OR($A9="",$D9=0),"",IF($G9="",$H9+$D9,$G9+$D9)) -> 121800 | J9: =IF($I9="","",$I9-$H9) -> 40000 | K9: =IF(OR($A9="",$E9=0),"",IF($F9="",EDATE(TODAY(),$E9),EDATE($F9,$E9))) -> 47010 | L9: =IF($K9="","",$K9-TODAY()) -> 731 | M9: =IF($A9="","",IF(AND($J9="",$L9=""),"-",IF(OR(AND($J9<>"",$J9<=0),AND($L9<>"",$L9<0)),"교체",IF(OR(AND($J9<>"",$J9<=사용안내!$C$16),AND($L9<>"",$L9<=사용안내!$C$17)),"임박","정상")))) -> 정상
A10: =IF(OR(차량목록!$A3="",정비항목!$A7="",차량목록!$G3="매각"),"",차량목록!$A3) -> 12가3456 | B10: =IF($A10="","",차량목록!$B3) -> 포터2 | C10: =IF($A10="","",정비항목!$B7) -> 정기검사 | D10: =IF($A10="","",IF(정비항목!$C7="",0,정비항목!$C7)) -> 0 | E10: =IF($A10="","",IF(정비항목!$D7="",0,정비항목!$D7)) -> 12 | F10: =IF($A10="","",IF(COUNTIFS(정비이력!$B$3:$B$1002,$A10,정비이력!$D$3:$D$1002,정비항목!$A7)=0,"",SUMPRODUCT(MAX((정비이력!$B$3:$B$1002=$A10)*(정비이력!$D$3:$D$1002=정비항목!$A7)*정비이력!$A$3:$A$1002)))) | G10: =IF($A10="","",IF($F10="","",SUMPRODUCT(MAX((정비이력!$B$3:$B$1002=$A10)*(정비이력!$D$3:$D$1002=정비항목!$A7)*정비이력!$F$3:$F$1002)))) | H10: =IF($A10="","",IF(차량목록!$E3="",0,차량목록!$E3)) -> 81800 | I10: =IF(OR($A10="",$D10=0),"",IF($G10="",$H10+$D10,$G10+$D10)) | J10: =IF($I10="","",$I10-$H10) | K10: =IF(OR($A10="",$E10=0),"",IF($F10="",EDATE(TODAY(),$E10),EDATE($F10,$E10))) -> 46644 | L10: =IF($K10="","",$K10-TODAY()) -> 365 | M10: =IF($A10="","",IF(AND($J10="",$L10=""),"-",IF(OR(AND($J10<>"",$J10<=0),AND($L10<>"",$L10<0)),"교체",IF(OR(AND($J10<>"",$J10<=사용안내!$C$16),AND($L10<>"",$L10<=사용안내!$C$17)),"임박","정상")))) -> 정상
A11: =IF(OR(차량목록!$A3="",정비항목!$A8="",차량목록!$G3="매각"),"",차량목록!$A3) | B11: =IF($A11="","",차량목록!$B3) | C11: =IF($A11="","",정비항목!$B8) | D11: =IF($A11="","",IF(정비항목!$C8="",0,정비항목!$C8)) | E11: =IF($A11="","",IF(정비항목!$D8="",0,정비항목!$D8)) | F11: =IF($A11="","",IF(COUNTIFS(정비이력!$B$3:$B$1002,$A11,정비이력!$D$3:$D$1002,정비항목!$A8)=0,"",SUMPRODUCT(MAX((정비이력!$B$3:$B$1002=$A11)*(정비이력!$D$3:$D$1002=정비항목!$A8)*정비이력!$A$3:$A$1002)))) | G11: =IF($A11="","",IF($F11="","",SUMPRODUCT(MAX((정비이력!$B$3:$B$1002=$A11)*(정비이력!$D$3:$D$1002=정비항목!$A8)*정비이력!$F$3:$F$1002)))) | H11: =IF($A11="","",IF(차량목록!$E3="",0,차량목록!$E3)) | I11: =IF(OR($A11="",$D11=0),"",IF($G11="",$H11+$D11,$G11+$D11)) | J11: =IF($I11="","",$I11-$H11) | K11: =IF(OR($A11="",$E11=0),"",IF($F11="",EDATE(TODAY(),$E11),EDATE($F11,$E11))) | L11: =IF($K11="","",$K11-TODAY()) | M11: =IF($A11="","",IF(AND($J11="",$L11=""),"-",IF(OR(AND($J11<>"",$J11<=0),AND($L11<>"",$L11<0)),"교체",IF(OR(AND($J11<>"",$J11<=사용안내!$C$16),AND($L11<>"",$L11<=사용안내!$C$17)),"임박","정상"))))
A12: =IF(OR(차량목록!$A3="",정비항목!$A9="",차량목록!$G3="매각"),"",차량목록!$A3) | B12: =IF($A12="","",차량목록!$B3) | C12: =IF($A12="","",정비항목!$B9) | D12: =IF($A12="","",IF(정비항목!$C9="",0,정비항목!$C9)) | E12: =IF($A12="","",IF(정비항목!$D9="",0,정비항목!$D9)) | F12: =IF($A12="","",IF(COUNTIFS(정비이력!$B$3:$B$1002,$A12,정비이력!$D$3:$D$1002,정비항목!$A9)=0,"",SUMPRODUCT(MAX((정비이력!$B$3:$B$1002=$A12)*(정비이력!$D$3:$D$1002=정비항목!$A9)*정비이력!$A$3:$A$1002)))) | G12: =IF($A12="","",IF($F12="","",SUMPRODUCT(MAX((정비이력!$B$3:$B$1002=$A12)*(정비이력!$D$3:$D$1002=정비항목!$A9)*정비이력!$F$3:$F$1002)))) | H12: =IF($A12="","",IF(차량목록!$E3="",0,차량목록!$E3)) | I12: =IF(OR($A12="",$D12=0),"",IF($G12="",$H12+$D12,$G12+$D12)) | J12: =IF($I12="","",$I12-$H12) | K12: =IF(OR($A12="",$E12=0),"",IF($F12="",EDATE(TODAY(),$E12),EDATE($F12,$E12))) | L12: =IF($K12="","",$K12-TODAY()) | M12: =IF($A12="","",IF(AND($J12="",$L12=""),"-",IF(OR(AND($J12<>"",$J12<=0),AND($L12<>"",$L12<0)),"교체",IF(OR(AND($J12<>"",$J12<=사용안내!$C$16),AND($L12<>"",$L12<=사용안내!$C$17)),"임박","정상"))))
A13: =IF(OR(차량목록!$A3="",정비항목!$A10="",차량목록!$G3="매각"),"",차량목록!$A3) | B13: =IF($A13="","",차량목록!$B3) | C13: =IF($A13="","",정비항목!$B10) | D13: =IF($A13="","",IF(정비항목!$C10="",0,정비항목!$C10)) | E13: =IF($A13="","",IF(정비항목!$D10="",0,정비항목!$D10)) | F13: =IF($A13="","",IF(COUNTIFS(정비이력!$B$3:$B$1002,$A13,정비이력!$D$3:$D$1002,정비항목!$A10)=0,"",SUMPRODUCT(MAX((정비이력!$B$3:$B$1002=$A13)*(정비이력!$D$3:$D$1002=정비항목!$A10)*정비이력!$A$3:$A$1002)))) | G13: =IF($A13="","",IF($F13="","",SUMPRODUCT(MAX((정비이력!$B$3:$B$1002=$A13)*(정비이력!$D$3:$D$1002=정비항목!$A10)*정비이력!$F$3:$F$1002)))) | H13: =IF($A13="","",IF(차량목록!$E3="",0,차량목록!$E3)) | I13: =IF(OR($A13="",$D13=0),"",IF($G13="",$H13+$D13,$G13+$D13)) | J13: =IF($I13="","",$I13-$H13) | K13: =IF(OR($A13="",$E13=0),"",IF($F13="",EDATE(TODAY(),$E13),EDATE($F13,$E13))) | L13: =IF($K13="","",$K13-TODAY()) | M13: =IF($A13="","",IF(AND($J13="",$L13=""),"-",IF(OR(AND($J13<>"",$J13<=0),AND($L13<>"",$L13<0)),"교체",IF(OR(AND($J13<>"",$J13<=사용안내!$C$16),AND($L13<>"",$L13<=사용안내!$C$17)),"임박","정상"))))
A14: =IF(OR(차량목록!$A3="",정비항목!$A11="",차량목록!$G3="매각"),"",차량목록!$A3) | B14: =IF($A14="","",차량목록!$B3) | C14: =IF($A14="","",정비항목!$B11) | D14: =IF($A14="","",IF(정비항목!$C11="",0,정비항목!$C11)) | E14: =IF($A14="","",IF(정비항목!$D11="",0,정비항목!$D11)) | F14: =IF($A14="","",IF(COUNTIFS(정비이력!$B$3:$B$1002,$A14,정비이력!$D$3:$D$1002,정비항목!$A11)=0,"",SUMPRODUCT(MAX((정비이력!$B$3:$B$1002=$A14)*(정비이력!$D$3:$D$1002=정비항목!$A11)*정비이력!$A$3:$A$1002)))) | G14: =IF($A14="","",IF($F14="","",SUMPRODUCT(MAX((정비이력!$B$3:$B$1002=$A14)*(정비이력!$D$3:$D$1002=정비항목!$A11)*정비이력!$F$3:$F$1002)))) | H14: =IF($A14="","",IF(차량목록!$E3="",0,차량목록!$E3)) | I14: =IF(OR($A14="",$D14=0),"",IF($G14="",$H14+$D14,$G14+$D14)) | J14: =IF($I14="","",$I14-$H14) | K14: =IF(OR($A14="",$E14=0),"",IF($F14="",EDATE(TODAY(),$E14),EDATE($F14,$E14))) | L14: =IF($K14="","",$K14-TODAY()) | M14: =IF($A14="","",IF(AND($J14="",$L14=""),"-",IF(OR(AND($J14<>"",$J14<=0),AND($L14<>"",$L14<0)),"교체",IF(OR(AND($J14<>"",$J14<=사용안내!$C$16),AND($L14<>"",$L14<=사용안내!$C$17)),"임박","정상"))))
A15: =IF(OR(차량목록!$A3="",정비항목!$A12="",차량목록!$G3="매각"),"",차량목록!$A3) | B15: =IF($A15="","",차량목록!$B3) | C15: =IF($A15="","",정비항목!$B12) | D15: =IF($A15="","",IF(정비항목!$C12="",0,정비항목!$C12)) | E15: =IF($A15="","",IF(정비항목!$D12="",0,정비항목!$D12)) | F15: =IF($A15="","",IF(COUNTIFS(정비이력!$B$3:$B$1002,$A15,정비이력!$D$3:$D$1002,정비항목!$A12)=0,"",SUMPRODUCT(MAX((정비이력!$B$3:$B$1002=$A15)*(정비이력!$D$3:$D$1002=정비항목!$A12)*정비이력!$A$3:$A$1002)))) | G15: =IF($A15="","",IF($F15="","",SUMPRODUCT(MAX((정비이력!$B$3:$B$1002=$A15)*(정비이력!$D$3:$D$1002=정비항목!$A12)*정비이력!$F$3:$F$1002)))) | H15: =IF($A15="","",IF(차량목록!$E3="",0,차량목록!$E3)) | I15: =IF(OR($A15="",$D15=0),"",IF($G15="",$H15+$D15,$G15+$D15)) | J15: =IF($I15="","",$I15-$H15) | K15: =IF(OR($A15="",$E15=0),"",IF($F15="",EDATE(TODAY(),$E15),EDATE($F15,$E15))) | L15: =IF($K15="","",$K15-TODAY()) | M15: =IF($A15="","",IF(AND($J15="",$L15=""),"-",IF(OR(AND($J15<>"",$J15<=0),AND($L15<>"",$L15<0)),"교체",IF(OR(AND($J15<>"",$J15<=사용안내!$C$16),AND($L15<>"",$L15<=사용안내!$C$17)),"임박","정상"))))
A16: =IF(OR(차량목록!$A3="",정비항목!$A13="",차량목록!$G3="매각"),"",차량목록!$A3) | B16: =IF($A16="","",차량목록!$B3) | C16: =IF($A16="","",정비항목!$B13) | D16: =IF($A16="","",IF(정비항목!$C13="",0,정비항목!$C13)) | E16: =IF($A16="","",IF(정비항목!$D13="",0,정비항목!$D13)) | F16: =IF($A16="","",IF(COUNTIFS(정비이력!$B$3:$B$1002,$A16,정비이력!$D$3:$D$1002,정비항목!$A13)=0,"",SUMPRODUCT(MAX((정비이력!$B$3:$B$1002=$A16)*(정비이력!$D$3:$D$1002=정비항목!$A13)*정비이력!$A$3:$A$1002)))) | G16: =IF($A16="","",IF($F16="","",SUMPRODUCT(MAX((정비이력!$B$3:$B$1002=$A16)*(정비이력!$D$3:$D$1002=정비항목!$A13)*정비이력!$F$3:$F$1002)))) | H16: =IF($A16="","",IF(차량목록!$E3="",0,차량목록!$E3)) | I16: =IF(OR($A16="",$D16=0),"",IF($G16="",$H16+$D16,$G16+$D16)) | J16: =IF($I16="","",$I16-$H16) | K16: =IF(OR($A16="",$E16=0),"",IF($F16="",EDATE(TODAY(),$E16),EDATE($F16,$E16))) | L16: =IF($K16="","",$K16-TODAY()) | M16: =IF($A16="","",IF(AND($J16="",$L16=""),"-",IF(OR(AND($J16<>"",$J16<=0),AND($L16<>"",$L16<0)),"교체",IF(OR(AND($J16<>"",$J16<=사용안내!$C$16),AND($L16<>"",$L16<=사용안내!$C$17)),"임박","정상"))))
A17: =IF(OR(차량목록!$A3="",정비항목!$A14="",차량목록!$G3="매각"),"",차량목록!$A3) | B17: =IF($A17="","",차량목록!$B3) | C17: =IF($A17="","",정비항목!$B14) | D17: =IF($A17="","",IF(정비항목!$C14="",0,정비항목!$C14)) | E17: =IF($A17="","",IF(정비항목!$D14="",0,정비항목!$D14)) | F17: =IF($A17="","",IF(COUNTIFS(정비이력!$B$3:$B$1002,$A17,정비이력!$D$3:$D$1002,정비항목!$A14)=0,"",SUMPRODUCT(MAX((정비이력!$B$3:$B$1002=$A17)*(정비이력!$D$3:$D$1002=정비항목!$A14)*정비이력!$A$3:$A$1002)))) | G17: =IF($A17="","",IF($F17="","",SUMPRODUCT(MAX((정비이력!$B$3:$B$1002=$A17)*(정비이력!$D$3:$D$1002=정비항목!$A14)*정비이력!$F$3:$F$1002)))) | H17: =IF($A17="","",IF(차량목록!$E3="",0,차량목록!$E3)) | I17: =IF(OR($A17="",$D17=0),"",IF($G17="",$H17+$D17,$G17+$D17)) | J17: =IF($I17="","",$I17-$H17) | K17: =IF(OR($A17="",$E17=0),"",IF($F17="",EDATE(TODAY(),$E17),EDATE($F17,$E17))) | L17: =IF($K17="","",$K17-TODAY()) | M17: =IF($A17="","",IF(AND($J17="",$L17=""),"-",IF(OR(AND($J17<>"",$J17<=0),AND($L17<>"",$L17<0)),"교체",IF(OR(AND($J17<>"",$J17<=사용안내!$C$16),AND($L17<>"",$L17<=사용안내!$C$17)),"임박","정상"))))
A18: =IF(OR(차량목록!$A4="",정비항목!$A3="",차량목록!$G4="매각"),"",차량목록!$A4) -> 34나5678 | B18: =IF($A18="","",차량목록!$B4) -> 봉고3 | C18: =IF($A18="","",정비항목!$B3) -> 엔진오일 | D18: =IF($A18="","",IF(정비항목!$C3="",0,정비항목!$C3)) -> 10000 | E18: =IF($A18="","",IF(정비항목!$D3="",0,정비항목!$D3)) -> 6 | F18: =IF($A18="","",IF(COUNTIFS(정비이력!$B$3:$B$1002,$A18,정비이력!$D$3:$D$1002,정비항목!$A3)=0,"",SUMPRODUCT(MAX((정비이력!$B$3:$B$1002=$A18)*(정비이력!$D$3:$D$1002=정비항목!$A3)*정비이력!$A$3:$A$1002)))) -> 46235 | G18: =IF($A18="","",IF($F18="","",SUMPRODUCT(MAX((정비이력!$B$3:$B$1002=$A18)*(정비이력!$D$3:$D$1002=정비항목!$A3)*정비이력!$F$3:$F$1002)))) -> 38000 | H18: =IF($A18="","",IF(차량목록!$E4="",0,차량목록!$E4)) -> 42300 | I18: =IF(OR($A18="",$D18=0),"",IF($G18="",$H18+$D18,$G18+$D18)) -> 48000 | J18: =IF($I18="","",$I18-$H18) -> 5700 | K18: =IF(OR($A18="",$E18=0),"",IF($F18="",EDATE(TODAY(),$E18),EDATE($F18,$E18))) -> 46419 | L18: =IF($K18="","",$K18-TODAY()) -> 140 | M18: =IF($A18="","",IF(AND($J18="",$L18=""),"-",IF(OR(AND($J18<>"",$J18<=0),AND($L18<>"",$L18<0)),"교체",IF(OR(AND($J18<>"",$J18<=사용안내!$C$16),AND($L18<>"",$L18<=사용안내!$C$17)),"임박","정상")))) -> 정상
A19: =IF(OR(차량목록!$A4="",정비항목!$A4="",차량목록!$G4="매각"),"",차량목록!$A4) -> 34나5678 | B19: =IF($A19="","",차량목록!$B4) -> 봉고3 | C19: =IF($A19="","",정비항목!$B4) -> 에어크리너 | D19: =IF($A19="","",IF(정비항목!$C4="",0,정비항목!$C4)) -> 20000 | E19: =IF($A19="","",IF(정비항목!$D4="",0,정비항목!$D4)) -> 12 | F19: =IF($A19="","",IF(COUNTIFS(정비이력!$B$3:$B$1002,$A19,정비이력!$D$3:$D$1002,정비항목!$A4)=0,"",SUMPRODUCT(MAX((정비이력!$B$3:$B$1002=$A19)*(정비이력!$D$3:$D$1002=정비항목!$A4)*정비이력!$A$3:$A$1002)))) | G19: =IF($A19="","",IF($F19="","",SUMPRODUCT(MAX((정비이력!$B$3:$B$1002=$A19)*(정비이력!$D$3:$D$1002=정비항목!$A4)*정비이력!$F$3:$F$1002)))) | H19: =IF($A19="","",IF(차량목록!$E4="",0,차량목록!$E4)) -> 42300 | I19: =IF(OR($A19="",$D19=0),"",IF($G19="",$H19+$D19,$G19+$D19)) -> 62300 | J19: =IF($I19="","",$I19-$H19) -> 20000 | K19: =IF(OR($A19="",$E19=0),"",IF($F19="",EDATE(TODAY(),$E19),EDATE($F19,$E19))) -> 46644 | L19: =IF($K19="","",$K19-TODAY()) -> 365 | M19: =IF($A19="","",IF(AND($J19="",$L19=""),"-",IF(OR(AND($J19<>"",$J19<=0),AND($L19<>"",$L19<0)),"교체",IF(OR(AND($J19<>"",$J19<=사용안내!$C$16),AND($L19<>"",$L19<=사용안내!$C$17)),"임박","정상")))) -> 정상
A20: =IF(OR(차량목록!$A4="",정비항목!$A5="",차량목록!$G4="매각"),"",차량목록!$A4) -> 34나5678 | B20: =IF($A20="","",차량목록!$B4) -> 봉고3 | C20: =IF($A20="","",정비항목!$B5) -> 타이어 | D20: =IF($A20="","",IF(정비항목!$C5="",0,정비항목!$C5)) -> 50000 | E20: =IF($A20="","",IF(정비항목!$D5="",0,정비항목!$D5)) -> 36 | F20: =IF($A20="","",IF(COUNTIFS(정비이력!$B$3:$B$1002,$A20,정비이력!$D$3:$D$1002,정비항목!$A5)=0,"",SUMPRODUCT(MAX((정비이력!$B$3:$B$1002=$A20)*(정비이력!$D$3:$D$1002=정비항목!$A5)*정비이력!$A$3:$A$1002)))) | G20: =IF($A20="","",IF($F20="","",SUMPRODUCT(MAX((정비이력!$B$3:$B$1002=$A20)*(정비이력!$D$3:$D$1002=정비항목!$A5)*정비이력!$F$3:$F$1002)))) | H20: =IF($A20="","",IF(차량목록!$E4="",0,차량목록!$E4)) -> 42300 | I20: =IF(OR($A20="",$D20=0),"",IF($G20="",$H20+$D20,$G20+$D20)) -> 92300 | J20: =IF($I20="","",$I20-$H20) -> 50000 | K20: =IF(OR($A20="",$E20=0),"",IF($F20="",EDATE(TODAY(),$E20),EDATE($F20,$E20))) -> 47375 | L20: =IF($K20="","",$K20-TODAY()) -> 1096 | M20: =IF($A20="","",IF(AND($J20="",$L20=""),"-",IF(OR(AND($J20<>"",$J20<=0),AND($L20<>"",$L20<0)),"교체",IF(OR(AND($J20<>"",$J20<=사용안내!$C$16),AND($L20<>"",$L20<=사용안내!$C$17)),"임박","정상")))) -> 정상
A21: =IF(OR(차량목록!$A4="",정비항목!$A6="",차량목록!$G4="매각"),"",차량목록!$A4) -> 34나5678 | B21: =IF($A21="","",차량목록!$B4) -> 봉고3 | C21: =IF($A21="","",정비항목!$B6) -> 브레이크 패드 | D21: =IF($A21="","",IF(정비항목!$C6="",0,정비항목!$C6)) -> 40000 | E21: =IF($A21="","",IF(정비항목!$D6="",0,정비항목!$D6)) -> 24 | F21: =IF($A21="","",IF(COUNTIFS(정비이력!$B$3:$B$1002,$A21,정비이력!$D$3:$D$1002,정비항목!$A6)=0,"",SUMPRODUCT(MAX((정비이력!$B$3:$B$1002=$A21)*(정비이력!$D$3:$D$1002=정비항목!$A6)*정비이력!$A$3:$A$1002)))) | G21: =IF($A21="","",IF($F21="","",SUMPRODUCT(MAX((정비이력!$B$3:$B$1002=$A21)*(정비이력!$D$3:$D$1002=정비항목!$A6)*정비이력!$F$3:$F$1002)))) | H21: =IF($A21="","",IF(차량목록!$E4="",0,차량목록!$E4)) -> 42300 | I21: =IF(OR($A21="",$D21=0),"",IF($G21="",$H21+$D21,$G21+$D21)) -> 82300 | J21: =IF($I21="","",$I21-$H21) -> 40000 | K21: =IF(OR($A21="",$E21=0),"",IF($F21="",EDATE(TODAY(),$E21),EDATE($F21,$E21))) -> 47010 | L21: =IF($K21="","",$K21-TODAY()) -> 731 | M21: =IF($A21="","",IF(AND($J21="",$L21=""),"-",IF(OR(AND($J21<>"",$J21<=0),AND($L21<>"",$L21<0)),"교체",IF(OR(AND($J21<>"",$J21<=사용안내!$C$16),AND($L21<>"",$L21<=사용안내!$C$17)),"임박","정상")))) -> 정상
A22: =IF(OR(차량목록!$A4="",정비항목!$A7="",차량목록!$G4="매각"),"",차량목록!$A4) -> 34나5678 | B22: =IF($A22="","",차량목록!$B4) -> 봉고3 | C22: =IF($A22="","",정비항목!$B7) -> 정기검사 | D22: =IF($A22="","",IF(정비항목!$C7="",0,정비항목!$C7)) -> 0 | E22: =IF($A22="","",IF(정비항목!$D7="",0,정비항목!$D7)) -> 12 | F22: =IF($A22="","",IF(COUNTIFS(정비이력!$B$3:$B$1002,$A22,정비이력!$D$3:$D$1002,정비항목!$A7)=0,"",SUMPRODUCT(MAX((정비이력!$B$3:$B$1002=$A22)*(정비이력!$D$3:$D$1002=정비항목!$A7)*정비이력!$A$3:$A$1002)))) | G22: =IF($A22="","",IF($F22="","",SUMPRODUCT(MAX((정비이력!$B$3:$B$1002=$A22)*(정비이력!$D$3:$D$1002=정비항목!$A7)*정비이력!$F$3:$F$1002)))) | H22: =IF($A22="","",IF(차량목록!$E4="",0,차량목록!$E4)) -> 42300 | I22: =IF(OR($A22="",$D22=0),"",IF($G22="",$H22+$D22,$G22+$D22)) | J22: =IF($I22="","",$I22-$H22) | K22: =IF(OR($A22="",$E22=0),"",IF($F22="",EDATE(TODAY(),$E22),EDATE($F22,$E22))) -> 46644 | L22: =IF($K22="","",$K22-TODAY()) -> 365 | M22: =IF($A22="","",IF(AND($J22="",$L22=""),"-",IF(OR(AND($J22<>"",$J22<=0),AND($L22<>"",$L22<0)),"교체",IF(OR(AND($J22<>"",$J22<=사용안내!$C$16),AND($L22<>"",$L22<=사용안내!$C$17)),"임박","정상")))) -> 정상
A23: =IF(OR(차량목록!$A4="",정비항목!$A8="",차량목록!$G4="매각"),"",차량목록!$A4) | B23: =IF($A23="","",차량목록!$B4) | C23: =IF($A23="","",정비항목!$B8) | D23: =IF($A23="","",IF(정비항목!$C8="",0,정비항목!$C8)) | E23: =IF($A23="","",IF(정비항목!$D8="",0,정비항목!$D8)) | F23: =IF($A23="","",IF(COUNTIFS(정비이력!$B$3:$B$1002,$A23,정비이력!$D$3:$D$1002,정비항목!$A8)=0,"",SUMPRODUCT(MAX((정비이력!$B$3:$B$1002=$A23)*(정비이력!$D$3:$D$1002=정비항목!$A8)*정비이력!$A$3:$A$1002)))) | G23: =IF($A23="","",IF($F23="","",SUMPRODUCT(MAX((정비이력!$B$3:$B$1002=$A23)*(정비이력!$D$3:$D$1002=정비항목!$A8)*정비이력!$F$3:$F$1002)))) | H23: =IF($A23="","",IF(차량목록!$E4="",0,차량목록!$E4)) | I23: =IF(OR($A23="",$D23=0),"",IF($G23="",$H23+$D23,$G23+$D23)) | J23: =IF($I23="","",$I23-$H23) | K23: =IF(OR($A23="",$E23=0),"",IF($F23="",EDATE(TODAY(),$E23),EDATE($F23,$E23))) | L23: =IF($K23="","",$K23-TODAY()) | M23: =IF($A23="","",IF(AND($J23="",$L23=""),"-",IF(OR(AND($J23<>"",$J23<=0),AND($L23<>"",$L23<0)),"교체",IF(OR(AND($J23<>"",$J23<=사용안내!$C$16),AND($L23<>"",$L23<=사용안내!$C$17)),"임박","정상"))))
A24: =IF(OR(차량목록!$A4="",정비항목!$A9="",차량목록!$G4="매각"),"",차량목록!$A4) | B24: =IF($A24="","",차량목록!$B4) | C24: =IF($A24="","",정비항목!$B9) | D24: =IF($A24="","",IF(정비항목!$C9="",0,정비항목!$C9)) | E24: =IF($A24="","",IF(정비항목!$D9="",0,정비항목!$D9)) | F24: =IF($A24="","",IF(COUNTIFS(정비이력!$B$3:$B$1002,$A24,정비이력!$D$3:$D$1002,정비항목!$A9)=0,"",SUMPRODUCT(MAX((정비이력!$B$3:$B$1002=$A24)*(정비이력!$D$3:$D$1002=정비항목!$A9)*정비이력!$A$3:$A$1002)))) | G24: =IF($A24="","",IF($F24="","",SUMPRODUCT(MAX((정비이력!$B$3:$B$1002=$A24)*(정비이력!$D$3:$D$1002=정비항목!$A9)*정비이력!$F$3:$F$1002)))) | H24: =IF($A24="","",IF(차량목록!$E4="",0,차량목록!$E4)) | I24: =IF(OR($A24="",$D24=0),"",IF($G24="",$H24+$D24,$G24+$D24)) | J24: =IF($I24="","",$I24-$H24) | K24: =IF(OR($A24="",$E24=0),"",IF($F24="",EDATE(TODAY(),$E24),EDATE($F24,$E24))) | L24: =IF($K24="","",$K24-TODAY()) | M24: =IF($A24="","",IF(AND($J24="",$L24=""),"-",IF(OR(AND($J24<>"",$J24<=0),AND($L24<>"",$L24<0)),"교체",IF(OR(AND($J24<>"",$J24<=사용안내!$C$16),AND($L24<>"",$L24<=사용안내!$C$17)),"임박","정상"))))
A25: =IF(OR(차량목록!$A4="",정비항목!$A10="",차량목록!$G4="매각"),"",차량목록!$A4) | B25: =IF($A25="","",차량목록!$B4) | C25: =IF($A25="","",정비항목!$B10) | D25: =IF($A25="","",IF(정비항목!$C10="",0,정비항목!$C10)) | E25: =IF($A25="","",IF(정비항목!$D10="",0,정비항목!$D10)) | F25: =IF($A25="","",IF(COUNTIFS(정비이력!$B$3:$B$1002,$A25,정비이력!$D$3:$D$1002,정비항목!$A10)=0,"",SUMPRODUCT(MAX((정비이력!$B$3:$B$1002=$A25)*(정비이력!$D$3:$D$1002=정비항목!$A10)*정비이력!$A$3:$A$1002)))) | G25: =IF($A25="","",IF($F25="","",SUMPRODUCT(MAX((정비이력!$B$3:$B$1002=$A25)*(정비이력!$D$3:$D$1002=정비항목!$A10)*정비이력!$F$3:$F$1002)))) | H25: =IF($A25="","",IF(차량목록!$E4="",0,차량목록!$E4)) | I25: =IF(OR($A25="",$D25=0),"",IF($G25="",$H25+$D25,$G25+$D25)) | J25: =IF($I25="","",$I25-$H25) | K25: =IF(OR($A25="",$E25=0),"",IF($F25="",EDATE(TODAY(),$E25),EDATE($F25,$E25))) | L25: =IF($K25="","",$K25-TODAY()) | M25: =IF($A25="","",IF(AND($J25="",$L25=""),"-",IF(OR(AND($J25<>"",$J25<=0),AND($L25<>"",$L25<0)),"교체",IF(OR(AND($J25<>"",$J25<=사용안내!$C$16),AND($L25<>"",$L25<=사용안내!$C$17)),"임박","정상"))))
A26: =IF(OR(차량목록!$A4="",정비항목!$A11="",차량목록!$G4="매각"),"",차량목록!$A4) | B26: =IF($A26="","",차량목록!$B4) | C26: =IF($A26="","",정비항목!$B11) | D26: =IF($A26="","",IF(정비항목!$C11="",0,정비항목!$C11)) | E26: =IF($A26="","",IF(정비항목!$D11="",0,정비항목!$D11)) | F26: =IF($A26="","",IF(COUNTIFS(정비이력!$B$3:$B$1002,$A26,정비이력!$D$3:$D$1002,정비항목!$A11)=0,"",SUMPRODUCT(MAX((정비이력!$B$3:$B$1002=$A26)*(정비이력!$D$3:$D$1002=정비항목!$A11)*정비이력!$A$3:$A$1002)))) | G26: =IF($A26="","",IF($F26="","",SUMPRODUCT(MAX((정비이력!$B$3:$B$1002=$A26)*(정비이력!$D$3:$D$1002=정비항목!$A11)*정비이력!$F$3:$F$1002)))) | H26: =IF($A26="","",IF(차량목록!$E4="",0,차량목록!$E4)) | I26: =IF(OR($A26="",$D26=0),"",IF($G26="",$H26+$D26,$G26+$D26)) | J26: =IF($I26="","",$I26-$H26) | K26: =IF(OR($A26="",$E26=0),"",IF($F26="",EDATE(TODAY(),$E26),EDATE($F26,$E26))) | L26: =IF($K26="","",$K26-TODAY()) | M26: =IF($A26="","",IF(AND($J26="",$L26=""),"-",IF(OR(AND($J26<>"",$J26<=0),AND($L26<>"",$L26<0)),"교체",IF(OR(AND($J26<>"",$J26<=사용안내!$C$16),AND($L26<>"",$L26<=사용안내!$C$17)),"임박","정상"))))
A27: =IF(OR(차량목록!$A4="",정비항목!$A12="",차량목록!$G4="매각"),"",차량목록!$A4) | B27: =IF($A27="","",차량목록!$B4) | C27: =IF($A27="","",정비항목!$B12) | D27: =IF($A27="","",IF(정비항목!$C12="",0,정비항목!$C12)) | E27: =IF($A27="","",IF(정비항목!$D12="",0,정비항목!$D12)) | F27: =IF($A27="","",IF(COUNTIFS(정비이력!$B$3:$B$1002,$A27,정비이력!$D$3:$D$1002,정비항목!$A12)=0,"",SUMPRODUCT(MAX((정비이력!$B$3:$B$1002=$A27)*(정비이력!$D$3:$D$1002=정비항목!$A12)*정비이력!$A$3:$A$1002)))) | G27: =IF($A27="","",IF($F27="","",SUMPRODUCT(MAX((정비이력!$B$3:$B$1002=$A27)*(정비이력!$D$3:$D$1002=정비항목!$A12)*정비이력!$F$3:$F$1002)))) | H27: =IF($A27="","",IF(차량목록!$E4="",0,차량목록!$E4)) | I27: =IF(OR($A27="",$D27=0),"",IF($G27="",$H27+$D27,$G27+$D27)) | J27: =IF($I27="","",$I27-$H27) | K27: =IF(OR($A27="",$E27=0),"",IF($F27="",EDATE(TODAY(),$E27),EDATE($F27,$E27))) | L27: =IF($K27="","",$K27-TODAY()) | M27: =IF($A27="","",IF(AND($J27="",$L27=""),"-",IF(OR(AND($J27<>"",$J27<=0),AND($L27<>"",$L27<0)),"교체",IF(OR(AND($J27<>"",$J27<=사용안내!$C$16),AND($L27<>"",$L27<=사용안내!$C$17)),"임박","정상"))))
A28: =IF(OR(차량목록!$A4="",정비항목!$A13="",차량목록!$G4="매각"),"",차량목록!$A4) | B28: =IF($A28="","",차량목록!$B4) | C28: =IF($A28="","",정비항목!$B13) | D28: =IF($A28="","",IF(정비항목!$C13="",0,정비항목!$C13)) | E28: =IF($A28="","",IF(정비항목!$D13="",0,정비항목!$D13)) | F28: =IF($A28="","",IF(COUNTIFS(정비이력!$B$3:$B$1002,$A28,정비이력!$D$3:$D$1002,정비항목!$A13)=0,"",SUMPRODUCT(MAX((정비이력!$B$3:$B$1002=$A28)*(정비이력!$D$3:$D$1002=정비항목!$A13)*정비이력!$A$3:$A$1002)))) | G28: =IF($A28="","",IF($F28="","",SUMPRODUCT(MAX((정비이력!$B$3:$B$1002=$A28)*(정비이력!$D$3:$D$1002=정비항목!$A13)*정비이력!$F$3:$F$1002)))) | H28: =IF($A28="","",IF(차량목록!$E4="",0,차량목록!$E4)) | I28: =IF(OR($A28="",$D28=0),"",IF($G28="",$H28+$D28,$G28+$D28)) | J28: =IF($I28="","",$I28-$H28) | K28: =IF(OR($A28="",$E28=0),"",IF($F28="",EDATE(TODAY(),$E28),EDATE($F28,$E28))) | L28: =IF($K28="","",$K28-TODAY()) | M28: =IF($A28="","",IF(AND($J28="",$L28=""),"-",IF(OR(AND($J28<>"",$J28<=0),AND($L28<>"",$L28<0)),"교체",IF(OR(AND($J28<>"",$J28<=사용안내!$C$16),AND($L28<>"",$L28<=사용안내!$C$17)),"임박","정상"))))
A29: =IF(OR(차량목록!$A4="",정비항목!$A14="",차량목록!$G4="매각"),"",차량목록!$A4) | B29: =IF($A29="","",차량목록!$B4) | C29: =IF($A29="","",정비항목!$B14) | D29: =IF($A29="","",IF(정비항목!$C14="",0,정비항목!$C14)) | E29: =IF($A29="","",IF(정비항목!$D14="",0,정비항목!$D14)) | F29: =IF($A29="","",IF(COUNTIFS(정비이력!$B$3:$B$1002,$A29,정비이력!$D$3:$D$1002,정비항목!$A14)=0,"",SUMPRODUCT(MAX((정비이력!$B$3:$B$1002=$A29)*(정비이력!$D$3:$D$1002=정비항목!$A14)*정비이력!$A$3:$A$1002)))) | G29: =IF($A29="","",IF($F29="","",SUMPRODUCT(MAX((정비이력!$B$3:$B$1002=$A29)*(정비이력!$D$3:$D$1002=정비항목!$A14)*정비이력!$F$3:$F$1002)))) | H29: =IF($A29="","",IF(차량목록!$E4="",0,차량목록!$E4)) | I29: =IF(OR($A29="",$D29=0),"",IF($G29="",$H29+$D29,$G29+$D29)) | J29: =IF($I29="","",$I29-$H29) | K29: =IF(OR($A29="",$E29=0),"",IF($F29="",EDATE(TODAY(),$E29),EDATE($F29,$E29))) | L29: =IF($K29="","",$K29-TODAY()) | M29: =IF($A29="","",IF(AND($J29="",$L29=""),"-",IF(OR(AND($J29<>"",$J29<=0),AND($L29<>"",$L29<0)),"교체",IF(OR(AND($J29<>"",$J29<=사용안내!$C$16),AND($L29<>"",$L29<=사용안내!$C$17)),"임박","정상"))))
A30: =IF(OR(차량목록!$A5="",정비항목!$A3="",차량목록!$G5="매각"),"",차량목록!$A5) -> 56다7890 | B30: =IF($A30="","",차량목록!$B5) -> 스타렉스 | C30: =IF($A30="","",정비항목!$B3) -> 엔진오일 | D30: =IF($A30="","",IF(정비항목!$C3="",0,정비항목!$C3)) -> 10000 | E30: =IF($A30="","",IF(정비항목!$D3="",0,정비항목!$D3)) -> 6 | F30: =IF($A30="","",IF(COUNTIFS(정비이력!$B$3:$B$1002,$A30,정비이력!$D$3:$D$1002,정비항목!$A3)=0,"",SUMPRODUCT(MAX((정비이력!$B$3:$B$1002=$A30)*(정비이력!$D$3:$D$1002=정비항목!$A3)*정비이력!$A$3:$A$1002)))) | G30: =IF($A30="","",IF($F30="","",SUMPRODUCT(MAX((정비이력!$B$3:$B$1002=$A30)*(정비이력!$D$3:$D$1002=정비항목!$A3)*정비이력!$F$3:$F$1002)))) | H30: =IF($A30="","",IF(차량목록!$E5="",0,차량목록!$E5)) -> 125000 | I30: =IF(OR($A30="",$D30=0),"",IF($G30="",$H30+$D30,$G30+$D30)) -> 135000 | J30: =IF($I30="","",$I30-$H30) -> 10000 | K30: =IF(OR($A30="",$E30=0),"",IF($F30="",EDATE(TODAY(),$E30),EDATE($F30,$E30))) -> 46460 | L30: =IF($K30="","",$K30-TODAY()) -> 181 | M30: =IF($A30="","",IF(AND($J30="",$L30=""),"-",IF(OR(AND($J30<>"",$J30<=0),AND($L30<>"",$L30<0)),"교체",IF(OR(AND($J30<>"",$J30<=사용안내!$C$16),AND($L30<>"",$L30<=사용안내!$C$17)),"임박","정상")))) -> 정상
A31: =IF(OR(차량목록!$A5="",정비항목!$A4="",차량목록!$G5="매각"),"",차량목록!$A5) -> 56다7890 | B31: =IF($A31="","",차량목록!$B5) -> 스타렉스 | C31: =IF($A31="","",정비항목!$B4) -> 에어크리너 | D31: =IF($A31="","",IF(정비항목!$C4="",0,정비항목!$C4)) -> 20000 | E31: =IF($A31="","",IF(정비항목!$D4="",0,정비항목!$D4)) -> 12 | F31: =IF($A31="","",IF(COUNTIFS(정비이력!$B$3:$B$1002,$A31,정비이력!$D$3:$D$1002,정비항목!$A4)=0,"",SUMPRODUCT(MAX((정비이력!$B$3:$B$1002=$A31)*(정비이력!$D$3:$D$1002=정비항목!$A4)*정비이력!$A$3:$A$1002)))) | G31: =IF($A31="","",IF($F31="","",SUMPRODUCT(MAX((정비이력!$B$3:$B$1002=$A31)*(정비이력!$D$3:$D$1002=정비항목!$A4)*정비이력!$F$3:$F$1002)))) | H31: =IF($A31="","",IF(차량목록!$E5="",0,차량목록!$E5)) -> 125000 | I31: =IF(OR($A31="",$D31=0),"",IF($G31="",$H31+$D31,$G31+$D31)) -> 145000 | J31: =IF($I31="","",$I31-$H31) -> 20000 | K31: =IF(OR($A31="",$E31=0),"",IF($F31="",EDATE(TODAY(),$E31),EDATE($F31,$E31))) -> 46644 | L31: =IF($K31="","",$K31-TODAY()) -> 365 | M31: =IF($A31="","",IF(AND($J31="",$L31=""),"-",IF(OR(AND($J31<>"",$J31<=0),AND($L31<>"",$L31<0)),"교체",IF(OR(AND($J31<>"",$J31<=사용안내!$C$16),AND($L31<>"",$L31<=사용안내!$C$17)),"임박","정상")))) -> 정상
A32: =IF(OR(차량목록!$A5="",정비항목!$A5="",차량목록!$G5="매각"),"",차량목록!$A5) -> 56다7890 | B32: =IF($A32="","",차량목록!$B5) -> 스타렉스 | C32: =IF($A32="","",정비항목!$B5) -> 타이어 | D32: =IF($A32="","",IF(정비항목!$C5="",0,정비항목!$C5)) -> 50000 | E32: =IF($A32="","",IF(정비항목!$D5="",0,정비항목!$D5)) -> 36 | F32: =IF($A32="","",IF(COUNTIFS(정비이력!$B$3:$B$1002,$A32,정비이력!$D$3:$D$1002,정비항목!$A5)=0,"",SUMPRODUCT(MAX((정비이력!$B$3:$B$1002=$A32)*(정비이력!$D$3:$D$1002=정비항목!$A5)*정비이력!$A$3:$A$1002)))) -> 45536 | G32: =IF($A32="","",IF($F32="","",SUMPRODUCT(MAX((정비이력!$B$3:$B$1002=$A32)*(정비이력!$D$3:$D$1002=정비항목!$A5)*정비이력!$F$3:$F$1002)))) -> 95000 | H32: =IF($A32="","",IF(차량목록!$E5="",0,차량목록!$E5)) -> 125000 | I32: =IF(OR($A32="",$D32=0),"",IF($G32="",$H32+$D32,$G32+$D32)) -> 145000 | J32: =IF($I32="","",$I32-$H32) -> 20000 | K32: =IF(OR($A32="",$E32=0),"",IF($F32="",EDATE(TODAY(),$E32),EDATE($F32,$E32))) -> 46631 | L32: =IF($K32="","",$K32-TODAY()) -> 352 | M32: =IF($A32="","",IF(AND($J32="",$L32=""),"-",IF(OR(AND($J32<>"",$J32<=0),AND($L32<>"",$L32<0)),"교체",IF(OR(AND($J32<>"",$J32<=사용안내!$C$16),AND($L32<>"",$L32<=사용안내!$C$17)),"임박","정상")))) -> 정상
A33: =IF(OR(차량목록!$A5="",정비항목!$A6="",차량목록!$G5="매각"),"",차량목록!$A5) -> 56다7890 | B33: =IF($A33="","",차량목록!$B5) -> 스타렉스 | C33: =IF($A33="","",정비항목!$B6) -> 브레이크 패드 | D33: =IF($A33="","",IF(정비항목!$C6="",0,정비항목!$C6)) -> 40000 | E33: =IF($A33="","",IF(정비항목!$D6="",0,정비항목!$D6)) -> 24 | F33: =IF($A33="","",IF(COUNTIFS(정비이력!$B$3:$B$1002,$A33,정비이력!$D$3:$D$1002,정비항목!$A6)=0,"",SUMPRODUCT(MAX((정비이력!$B$3:$B$1002=$A33)*(정비이력!$D$3:$D$1002=정비항목!$A6)*정비이력!$A$3:$A$1002)))) | G33: =IF($A33="","",IF($F33="","",SUMPRODUCT(MAX((정비이력!$B$3:$B$1002=$A33)*(정비이력!$D$3:$D$1002=정비항목!$A6)*정비이력!$F$3:$F$1002)))) | H33: =IF($A33="","",IF(차량목록!$E5="",0,차량목록!$E5)) -> 125000 | I33: =IF(OR($A33="",$D33=0),"",IF($G33="",$H33+$D33,$G33+$D33)) -> 165000 | J33: =IF($I33="","",$I33-$H33) -> 40000 | K33: =IF(OR($A33="",$E33=0),"",IF($F33="",EDATE(TODAY(),$E33),EDATE($F33,$E33))) -> 47010 | L33: =IF($K33="","",$K33-TODAY()) -> 731 | M33: =IF($A33="","",IF(AND($J33="",$L33=""),"-",IF(OR(AND($J33<>"",$J33<=0),AND($L33<>"",$L33<0)),"교체",IF(OR(AND($J33<>"",$J33<=사용안내!$C$16),AND($L33<>"",$L33<=사용안내!$C$17)),"임박","정상")))) -> 정상
A34: =IF(OR(차량목록!$A5="",정비항목!$A7="",차량목록!$G5="매각"),"",차량목록!$A5) -> 56다7890 | B34: =IF($A34="","",차량목록!$B5) -> 스타렉스 | C34: =IF($A34="","",정비항목!$B7) -> 정기검사 | D34: =IF($A34="","",IF(정비항목!$C7="",0,정비항목!$C7)) -> 0 | E34: =IF($A34="","",IF(정비항목!$D7="",0,정비항목!$D7)) -> 12 | F34: =IF($A34="","",IF(COUNTIFS(정비이력!$B$3:$B$1002,$A34,정비이력!$D$3:$D$1002,정비항목!$A7)=0,"",SUMPRODUCT(MAX((정비이력!$B$3:$B$1002=$A34)*(정비이력!$D$3:$D$1002=정비항목!$A7)*정비이력!$A$3:$A$1002)))) | G34: =IF($A34="","",IF($F34="","",SUMPRODUCT(MAX((정비이력!$B$3:$B$1002=$A34)*(정비이력!$D$3:$D$1002=정비항목!$A7)*정비이력!$F$3:$F$1002)))) | H34: =IF($A34="","",IF(차량목록!$E5="",0,차량목록!$E5)) -> 125000 | I34: =IF(OR($A34="",$D34=0),"",IF($G34="",$H34+$D34,$G34+$D34)) | J34: =IF($I34="","",$I34-$H34) | K34: =IF(OR($A34="",$E34=0),"",IF($F34="",EDATE(TODAY(),$E34),EDATE($F34,$E34))) -> 46644 | L34: =IF($K34="","",$K34-TODAY()) -> 365 | M34: =IF($A34="","",IF(AND($J34="",$L34=""),"-",IF(OR(AND($J34<>"",$J34<=0),AND($L34<>"",$L34<0)),"교체",IF(OR(AND($J34<>"",$J34<=사용안내!$C$16),AND($L34<>"",$L34<=사용안내!$C$17)),"임박","정상")))) -> 정상
A35: =IF(OR(차량목록!$A5="",정비항목!$A8="",차량목록!$G5="매각"),"",차량목록!$A5) | B35: =IF($A35="","",차량목록!$B5) | C35: =IF($A35="","",정비항목!$B8) | D35: =IF($A35="","",IF(정비항목!$C8="",0,정비항목!$C8)) | E35: =IF($A35="","",IF(정비항목!$D8="",0,정비항목!$D8)) | F35: =IF($A35="","",IF(COUNTIFS(정비이력!$B$3:$B$1002,$A35,정비이력!$D$3:$D$1002,정비항목!$A8)=0,"",SUMPRODUCT(MAX((정비이력!$B$3:$B$1002=$A35)*(정비이력!$D$3:$D$1002=정비항목!$A8)*정비이력!$A$3:$A$1002)))) | G35: =IF($A35="","",IF($F35="","",SUMPRODUCT(MAX((정비이력!$B$3:$B$1002=$A35)*(정비이력!$D$3:$D$1002=정비항목!$A8)*정비이력!$F$3:$F$1002)))) | H35: =IF($A35="","",IF(차량목록!$E5="",0,차량목록!$E5)) | I35: =IF(OR($A35="",$D35=0),"",IF($G35="",$H35+$D35,$G35+$D35)) | J35: =IF($I35="","",$I35-$H35) | K35: =IF(OR($A35="",$E35=0),"",IF($F35="",EDATE(TODAY(),$E35),EDATE($F35,$E35))) | L35: =IF($K35="","",$K35-TODAY()) | M35: =IF($A35="","",IF(AND($J35="",$L35=""),"-",IF(OR(AND($J35<>"",$J35<=0),AND($L35<>"",$L35<0)),"교체",IF(OR(AND($J35<>"",$J35<=사용안내!$C$16),AND($L35<>"",$L35<=사용안내!$C$17)),"임박","정상"))))
A36: =IF(OR(차량목록!$A5="",정비항목!$A9="",차량목록!$G5="매각"),"",차량목록!$A5) | B36: =IF($A36="","",차량목록!$B5) | C36: =IF($A36="","",정비항목!$B9) | D36: =IF($A36="","",IF(정비항목!$C9="",0,정비항목!$C9)) | E36: =IF($A36="","",IF(정비항목!$D9="",0,정비항목!$D9)) | F36: =IF($A36="","",IF(COUNTIFS(정비이력!$B$3:$B$1002,$A36,정비이력!$D$3:$D$1002,정비항목!$A9)=0,"",SUMPRODUCT(MAX((정비이력!$B$3:$B$1002=$A36)*(정비이력!$D$3:$D$1002=정비항목!$A9)*정비이력!$A$3:$A$1002)))) | G36: =IF($A36="","",IF($F36="","",SUMPRODUCT(MAX((정비이력!$B$3:$B$1002=$A36)*(정비이력!$D$3:$D$1002=정비항목!$A9)*정비이력!$F$3:$F$1002)))) | H36: =IF($A36="","",IF(차량목록!$E5="",0,차량목록!$E5)) | I36: =IF(OR($A36="",$D36=0),"",IF($G36="",$H36+$D36,$G36+$D36)) | J36: =IF($I36="","",$I36-$H36) | K36: =IF(OR($A36="",$E36=0),"",IF($F36="",EDATE(TODAY(),$E36),EDATE($F36,$E36))) | L36: =IF($K36="","",$K36-TODAY()) | M36: =IF($A36="","",IF(AND($J36="",$L36=""),"-",IF(OR(AND($J36<>"",$J36<=0),AND($L36<>"",$L36<0)),"교체",IF(OR(AND($J36<>"",$J36<=사용안내!$C$16),AND($L36<>"",$L36<=사용안내!$C$17)),"임박","정상"))))
A37: =IF(OR(차량목록!$A5="",정비항목!$A10="",차량목록!$G5="매각"),"",차량목록!$A5) | B37: =IF($A37="","",차량목록!$B5) | C37: =IF($A37="","",정비항목!$B10) | D37: =IF($A37="","",IF(정비항목!$C10="",0,정비항목!$C10)) | E37: =IF($A37="","",IF(정비항목!$D10="",0,정비항목!$D10)) | F37: =IF($A37="","",IF(COUNTIFS(정비이력!$B$3:$B$1002,$A37,정비이력!$D$3:$D$1002,정비항목!$A10)=0,"",SUMPRODUCT(MAX((정비이력!$B$3:$B$1002=$A37)*(정비이력!$D$3:$D$1002=정비항목!$A10)*정비이력!$A$3:$A$1002)))) | G37: =IF($A37="","",IF($F37="","",SUMPRODUCT(MAX((정비이력!$B$3:$B$1002=$A37)*(정비이력!$D$3:$D$1002=정비항목!$A10)*정비이력!$F$3:$F$1002)))) | H37: =IF($A37="","",IF(차량목록!$E5="",0,차량목록!$E5)) | I37: =IF(OR($A37="",$D37=0),"",IF($G37="",$H37+$D37,$G37+$D37)) | J37: =IF($I37="","",$I37-$H37) | K37: =IF(OR($A37="",$E37=0),"",IF($F37="",EDATE(TODAY(),$E37),EDATE($F37,$E37))) | L37: =IF($K37="","",$K37-TODAY()) | M37: =IF($A37="","",IF(AND($J37="",$L37=""),"-",IF(OR(AND($J37<>"",$J37<=0),AND($L37<>"",$L37<0)),"교체",IF(OR(AND($J37<>"",$J37<=사용안내!$C$16),AND($L37<>"",$L37<=사용안내!$C$17)),"임박","정상"))))
A38: =IF(OR(차량목록!$A5="",정비항목!$A11="",차량목록!$G5="매각"),"",차량목록!$A5) | B38: =IF($A38="","",차량목록!$B5) | C38: =IF($A38="","",정비항목!$B11) | D38: =IF($A38="","",IF(정비항목!$C11="",0,정비항목!$C11)) | E38: =IF($A38="","",IF(정비항목!$D11="",0,정비항목!$D11)) | F38: =IF($A38="","",IF(COUNTIFS(정비이력!$B$3:$B$1002,$A38,정비이력!$D$3:$D$1002,정비항목!$A11)=0,"",SUMPRODUCT(MAX((정비이력!$B$3:$B$1002=$A38)*(정비이력!$D$3:$D$1002=정비항목!$A11)*정비이력!$A$3:$A$1002)))) | G38: =IF($A38="","",IF($F38="","",SUMPRODUCT(MAX((정비이력!$B$3:$B$1002=$A38)*(정비이력!$D$3:$D$1002=정비항목!$A11)*정비이력!$F$3:$F$1002)))) | H38: =IF($A38="","",IF(차량목록!$E5="",0,차량목록!$E5)) | I38: =IF(OR($A38="",$D38=0),"",IF($G38="",$H38+$D38,$G38+$D38)) | J38: =IF($I38="","",$I38-$H38) | K38: =IF(OR($A38="",$E38=0),"",IF($F38="",EDATE(TODAY(),$E38),EDATE($F38,$E38))) | L38: =IF($K38="","",$K38-TODAY()) | M38: =IF($A38="","",IF(AND($J38="",$L38=""),"-",IF(OR(AND($J38<>"",$J38<=0),AND($L38<>"",$L38<0)),"교체",IF(OR(AND($J38<>"",$J38<=사용안내!$C$16),AND($L38<>"",$L38<=사용안내!$C$17)),"임박","정상"))))
A39: =IF(OR(차량목록!$A5="",정비항목!$A12="",차량목록!$G5="매각"),"",차량목록!$A5) | B39: =IF($A39="","",차량목록!$B5) | C39: =IF($A39="","",정비항목!$B12) | D39: =IF($A39="","",IF(정비항목!$C12="",0,정비항목!$C12)) | E39: =IF($A39="","",IF(정비항목!$D12="",0,정비항목!$D12)) | F39: =IF($A39="","",IF(COUNTIFS(정비이력!$B$3:$B$1002,$A39,정비이력!$D$3:$D$1002,정비항목!$A12)=0,"",SUMPRODUCT(MAX((정비이력!$B$3:$B$1002=$A39)*(정비이력!$D$3:$D$1002=정비항목!$A12)*정비이력!$A$3:$A$1002)))) | G39: =IF($A39="","",IF($F39="","",SUMPRODUCT(MAX((정비이력!$B$3:$B$1002=$A39)*(정비이력!$D$3:$D$1002=정비항목!$A12)*정비이력!$F$3:$F$1002)))) | H39: =IF($A39="","",IF(차량목록!$E5="",0,차량목록!$E5)) | I39: =IF(OR($A39="",$D39=0),"",IF($G39="",$H39+$D39,$G39+$D39)) | J39: =IF($I39="","",$I39-$H39) | K39: =IF(OR($A39="",$E39=0),"",IF($F39="",EDATE(TODAY(),$E39),EDATE($F39,$E39))) | L39: =IF($K39="","",$K39-TODAY()) | M39: =IF($A39="","",IF(AND($J39="",$L39=""),"-",IF(OR(AND($J39<>"",$J39<=0),AND($L39<>"",$L39<0)),"교체",IF(OR(AND($J39<>"",$J39<=사용안내!$C$16),AND($L39<>"",$L39<=사용안내!$C$17)),"임박","정상"))))
A40: =IF(OR(차량목록!$A5="",정비항목!$A13="",차량목록!$G5="매각"),"",차량목록!$A5) | B40: =IF($A40="","",차량목록!$B5) | C40: =IF($A40="","",정비항목!$B13) | D40: =IF($A40="","",IF(정비항목!$C13="",0,정비항목!$C13)) | E40: =IF($A40="","",IF(정비항목!$D13="",0,정비항목!$D13)) | F40: =IF($A40="","",IF(COUNTIFS(정비이력!$B$3:$B$1002,$A40,정비이력!$D$3:$D$1002,정비항목!$A13)=0,"",SUMPRODUCT(MAX((정비이력!$B$3:$B$1002=$A40)*(정비이력!$D$3:$D$1002=정비항목!$A13)*정비이력!$A$3:$A$1002)))) | G40: =IF($A40="","",IF($F40="","",SUMPRODUCT(MAX((정비이력!$B$3:$B$1002=$A40)*(정비이력!$D$3:$D$1002=정비항목!$A13)*정비이력!$F$3:$F$1002)))) | H40: =IF($A40="","",IF(차량목록!$E5="",0,차량목록!$E5)) | I40: =IF(OR($A40="",$D40=0),"",IF($G40="",$H40+$D40,$G40+$D40)) | J40: =IF($I40="","",$I40-$H40) | K40: =IF(OR($A40="",$E40=0),"",IF($F40="",EDATE(TODAY(),$E40),EDATE($F40,$E40))) | L40: =IF($K40="","",$K40-TODAY()) | M40: =IF($A40="","",IF(AND($J40="",$L40=""),"-",IF(OR(AND($J40<>"",$J40<=0),AND($L40<>"",$L40<0)),"교체",IF(OR(AND($J40<>"",$J40<=사용안내!$C$16),AND($L40<>"",$L40<=사용안내!$C$17)),"임박","정상"))))
A41: =IF(OR(차량목록!$A5="",정비항목!$A14="",차량목록!$G5="매각"),"",차량목록!$A5) | B41: =IF($A41="","",차량목록!$B5) | C41: =IF($A41="","",정비항목!$B14) | D41: =IF($A41="","",IF(정비항목!$C14="",0,정비항목!$C14)) | E41: =IF($A41="","",IF(정비항목!$D14="",0,정비항목!$D14)) | F41: =IF($A41="","",IF(COUNTIFS(정비이력!$B$3:$B$1002,$A41,정비이력!$D$3:$D$1002,정비항목!$A14)=0,"",SUMPRODUCT(MAX((정비이력!$B$3:$B$1002=$A41)*(정비이력!$D$3:$D$1002=정비항목!$A14)*정비이력!$A$3:$A$1002)))) | G41: =IF($A41="","",IF($F41="","",SUMPRODUCT(MAX((정비이력!$B$3:$B$1002=$A41)*(정비이력!$D$3:$D$1002=정비항목!$A14)*정비이력!$F$3:$F$1002)))) | H41: =IF($A41="","",IF(차량목록!$E5="",0,차량목록!$E5)) | I41: =IF(OR($A41="",$D41=0),"",IF($G41="",$H41+$D41,$G41+$D41)) | J41: =IF($I41="","",$I41-$H41) | K41: =IF(OR($A41="",$E41=0),"",IF($F41="",EDATE(TODAY(),$E41),EDATE($F41,$E41))) | L41: =IF($K41="","",$K41-TODAY()) | M41: =IF($A41="","",IF(AND($J41="",$L41=""),"-",IF(OR(AND($J41<>"",$J41<=0),AND($L41<>"",$L41<0)),"교체",IF(OR(AND($J41<>"",$J41<=사용안내!$C$16),AND($L41<>"",$L41<=사용안내!$C$17)),"임박","정상"))))
A42: =IF(OR(차량목록!$A6="",정비항목!$A3="",차량목록!$G6="매각"),"",차량목록!$A6) | B42: =IF($A42="","",차량목록!$B6) | C42: =IF($A42="","",정비항목!$B3) | D42: =IF($A42="","",IF(정비항목!$C3="",0,정비항목!$C3)) | E42: =IF($A42="","",IF(정비항목!$D3="",0,정비항목!$D3)) | F42: =IF($A42="","",IF(COUNTIFS(정비이력!$B$3:$B$1002,$A42,정비이력!$D$3:$D$1002,정비항목!$A3)=0,"",SUMPRODUCT(MAX((정비이력!$B$3:$B$1002=$A42)*(정비이력!$D$3:$D$1002=정비항목!$A3)*정비이력!$A$3:$A$1002)))) | G42: =IF($A42="","",IF($F42="","",SUMPRODUCT(MAX((정비이력!$B$3:$B$1002=$A42)*(정비이력!$D$3:$D$1002=정비항목!$A3)*정비이력!$F$3:$F$1002)))) | H42: =IF($A42="","",IF(차량목록!$E6="",0,차량목록!$E6)) | I42: =IF(OR($A42="",$D42=0),"",IF($G42="",$H42+$D42,$G42+$D42)) | J42: =IF($I42="","",$I42-$H42) | K42: =IF(OR($A42="",$E42=0),"",IF($F42="",EDATE(TODAY(),$E42),EDATE($F42,$E42))) | L42: =IF($K42="","",$K42-TODAY()) | M42: =IF($A42="","",IF(AND($J42="",$L42=""),"-",IF(OR(AND($J42<>"",$J42<=0),AND($L42<>"",$L42<0)),"교체",IF(OR(AND($J42<>"",$J42<=사용안내!$C$16),AND($L42<>"",$L42<=사용안내!$C$17)),"임박","정상"))))
A43: =IF(OR(차량목록!$A6="",정비항목!$A4="",차량목록!$G6="매각"),"",차량목록!$A6) | B43: =IF($A43="","",차량목록!$B6) | C43: =IF($A43="","",정비항목!$B4) | D43: =IF($A43="","",IF(정비항목!$C4="",0,정비항목!$C4)) | E43: =IF($A43="","",IF(정비항목!$D4="",0,정비항목!$D4)) | F43: =IF($A43="","",IF(COUNTIFS(정비이력!$B$3:$B$1002,$A43,정비이력!$D$3:$D$1002,정비항목!$A4)=0,"",SUMPRODUCT(MAX((정비이력!$B$3:$B$1002=$A43)*(정비이력!$D$3:$D$1002=정비항목!$A4)*정비이력!$A$3:$A$1002)))) | G43: =IF($A43="","",IF($F43="","",SUMPRODUCT(MAX((정비이력!$B$3:$B$1002=$A43)*(정비이력!$D$3:$D$1002=정비항목!$A4)*정비이력!$F$3:$F$1002)))) | H43: =IF($A43="","",IF(차량목록!$E6="",0,차량목록!$E6)) | I43: =IF(OR($A43="",$D43=0),"",IF($G43="",$H43+$D43,$G43+$D43)) | J43: =IF($I43="","",$I43-$H43) | K43: =IF(OR($A43="",$E43=0),"",IF($F43="",EDATE(TODAY(),$E43),EDATE($F43,$E43))) | L43: =IF($K43="","",$K43-TODAY()) | M43: =IF($A43="","",IF(AND($J43="",$L43=""),"-",IF(OR(AND($J43<>"",$J43<=0),AND($L43<>"",$L43<0)),"교체",IF(OR(AND($J43<>"",$J43<=사용안내!$C$16),AND($L43<>"",$L43<=사용안내!$C$17)),"임박","정상"))))
A44: =IF(OR(차량목록!$A6="",정비항목!$A5="",차량목록!$G6="매각"),"",차량목록!$A6) | B44: =IF($A44="","",차량목록!$B6) | C44: =IF($A44="","",정비항목!$B5) | D44: =IF($A44="","",IF(정비항목!$C5="",0,정비항목!$C5)) | E44: =IF($A44="","",IF(정비항목!$D5="",0,정비항목!$D5)) | F44: =IF($A44="","",IF(COUNTIFS(정비이력!$B$3:$B$1002,$A44,정비이력!$D$3:$D$1002,정비항목!$A5)=0,"",SUMPRODUCT(MAX((정비이력!$B$3:$B$1002=$A44)*(정비이력!$D$3:$D$1002=정비항목!$A5)*정비이력!$A$3:$A$1002)))) | G44: =IF($A44="","",IF($F44="","",SUMPRODUCT(MAX((정비이력!$B$3:$B$1002=$A44)*(정비이력!$D$3:$D$1002=정비항목!$A5)*정비이력!$F$3:$F$1002)))) | H44: =IF($A44="","",IF(차량목록!$E6="",0,차량목록!$E6)) | I44: =IF(OR($A44="",$D44=0),"",IF($G44="",$H44+$D44,$G44+$D44)) | J44: =IF($I44="","",$I44-$H44) | K44: =IF(OR($A44="",$E44=0),"",IF($F44="",EDATE(TODAY(),$E44),EDATE($F44,$E44))) | L44: =IF($K44="","",$K44-TODAY()) | M44: =IF($A44="","",IF(AND($J44="",$L44=""),"-",IF(OR(AND($J44<>"",$J44<=0),AND($L44<>"",$L44<0)),"교체",IF(OR(AND($J44<>"",$J44<=사용안내!$C$16),AND($L44<>"",$L44<=사용안내!$C$17)),"임박","정상"))))
A45: =IF(OR(차량목록!$A6="",정비항목!$A6="",차량목록!$G6="매각"),"",차량목록!$A6) | B45: =IF($A45="","",차량목록!$B6) | C45: =IF($A45="","",정비항목!$B6) | D45: =IF($A45="","",IF(정비항목!$C6="",0,정비항목!$C6)) | E45: =IF($A45="","",IF(정비항목!$D6="",0,정비항목!$D6)) | F45: =IF($A45="","",IF(COUNTIFS(정비이력!$B$3:$B$1002,$A45,정비이력!$D$3:$D$1002,정비항목!$A6)=0,"",SUMPRODUCT(MAX((정비이력!$B$3:$B$1002=$A45)*(정비이력!$D$3:$D$1002=정비항목!$A6)*정비이력!$A$3:$A$1002)))) | G45: =IF($A45="","",IF($F45="","",SUMPRODUCT(MAX((정비이력!$B$3:$B$1002=$A45)*(정비이력!$D$3:$D$1002=정비항목!$A6)*정비이력!$F$3:$F$1002)))) | H45: =IF($A45="","",IF(차량목록!$E6="",0,차량목록!$E6)) | I45: =IF(OR($A45="",$D45=0),"",IF($G45="",$H45+$D45,$G45+$D45)) | J45: =IF($I45="","",$I45-$H45) | K45: =IF(OR($A45="",$E45=0),"",IF($F45="",EDATE(TODAY(),$E45),EDATE($F45,$E45))) | L45: =IF($K45="","",$K45-TODAY()) | M45: =IF($A45="","",IF(AND($J45="",$L45=""),"-",IF(OR(AND($J45<>"",$J45<=0),AND($L45<>"",$L45<0)),"교체",IF(OR(AND($J45<>"",$J45<=사용안내!$C$16),AND($L45<>"",$L45<=사용안내!$C$17)),"임박","정상"))))
A46: =IF(OR(차량목록!$A6="",정비항목!$A7="",차량목록!$G6="매각"),"",차량목록!$A6) | B46: =IF($A46="","",차량목록!$B6) | C46: =IF($A46="","",정비항목!$B7) | D46: =IF($A46="","",IF(정비항목!$C7="",0,정비항목!$C7)) | E46: =IF($A46="","",IF(정비항목!$D7="",0,정비항목!$D7)) | F46: =IF($A46="","",IF(COUNTIFS(정비이력!$B$3:$B$1002,$A46,정비이력!$D$3:$D$1002,정비항목!$A7)=0,"",SUMPRODUCT(MAX((정비이력!$B$3:$B$1002=$A46)*(정비이력!$D$3:$D$1002=정비항목!$A7)*정비이력!$A$3:$A$1002)))) | G46: =IF($A46="","",IF($F46="","",SUMPRODUCT(MAX((정비이력!$B$3:$B$1002=$A46)*(정비이력!$D$3:$D$1002=정비항목!$A7)*정비이력!$F$3:$F$1002)))) | H46: =IF($A46="","",IF(차량목록!$E6="",0,차량목록!$E6)) | I46: =IF(OR($A46="",$D46=0),"",IF($G46="",$H46+$D46,$G46+$D46)) | J46: =IF($I46="","",$I46-$H46) | K46: =IF(OR($A46="",$E46=0),"",IF($F46="",EDATE(TODAY(),$E46),EDATE($F46,$E46))) | L46: =IF($K46="","",$K46-TODAY()) | M46: =IF($A46="","",IF(AND($J46="",$L46=""),"-",IF(OR(AND($J46<>"",$J46<=0),AND($L46<>"",$L46<0)),"교체",IF(OR(AND($J46<>"",$J46<=사용안내!$C$16),AND($L46<>"",$L46<=사용안내!$C$17)),"임박","정상"))))
A47: =IF(OR(차량목록!$A6="",정비항목!$A8="",차량목록!$G6="매각"),"",차량목록!$A6) | B47: =IF($A47="","",차량목록!$B6) | C47: =IF($A47="","",정비항목!$B8) | D47: =IF($A47="","",IF(정비항목!$C8="",0,정비항목!$C8)) | E47: =IF($A47="","",IF(정비항목!$D8="",0,정비항목!$D8)) | F47: =IF($A47="","",IF(COUNTIFS(정비이력!$B$3:$B$1002,$A47,정비이력!$D$3:$D$1002,정비항목!$A8)=0,"",SUMPRODUCT(MAX((정비이력!$B$3:$B$1002=$A47)*(정비이력!$D$3:$D$1002=정비항목!$A8)*정비이력!$A$3:$A$1002)))) | G47: =IF($A47="","",IF($F47="","",SUMPRODUCT(MAX((정비이력!$B$3:$B$1002=$A47)*(정비이력!$D$3:$D$1002=정비항목!$A8)*정비이력!$F$3:$F$1002)))) | H47: =IF($A47="","",IF(차량목록!$E6="",0,차량목록!$E6)) | I47: =IF(OR($A47="",$D47=0),"",IF($G47="",$H47+$D47,$G47+$D47)) | J47: =IF($I47="","",$I47-$H47) | K47: =IF(OR($A47="",$E47=0),"",IF($F47="",EDATE(TODAY(),$E47),EDATE($F47,$E47))) | L47: =IF($K47="","",$K47-TODAY()) | M47: =IF($A47="","",IF(AND($J47="",$L47=""),"-",IF(OR(AND($J47<>"",$J47<=0),AND($L47<>"",$L47<0)),"교체",IF(OR(AND($J47<>"",$J47<=사용안내!$C$16),AND($L47<>"",$L47<=사용안내!$C$17)),"임박","정상"))))
A48: =IF(OR(차량목록!$A6="",정비항목!$A9="",차량목록!$G6="매각"),"",차량목록!$A6) | B48: =IF($A48="","",차량목록!$B6) | C48: =IF($A48="","",정비항목!$B9) | D48: =IF($A48="","",IF(정비항목!$C9="",0,정비항목!$C9)) | E48: =IF($A48="","",IF(정비항목!$D9="",0,정비항목!$D9)) | F48: =IF($A48="","",IF(COUNTIFS(정비이력!$B$3:$B$1002,$A48,정비이력!$D$3:$D$1002,정비항목!$A9)=0,"",SUMPRODUCT(MAX((정비이력!$B$3:$B$1002=$A48)*(정비이력!$D$3:$D$1002=정비항목!$A9)*정비이력!$A$3:$A$1002)))) | G48: =IF($A48="","",IF($F48="","",SUMPRODUCT(MAX((정비이력!$B$3:$B$1002=$A48)*(정비이력!$D$3:$D$1002=정비항목!$A9)*정비이력!$F$3:$F$1002)))) | H48: =IF($A48="","",IF(차량목록!$E6="",0,차량목록!$E6)) | I48: =IF(OR($A48="",$D48=0),"",IF($G48="",$H48+$D48,$G48+$D48)) | J48: =IF($I48="","",$I48-$H48) | K48: =IF(OR($A48="",$E48=0),"",IF($F48="",EDATE(TODAY(),$E48),EDATE($F48,$E48))) | L48: =IF($K48="","",$K48-TODAY()) | M48: =IF($A48="","",IF(AND($J48="",$L48=""),"-",IF(OR(AND($J48<>"",$J48<=0),AND($L48<>"",$L48<0)),"교체",IF(OR(AND($J48<>"",$J48<=사용안내!$C$16),AND($L48<>"",$L48<=사용안내!$C$17)),"임박","정상"))))
A49: =IF(OR(차량목록!$A6="",정비항목!$A10="",차량목록!$G6="매각"),"",차량목록!$A6) | B49: =IF($A49="","",차량목록!$B6) | C49: =IF($A49="","",정비항목!$B10) | D49: =IF($A49="","",IF(정비항목!$C10="",0,정비항목!$C10)) | E49: =IF($A49="","",IF(정비항목!$D10="",0,정비항목!$D10)) | F49: =IF($A49="","",IF(COUNTIFS(정비이력!$B$3:$B$1002,$A49,정비이력!$D$3:$D$1002,정비항목!$A10)=0,"",SUMPRODUCT(MAX((정비이력!$B$3:$B$1002=$A49)*(정비이력!$D$3:$D$1002=정비항목!$A10)*정비이력!$A$3:$A$1002)))) | G49: =IF($A49="","",IF($F49="","",SUMPRODUCT(MAX((정비이력!$B$3:$B$1002=$A49)*(정비이력!$D$3:$D$1002=정비항목!$A10)*정비이력!$F$3:$F$1002)))) | H49: =IF($A49="","",IF(차량목록!$E6="",0,차량목록!$E6)) | I49: =IF(OR($A49="",$D49=0),"",IF($G49="",$H49+$D49,$G49+$D49)) | J49: =IF($I49="","",$I49-$H49) | K49: =IF(OR($A49="",$E49=0),"",IF($F49="",EDATE(TODAY(),$E49),EDATE($F49,$E49))) | L49: =IF($K49="","",$K49-TODAY()) | M49: =IF($A49="","",IF(AND($J49="",$L49=""),"-",IF(OR(AND($J49<>"",$J49<=0),AND($L49<>"",$L49<0)),"교체",IF(OR(AND($J49<>"",$J49<=사용안내!$C$16),AND($L49<>"",$L49<=사용안내!$C$17)),"임박","정상"))))
A50: =IF(OR(차량목록!$A6="",정비항목!$A11="",차량목록!$G6="매각"),"",차량목록!$A6) | B50: =IF($A50="","",차량목록!$B6) | C50: =IF($A50="","",정비항목!$B11) | D50: =IF($A50="","",IF(정비항목!$C11="",0,정비항목!$C11)) | E50: =IF($A50="","",IF(정비항목!$D11="",0,정비항목!$D11)) | F50: =IF($A50="","",IF(COUNTIFS(정비이력!$B$3:$B$1002,$A50,정비이력!$D$3:$D$1002,정비항목!$A11)=0,"",SUMPRODUCT(MAX((정비이력!$B$3:$B$1002=$A50)*(정비이력!$D$3:$D$1002=정비항목!$A11)*정비이력!$A$3:$A$1002)))) | G50: =IF($A50="","",IF($F50="","",SUMPRODUCT(MAX((정비이력!$B$3:$B$1002=$A50)*(정비이력!$D$3:$D$1002=정비항목!$A11)*정비이력!$F$3:$F$1002)))) | H50: =IF($A50="","",IF(차량목록!$E6="",0,차량목록!$E6)) | I50: =IF(OR($A50="",$D50=0),"",IF($G50="",$H50+$D50,$G50+$D50)) | J50: =IF($I50="","",$I50-$H50) | K50: =IF(OR($A50="",$E50=0),"",IF($F50="",EDATE(TODAY(),$E50),EDATE($F50,$E50))) | L50: =IF($K50="","",$K50-TODAY()) | M50: =IF($A50="","",IF(AND($J50="",$L50=""),"-",IF(OR(AND($J50<>"",$J50<=0),AND($L50<>"",$L50<0)),"교체",IF(OR(AND($J50<>"",$J50<=사용안내!$C$16),AND($L50<>"",$L50<=사용안내!$C$17)),"임박","정상"))))
A51: =IF(OR(차량목록!$A6="",정비항목!$A12="",차량목록!$G6="매각"),"",차량목록!$A6) | B51: =IF($A51="","",차량목록!$B6) | C51: =IF($A51="","",정비항목!$B12) | D51: =IF($A51="","",IF(정비항목!$C12="",0,정비항목!$C12)) | E51: =IF($A51="","",IF(정비항목!$D12="",0,정비항목!$D12)) | F51: =IF($A51="","",IF(COUNTIFS(정비이력!$B$3:$B$1002,$A51,정비이력!$D$3:$D$1002,정비항목!$A12)=0,"",SUMPRODUCT(MAX((정비이력!$B$3:$B$1002=$A51)*(정비이력!$D$3:$D$1002=정비항목!$A12)*정비이력!$A$3:$A$1002)))) | G51: =IF($A51="","",IF($F51="","",SUMPRODUCT(MAX((정비이력!$B$3:$B$1002=$A51)*(정비이력!$D$3:$D$1002=정비항목!$A12)*정비이력!$F$3:$F$1002)))) | H51: =IF($A51="","",IF(차량목록!$E6="",0,차량목록!$E6)) | I51: =IF(OR($A51="",$D51=0),"",IF($G51="",$H51+$D51,$G51+$D51)) | J51: =IF($I51="","",$I51-$H51) | K51: =IF(OR($A51="",$E51=0),"",IF($F51="",EDATE(TODAY(),$E51),EDATE($F51,$E51))) | L51: =IF($K51="","",$K51-TODAY()) | M51: =IF($A51="","",IF(AND($J51="",$L51=""),"-",IF(OR(AND($J51<>"",$J51<=0),AND($L51<>"",$L51<0)),"교체",IF(OR(AND($J51<>"",$J51<=사용안내!$C$16),AND($L51<>"",$L51<=사용안내!$C$17)),"임박","정상"))))
A52: =IF(OR(차량목록!$A6="",정비항목!$A13="",차량목록!$G6="매각"),"",차량목록!$A6) | B52: =IF($A52="","",차량목록!$B6) | C52: =IF($A52="","",정비항목!$B13) | D52: =IF($A52="","",IF(정비항목!$C13="",0,정비항목!$C13)) | E52: =IF($A52="","",IF(정비항목!$D13="",0,정비항목!$D13)) | F52: =IF($A52="","",IF(COUNTIFS(정비이력!$B$3:$B$1002,$A52,정비이력!$D$3:$D$1002,정비항목!$A13)=0,"",SUMPRODUCT(MAX((정비이력!$B$3:$B$1002=$A52)*(정비이력!$D$3:$D$1002=정비항목!$A13)*정비이력!$A$3:$A$1002)))) | G52: =IF($A52="","",IF($F52="","",SUMPRODUCT(MAX((정비이력!$B$3:$B$1002=$A52)*(정비이력!$D$3:$D$1002=정비항목!$A13)*정비이력!$F$3:$F$1002)))) | H52: =IF($A52="","",IF(차량목록!$E6="",0,차량목록!$E6)) | I52: =IF(OR($A52="",$D52=0),"",IF($G52="",$H52+$D52,$G52+$D52)) | J52: =IF($I52="","",$I52-$H52) | K52: =IF(OR($A52="",$E52=0),"",IF($F52="",EDATE(TODAY(),$E52),EDATE($F52,$E52))) | L52: =IF($K52="","",$K52-TODAY()) | M52: =IF($A52="","",IF(AND($J52="",$L52=""),"-",IF(OR(AND($J52<>"",$J52<=0),AND($L52<>"",$L52<0)),"교체",IF(OR(AND($J52<>"",$J52<=사용안내!$C$16),AND($L52<>"",$L52<=사용안내!$C$17)),"임박","정상"))))
A53: =IF(OR(차량목록!$A6="",정비항목!$A14="",차량목록!$G6="매각"),"",차량목록!$A6) | B53: =IF($A53="","",차량목록!$B6) | C53: =IF($A53="","",정비항목!$B14) | D53: =IF($A53="","",IF(정비항목!$C14="",0,정비항목!$C14)) | E53: =IF($A53="","",IF(정비항목!$D14="",0,정비항목!$D14)) | F53: =IF($A53="","",IF(COUNTIFS(정비이력!$B$3:$B$1002,$A53,정비이력!$D$3:$D$1002,정비항목!$A14)=0,"",SUMPRODUCT(MAX((정비이력!$B$3:$B$1002=$A53)*(정비이력!$D$3:$D$1002=정비항목!$A14)*정비이력!$A$3:$A$1002)))) | G53: =IF($A53="","",IF($F53="","",SUMPRODUCT(MAX((정비이력!$B$3:$B$1002=$A53)*(정비이력!$D$3:$D$1002=정비항목!$A14)*정비이력!$F$3:$F$1002)))) | H53: =IF($A53="","",IF(차량목록!$E6="",0,차량목록!$E6)) | I53: =IF(OR($A53="",$D53=0),"",IF($G53="",$H53+$D53,$G53+$D53)) | J53: =IF($I53="","",$I53-$H53) | K53: =IF(OR($A53="",$E53=0),"",IF($F53="",EDATE(TODAY(),$E53),EDATE($F53,$E53))) | L53: =IF($K53="","",$K53-TODAY()) | M53: =IF($A53="","",IF(AND($J53="",$L53=""),"-",IF(OR(AND($J53<>"",$J53<=0),AND($L53<>"",$L53<0)),"교체",IF(OR(AND($J53<>"",$J53<=사용안내!$C$16),AND($L53<>"",$L53<=사용안내!$C$17)),"임박","정상"))))
A54: =IF(OR(차량목록!$A7="",정비항목!$A3="",차량목록!$G7="매각"),"",차량목록!$A7) | B54: =IF($A54="","",차량목록!$B7) | C54: =IF($A54="","",정비항목!$B3) | D54: =IF($A54="","",IF(정비항목!$C3="",0,정비항목!$C3)) | E54: =IF($A54="","",IF(정비항목!$D3="",0,정비항목!$D3)) | F54: =IF($A54="","",IF(COUNTIFS(정비이력!$B$3:$B$1002,$A54,정비이력!$D$3:$D$1002,정비항목!$A3)=0,"",SUMPRODUCT(MAX((정비이력!$B$3:$B$1002=$A54)*(정비이력!$D$3:$D$1002=정비항목!$A3)*정비이력!$A$3:$A$1002)))) | G54: =IF($A54="","",IF($F54="","",SUMPRODUCT(MAX((정비이력!$B$3:$B$1002=$A54)*(정비이력!$D$3:$D$1002=정비항목!$A3)*정비이력!$F$3:$F$1002)))) | H54: =IF($A54="","",IF(차량목록!$E7="",0,차량목록!$E7)) | I54: =IF(OR($A54="",$D54=0),"",IF($G54="",$H54+$D54,$G54+$D54)) | J54: =IF($I54="","",$I54-$H54) | K54: =IF(OR($A54="",$E54=0),"",IF($F54="",EDATE(TODAY(),$E54),EDATE($F54,$E54))) | L54: =IF($K54="","",$K54-TODAY()) | M54: =IF($A54="","",IF(AND($J54="",$L54=""),"-",IF(OR(AND($J54<>"",$J54<=0),AND($L54<>"",$L54<0)),"교체",IF(OR(AND($J54<>"",$J54<=사용안내!$C$16),AND($L54<>"",$L54<=사용안내!$C$17)),"임박","정상"))))
A55: =IF(OR(차량목록!$A7="",정비항목!$A4="",차량목록!$G7="매각"),"",차량목록!$A7) | B55: =IF($A55="","",차량목록!$B7) | C55: =IF($A55="","",정비항목!$B4) | D55: =IF($A55="","",IF(정비항목!$C4="",0,정비항목!$C4)) | E55: =IF($A55="","",IF(정비항목!$D4="",0,정비항목!$D4)) | F55: =IF($A55="","",IF(COUNTIFS(정비이력!$B$3:$B$1002,$A55,정비이력!$D$3:$D$1002,정비항목!$A4)=0,"",SUMPRODUCT(MAX((정비이력!$B$3:$B$1002=$A55)*(정비이력!$D$3:$D$1002=정비항목!$A4)*정비이력!$A$3:$A$1002)))) | G55: =IF($A55="","",IF($F55="","",SUMPRODUCT(MAX((정비이력!$B$3:$B$1002=$A55)*(정비이력!$D$3:$D$1002=정비항목!$A4)*정비이력!$F$3:$F$1002)))) | H55: =IF($A55="","",IF(차량목록!$E7="",0,차량목록!$E7)) | I55: =IF(OR($A55="",$D55=0),"",IF($G55="",$H55+$D55,$G55+$D55)) | J55: =IF($I55="","",$I55-$H55) | K55: =IF(OR($A55="",$E55=0),"",IF($F55="",EDATE(TODAY(),$E55),EDATE($F55,$E55))) | L55: =IF($K55="","",$K55-TODAY()) | M55: =IF($A55="","",IF(AND($J55="",$L55=""),"-",IF(OR(AND($J55<>"",$J55<=0),AND($L55<>"",$L55<0)),"교체",IF(OR(AND($J55<>"",$J55<=사용안내!$C$16),AND($L55<>"",$L55<=사용안내!$C$17)),"임박","정상"))))
A56: =IF(OR(차량목록!$A7="",정비항목!$A5="",차량목록!$G7="매각"),"",차량목록!$A7) | B56: =IF($A56="","",차량목록!$B7) | C56: =IF($A56="","",정비항목!$B5) | D56: =IF($A56="","",IF(정비항목!$C5="",0,정비항목!$C5)) | E56: =IF($A56="","",IF(정비항목!$D5="",0,정비항목!$D5)) | F56: =IF($A56="","",IF(COUNTIFS(정비이력!$B$3:$B$1002,$A56,정비이력!$D$3:$D$1002,정비항목!$A5)=0,"",SUMPRODUCT(MAX((정비이력!$B$3:$B$1002=$A56)*(정비이력!$D$3:$D$1002=정비항목!$A5)*정비이력!$A$3:$A$1002)))) | G56: =IF($A56="","",IF($F56="","",SUMPRODUCT(MAX((정비이력!$B$3:$B$1002=$A56)*(정비이력!$D$3:$D$1002=정비항목!$A5)*정비이력!$F$3:$F$1002)))) | H56: =IF($A56="","",IF(차량목록!$E7="",0,차량목록!$E7)) | I56: =IF(OR($A56="",$D56=0),"",IF($G56="",$H56+$D56,$G56+$D56)) | J56: =IF($I56="","",$I56-$H56) | K56: =IF(OR($A56="",$E56=0),"",IF($F56="",EDATE(TODAY(),$E56),EDATE($F56,$E56))) | L56: =IF($K56="","",$K56-TODAY()) | M56: =IF($A56="","",IF(AND($J56="",$L56=""),"-",IF(OR(AND($J56<>"",$J56<=0),AND($L56<>"",$L56<0)),"교체",IF(OR(AND($J56<>"",$J56<=사용안내!$C$16),AND($L56<>"",$L56<=사용안내!$C$17)),"임박","정상"))))
A57: =IF(OR(차량목록!$A7="",정비항목!$A6="",차량목록!$G7="매각"),"",차량목록!$A7) | B57: =IF($A57="","",차량목록!$B7) | C57: =IF($A57="","",정비항목!$B6) | D57: =IF($A57="","",IF(정비항목!$C6="",0,정비항목!$C6)) | E57: =IF($A57="","",IF(정비항목!$D6="",0,정비항목!$D6)) | F57: =IF($A57="","",IF(COUNTIFS(정비이력!$B$3:$B$1002,$A57,정비이력!$D$3:$D$1002,정비항목!$A6)=0,"",SUMPRODUCT(MAX((정비이력!$B$3:$B$1002=$A57)*(정비이력!$D$3:$D$1002=정비항목!$A6)*정비이력!$A$3:$A$1002)))) | G57: =IF($A57="","",IF($F57="","",SUMPRODUCT(MAX((정비이력!$B$3:$B$1002=$A57)*(정비이력!$D$3:$D$1002=정비항목!$A6)*정비이력!$F$3:$F$1002)))) | H57: =IF($A57="","",IF(차량목록!$E7="",0,차량목록!$E7)) | I57: =IF(OR($A57="",$D57=0),"",IF($G57="",$H57+$D57,$G57+$D57)) | J57: =IF($I57="","",$I57-$H57) | K57: =IF(OR($A57="",$E57=0),"",IF($F57="",EDATE(TODAY(),$E57),EDATE($F57,$E57))) | L57: =IF($K57="","",$K57-TODAY()) | M57: =IF($A57="","",IF(AND($J57="",$L57=""),"-",IF(OR(AND($J57<>"",$J57<=0),AND($L57<>"",$L57<0)),"교체",IF(OR(AND($J57<>"",$J57<=사용안내!$C$16),AND($L57<>"",$L57<=사용안내!$C$17)),"임박","정상"))))
A58: =IF(OR(차량목록!$A7="",정비항목!$A7="",차량목록!$G7="매각"),"",차량목록!$A7) | B58: =IF($A58="","",차량목록!$B7) | C58: =IF($A58="","",정비항목!$B7) | D58: =IF($A58="","",IF(정비항목!$C7="",0,정비항목!$C7)) | E58: =IF($A58="","",IF(정비항목!$D7="",0,정비항목!$D7)) | F58: =IF($A58="","",IF(COUNTIFS(정비이력!$B$3:$B$1002,$A58,정비이력!$D$3:$D$1002,정비항목!$A7)=0,"",SUMPRODUCT(MAX((정비이력!$B$3:$B$1002=$A58)*(정비이력!$D$3:$D$1002=정비항목!$A7)*정비이력!$A$3:$A$1002)))) | G58: =IF($A58="","",IF($F58="","",SUMPRODUCT(MAX((정비이력!$B$3:$B$1002=$A58)*(정비이력!$D$3:$D$1002=정비항목!$A7)*정비이력!$F$3:$F$1002)))) | H58: =IF($A58="","",IF(차량목록!$E7="",0,차량목록!$E7)) | I58: =IF(OR($A58="",$D58=0),"",IF($G58="",$H58+$D58,$G58+$D58)) | J58: =IF($I58="","",$I58-$H58) | K58: =IF(OR($A58="",$E58=0),"",IF($F58="",EDATE(TODAY(),$E58),EDATE($F58,$E58))) | L58: =IF($K58="","",$K58-TODAY()) | M58: =IF($A58="","",IF(AND($J58="",$L58=""),"-",IF(OR(AND($J58<>"",$J58<=0),AND($L58<>"",$L58<0)),"교체",IF(OR(AND($J58<>"",$J58<=사용안내!$C$16),AND($L58<>"",$L58<=사용안내!$C$17)),"임박","정상"))))
A59: =IF(OR(차량목록!$A7="",정비항목!$A8="",차량목록!$G7="매각"),"",차량목록!$A7) | B59: =IF($A59="","",차량목록!$B7) | C59: =IF($A59="","",정비항목!$B8) | D59: =IF($A59="","",IF(정비항목!$C8="",0,정비항목!$C8)) | E59: =IF($A59="","",IF(정비항목!$D8="",0,정비항목!$D8)) | F59: =IF($A59="","",IF(COUNTIFS(정비이력!$B$3:$B$1002,$A59,정비이력!$D$3:$D$1002,정비항목!$A8)=0,"",SUMPRODUCT(MAX((정비이력!$B$3:$B$1002=$A59)*(정비이력!$D$3:$D$1002=정비항목!$A8)*정비이력!$A$3:$A$1002)))) | G59: =IF($A59="","",IF($F59="","",SUMPRODUCT(MAX((정비이력!$B$3:$B$1002=$A59)*(정비이력!$D$3:$D$1002=정비항목!$A8)*정비이력!$F$3:$F$1002)))) | H59: =IF($A59="","",IF(차량목록!$E7="",0,차량목록!$E7)) | I59: =IF(OR($A59="",$D59=0),"",IF($G59="",$H59+$D59,$G59+$D59)) | J59: =IF($I59="","",$I59-$H59) | K59: =IF(OR($A59="",$E59=0),"",IF($F59="",EDATE(TODAY(),$E59),EDATE($F59,$E59))) | L59: =IF($K59="","",$K59-TODAY()) | M59: =IF($A59="","",IF(AND($J59="",$L59=""),"-",IF(OR(AND($J59<>"",$J59<=0),AND($L59<>"",$L59<0)),"교체",IF(OR(AND($J59<>"",$J59<=사용안내!$C$16),AND($L59<>"",$L59<=사용안내!$C$17)),"임박","정상"))))
A60: =IF(OR(차량목록!$A7="",정비항목!$A9="",차량목록!$G7="매각"),"",차량목록!$A7) | B60: =IF($A60="","",차량목록!$B7) | C60: =IF($A60="","",정비항목!$B9) | D60: =IF($A60="","",IF(정비항목!$C9="",0,정비항목!$C9)) | E60: =IF($A60="","",IF(정비항목!$D9="",0,정비항목!$D9)) | F60: =IF($A60="","",IF(COUNTIFS(정비이력!$B$3:$B$1002,$A60,정비이력!$D$3:$D$1002,정비항목!$A9)=0,"",SUMPRODUCT(MAX((정비이력!$B$3:$B$1002=$A60)*(정비이력!$D$3:$D$1002=정비항목!$A9)*정비이력!$A$3:$A$1002)))) | G60: =IF($A60="","",IF($F60="","",SUMPRODUCT(MAX((정비이력!$B$3:$B$1002=$A60)*(정비이력!$D$3:$D$1002=정비항목!$A9)*정비이력!$F$3:$F$1002)))) | H60: =IF($A60="","",IF(차량목록!$E7="",0,차량목록!$E7)) | I60: =IF(OR($A60="",$D60=0),"",IF($G60="",$H60+$D60,$G60+$D60)) | J60: =IF($I60="","",$I60-$H60) | K60: =IF(OR($A60="",$E60=0),"",IF($F60="",EDATE(TODAY(),$E60),EDATE($F60,$E60))) | L60: =IF($K60="","",$K60-TODAY()) | M60: =IF($A60="","",IF(AND($J60="",$L60=""),"-",IF(OR(AND($J60<>"",$J60<=0),AND($L60<>"",$L60<0)),"교체",IF(OR(AND($J60<>"",$J60<=사용안내!$C$16),AND($L60<>"",$L60<=사용안내!$C$17)),"임박","정상"))))
A61: =IF(OR(차량목록!$A7="",정비항목!$A10="",차량목록!$G7="매각"),"",차량목록!$A7) | B61: =IF($A61="","",차량목록!$B7) | C61: =IF($A61="","",정비항목!$B10) | D61: =IF($A61="","",IF(정비항목!$C10="",0,정비항목!$C10)) | E61: =IF($A61="","",IF(정비항목!$D10="",0,정비항목!$D10)) | F61: =IF($A61="","",IF(COUNTIFS(정비이력!$B$3:$B$1002,$A61,정비이력!$D$3:$D$1002,정비항목!$A10)=0,"",SUMPRODUCT(MAX((정비이력!$B$3:$B$1002=$A61)*(정비이력!$D$3:$D$1002=정비항목!$A10)*정비이력!$A$3:$A$1002)))) | G61: =IF($A61="","",IF($F61="","",SUMPRODUCT(MAX((정비이력!$B$3:$B$1002=$A61)*(정비이력!$D$3:$D$1002=정비항목!$A10)*정비이력!$F$3:$F$1002)))) | H61: =IF($A61="","",IF(차량목록!$E7="",0,차량목록!$E7)) | I61: =IF(OR($A61="",$D61=0),"",IF($G61="",$H61+$D61,$G61+$D61)) | J61: =IF($I61="","",$I61-$H61) | K61: =IF(OR($A61="",$E61=0),"",IF($F61="",EDATE(TODAY(),$E61),EDATE($F61,$E61))) | L61: =IF($K61="","",$K61-TODAY()) | M61: =IF($A61="","",IF(AND($J61="",$L61=""),"-",IF(OR(AND($J61<>"",$J61<=0),AND($L61<>"",$L61<0)),"교체",IF(OR(AND($J61<>"",$J61<=사용안내!$C$16),AND($L61<>"",$L61<=사용안내!$C$17)),"임박","정상"))))
A62: =IF(OR(차량목록!$A7="",정비항목!$A11="",차량목록!$G7="매각"),"",차량목록!$A7) | B62: =IF($A62="","",차량목록!$B7) | C62: =IF($A62="","",정비항목!$B11) | D62: =IF($A62="","",IF(정비항목!$C11="",0,정비항목!$C11)) | E62: =IF($A62="","",IF(정비항목!$D11="",0,정비항목!$D11)) | F62: =IF($A62="","",IF(COUNTIFS(정비이력!$B$3:$B$1002,$A62,정비이력!$D$3:$D$1002,정비항목!$A11)=0,"",SUMPRODUCT(MAX((정비이력!$B$3:$B$1002=$A62)*(정비이력!$D$3:$D$1002=정비항목!$A11)*정비이력!$A$3:$A$1002)))) | G62: =IF($A62="","",IF($F62="","",SUMPRODUCT(MAX((정비이력!$B$3:$B$1002=$A62)*(정비이력!$D$3:$D$1002=정비항목!$A11)*정비이력!$F$3:$F$1002)))) | H62: =IF($A62="","",IF(차량목록!$E7="",0,차량목록!$E7)) | I62: =IF(OR($A62="",$D62=0),"",IF($G62="",$H62+$D62,$G62+$D62)) | J62: =IF($I62="","",$I62-$H62) | K62: =IF(OR($A62="",$E62=0),"",IF($F62="",EDATE(TODAY(),$E62),EDATE($F62,$E62))) | L62: =IF($K62="","",$K62-TODAY()) | M62: =IF($A62="","",IF(AND($J62="",$L62=""),"-",IF(OR(AND($J62<>"",$J62<=0),AND($L62<>"",$L62<0)),"교체",IF(OR(AND($J62<>"",$J62<=사용안내!$C$16),AND($L62<>"",$L62<=사용안내!$C$17)),"임박","정상"))))
A63: =IF(OR(차량목록!$A7="",정비항목!$A12="",차량목록!$G7="매각"),"",차량목록!$A7) | B63: =IF($A63="","",차량목록!$B7) | C63: =IF($A63="","",정비항목!$B12) | D63: =IF($A63="","",IF(정비항목!$C12="",0,정비항목!$C12)) | E63: =IF($A63="","",IF(정비항목!$D12="",0,정비항목!$D12)) | F63: =IF($A63="","",IF(COUNTIFS(정비이력!$B$3:$B$1002,$A63,정비이력!$D$3:$D$1002,정비항목!$A12)=0,"",SUMPRODUCT(MAX((정비이력!$B$3:$B$1002=$A63)*(정비이력!$D$3:$D$1002=정비항목!$A12)*정비이력!$A$3:$A$1002)))) | G63: =IF($A63="","",IF($F63="","",SUMPRODUCT(MAX((정비이력!$B$3:$B$1002=$A63)*(정비이력!$D$3:$D$1002=정비항목!$A12)*정비이력!$F$3:$F$1002)))) | H63: =IF($A63="","",IF(차량목록!$E7="",0,차량목록!$E7)) | I63: =IF(OR($A63="",$D63=0),"",IF($G63="",$H63+$D63,$G63+$D63)) | J63: =IF($I63="","",$I63-$H63) | K63: =IF(OR($A63="",$E63=0),"",IF($F63="",EDATE(TODAY(),$E63),EDATE($F63,$E63))) | L63: =IF($K63="","",$K63-TODAY()) | M63: =IF($A63="","",IF(AND($J63="",$L63=""),"-",IF(OR(AND($J63<>"",$J63<=0),AND($L63<>"",$L63<0)),"교체",IF(OR(AND($J63<>"",$J63<=사용안내!$C$16),AND($L63<>"",$L63<=사용안내!$C$17)),"임박","정상"))))
A64: =IF(OR(차량목록!$A7="",정비항목!$A13="",차량목록!$G7="매각"),"",차량목록!$A7) | B64: =IF($A64="","",차량목록!$B7) | C64: =IF($A64="","",정비항목!$B13) | D64: =IF($A64="","",IF(정비항목!$C13="",0,정비항목!$C13)) | E64: =IF($A64="","",IF(정비항목!$D13="",0,정비항목!$D13)) | F64: =IF($A64="","",IF(COUNTIFS(정비이력!$B$3:$B$1002,$A64,정비이력!$D$3:$D$1002,정비항목!$A13)=0,"",SUMPRODUCT(MAX((정비이력!$B$3:$B$1002=$A64)*(정비이력!$D$3:$D$1002=정비항목!$A13)*정비이력!$A$3:$A$1002)))) | G64: =IF($A64="","",IF($F64="","",SUMPRODUCT(MAX((정비이력!$B$3:$B$1002=$A64)*(정비이력!$D$3:$D$1002=정비항목!$A13)*정비이력!$F$3:$F$1002)))) | H64: =IF($A64="","",IF(차량목록!$E7="",0,차량목록!$E7)) | I64: =IF(OR($A64="",$D64=0),"",IF($G64="",$H64+$D64,$G64+$D64)) | J64: =IF($I64="","",$I64-$H64) | K64: =IF(OR($A64="",$E64=0),"",IF($F64="",EDATE(TODAY(),$E64),EDATE($F64,$E64))) | L64: =IF($K64="","",$K64-TODAY()) | M64: =IF($A64="","",IF(AND($J64="",$L64=""),"-",IF(OR(AND($J64<>"",$J64<=0),AND($L64<>"",$L64<0)),"교체",IF(OR(AND($J64<>"",$J64<=사용안내!$C$16),AND($L64<>"",$L64<=사용안내!$C$17)),"임박","정상"))))
A65: =IF(OR(차량목록!$A7="",정비항목!$A14="",차량목록!$G7="매각"),"",차량목록!$A7) | B65: =IF($A65="","",차량목록!$B7) | C65: =IF($A65="","",정비항목!$B14) | D65: =IF($A65="","",IF(정비항목!$C14="",0,정비항목!$C14)) | E65: =IF($A65="","",IF(정비항목!$D14="",0,정비항목!$D14)) | F65: =IF($A65="","",IF(COUNTIFS(정비이력!$B$3:$B$1002,$A65,정비이력!$D$3:$D$1002,정비항목!$A14)=0,"",SUMPRODUCT(MAX((정비이력!$B$3:$B$1002=$A65)*(정비이력!$D$3:$D$1002=정비항목!$A14)*정비이력!$A$3:$A$1002)))) | G65: =IF($A65="","",IF($F65="","",SUMPRODUCT(MAX((정비이력!$B$3:$B$1002=$A65)*(정비이력!$D$3:$D$1002=정비항목!$A14)*정비이력!$F$3:$F$1002)))) | H65: =IF($A65="","",IF(차량목록!$E7="",0,차량목록!$E7)) | I65: =IF(OR($A65="",$D65=0),"",IF($G65="",$H65+$D65,$G65+$D65)) | J65: =IF($I65="","",$I65-$H65) | K65: =IF(OR($A65="",$E65=0),"",IF($F65="",EDATE(TODAY(),$E65),EDATE($F65,$E65))) | L65: =IF($K65="","",$K65-TODAY()) | M65: =IF($A65="","",IF(AND($J65="",$L65=""),"-",IF(OR(AND($J65<>"",$J65<=0),AND($L65<>"",$L65<0)),"교체",IF(OR(AND($J65<>"",$J65<=사용안내!$C$16),AND($L65<>"",$L65<=사용안내!$C$17)),"임박","정상"))))
A66: =IF(OR(차량목록!$A8="",정비항목!$A3="",차량목록!$G8="매각"),"",차량목록!$A8) | B66: =IF($A66="","",차량목록!$B8) | C66: =IF($A66="","",정비항목!$B3) | D66: =IF($A66="","",IF(정비항목!$C3="",0,정비항목!$C3)) | E66: =IF($A66="","",IF(정비항목!$D3="",0,정비항목!$D3)) | F66: =IF($A66="","",IF(COUNTIFS(정비이력!$B$3:$B$1002,$A66,정비이력!$D$3:$D$1002,정비항목!$A3)=0,"",SUMPRODUCT(MAX((정비이력!$B$3:$B$1002=$A66)*(정비이력!$D$3:$D$1002=정비항목!$A3)*정비이력!$A$3:$A$1002)))) | G66: =IF($A66="","",IF($F66="","",SUMPRODUCT(MAX((정비이력!$B$3:$B$1002=$A66)*(정비이력!$D$3:$D$1002=정비항목!$A3)*정비이력!$F$3:$F$1002)))) | H66: =IF($A66="","",IF(차량목록!$E8="",0,차량목록!$E8)) | I66: =IF(OR($A66="",$D66=0),"",IF($G66="",$H66+$D66,$G66+$D66)) | J66: =IF($I66="","",$I66-$H66) | K66: =IF(OR($A66="",$E66=0),"",IF($F66="",EDATE(TODAY(),$E66),EDATE($F66,$E66))) | L66: =IF($K66="","",$K66-TODAY()) | M66: =IF($A66="","",IF(AND($J66="",$L66=""),"-",IF(OR(AND($J66<>"",$J66<=0),AND($L66<>"",$L66<0)),"교체",IF(OR(AND($J66<>"",$J66<=사용안내!$C$16),AND($L66<>"",$L66<=사용안내!$C$17)),"임박","정상"))))
A67: =IF(OR(차량목록!$A8="",정비항목!$A4="",차량목록!$G8="매각"),"",차량목록!$A8) | B67: =IF($A67="","",차량목록!$B8) | C67: =IF($A67="","",정비항목!$B4) | D67: =IF($A67="","",IF(정비항목!$C4="",0,정비항목!$C4)) | E67: =IF($A67="","",IF(정비항목!$D4="",0,정비항목!$D4)) | F67: =IF($A67="","",IF(COUNTIFS(정비이력!$B$3:$B$1002,$A67,정비이력!$D$3:$D$1002,정비항목!$A4)=0,"",SUMPRODUCT(MAX((정비이력!$B$3:$B$1002=$A67)*(정비이력!$D$3:$D$1002=정비항목!$A4)*정비이력!$A$3:$A$1002)))) | G67: =IF($A67="","",IF($F67="","",SUMPRODUCT(MAX((정비이력!$B$3:$B$1002=$A67)*(정비이력!$D$3:$D$1002=정비항목!$A4)*정비이력!$F$3:$F$1002)))) | H67: =IF($A67="","",IF(차량목록!$E8="",0,차량목록!$E8)) | I67: =IF(OR($A67="",$D67=0),"",IF($G67="",$H67+$D67,$G67+$D67)) | J67: =IF($I67="","",$I67-$H67) | K67: =IF(OR($A67="",$E67=0),"",IF($F67="",EDATE(TODAY(),$E67),EDATE($F67,$E67))) | L67: =IF($K67="","",$K67-TODAY()) | M67: =IF($A67="","",IF(AND($J67="",$L67=""),"-",IF(OR(AND($J67<>"",$J67<=0),AND($L67<>"",$L67<0)),"교체",IF(OR(AND($J67<>"",$J67<=사용안내!$C$16),AND($L67<>"",$L67<=사용안내!$C$17)),"임박","정상"))))
A68: =IF(OR(차량목록!$A8="",정비항목!$A5="",차량목록!$G8="매각"),"",차량목록!$A8) | B68: =IF($A68="","",차량목록!$B8) | C68: =IF($A68="","",정비항목!$B5) | D68: =IF($A68="","",IF(정비항목!$C5="",0,정비항목!$C5)) | E68: =IF($A68="","",IF(정비항목!$D5="",0,정비항목!$D5)) | F68: =IF($A68="","",IF(COUNTIFS(정비이력!$B$3:$B$1002,$A68,정비이력!$D$3:$D$1002,정비항목!$A5)=0,"",SUMPRODUCT(MAX((정비이력!$B$3:$B$1002=$A68)*(정비이력!$D$3:$D$1002=정비항목!$A5)*정비이력!$A$3:$A$1002)))) | G68: =IF($A68="","",IF($F68="","",SUMPRODUCT(MAX((정비이력!$B$3:$B$1002=$A68)*(정비이력!$D$3:$D$1002=정비항목!$A5)*정비이력!$F$3:$F$1002)))) | H68: =IF($A68="","",IF(차량목록!$E8="",0,차량목록!$E8)) | I68: =IF(OR($A68="",$D68=0),"",IF($G68="",$H68+$D68,$G68+$D68)) | J68: =IF($I68="","",$I68-$H68) | K68: =IF(OR($A68="",$E68=0),"",IF($F68="",EDATE(TODAY(),$E68),EDATE($F68,$E68))) | L68: =IF($K68="","",$K68-TODAY()) | M68: =IF($A68="","",IF(AND($J68="",$L68=""),"-",IF(OR(AND($J68<>"",$J68<=0),AND($L68<>"",$L68<0)),"교체",IF(OR(AND($J68<>"",$J68<=사용안내!$C$16),AND($L68<>"",$L68<=사용안내!$C$17)),"임박","정상"))))
A69: =IF(OR(차량목록!$A8="",정비항목!$A6="",차량목록!$G8="매각"),"",차량목록!$A8) | B69: =IF($A69="","",차량목록!$B8) | C69: =IF($A69="","",정비항목!$B6) | D69: =IF($A69="","",IF(정비항목!$C6="",0,정비항목!$C6)) | E69: =IF($A69="","",IF(정비항목!$D6="",0,정비항목!$D6)) | F69: =IF($A69="","",IF(COUNTIFS(정비이력!$B$3:$B$1002,$A69,정비이력!$D$3:$D$1002,정비항목!$A6)=0,"",SUMPRODUCT(MAX((정비이력!$B$3:$B$1002=$A69)*(정비이력!$D$3:$D$1002=정비항목!$A6)*정비이력!$A$3:$A$1002)))) | G69: =IF($A69="","",IF($F69="","",SUMPRODUCT(MAX((정비이력!$B$3:$B$1002=$A69)*(정비이력!$D$3:$D$1002=정비항목!$A6)*정비이력!$F$3:$F$1002)))) | H69: =IF($A69="","",IF(차량목록!$E8="",0,차량목록!$E8)) | I69: =IF(OR($A69="",$D69=0),"",IF($G69="",$H69+$D69,$G69+$D69)) | J69: =IF($I69="","",$I69-$H69) | K69: =IF(OR($A69="",$E69=0),"",IF($F69="",EDATE(TODAY(),$E69),EDATE($F69,$E69))) | L69: =IF($K69="","",$K69-TODAY()) | M69: =IF($A69="","",IF(AND($J69="",$L69=""),"-",IF(OR(AND($J69<>"",$J69<=0),AND($L69<>"",$L69<0)),"교체",IF(OR(AND($J69<>"",$J69<=사용안내!$C$16),AND($L69<>"",$L69<=사용안내!$C$17)),"임박","정상"))))
A70: =IF(OR(차량목록!$A8="",정비항목!$A7="",차량목록!$G8="매각"),"",차량목록!$A8) | B70: =IF($A70="","",차량목록!$B8) | C70: =IF($A70="","",정비항목!$B7) | D70: =IF($A70="","",IF(정비항목!$C7="",0,정비항목!$C7)) | E70: =IF($A70="","",IF(정비항목!$D7="",0,정비항목!$D7)) | F70: =IF($A70="","",IF(COUNTIFS(정비이력!$B$3:$B$1002,$A70,정비이력!$D$3:$D$1002,정비항목!$A7)=0,"",SUMPRODUCT(MAX((정비이력!$B$3:$B$1002=$A70)*(정비이력!$D$3:$D$1002=정비항목!$A7)*정비이력!$A$3:$A$1002)))) | G70: =IF($A70="","",IF($F70="","",SUMPRODUCT(MAX((정비이력!$B$3:$B$1002=$A70)*(정비이력!$D$3:$D$1002=정비항목!$A7)*정비이력!$F$3:$F$1002)))) | H70: =IF($A70="","",IF(차량목록!$E8="",0,차량목록!$E8)) | I70: =IF(OR($A70="",$D70=0),"",IF($G70="",$H70+$D70,$G70+$D70)) | J70: =IF($I70="","",$I70-$H70) | K70: =IF(OR($A70="",$E70=0),"",IF($F70="",EDATE(TODAY(),$E70),EDATE($F70,$E70))) | L70: =IF($K70="","",$K70-TODAY()) | M70: =IF($A70="","",IF(AND($J70="",$L70=""),"-",IF(OR(AND($J70<>"",$J70<=0),AND($L70<>"",$L70<0)),"교체",IF(OR(AND($J70<>"",$J70<=사용안내!$C$16),AND($L70<>"",$L70<=사용안내!$C$17)),"임박","정상"))))
A71: =IF(OR(차량목록!$A8="",정비항목!$A8="",차량목록!$G8="매각"),"",차량목록!$A8) | B71: =IF($A71="","",차량목록!$B8) | C71: =IF($A71="","",정비항목!$B8) | D71: =IF($A71="","",IF(정비항목!$C8="",0,정비항목!$C8)) | E71: =IF($A71="","",IF(정비항목!$D8="",0,정비항목!$D8)) | F71: =IF($A71="","",IF(COUNTIFS(정비이력!$B$3:$B$1002,$A71,정비이력!$D$3:$D$1002,정비항목!$A8)=0,"",SUMPRODUCT(MAX((정비이력!$B$3:$B$1002=$A71)*(정비이력!$D$3:$D$1002=정비항목!$A8)*정비이력!$A$3:$A$1002)))) | G71: =IF($A71="","",IF($F71="","",SUMPRODUCT(MAX((정비이력!$B$3:$B$1002=$A71)*(정비이력!$D$3:$D$1002=정비항목!$A8)*정비이력!$F$3:$F$1002)))) | H71: =IF($A71="","",IF(차량목록!$E8="",0,차량목록!$E8)) | I71: =IF(OR($A71="",$D71=0),"",IF($G71="",$H71+$D71,$G71+$D71)) | J71: =IF($I71="","",$I71-$H71) | K71: =IF(OR($A71="",$E71=0),"",IF($F71="",EDATE(TODAY(),$E71),EDATE($F71,$E71))) | L71: =IF($K71="","",$K71-TODAY()) | M71: =IF($A71="","",IF(AND($J71="",$L71=""),"-",IF(OR(AND($J71<>"",$J71<=0),AND($L71<>"",$L71<0)),"교체",IF(OR(AND($J71<>"",$J71<=사용안내!$C$16),AND($L71<>"",$L71<=사용안내!$C$17)),"임박","정상"))))
A72: =IF(OR(차량목록!$A8="",정비항목!$A9="",차량목록!$G8="매각"),"",차량목록!$A8) | B72: =IF($A72="","",차량목록!$B8) | C72: =IF($A72="","",정비항목!$B9) | D72: =IF($A72="","",IF(정비항목!$C9="",0,정비항목!$C9)) | E72: =IF($A72="","",IF(정비항목!$D9="",0,정비항목!$D9)) | F72: =IF($A72="","",IF(COUNTIFS(정비이력!$B$3:$B$1002,$A72,정비이력!$D$3:$D$1002,정비항목!$A9)=0,"",SUMPRODUCT(MAX((정비이력!$B$3:$B$1002=$A72)*(정비이력!$D$3:$D$1002=정비항목!$A9)*정비이력!$A$3:$A$1002)))) | G72: =IF($A72="","",IF($F72="","",SUMPRODUCT(MAX((정비이력!$B$3:$B$1002=$A72)*(정비이력!$D$3:$D$1002=정비항목!$A9)*정비이력!$F$3:$F$1002)))) | H72: =IF($A72="","",IF(차량목록!$E8="",0,차량목록!$E8)) | I72: =IF(OR($A72="",$D72=0),"",IF($G72="",$H72+$D72,$G72+$D72)) | J72: =IF($I72="","",$I72-$H72) | K72: =IF(OR($A72="",$E72=0),"",IF($F72="",EDATE(TODAY(),$E72),EDATE($F72,$E72))) | L72: =IF($K72="","",$K72-TODAY()) | M72: =IF($A72="","",IF(AND($J72="",$L72=""),"-",IF(OR(AND($J72<>"",$J72<=0),AND($L72<>"",$L72<0)),"교체",IF(OR(AND($J72<>"",$J72<=사용안내!$C$16),AND($L72<>"",$L72<=사용안내!$C$17)),"임박","정상"))))
A73: =IF(OR(차량목록!$A8="",정비항목!$A10="",차량목록!$G8="매각"),"",차량목록!$A8) | B73: =IF($A73="","",차량목록!$B8) | C73: =IF($A73="","",정비항목!$B10) | D73: =IF($A73="","",IF(정비항목!$C10="",0,정비항목!$C10)) | E73: =IF($A73="","",IF(정비항목!$D10="",0,정비항목!$D10)) | F73: =IF($A73="","",IF(COUNTIFS(정비이력!$B$3:$B$1002,$A73,정비이력!$D$3:$D$1002,정비항목!$A10)=0,"",SUMPRODUCT(MAX((정비이력!$B$3:$B$1002=$A73)*(정비이력!$D$3:$D$1002=정비항목!$A10)*정비이력!$A$3:$A$1002)))) | G73: =IF($A73="","",IF($F73="","",SUMPRODUCT(MAX((정비이력!$B$3:$B$1002=$A73)*(정비이력!$D$3:$D$1002=정비항목!$A10)*정비이력!$F$3:$F$1002)))) | H73: =IF($A73="","",IF(차량목록!$E8="",0,차량목록!$E8)) | I73: =IF(OR($A73="",$D73=0),"",IF($G73="",$H73+$D73,$G73+$D73)) | J73: =IF($I73="","",$I73-$H73) | K73: =IF(OR($A73="",$E73=0),"",IF($F73="",EDATE(TODAY(),$E73),EDATE($F73,$E73))) | L73: =IF($K73="","",$K73-TODAY()) | M73: =IF($A73="","",IF(AND($J73="",$L73=""),"-",IF(OR(AND($J73<>"",$J73<=0),AND($L73<>"",$L73<0)),"교체",IF(OR(AND($J73<>"",$J73<=사용안내!$C$16),AND($L73<>"",$L73<=사용안내!$C$17)),"임박","정상"))))
A74: =IF(OR(차량목록!$A8="",정비항목!$A11="",차량목록!$G8="매각"),"",차량목록!$A8) | B74: =IF($A74="","",차량목록!$B8) | C74: =IF($A74="","",정비항목!$B11) | D74: =IF($A74="","",IF(정비항목!$C11="",0,정비항목!$C11)) | E74: =IF($A74="","",IF(정비항목!$D11="",0,정비항목!$D11)) | F74: =IF($A74="","",IF(COUNTIFS(정비이력!$B$3:$B$1002,$A74,정비이력!$D$3:$D$1002,정비항목!$A11)=0,"",SUMPRODUCT(MAX((정비이력!$B$3:$B$1002=$A74)*(정비이력!$D$3:$D$1002=정비항목!$A11)*정비이력!$A$3:$A$1002)))) | G74: =IF($A74="","",IF($F74="","",SUMPRODUCT(MAX((정비이력!$B$3:$B$1002=$A74)*(정비이력!$D$3:$D$1002=정비항목!$A11)*정비이력!$F$3:$F$1002)))) | H74: =IF($A74="","",IF(차량목록!$E8="",0,차량목록!$E8)) | I74: =IF(OR($A74="",$D74=0),"",IF($G74="",$H74+$D74,$G74+$D74)) | J74: =IF($I74="","",$I74-$H74) | K74: =IF(OR($A74="",$E74=0),"",IF($F74="",EDATE(TODAY(),$E74),EDATE($F74,$E74))) | L74: =IF($K74="","",$K74-TODAY()) | M74: =IF($A74="","",IF(AND($J74="",$L74=""),"-",IF(OR(AND($J74<>"",$J74<=0),AND($L74<>"",$L74<0)),"교체",IF(OR(AND($J74<>"",$J74<=사용안내!$C$16),AND($L74<>"",$L74<=사용안내!$C$17)),"임박","정상"))))
A75: =IF(OR(차량목록!$A8="",정비항목!$A12="",차량목록!$G8="매각"),"",차량목록!$A8) | B75: =IF($A75="","",차량목록!$B8) | C75: =IF($A75="","",정비항목!$B12) | D75: =IF($A75="","",IF(정비항목!$C12="",0,정비항목!$C12)) | E75: =IF($A75="","",IF(정비항목!$D12="",0,정비항목!$D12)) | F75: =IF($A75="","",IF(COUNTIFS(정비이력!$B$3:$B$1002,$A75,정비이력!$D$3:$D$1002,정비항목!$A12)=0,"",SUMPRODUCT(MAX((정비이력!$B$3:$B$1002=$A75)*(정비이력!$D$3:$D$1002=정비항목!$A12)*정비이력!$A$3:$A$1002)))) | G75: =IF($A75="","",IF($F75="","",SUMPRODUCT(MAX((정비이력!$B$3:$B$1002=$A75)*(정비이력!$D$3:$D$1002=정비항목!$A12)*정비이력!$F$3:$F$1002)))) | H75: =IF($A75="","",IF(차량목록!$E8="",0,차량목록!$E8)) | I75: =IF(OR($A75="",$D75=0),"",IF($G75="",$H75+$D75,$G75+$D75)) | J75: =IF($I75="","",$I75-$H75) | K75: =IF(OR($A75="",$E75=0),"",IF($F75="",EDATE(TODAY(),$E75),EDATE($F75,$E75))) | L75: =IF($K75="","",$K75-TODAY()) | M75: =IF($A75="","",IF(AND($J75="",$L75=""),"-",IF(OR(AND($J75<>"",$J75<=0),AND($L75<>"",$L75<0)),"교체",IF(OR(AND($J75<>"",$J75<=사용안내!$C$16),AND($L75<>"",$L75<=사용안내!$C$17)),"임박","정상"))))
A76: =IF(OR(차량목록!$A8="",정비항목!$A13="",차량목록!$G8="매각"),"",차량목록!$A8) | B76: =IF($A76="","",차량목록!$B8) | C76: =IF($A76="","",정비항목!$B13) | D76: =IF($A76="","",IF(정비항목!$C13="",0,정비항목!$C13)) | E76: =IF($A76="","",IF(정비항목!$D13="",0,정비항목!$D13)) | F76: =IF($A76="","",IF(COUNTIFS(정비이력!$B$3:$B$1002,$A76,정비이력!$D$3:$D$1002,정비항목!$A13)=0,"",SUMPRODUCT(MAX((정비이력!$B$3:$B$1002=$A76)*(정비이력!$D$3:$D$1002=정비항목!$A13)*정비이력!$A$3:$A$1002)))) | G76: =IF($A76="","",IF($F76="","",SUMPRODUCT(MAX((정비이력!$B$3:$B$1002=$A76)*(정비이력!$D$3:$D$1002=정비항목!$A13)*정비이력!$F$3:$F$1002)))) | H76: =IF($A76="","",IF(차량목록!$E8="",0,차량목록!$E8)) | I76: =IF(OR($A76="",$D76=0),"",IF($G76="",$H76+$D76,$G76+$D76)) | J76: =IF($I76="","",$I76-$H76) | K76: =IF(OR($A76="",$E76=0),"",IF($F76="",EDATE(TODAY(),$E76),EDATE($F76,$E76))) | L76: =IF($K76="","",$K76-TODAY()) | M76: =IF($A76="","",IF(AND($J76="",$L76=""),"-",IF(OR(AND($J76<>"",$J76<=0),AND($L76<>"",$L76<0)),"교체",IF(OR(AND($J76<>"",$J76<=사용안내!$C$16),AND($L76<>"",$L76<=사용안내!$C$17)),"임박","정상"))))
A77: =IF(OR(차량목록!$A8="",정비항목!$A14="",차량목록!$G8="매각"),"",차량목록!$A8) | B77: =IF($A77="","",차량목록!$B8) | C77: =IF($A77="","",정비항목!$B14) | D77: =IF($A77="","",IF(정비항목!$C14="",0,정비항목!$C14)) | E77: =IF($A77="","",IF(정비항목!$D14="",0,정비항목!$D14)) | F77: =IF($A77="","",IF(COUNTIFS(정비이력!$B$3:$B$1002,$A77,정비이력!$D$3:$D$1002,정비항목!$A14)=0,"",SUMPRODUCT(MAX((정비이력!$B$3:$B$1002=$A77)*(정비이력!$D$3:$D$1002=정비항목!$A14)*정비이력!$A$3:$A$1002)))) | G77: =IF($A77="","",IF($F77="","",SUMPRODUCT(MAX((정비이력!$B$3:$B$1002=$A77)*(정비이력!$D$3:$D$1002=정비항목!$A14)*정비이력!$F$3:$F$1002)))) | H77: =IF($A77="","",IF(차량목록!$E8="",0,차량목록!$E8)) | I77: =IF(OR($A77="",$D77=0),"",IF($G77="",$H77+$D77,$G77+$D77)) | J77: =IF($I77="","",$I77-$H77) | K77: =IF(OR($A77="",$E77=0),"",IF($F77="",EDATE(TODAY(),$E77),EDATE($F77,$E77))) | L77: =IF($K77="","",$K77-TODAY()) | M77: =IF($A77="","",IF(AND($J77="",$L77=""),"-",IF(OR(AND($J77<>"",$J77<=0),AND($L77<>"",$L77<0)),"교체",IF(OR(AND($J77<>"",$J77<=사용안내!$C$16),AND($L77<>"",$L77<=사용안내!$C$17)),"임박","정상"))))
A78: =IF(OR(차량목록!$A9="",정비항목!$A3="",차량목록!$G9="매각"),"",차량목록!$A9) | B78: =IF($A78="","",차량목록!$B9) | C78: =IF($A78="","",정비항목!$B3) | D78: =IF($A78="","",IF(정비항목!$C3="",0,정비항목!$C3)) | E78: =IF($A78="","",IF(정비항목!$D3="",0,정비항목!$D3)) | F78: =IF($A78="","",IF(COUNTIFS(정비이력!$B$3:$B$1002,$A78,정비이력!$D$3:$D$1002,정비항목!$A3)=0,"",SUMPRODUCT(MAX((정비이력!$B$3:$B$1002=$A78)*(정비이력!$D$3:$D$1002=정비항목!$A3)*정비이력!$A$3:$A$1002)))) | G78: =IF($A78="","",IF($F78="","",SUMPRODUCT(MAX((정비이력!$B$3:$B$1002=$A78)*(정비이력!$D$3:$D$1002=정비항목!$A3)*정비이력!$F$3:$F$1002)))) | H78: =IF($A78="","",IF(차량목록!$E9="",0,차량목록!$E9)) | I78: =IF(OR($A78="",$D78=0),"",IF($G78="",$H78+$D78,$G78+$D78)) | J78: =IF($I78="","",$I78-$H78) | K78: =IF(OR($A78="",$E78=0),"",IF($F78="",EDATE(TODAY(),$E78),EDATE($F78,$E78))) | L78: =IF($K78="","",$K78-TODAY()) | M78: =IF($A78="","",IF(AND($J78="",$L78=""),"-",IF(OR(AND($J78<>"",$J78<=0),AND($L78<>"",$L78<0)),"교체",IF(OR(AND($J78<>"",$J78<=사용안내!$C$16),AND($L78<>"",$L78<=사용안내!$C$17)),"임박","정상"))))
A79: =IF(OR(차량목록!$A9="",정비항목!$A4="",차량목록!$G9="매각"),"",차량목록!$A9) | B79: =IF($A79="","",차량목록!$B9) | C79: =IF($A79="","",정비항목!$B4) | D79: =IF($A79="","",IF(정비항목!$C4="",0,정비항목!$C4)) | E79: =IF($A79="","",IF(정비항목!$D4="",0,정비항목!$D4)) | F79: =IF($A79="","",IF(COUNTIFS(정비이력!$B$3:$B$1002,$A79,정비이력!$D$3:$D$1002,정비항목!$A4)=0,"",SUMPRODUCT(MAX((정비이력!$B$3:$B$1002=$A79)*(정비이력!$D$3:$D$1002=정비항목!$A4)*정비이력!$A$3:$A$1002)))) | G79: =IF($A79="","",IF($F79="","",SUMPRODUCT(MAX((정비이력!$B$3:$B$1002=$A79)*(정비이력!$D$3:$D$1002=정비항목!$A4)*정비이력!$F$3:$F$1002)))) | H79: =IF($A79="","",IF(차량목록!$E9="",0,차량목록!$E9)) | I79: =IF(OR($A79="",$D79=0),"",IF($G79="",$H79+$D79,$G79+$D79)) | J79: =IF($I79="","",$I79-$H79) | K79: =IF(OR($A79="",$E79=0),"",IF($F79="",EDATE(TODAY(),$E79),EDATE($F79,$E79))) | L79: =IF($K79="","",$K79-TODAY()) | M79: =IF($A79="","",IF(AND($J79="",$L79=""),"-",IF(OR(AND($J79<>"",$J79<=0),AND($L79<>"",$L79<0)),"교체",IF(OR(AND($J79<>"",$J79<=사용안내!$C$16),AND($L79<>"",$L79<=사용안내!$C$17)),"임박","정상"))))
A80: =IF(OR(차량목록!$A9="",정비항목!$A5="",차량목록!$G9="매각"),"",차량목록!$A9) | B80: =IF($A80="","",차량목록!$B9) | C80: =IF($A80="","",정비항목!$B5) | D80: =IF($A80="","",IF(정비항목!$C5="",0,정비항목!$C5)) | E80: =IF($A80="","",IF(정비항목!$D5="",0,정비항목!$D5)) | F80: =IF($A80="","",IF(COUNTIFS(정비이력!$B$3:$B$1002,$A80,정비이력!$D$3:$D$1002,정비항목!$A5)=0,"",SUMPRODUCT(MAX((정비이력!$B$3:$B$1002=$A80)*(정비이력!$D$3:$D$1002=정비항목!$A5)*정비이력!$A$3:$A$1002)))) | G80: =IF($A80="","",IF($F80="","",SUMPRODUCT(MAX((정비이력!$B$3:$B$1002=$A80)*(정비이력!$D$3:$D$1002=정비항목!$A5)*정비이력!$F$3:$F$1002)))) | H80: =IF($A80="","",IF(차량목록!$E9="",0,차량목록!$E9)) | I80: =IF(OR($A80="",$D80=0),"",IF($G80="",$H80+$D80,$G80+$D80)) | J80: =IF($I80="","",$I80-$H80) | K80: =IF(OR($A80="",$E80=0),"",IF($F80="",EDATE(TODAY(),$E80),EDATE($F80,$E80))) | L80: =IF($K80="","",$K80-TODAY()) | M80: =IF($A80="","",IF(AND($J80="",$L80=""),"-",IF(OR(AND($J80<>"",$J80<=0),AND($L80<>"",$L80<0)),"교체",IF(OR(AND($J80<>"",$J80<=사용안내!$C$16),AND($L80<>"",$L80<=사용안내!$C$17)),"임박","정상"))))
A81: =IF(OR(차량목록!$A9="",정비항목!$A6="",차량목록!$G9="매각"),"",차량목록!$A9) | B81: =IF($A81="","",차량목록!$B9) | C81: =IF($A81="","",정비항목!$B6) | D81: =IF($A81="","",IF(정비항목!$C6="",0,정비항목!$C6)) | E81: =IF($A81="","",IF(정비항목!$D6="",0,정비항목!$D6)) | F81: =IF($A81="","",IF(COUNTIFS(정비이력!$B$3:$B$1002,$A81,정비이력!$D$3:$D$1002,정비항목!$A6)=0,"",SUMPRODUCT(MAX((정비이력!$B$3:$B$1002=$A81)*(정비이력!$D$3:$D$1002=정비항목!$A6)*정비이력!$A$3:$A$1002)))) | G81: =IF($A81="","",IF($F81="","",SUMPRODUCT(MAX((정비이력!$B$3:$B$1002=$A81)*(정비이력!$D$3:$D$1002=정비항목!$A6)*정비이력!$F$3:$F$1002)))) | H81: =IF($A81="","",IF(차량목록!$E9="",0,차량목록!$E9)) | I81: =IF(OR($A81="",$D81=0),"",IF($G81="",$H81+$D81,$G81+$D81)) | J81: =IF($I81="","",$I81-$H81) | K81: =IF(OR($A81="",$E81=0),"",IF($F81="",EDATE(TODAY(),$E81),EDATE($F81,$E81))) | L81: =IF($K81="","",$K81-TODAY()) | M81: =IF($A81="","",IF(AND($J81="",$L81=""),"-",IF(OR(AND($J81<>"",$J81<=0),AND($L81<>"",$L81<0)),"교체",IF(OR(AND($J81<>"",$J81<=사용안내!$C$16),AND($L81<>"",$L81<=사용안내!$C$17)),"임박","정상"))))
A82: =IF(OR(차량목록!$A9="",정비항목!$A7="",차량목록!$G9="매각"),"",차량목록!$A9) | B82: =IF($A82="","",차량목록!$B9) | C82: =IF($A82="","",정비항목!$B7) | D82: =IF($A82="","",IF(정비항목!$C7="",0,정비항목!$C7)) | E82: =IF($A82="","",IF(정비항목!$D7="",0,정비항목!$D7)) | F82: =IF($A82="","",IF(COUNTIFS(정비이력!$B$3:$B$1002,$A82,정비이력!$D$3:$D$1002,정비항목!$A7)=0,"",SUMPRODUCT(MAX((정비이력!$B$3:$B$1002=$A82)*(정비이력!$D$3:$D$1002=정비항목!$A7)*정비이력!$A$3:$A$1002)))) | G82: =IF($A82="","",IF($F82="","",SUMPRODUCT(MAX((정비이력!$B$3:$B$1002=$A82)*(정비이력!$D$3:$D$1002=정비항목!$A7)*정비이력!$F$3:$F$1002)))) | H82: =IF($A82="","",IF(차량목록!$E9="",0,차량목록!$E9)) | I82: =IF(OR($A82="",$D82=0),"",IF($G82="",$H82+$D82,$G82+$D82)) | J82: =IF($I82="","",$I82-$H82) | K82: =IF(OR($A82="",$E82=0),"",IF($F82="",EDATE(TODAY(),$E82),EDATE($F82,$E82))) | L82: =IF($K82="","",$K82-TODAY()) | M82: =IF($A82="","",IF(AND($J82="",$L82=""),"-",IF(OR(AND($J82<>"",$J82<=0),AND($L82<>"",$L82<0)),"교체",IF(OR(AND($J82<>"",$J82<=사용안내!$C$16),AND($L82<>"",$L82<=사용안내!$C$17)),"임박","정상"))))
A83: =IF(OR(차량목록!$A9="",정비항목!$A8="",차량목록!$G9="매각"),"",차량목록!$A9) | B83: =IF($A83="","",차량목록!$B9) | C83: =IF($A83="","",정비항목!$B8) | D83: =IF($A83="","",IF(정비항목!$C8="",0,정비항목!$C8)) | E83: =IF($A83="","",IF(정비항목!$D8="",0,정비항목!$D8)) | F83: =IF($A83="","",IF(COUNTIFS(정비이력!$B$3:$B$1002,$A83,정비이력!$D$3:$D$1002,정비항목!$A8)=0,"",SUMPRODUCT(MAX((정비이력!$B$3:$B$1002=$A83)*(정비이력!$D$3:$D$1002=정비항목!$A8)*정비이력!$A$3:$A$1002)))) | G83: =IF($A83="","",IF($F83="","",SUMPRODUCT(MAX((정비이력!$B$3:$B$1002=$A83)*(정비이력!$D$3:$D$1002=정비항목!$A8)*정비이력!$F$3:$F$1002)))) | H83: =IF($A83="","",IF(차량목록!$E9="",0,차량목록!$E9)) | I83: =IF(OR($A83="",$D83=0),"",IF($G83="",$H83+$D83,$G83+$D83)) | J83: =IF($I83="","",$I83-$H83) | K83: =IF(OR($A83="",$E83=0),"",IF($F83="",EDATE(TODAY(),$E83),EDATE($F83,$E83))) | L83: =IF($K83="","",$K83-TODAY()) | M83: =IF($A83="","",IF(AND($J83="",$L83=""),"-",IF(OR(AND($J83<>"",$J83<=0),AND($L83<>"",$L83<0)),"교체",IF(OR(AND($J83<>"",$J83<=사용안내!$C$16),AND($L83<>"",$L83<=사용안내!$C$17)),"임박","정상"))))
A84: =IF(OR(차량목록!$A9="",정비항목!$A9="",차량목록!$G9="매각"),"",차량목록!$A9) | B84: =IF($A84="","",차량목록!$B9) | C84: =IF($A84="","",정비항목!$B9) | D84: =IF($A84="","",IF(정비항목!$C9="",0,정비항목!$C9)) | E84: =IF($A84="","",IF(정비항목!$D9="",0,정비항목!$D9)) | F84: =IF($A84="","",IF(COUNTIFS(정비이력!$B$3:$B$1002,$A84,정비이력!$D$3:$D$1002,정비항목!$A9)=0,"",SUMPRODUCT(MAX((정비이력!$B$3:$B$1002=$A84)*(정비이력!$D$3:$D$1002=정비항목!$A9)*정비이력!$A$3:$A$1002)))) | G84: =IF($A84="","",IF($F84="","",SUMPRODUCT(MAX((정비이력!$B$3:$B$1002=$A84)*(정비이력!$D$3:$D$1002=정비항목!$A9)*정비이력!$F$3:$F$1002)))) | H84: =IF($A84="","",IF(차량목록!$E9="",0,차량목록!$E9)) | I84: =IF(OR($A84="",$D84=0),"",IF($G84="",$H84+$D84,$G84+$D84)) | J84: =IF($I84="","",$I84-$H84) | K84: =IF(OR($A84="",$E84=0),"",IF($F84="",EDATE(TODAY(),$E84),EDATE($F84,$E84))) | L84: =IF($K84="","",$K84-TODAY()) | M84: =IF($A84="","",IF(AND($J84="",$L84=""),"-",IF(OR(AND($J84<>"",$J84<=0),AND($L84<>"",$L84<0)),"교체",IF(OR(AND($J84<>"",$J84<=사용안내!$C$16),AND($L84<>"",$L84<=사용안내!$C$17)),"임박","정상"))))
A85: =IF(OR(차량목록!$A9="",정비항목!$A10="",차량목록!$G9="매각"),"",차량목록!$A9) | B85: =IF($A85="","",차량목록!$B9) | C85: =IF($A85="","",정비항목!$B10) | D85: =IF($A85="","",IF(정비항목!$C10="",0,정비항목!$C10)) | E85: =IF($A85="","",IF(정비항목!$D10="",0,정비항목!$D10)) | F85: =IF($A85="","",IF(COUNTIFS(정비이력!$B$3:$B$1002,$A85,정비이력!$D$3:$D$1002,정비항목!$A10)=0,"",SUMPRODUCT(MAX((정비이력!$B$3:$B$1002=$A85)*(정비이력!$D$3:$D$1002=정비항목!$A10)*정비이력!$A$3:$A$1002)))) | G85: =IF($A85="","",IF($F85="","",SUMPRODUCT(MAX((정비이력!$B$3:$B$1002=$A85)*(정비이력!$D$3:$D$1002=정비항목!$A10)*정비이력!$F$3:$F$1002)))) | H85: =IF($A85="","",IF(차량목록!$E9="",0,차량목록!$E9)) | I85: =IF(OR($A85="",$D85=0),"",IF($G85="",$H85+$D85,$G85+$D85)) | J85: =IF($I85="","",$I85-$H85) | K85: =IF(OR($A85="",$E85=0),"",IF($F85="",EDATE(TODAY(),$E85),EDATE($F85,$E85))) | L85: =IF($K85="","",$K85-TODAY()) | M85: =IF($A85="","",IF(AND($J85="",$L85=""),"-",IF(OR(AND($J85<>"",$J85<=0),AND($L85<>"",$L85<0)),"교체",IF(OR(AND($J85<>"",$J85<=사용안내!$C$16),AND($L85<>"",$L85<=사용안내!$C$17)),"임박","정상"))))
A86: =IF(OR(차량목록!$A9="",정비항목!$A11="",차량목록!$G9="매각"),"",차량목록!$A9) | B86: =IF($A86="","",차량목록!$B9) | C86: =IF($A86="","",정비항목!$B11) | D86: =IF($A86="","",IF(정비항목!$C11="",0,정비항목!$C11)) | E86: =IF($A86="","",IF(정비항목!$D11="",0,정비항목!$D11)) | F86: =IF($A86="","",IF(COUNTIFS(정비이력!$B$3:$B$1002,$A86,정비이력!$D$3:$D$1002,정비항목!$A11)=0,"",SUMPRODUCT(MAX((정비이력!$B$3:$B$1002=$A86)*(정비이력!$D$3:$D$1002=정비항목!$A11)*정비이력!$A$3:$A$1002)))) | G86: =IF($A86="","",IF($F86="","",SUMPRODUCT(MAX((정비이력!$B$3:$B$1002=$A86)*(정비이력!$D$3:$D$1002=정비항목!$A11)*정비이력!$F$3:$F$1002)))) | H86: =IF($A86="","",IF(차량목록!$E9="",0,차량목록!$E9)) | I86: =IF(OR($A86="",$D86=0),"",IF($G86="",$H86+$D86,$G86+$D86)) | J86: =IF($I86="","",$I86-$H86) | K86: =IF(OR($A86="",$E86=0),"",IF($F86="",EDATE(TODAY(),$E86),EDATE($F86,$E86))) | L86: =IF($K86="","",$K86-TODAY()) | M86: =IF($A86="","",IF(AND($J86="",$L86=""),"-",IF(OR(AND($J86<>"",$J86<=0),AND($L86<>"",$L86<0)),"교체",IF(OR(AND($J86<>"",$J86<=사용안내!$C$16),AND($L86<>"",$L86<=사용안내!$C$17)),"임박","정상"))))
A87: =IF(OR(차량목록!$A9="",정비항목!$A12="",차량목록!$G9="매각"),"",차량목록!$A9) | B87: =IF($A87="","",차량목록!$B9) | C87: =IF($A87="","",정비항목!$B12) | D87: =IF($A87="","",IF(정비항목!$C12="",0,정비항목!$C12)) | E87: =IF($A87="","",IF(정비항목!$D12="",0,정비항목!$D12)) | F87: =IF($A87="","",IF(COUNTIFS(정비이력!$B$3:$B$1002,$A87,정비이력!$D$3:$D$1002,정비항목!$A12)=0,"",SUMPRODUCT(MAX((정비이력!$B$3:$B$1002=$A87)*(정비이력!$D$3:$D$1002=정비항목!$A12)*정비이력!$A$3:$A$1002)))) | G87: =IF($A87="","",IF($F87="","",SUMPRODUCT(MAX((정비이력!$B$3:$B$1002=$A87)*(정비이력!$D$3:$D$1002=정비항목!$A12)*정비이력!$F$3:$F$1002)))) | H87: =IF($A87="","",IF(차량목록!$E9="",0,차량목록!$E9)) | I87: =IF(OR($A87="",$D87=0),"",IF($G87="",$H87+$D87,$G87+$D87)) | J87: =IF($I87="","",$I87-$H87) | K87: =IF(OR($A87="",$E87=0),"",IF($F87="",EDATE(TODAY(),$E87),EDATE($F87,$E87))) | L87: =IF($K87="","",$K87-TODAY()) | M87: =IF($A87="","",IF(AND($J87="",$L87=""),"-",IF(OR(AND($J87<>"",$J87<=0),AND($L87<>"",$L87<0)),"교체",IF(OR(AND($J87<>"",$J87<=사용안내!$C$16),AND($L87<>"",$L87<=사용안내!$C$17)),"임박","정상"))))
A88: =IF(OR(차량목록!$A9="",정비항목!$A13="",차량목록!$G9="매각"),"",차량목록!$A9) | B88: =IF($A88="","",차량목록!$B9) | C88: =IF($A88="","",정비항목!$B13) | D88: =IF($A88="","",IF(정비항목!$C13="",0,정비항목!$C13)) | E88: =IF($A88="","",IF(정비항목!$D13="",0,정비항목!$D13)) | F88: =IF($A88="","",IF(COUNTIFS(정비이력!$B$3:$B$1002,$A88,정비이력!$D$3:$D$1002,정비항목!$A13)=0,"",SUMPRODUCT(MAX((정비이력!$B$3:$B$1002=$A88)*(정비이력!$D$3:$D$1002=정비항목!$A13)*정비이력!$A$3:$A$1002)))) | G88: =IF($A88="","",IF($F88="","",SUMPRODUCT(MAX((정비이력!$B$3:$B$1002=$A88)*(정비이력!$D$3:$D$1002=정비항목!$A13)*정비이력!$F$3:$F$1002)))) | H88: =IF($A88="","",IF(차량목록!$E9="",0,차량목록!$E9)) | I88: =IF(OR($A88="",$D88=0),"",IF($G88="",$H88+$D88,$G88+$D88)) | J88: =IF($I88="","",$I88-$H88) | K88: =IF(OR($A88="",$E88=0),"",IF($F88="",EDATE(TODAY(),$E88),EDATE($F88,$E88))) | L88: =IF($K88="","",$K88-TODAY()) | M88: =IF($A88="","",IF(AND($J88="",$L88=""),"-",IF(OR(AND($J88<>"",$J88<=0),AND($L88<>"",$L88<0)),"교체",IF(OR(AND($J88<>"",$J88<=사용안내!$C$16),AND($L88<>"",$L88<=사용안내!$C$17)),"임박","정상"))))
A89: =IF(OR(차량목록!$A9="",정비항목!$A14="",차량목록!$G9="매각"),"",차량목록!$A9) | B89: =IF($A89="","",차량목록!$B9) | C89: =IF($A89="","",정비항목!$B14) | D89: =IF($A89="","",IF(정비항목!$C14="",0,정비항목!$C14)) | E89: =IF($A89="","",IF(정비항목!$D14="",0,정비항목!$D14)) | F89: =IF($A89="","",IF(COUNTIFS(정비이력!$B$3:$B$1002,$A89,정비이력!$D$3:$D$1002,정비항목!$A14)=0,"",SUMPRODUCT(MAX((정비이력!$B$3:$B$1002=$A89)*(정비이력!$D$3:$D$1002=정비항목!$A14)*정비이력!$A$3:$A$1002)))) | G89: =IF($A89="","",IF($F89="","",SUMPRODUCT(MAX((정비이력!$B$3:$B$1002=$A89)*(정비이력!$D$3:$D$1002=정비항목!$A14)*정비이력!$F$3:$F$1002)))) | H89: =IF($A89="","",IF(차량목록!$E9="",0,차량목록!$E9)) | I89: =IF(OR($A89="",$D89=0),"",IF($G89="",$H89+$D89,$G89+$D89)) | J89: =IF($I89="","",$I89-$H89) | K89: =IF(OR($A89="",$E89=0),"",IF($F89="",EDATE(TODAY(),$E89),EDATE($F89,$E89))) | L89: =IF($K89="","",$K89-TODAY()) | M89: =IF($A89="","",IF(AND($J89="",$L89=""),"-",IF(OR(AND($J89<>"",$J89<=0),AND($L89<>"",$L89<0)),"교체",IF(OR(AND($J89<>"",$J89<=사용안내!$C$16),AND($L89<>"",$L89<=사용안내!$C$17)),"임박","정상"))))
A90: =IF(OR(차량목록!$A10="",정비항목!$A3="",차량목록!$G10="매각"),"",차량목록!$A10) | B90: =IF($A90="","",차량목록!$B10) | C90: =IF($A90="","",정비항목!$B3) | D90: =IF($A90="","",IF(정비항목!$C3="",0,정비항목!$C3)) | E90: =IF($A90="","",IF(정비항목!$D3="",0,정비항목!$D3)) | F90: =IF($A90="","",IF(COUNTIFS(정비이력!$B$3:$B$1002,$A90,정비이력!$D$3:$D$1002,정비항목!$A3)=0,"",SUMPRODUCT(MAX((정비이력!$B$3:$B$1002=$A90)*(정비이력!$D$3:$D$1002=정비항목!$A3)*정비이력!$A$3:$A$1002)))) | G90: =IF($A90="","",IF($F90="","",SUMPRODUCT(MAX((정비이력!$B$3:$B$1002=$A90)*(정비이력!$D$3:$D$1002=정비항목!$A3)*정비이력!$F$3:$F$1002)))) | H90: =IF($A90="","",IF(차량목록!$E10="",0,차량목록!$E10)) | I90: =IF(OR($A90="",$D90=0),"",IF($G90="",$H90+$D90,$G90+$D90)) | J90: =IF($I90="","",$I90-$H90) | K90: =IF(OR($A90="",$E90=0),"",IF($F90="",EDATE(TODAY(),$E90),EDATE($F90,$E90))) | L90: =IF($K90="","",$K90-TODAY()) | M90: =IF($A90="","",IF(AND($J90="",$L90=""),"-",IF(OR(AND($J90<>"",$J90<=0),AND($L90<>"",$L90<0)),"교체",IF(OR(AND($J90<>"",$J90<=사용안내!$C$16),AND($L90<>"",$L90<=사용안내!$C$17)),"임박","정상"))))
A91: =IF(OR(차량목록!$A10="",정비항목!$A4="",차량목록!$G10="매각"),"",차량목록!$A10) | B91: =IF($A91="","",차량목록!$B10) | C91: =IF($A91="","",정비항목!$B4) | D91: =IF($A91="","",IF(정비항목!$C4="",0,정비항목!$C4)) | E91: =IF($A91="","",IF(정비항목!$D4="",0,정비항목!$D4)) | F91: =IF($A91="","",IF(COUNTIFS(정비이력!$B$3:$B$1002,$A91,정비이력!$D$3:$D$1002,정비항목!$A4)=0,"",SUMPRODUCT(MAX((정비이력!$B$3:$B$1002=$A91)*(정비이력!$D$3:$D$1002=정비항목!$A4)*정비이력!$A$3:$A$1002)))) | G91: =IF($A91="","",IF($F91="","",SUMPRODUCT(MAX((정비이력!$B$3:$B$1002=$A91)*(정비이력!$D$3:$D$1002=정비항목!$A4)*정비이력!$F$3:$F$1002)))) | H91: =IF($A91="","",IF(차량목록!$E10="",0,차량목록!$E10)) | I91: =IF(OR($A91="",$D91=0),"",IF($G91="",$H91+$D91,$G91+$D91)) | J91: =IF($I91="","",$I91-$H91) | K91: =IF(OR($A91="",$E91=0),"",IF($F91="",EDATE(TODAY(),$E91),EDATE($F91,$E91))) | L91: =IF($K91="","",$K91-TODAY()) | M91: =IF($A91="","",IF(AND($J91="",$L91=""),"-",IF(OR(AND($J91<>"",$J91<=0),AND($L91<>"",$L91<0)),"교체",IF(OR(AND($J91<>"",$J91<=사용안내!$C$16),AND($L91<>"",$L91<=사용안내!$C$17)),"임박","정상"))))
A92: =IF(OR(차량목록!$A10="",정비항목!$A5="",차량목록!$G10="매각"),"",차량목록!$A10) | B92: =IF($A92="","",차량목록!$B10) | C92: =IF($A92="","",정비항목!$B5) | D92: =IF($A92="","",IF(정비항목!$C5="",0,정비항목!$C5)) | E92: =IF($A92="","",IF(정비항목!$D5="",0,정비항목!$D5)) | F92: =IF($A92="","",IF(COUNTIFS(정비이력!$B$3:$B$1002,$A92,정비이력!$D$3:$D$1002,정비항목!$A5)=0,"",SUMPRODUCT(MAX((정비이력!$B$3:$B$1002=$A92)*(정비이력!$D$3:$D$1002=정비항목!$A5)*정비이력!$A$3:$A$1002)))) | G92: =IF($A92="","",IF($F92="","",SUMPRODUCT(MAX((정비이력!$B$3:$B$1002=$A92)*(정비이력!$D$3:$D$1002=정비항목!$A5)*정비이력!$F$3:$F$1002)))) | H92: =IF($A92="","",IF(차량목록!$E10="",0,차량목록!$E10)) | I92: =IF(OR($A92="",$D92=0),"",IF($G92="",$H92+$D92,$G92+$D92)) | J92: =IF($I92="","",$I92-$H92) | K92: =IF(OR($A92="",$E92=0),"",IF($F92="",EDATE(TODAY(),$E92),EDATE($F92,$E92))) | L92: =IF($K92="","",$K92-TODAY()) | M92: =IF($A92="","",IF(AND($J92="",$L92=""),"-",IF(OR(AND($J92<>"",$J92<=0),AND($L92<>"",$L92<0)),"교체",IF(OR(AND($J92<>"",$J92<=사용안내!$C$16),AND($L92<>"",$L92<=사용안내!$C$17)),"임박","정상"))))
A93: =IF(OR(차량목록!$A10="",정비항목!$A6="",차량목록!$G10="매각"),"",차량목록!$A10) | B93: =IF($A93="","",차량목록!$B10) | C93: =IF($A93="","",정비항목!$B6) | D93: =IF($A93="","",IF(정비항목!$C6="",0,정비항목!$C6)) | E93: =IF($A93="","",IF(정비항목!$D6="",0,정비항목!$D6)) | F93: =IF($A93="","",IF(COUNTIFS(정비이력!$B$3:$B$1002,$A93,정비이력!$D$3:$D$1002,정비항목!$A6)=0,"",SUMPRODUCT(MAX((정비이력!$B$3:$B$1002=$A93)*(정비이력!$D$3:$D$1002=정비항목!$A6)*정비이력!$A$3:$A$1002)))) | G93: =IF($A93="","",IF($F93="","",SUMPRODUCT(MAX((정비이력!$B$3:$B$1002=$A93)*(정비이력!$D$3:$D$1002=정비항목!$A6)*정비이력!$F$3:$F$1002)))) | H93: =IF($A93="","",IF(차량목록!$E10="",0,차량목록!$E10)) | I93: =IF(OR($A93="",$D93=0),"",IF($G93="",$H93+$D93,$G93+$D93)) | J93: =IF($I93="","",$I93-$H93) | K93: =IF(OR($A93="",$E93=0),"",IF($F93="",EDATE(TODAY(),$E93),EDATE($F93,$E93))) | L93: =IF($K93="","",$K93-TODAY()) | M93: =IF($A93="","",IF(AND($J93="",$L93=""),"-",IF(OR(AND($J93<>"",$J93<=0),AND($L93<>"",$L93<0)),"교체",IF(OR(AND($J93<>"",$J93<=사용안내!$C$16),AND($L93<>"",$L93<=사용안내!$C$17)),"임박","정상"))))
A94: =IF(OR(차량목록!$A10="",정비항목!$A7="",차량목록!$G10="매각"),"",차량목록!$A10) | B94: =IF($A94="","",차량목록!$B10) | C94: =IF($A94="","",정비항목!$B7) | D94: =IF($A94="","",IF(정비항목!$C7="",0,정비항목!$C7)) | E94: =IF($A94="","",IF(정비항목!$D7="",0,정비항목!$D7)) | F94: =IF($A94="","",IF(COUNTIFS(정비이력!$B$3:$B$1002,$A94,정비이력!$D$3:$D$1002,정비항목!$A7)=0,"",SUMPRODUCT(MAX((정비이력!$B$3:$B$1002=$A94)*(정비이력!$D$3:$D$1002=정비항목!$A7)*정비이력!$A$3:$A$1002)))) | G94: =IF($A94="","",IF($F94="","",SUMPRODUCT(MAX((정비이력!$B$3:$B$1002=$A94)*(정비이력!$D$3:$D$1002=정비항목!$A7)*정비이력!$F$3:$F$1002)))) | H94: =IF($A94="","",IF(차량목록!$E10="",0,차량목록!$E10)) | I94: =IF(OR($A94="",$D94=0),"",IF($G94="",$H94+$D94,$G94+$D94)) | J94: =IF($I94="","",$I94-$H94) | K94: =IF(OR($A94="",$E94=0),"",IF($F94="",EDATE(TODAY(),$E94),EDATE($F94,$E94))) | L94: =IF($K94="","",$K94-TODAY()) | M94: =IF($A94="","",IF(AND($J94="",$L94=""),"-",IF(OR(AND($J94<>"",$J94<=0),AND($L94<>"",$L94<0)),"교체",IF(OR(AND($J94<>"",$J94<=사용안내!$C$16),AND($L94<>"",$L94<=사용안내!$C$17)),"임박","정상"))))
A95: =IF(OR(차량목록!$A10="",정비항목!$A8="",차량목록!$G10="매각"),"",차량목록!$A10) | B95: =IF($A95="","",차량목록!$B10) | C95: =IF($A95="","",정비항목!$B8) | D95: =IF($A95="","",IF(정비항목!$C8="",0,정비항목!$C8)) | E95: =IF($A95="","",IF(정비항목!$D8="",0,정비항목!$D8)) | F95: =IF($A95="","",IF(COUNTIFS(정비이력!$B$3:$B$1002,$A95,정비이력!$D$3:$D$1002,정비항목!$A8)=0,"",SUMPRODUCT(MAX((정비이력!$B$3:$B$1002=$A95)*(정비이력!$D$3:$D$1002=정비항목!$A8)*정비이력!$A$3:$A$1002)))) | G95: =IF($A95="","",IF($F95="","",SUMPRODUCT(MAX((정비이력!$B$3:$B$1002=$A95)*(정비이력!$D$3:$D$1002=정비항목!$A8)*정비이력!$F$3:$F$1002)))) | H95: =IF($A95="","",IF(차량목록!$E10="",0,차량목록!$E10)) | I95: =IF(OR($A95="",$D95=0),"",IF($G95="",$H95+$D95,$G95+$D95)) | J95: =IF($I95="","",$I95-$H95) | K95: =IF(OR($A95="",$E95=0),"",IF($F95="",EDATE(TODAY(),$E95),EDATE($F95,$E95))) | L95: =IF($K95="","",$K95-TODAY()) | M95: =IF($A95="","",IF(AND($J95="",$L95=""),"-",IF(OR(AND($J95<>"",$J95<=0),AND($L95<>"",$L95<0)),"교체",IF(OR(AND($J95<>"",$J95<=사용안내!$C$16),AND($L95<>"",$L95<=사용안내!$C$17)),"임박","정상"))))
A96: =IF(OR(차량목록!$A10="",정비항목!$A9="",차량목록!$G10="매각"),"",차량목록!$A10) | B96: =IF($A96="","",차량목록!$B10) | C96: =IF($A96="","",정비항목!$B9) | D96: =IF($A96="","",IF(정비항목!$C9="",0,정비항목!$C9)) | E96: =IF($A96="","",IF(정비항목!$D9="",0,정비항목!$D9)) | F96: =IF($A96="","",IF(COUNTIFS(정비이력!$B$3:$B$1002,$A96,정비이력!$D$3:$D$1002,정비항목!$A9)=0,"",SUMPRODUCT(MAX((정비이력!$B$3:$B$1002=$A96)*(정비이력!$D$3:$D$1002=정비항목!$A9)*정비이력!$A$3:$A$1002)))) | G96: =IF($A96="","",IF($F96="","",SUMPRODUCT(MAX((정비이력!$B$3:$B$1002=$A96)*(정비이력!$D$3:$D$1002=정비항목!$A9)*정비이력!$F$3:$F$1002)))) | H96: =IF($A96="","",IF(차량목록!$E10="",0,차량목록!$E10)) | I96: =IF(OR($A96="",$D96=0),"",IF($G96="",$H96+$D96,$G96+$D96)) | J96: =IF($I96="","",$I96-$H96) | K96: =IF(OR($A96="",$E96=0),"",IF($F96="",EDATE(TODAY(),$E96),EDATE($F96,$E96))) | L96: =IF($K96="","",$K96-TODAY()) | M96: =IF($A96="","",IF(AND($J96="",$L96=""),"-",IF(OR(AND($J96<>"",$J96<=0),AND($L96<>"",$L96<0)),"교체",IF(OR(AND($J96<>"",$J96<=사용안내!$C$16),AND($L96<>"",$L96<=사용안내!$C$17)),"임박","정상"))))
A97: =IF(OR(차량목록!$A10="",정비항목!$A10="",차량목록!$G10="매각"),"",차량목록!$A10) | B97: =IF($A97="","",차량목록!$B10) | C97: =IF($A97="","",정비항목!$B10) | D97: =IF($A97="","",IF(정비항목!$C10="",0,정비항목!$C10)) | E97: =IF($A97="","",IF(정비항목!$D10="",0,정비항목!$D10)) | F97: =IF($A97="","",IF(COUNTIFS(정비이력!$B$3:$B$1002,$A97,정비이력!$D$3:$D$1002,정비항목!$A10)=0,"",SUMPRODUCT(MAX((정비이력!$B$3:$B$1002=$A97)*(정비이력!$D$3:$D$1002=정비항목!$A10)*정비이력!$A$3:$A$1002)))) | G97: =IF($A97="","",IF($F97="","",SUMPRODUCT(MAX((정비이력!$B$3:$B$1002=$A97)*(정비이력!$D$3:$D$1002=정비항목!$A10)*정비이력!$F$3:$F$1002)))) | H97: =IF($A97="","",IF(차량목록!$E10="",0,차량목록!$E10)) | I97: =IF(OR($A97="",$D97=0),"",IF($G97="",$H97+$D97,$G97+$D97)) | J97: =IF($I97="","",$I97-$H97) | K97: =IF(OR($A97="",$E97=0),"",IF($F97="",EDATE(TODAY(),$E97),EDATE($F97,$E97))) | L97: =IF($K97="","",$K97-TODAY()) | M97: =IF($A97="","",IF(AND($J97="",$L97=""),"-",IF(OR(AND($J97<>"",$J97<=0),AND($L97<>"",$L97<0)),"교체",IF(OR(AND($J97<>"",$J97<=사용안내!$C$16),AND($L97<>"",$L97<=사용안내!$C$17)),"임박","정상"))))
A98: =IF(OR(차량목록!$A10="",정비항목!$A11="",차량목록!$G10="매각"),"",차량목록!$A10) | B98: =IF($A98="","",차량목록!$B10) | C98: =IF($A98="","",정비항목!$B11) | D98: =IF($A98="","",IF(정비항목!$C11="",0,정비항목!$C11)) | E98: =IF($A98="","",IF(정비항목!$D11="",0,정비항목!$D11)) | F98: =IF($A98="","",IF(COUNTIFS(정비이력!$B$3:$B$1002,$A98,정비이력!$D$3:$D$1002,정비항목!$A11)=0,"",SUMPRODUCT(MAX((정비이력!$B$3:$B$1002=$A98)*(정비이력!$D$3:$D$1002=정비항목!$A11)*정비이력!$A$3:$A$1002)))) | G98: =IF($A98="","",IF($F98="","",SUMPRODUCT(MAX((정비이력!$B$3:$B$1002=$A98)*(정비이력!$D$3:$D$1002=정비항목!$A11)*정비이력!$F$3:$F$1002)))) | H98: =IF($A98="","",IF(차량목록!$E10="",0,차량목록!$E10)) | I98: =IF(OR($A98="",$D98=0),"",IF($G98="",$H98+$D98,$G98+$D98)) | J98: =IF($I98="","",$I98-$H98) | K98: =IF(OR($A98="",$E98=0),"",IF($F98="",EDATE(TODAY(),$E98),EDATE($F98,$E98))) | L98: =IF($K98="","",$K98-TODAY()) | M98: =IF($A98="","",IF(AND($J98="",$L98=""),"-",IF(OR(AND($J98<>"",$J98<=0),AND($L98<>"",$L98<0)),"교체",IF(OR(AND($J98<>"",$J98<=사용안내!$C$16),AND($L98<>"",$L98<=사용안내!$C$17)),"임박","정상"))))
A99: =IF(OR(차량목록!$A10="",정비항목!$A12="",차량목록!$G10="매각"),"",차량목록!$A10) | B99: =IF($A99="","",차량목록!$B10) | C99: =IF($A99="","",정비항목!$B12) | D99: =IF($A99="","",IF(정비항목!$C12="",0,정비항목!$C12)) | E99: =IF($A99="","",IF(정비항목!$D12="",0,정비항목!$D12)) | F99: =IF($A99="","",IF(COUNTIFS(정비이력!$B$3:$B$1002,$A99,정비이력!$D$3:$D$1002,정비항목!$A12)=0,"",SUMPRODUCT(MAX((정비이력!$B$3:$B$1002=$A99)*(정비이력!$D$3:$D$1002=정비항목!$A12)*정비이력!$A$3:$A$1002)))) | G99: =IF($A99="","",IF($F99="","",SUMPRODUCT(MAX((정비이력!$B$3:$B$1002=$A99)*(정비이력!$D$3:$D$1002=정비항목!$A12)*정비이력!$F$3:$F$1002)))) | H99: =IF($A99="","",IF(차량목록!$E10="",0,차량목록!$E10)) | I99: =IF(OR($A99="",$D99=0),"",IF($G99="",$H99+$D99,$G99+$D99)) | J99: =IF($I99="","",$I99-$H99) | K99: =IF(OR($A99="",$E99=0),"",IF($F99="",EDATE(TODAY(),$E99),EDATE($F99,$E99))) | L99: =IF($K99="","",$K99-TODAY()) | M99: =IF($A99="","",IF(AND($J99="",$L99=""),"-",IF(OR(AND($J99<>"",$J99<=0),AND($L99<>"",$L99<0)),"교체",IF(OR(AND($J99<>"",$J99<=사용안내!$C$16),AND($L99<>"",$L99<=사용안내!$C$17)),"임박","정상"))))
A100: =IF(OR(차량목록!$A10="",정비항목!$A13="",차량목록!$G10="매각"),"",차량목록!$A10) | B100: =IF($A100="","",차량목록!$B10) | C100: =IF($A100="","",정비항목!$B13) | D100: =IF($A100="","",IF(정비항목!$C13="",0,정비항목!$C13)) | E100: =IF($A100="","",IF(정비항목!$D13="",0,정비항목!$D13)) | F100: =IF($A100="","",IF(COUNTIFS(정비이력!$B$3:$B$1002,$A100,정비이력!$D$3:$D$1002,정비항목!$A13)=0,"",SUMPRODUCT(MAX((정비이력!$B$3:$B$1002=$A100)*(정비이력!$D$3:$D$1002=정비항목!$A13)*정비이력!$A$3:$A$1002)))) | G100: =IF($A100="","",IF($F100="","",SUMPRODUCT(MAX((정비이력!$B$3:$B$1002=$A100)*(정비이력!$D$3:$D$1002=정비항목!$A13)*정비이력!$F$3:$F$1002)))) | H100: =IF($A100="","",IF(차량목록!$E10="",0,차량목록!$E10)) | I100: =IF(OR($A100="",$D100=0),"",IF($G100="",$H100+$D100,$G100+$D100)) | J100: =IF($I100="","",$I100-$H100) | K100: =IF(OR($A100="",$E100=0),"",IF($F100="",EDATE(TODAY(),$E100),EDATE($F100,$E100))) | L100: =IF($K100="","",$K100-TODAY()) | M100: =IF($A100="","",IF(AND($J100="",$L100=""),"-",IF(OR(AND($J100<>"",$J100<=0),AND($L100<>"",$L100<0)),"교체",IF(OR(AND($J100<>"",$J100<=사용안내!$C$16),AND($L100<>"",$L100<=사용안내!$C$17)),"임박","정상"))))
A101: =IF(OR(차량목록!$A10="",정비항목!$A14="",차량목록!$G10="매각"),"",차량목록!$A10) | B101: =IF($A101="","",차량목록!$B10) | C101: =IF($A101="","",정비항목!$B14) | D101: =IF($A101="","",IF(정비항목!$C14="",0,정비항목!$C14)) | E101: =IF($A101="","",IF(정비항목!$D14="",0,정비항목!$D14)) | F101: =IF($A101="","",IF(COUNTIFS(정비이력!$B$3:$B$1002,$A101,정비이력!$D$3:$D$1002,정비항목!$A14)=0,"",SUMPRODUCT(MAX((정비이력!$B$3:$B$1002=$A101)*(정비이력!$D$3:$D$1002=정비항목!$A14)*정비이력!$A$3:$A$1002)))) | G101: =IF($A101="","",IF($F101="","",SUMPRODUCT(MAX((정비이력!$B$3:$B$1002=$A101)*(정비이력!$D$3:$D$1002=정비항목!$A14)*정비이력!$F$3:$F$1002)))) | H101: =IF($A101="","",IF(차량목록!$E10="",0,차량목록!$E10)) | I101: =IF(OR($A101="",$D101=0),"",IF($G101="",$H101+$D101,$G101+$D101)) | J101: =IF($I101="","",$I101-$H101) | K101: =IF(OR($A101="",$E101=0),"",IF($F101="",EDATE(TODAY(),$E101),EDATE($F101,$E101))) | L101: =IF($K101="","",$K101-TODAY()) | M101: =IF($A101="","",IF(AND($J101="",$L101=""),"-",IF(OR(AND($J101<>"",$J101<=0),AND($L101<>"",$L101<0)),"교체",IF(OR(AND($J101<>"",$J101<=사용안내!$C$16),AND($L101<>"",$L101<=사용안내!$C$17)),"임박","정상"))))
A102: =IF(OR(차량목록!$A11="",정비항목!$A3="",차량목록!$G11="매각"),"",차량목록!$A11) | B102: =IF($A102="","",차량목록!$B11) | C102: =IF($A102="","",정비항목!$B3) | D102: =IF($A102="","",IF(정비항목!$C3="",0,정비항목!$C3)) | E102: =IF($A102="","",IF(정비항목!$D3="",0,정비항목!$D3)) | F102: =IF($A102="","",IF(COUNTIFS(정비이력!$B$3:$B$1002,$A102,정비이력!$D$3:$D$1002,정비항목!$A3)=0,"",SUMPRODUCT(MAX((정비이력!$B$3:$B$1002=$A102)*(정비이력!$D$3:$D$1002=정비항목!$A3)*정비이력!$A$3:$A$1002)))) | G102: =IF($A102="","",IF($F102="","",SUMPRODUCT(MAX((정비이력!$B$3:$B$1002=$A102)*(정비이력!$D$3:$D$1002=정비항목!$A3)*정비이력!$F$3:$F$1002)))) | H102: =IF($A102="","",IF(차량목록!$E11="",0,차량목록!$E11)) | I102: =IF(OR($A102="",$D102=0),"",IF($G102="",$H102+$D102,$G102+$D102)) | J102: =IF($I102="","",$I102-$H102) | K102: =IF(OR($A102="",$E102=0),"",IF($F102="",EDATE(TODAY(),$E102),EDATE($F102,$E102))) | L102: =IF($K102="","",$K102-TODAY()) | M102: =IF($A102="","",IF(AND($J102="",$L102=""),"-",IF(OR(AND($J102<>"",$J102<=0),AND($L102<>"",$L102<0)),"교체",IF(OR(AND($J102<>"",$J102<=사용안내!$C$16),AND($L102<>"",$L102<=사용안내!$C$17)),"임박","정상"))))
...

Sheet 교체대상
A1: 교체대상 (지금 해야 하는 것)
A3: 해당 건수 | B3: =COUNTIF($J$6:$J$365,TRUE()) -> 1
A5: 순번 | B5: 차량번호 | C5: 차종 | D5: 항목 | E5: 남은 km | F5: 다음 교체일 | G5: D-Day | H5: 상태
A6: =IF($B6="","",1) -> 1 | B6: =IFERROR(INDEX(정비현황!$A$6:$A$365,MATCH("R"&1,교체대상!$L$6:$L$365,0)),"") -> 12가3456 | C6: =IF($B6="","",IFERROR(INDEX(정비현황!$B$6:$B$365,MATCH("R"&1,교체대상!$L$6:$L$365,0)),"")) -> 포터2 | D6: =IF($B6="","",IFERROR(INDEX(정비현황!$C$6:$C$365,MATCH("R"&1,교체대상!$L$6:$L$365,0)),"")) -> 엔진오일 | E6: =IF($B6="","",IFERROR(INDEX(정비현황!$J$6:$J$365,MATCH("R"&1,교체대상!$L$6:$L$365,0)),"")) -> 200 | F6: =IF($B6="","",IFERROR(INDEX(정비현황!$K$6:$K$365,MATCH("R"&1,교체대상!$L$6:$L$365,0)),"")) -> 46366 | G6: =IF($B6="","",IFERROR(INDEX(정비현황!$L$6:$L$365,MATCH("R"&1,교체대상!$L$6:$L$365,0)),"")) -> 87 | H6: =IF($B6="","",IFERROR(INDEX(정비현황!$M$6:$M$365,MATCH("R"&1,교체대상!$L$6:$L$365,0)),"")) -> 임박 | J6: =IF(정비현황!$A6="",FALSE(),OR(정비현황!$M6="교체",정비현황!$M6="임박")) -> TRUE | K6: =IF($J6=FALSE(),"",COUNTIF($J$6:$J6,TRUE())) -> 1 | L6: =IF($K6="","","R"&$K6) -> R1
A7: =IF($B7="","",2) | B7: =IFERROR(INDEX(정비현황!$A$6:$A$365,MATCH("R"&2,교체대상!$L$6:$L$365,0)),"") | C7: =IF($B7="","",IFERROR(INDEX(정비현황!$B$6:$B$365,MATCH("R"&2,교체대상!$L$6:$L$365,0)),"")) | D7: =IF($B7="","",IFERROR(INDEX(정비현황!$C$6:$C$365,MATCH("R"&2,교체대상!$L$6:$L$365,0)),"")) | E7: =IF($B7="","",IFERROR(INDEX(정비현황!$J$6:$J$365,MATCH("R"&2,교체대상!$L$6:$L$365,0)),"")) | F7: =IF($B7="","",IFERROR(INDEX(정비현황!$K$6:$K$365,MATCH("R"&2,교체대상!$L$6:$L$365,0)),"")) | G7: =IF($B7="","",IFERROR(INDEX(정비현황!$L$6:$L$365,MATCH("R"&2,교체대상!$L$6:$L$365,0)),"")) | H7: =IF($B7="","",IFERROR(INDEX(정비현황!$M$6:$M$365,MATCH("R"&2,교체대상!$L$6:$L$365,0)),"")) | J7: =IF(정비현황!$A7="",FALSE(),OR(정비현황!$M7="교체",정비현황!$M7="임박")) -> FALSE | K7: =IF($J7=FALSE(),"",COUNTIF($J$6:$J7,TRUE())) | L7: =IF($K7="","","R"&$K7)
A8: =IF($B8="","",3) | B8: =IFERROR(INDEX(정비현황!$A$6:$A$365,MATCH("R"&3,교체대상!$L$6:$L$365,0)),"") | C8: =IF($B8="","",IFERROR(INDEX(정비현황!$B$6:$B$365,MATCH("R"&3,교체대상!$L$6:$L$365,0)),"")) | D8: =IF($B8="","",IFERROR(INDEX(정비현황!$C$6:$C$365,MATCH("R"&3,교체대상!$L$6:$L$365,0)),"")) | E8: =IF($B8="","",IFERROR(INDEX(정비현황!$J$6:$J$365,MATCH("R"&3,교체대상!$L$6:$L$365,0)),"")) | F8: =IF($B8="","",IFERROR(INDEX(정비현황!$K$6:$K$365,MATCH("R"&3,교체대상!$L$6:$L$365,0)),"")) | G8: =IF($B8="","",IFERROR(INDEX(정비현황!$L$6:$L$365,MATCH("R"&3,교체대상!$L$6:$L$365,0)),"")) | H8: =IF($B8="","",IFERROR(INDEX(정비현황!$M$6:$M$365,MATCH("R"&3,교체대상!$L$6:$L$365,0)),"")) | J8: =IF(정비현황!$A8="",FALSE(),OR(정비현황!$M8="교체",정비현황!$M8="임박")) -> FALSE | K8: =IF($J8=FALSE(),"",COUNTIF($J$6:$J8,TRUE())) | L8: =IF($K8="","","R"&$K8)
A9: =IF($B9="","",4) | B9: =IFERROR(INDEX(정비현황!$A$6:$A$365,MATCH("R"&4,교체대상!$L$6:$L$365,0)),"") | C9: =IF($B9="","",IFERROR(INDEX(정비현황!$B$6:$B$365,MATCH("R"&4,교체대상!$L$6:$L$365,0)),"")) | D9: =IF($B9="","",IFERROR(INDEX(정비현황!$C$6:$C$365,MATCH("R"&4,교체대상!$L$6:$L$365,0)),"")) | E9: =IF($B9="","",IFERROR(INDEX(정비현황!$J$6:$J$365,MATCH("R"&4,교체대상!$L$6:$L$365,0)),"")) | F9: =IF($B9="","",IFERROR(INDEX(정비현황!$K$6:$K$365,MATCH("R"&4,교체대상!$L$6:$L$365,0)),"")) | G9: =IF($B9="","",IFERROR(INDEX(정비현황!$L$6:$L$365,MATCH("R"&4,교체대상!$L$6:$L$365,0)),"")) | H9: =IF($B9="","",IFERROR(INDEX(정비현황!$M$6:$M$365,MATCH("R"&4,교체대상!$L$6:$L$365,0)),"")) | J9: =IF(정비현황!$A9="",FALSE(),OR(정비현황!$M9="교체",정비현황!$M9="임박")) -> FALSE | K9: =IF($J9=FALSE(),"",COUNTIF($J$6:$J9,TRUE())) | L9: =IF($K9="","","R"&$K9)
A10: =IF($B10="","",5) | B10: =IFERROR(INDEX(정비현황!$A$6:$A$365,MATCH("R"&5,교체대상!$L$6:$L$365,0)),"") | C10: =IF($B10="","",IFERROR(INDEX(정비현황!$B$6:$B$365,MATCH("R"&5,교체대상!$L$6:$L$365,0)),"")) | D10: =IF($B10="","",IFERROR(INDEX(정비현황!$C$6:$C$365,MATCH("R"&5,교체대상!$L$6:$L$365,0)),"")) | E10: =IF($B10="","",IFERROR(INDEX(정비현황!$J$6:$J$365,MATCH("R"&5,교체대상!$L$6:$L$365,0)),"")) | F10: =IF($B10="","",IFERROR(INDEX(정비현황!$K$6:$K$365,MATCH("R"&5,교체대상!$L$6:$L$365,0)),"")) | G10: =IF($B10="","",IFERROR(INDEX(정비현황!$L$6:$L$365,MATCH("R"&5,교체대상!$L$6:$L$365,0)),"")) | H10: =IF($B10="","",IFERROR(INDEX(정비현황!$M$6:$M$365,MATCH("R"&5,교체대상!$L$6:$L$365,0)),"")) | J10: =IF(정비현황!$A10="",FALSE(),OR(정비현황!$M10="교체",정비현황!$M10="임박")) -> FALSE | K10: =IF($J10=FALSE(),"",COUNTIF($J$6:$J10,TRUE())) | L10: =IF($K10="","","R"&$K10)
A11: =IF($B11="","",6) | B11: =IFERROR(INDEX(정비현황!$A$6:$A$365,MATCH("R"&6,교체대상!$L$6:$L$365,0)),"") | C11: =IF($B11="","",IFERROR(INDEX(정비현황!$B$6:$B$365,MATCH("R"&6,교체대상!$L$6:$L$365,0)),"")) | D11: =IF($B11="","",IFERROR(INDEX(정비현황!$C$6:$C$365,MATCH("R"&6,교체대상!$L$6:$L$365,0)),"")) | E11: =IF($B11="","",IFERROR(INDEX(정비현황!$J$6:$J$365,MATCH("R"&6,교체대상!$L$6:$L$365,0)),"")) | F11: =IF($B11="","",IFERROR(INDEX(정비현황!$K$6:$K$365,MATCH("R"&6,교체대상!$L$6:$L$365,0)),"")) | G11: =IF($B11="","",IFERROR(INDEX(정비현황!$L$6:$L$365,MATCH("R"&6,교체대상!$L$6:$L$365,0)),"")) | H11: =IF($B11="","",IFERROR(INDEX(정비현황!$M$6:$M$365,MATCH("R"&6,교체대상!$L$6:$L$365,0)),"")) | J11: =IF(정비현황!$A11="",FALSE(),OR(정비현황!$M11="교체",정비현황!$M11="임박")) -> FALSE | K11: =IF($J11=FALSE(),"",COUNTIF($J$6:$J11,TRUE())) | L11: =IF($K11="","","R"&$K11)
A12: =IF($B12="","",7) | B12: =IFERROR(INDEX(정비현황!$A$6:$A$365,MATCH("R"&7,교체대상!$L$6:$L$365,0)),"") | C12: =IF($B12="","",IFERROR(INDEX(정비현황!$B$6:$B$365,MATCH("R"&7,교체대상!$L$6:$L$365,0)),"")) | D12: =IF($B12="","",IFERROR(INDEX(정비현황!$C$6:$C$365,MATCH("R"&7,교체대상!$L$6:$L$365,0)),"")) | E12: =IF($B12="","",IFERROR(INDEX(정비현황!$J$6:$J$365,MATCH("R"&7,교체대상!$L$6:$L$365,0)),"")) | F12: =IF($B12="","",IFERROR(INDEX(정비현황!$K$6:$K$365,MATCH("R"&7,교체대상!$L$6:$L$365,0)),"")) | G12: =IF($B12="","",IFERROR(INDEX(정비현황!$L$6:$L$365,MATCH("R"&7,교체대상!$L$6:$L$365,0)),"")) | H12: =IF($B12="","",IFERROR(INDEX(정비현황!$M$6:$M$365,MATCH("R"&7,교체대상!$L$6:$L$365,0)),"")) | J12: =IF(정비현황!$A12="",FALSE(),OR(정비현황!$M12="교체",정비현황!$M12="임박")) -> FALSE | K12: =IF($J12=FALSE(),"",COUNTIF($J$6:$J12,TRUE())) | L12: =IF($K12="","","R"&$K12)
A13: =IF($B13="","",8) | B13: =IFERROR(INDEX(정비현황!$A$6:$A$365,MATCH("R"&8,교체대상!$L$6:$L$365,0)),"") | C13: =IF($B13="","",IFERROR(INDEX(정비현황!$B$6:$B$365,MATCH("R"&8,교체대상!$L$6:$L$365,0)),"")) | D13: =IF($B13="","",IFERROR(INDEX(정비현황!$C$6:$C$365,MATCH("R"&8,교체대상!$L$6:$L$365,0)),"")) | E13: =IF($B13="","",IFERROR(INDEX(정비현황!$J$6:$J$365,MATCH("R"&8,교체대상!$L$6:$L$365,0)),"")) | F13: =IF($B13="","",IFERROR(INDEX(정비현황!$K$6:$K$365,MATCH("R"&8,교체대상!$L$6:$L$365,0)),"")) | G13: =IF($B13="","",IFERROR(INDEX(정비현황!$L$6:$L$365,MATCH("R"&8,교체대상!$L$6:$L$365,0)),"")) | H13: =IF($B13="","",IFERROR(INDEX(정비현황!$M$6:$M$365,MATCH("R"&8,교체대상!$L$6:$L$365,0)),"")) | J13: =IF(정비현황!$A13="",FALSE(),OR(정비현황!$M13="교체",정비현황!$M13="임박")) -> FALSE | K13: =IF($J13=FALSE(),"",COUNTIF($J$6:$J13,TRUE())) | L13: =IF($K13="","","R"&$K13)
A14: =IF($B14="","",9) | B14: =IFERROR(INDEX(정비현황!$A$6:$A$365,MATCH("R"&9,교체대상!$L$6:$L$365,0)),"") | C14: =IF($B14="","",IFERROR(INDEX(정비현황!$B$6:$B$365,MATCH("R"&9,교체대상!$L$6:$L$365,0)),"")) | D14: =IF($B14="","",IFERROR(INDEX(정비현황!$C$6:$C$365,MATCH("R"&9,교체대상!$L$6:$L$365,0)),"")) | E14: =IF($B14="","",IFERROR(INDEX(정비현황!$J$6:$J$365,MATCH("R"&9,교체대상!$L$6:$L$365,0)),"")) | F14: =IF($B14="","",IFERROR(INDEX(정비현황!$K$6:$K$365,MATCH("R"&9,교체대상!$L$6:$L$365,0)),"")) | G14: =IF($B14="","",IFERROR(INDEX(정비현황!$L$6:$L$365,MATCH("R"&9,교체대상!$L$6:$L$365,0)),"")) | H14: =IF($B14="","",IFERROR(INDEX(정비현황!$M$6:$M$365,MATCH("R"&9,교체대상!$L$6:$L$365,0)),"")) | J14: =IF(정비현황!$A14="",FALSE(),OR(정비현황!$M14="교체",정비현황!$M14="임박")) -> FALSE | K14: =IF($J14=FALSE(),"",COUNTIF($J$6:$J14,TRUE())) | L14: =IF($K14="","","R"&$K14)
A15: =IF($B15="","",10) | B15: =IFERROR(INDEX(정비현황!$A$6:$A$365,MATCH("R"&10,교체대상!$L$6:$L$365,0)),"") | C15: =IF($B15="","",IFERROR(INDEX(정비현황!$B$6:$B$365,MATCH("R"&10,교체대상!$L$6:$L$365,0)),"")) | D15: =IF($B15="","",IFERROR(INDEX(정비현황!$C$6:$C$365,MATCH("R"&10,교체대상!$L$6:$L$365,0)),"")) | E15: =IF($B15="","",IFERROR(INDEX(정비현황!$J$6:$J$365,MATCH("R"&10,교체대상!$L$6:$L$365,0)),"")) | F15: =IF($B15="","",IFERROR(INDEX(정비현황!$K$6:$K$365,MATCH("R"&10,교체대상!$L$6:$L$365,0)),"")) | G15: =IF($B15="","",IFERROR(INDEX(정비현황!$L$6:$L$365,MATCH("R"&10,교체대상!$L$6:$L$365,0)),"")) | H15: =IF($B15="","",IFERROR(INDEX(정비현황!$M$6:$M$365,MATCH("R"&10,교체대상!$L$6:$L$365,0)),"")) | J15: =IF(정비현황!$A15="",FALSE(),OR(정비현황!$M15="교체",정비현황!$M15="임박")) -> FALSE | K15: =IF($J15=FALSE(),"",COUNTIF($J$6:$J15,TRUE())) | L15: =IF($K15="","","R"&$K15)
A16: =IF($B16="","",11) | B16: =IFERROR(INDEX(정비현황!$A$6:$A$365,MATCH("R"&11,교체대상!$L$6:$L$365,0)),"") | C16: =IF($B16="","",IFERROR(INDEX(정비현황!$B$6:$B$365,MATCH("R"&11,교체대상!$L$6:$L$365,0)),"")) | D16: =IF($B16="","",IFERROR(INDEX(정비현황!$C$6:$C$365,MATCH("R"&11,교체대상!$L$6:$L$365,0)),"")) | E16: =IF($B16="","",IFERROR(INDEX(정비현황!$J$6:$J$365,MATCH("R"&11,교체대상!$L$6:$L$365,0)),"")) | F16: =IF($B16="","",IFERROR(INDEX(정비현황!$K$6:$K$365,MATCH("R"&11,교체대상!$L$6:$L$365,0)),"")) | G16: =IF($B16="","",IFERROR(INDEX(정비현황!$L$6:$L$365,MATCH("R"&11,교체대상!$L$6:$L$365,0)),"")) | H16: =IF($B16="","",IFERROR(INDEX(정비현황!$M$6:$M$365,MATCH("R"&11,교체대상!$L$6:$L$365,0)),"")) | J16: =IF(정비현황!$A16="",FALSE(),OR(정비현황!$M16="교체",정비현황!$M16="임박")) -> FALSE | K16: =IF($J16=FALSE(),"",COUNTIF($J$6:$J16,TRUE())) | L16: =IF($K16="","","R"&$K16)
A17: =IF($B17="","",12) | B17: =IFERROR(INDEX(정비현황!$A$6:$A$365,MATCH("R"&12,교체대상!$L$6:$L$365,0)),"") | C17: =IF($B17="","",IFERROR(INDEX(정비현황!$B$6:$B$365,MATCH("R"&12,교체대상!$L$6:$L$365,0)),"")) | D17: =IF($B17="","",IFERROR(INDEX(정비현황!$C$6:$C$365,MATCH("R"&12,교체대상!$L$6:$L$365,0)),"")) | E17: =IF($B17="","",IFERROR(INDEX(정비현황!$J$6:$J$365,MATCH("R"&12,교체대상!$L$6:$L$365,0)),"")) | F17: =IF($B17="","",IFERROR(INDEX(정비현황!$K$6:$K$365,MATCH("R"&12,교체대상!$L$6:$L$365,0)),"")) | G17: =IF($B17="","",IFERROR(INDEX(정비현황!$L$6:$L$365,MATCH("R"&12,교체대상!$L$6:$L$365,0)),"")) | H17: =IF($B17="","",IFERROR(INDEX(정비현황!$M$6:$M$365,MATCH("R"&12,교체대상!$L$6:$L$365,0)),"")) | J17: =IF(정비현황!$A17="",FALSE(),OR(정비현황!$M17="교체",정비현황!$M17="임박")) -> FALSE | K17: =IF($J17=FALSE(),"",COUNTIF($J$6:$J17,TRUE())) | L17: =IF($K17="","","R"&$K17)
A18: =IF($B18="","",13) | B18: =IFERROR(INDEX(정비현황!$A$6:$A$365,MATCH("R"&13,교체대상!$L$6:$L$365,0)),"") | C18: =IF($B18="","",IFERROR(INDEX(정비현황!$B$6:$B$365,MATCH("R"&13,교체대상!$L$6:$L$365,0)),"")) | D18: =IF($B18="","",IFERROR(INDEX(정비현황!$C$6:$C$365,MATCH("R"&13,교체대상!$L$6:$L$365,0)),"")) | E18: =IF($B18="","",IFERROR(INDEX(정비현황!$J$6:$J$365,MATCH("R"&13,교체대상!$L$6:$L$365,0)),"")) | F18: =IF($B18="","",IFERROR(INDEX(정비현황!$K$6:$K$365,MATCH("R"&13,교체대상!$L$6:$L$365,0)),"")) | G18: =IF($B18="","",IFERROR(INDEX(정비현황!$L$6:$L$365,MATCH("R"&13,교체대상!$L$6:$L$365,0)),"")) | H18: =IF($B18="","",IFERROR(INDEX(정비현황!$M$6:$M$365,MATCH("R"&13,교체대상!$L$6:$L$365,0)),"")) | J18: =IF(정비현황!$A18="",FALSE(),OR(정비현황!$M18="교체",정비현황!$M18="임박")) -> FALSE | K18: =IF($J18=FALSE(),"",COUNTIF($J$6:$J18,TRUE())) | L18: =IF($K18="","","R"&$K18)
A19: =IF($B19="","",14) | B19: =IFERROR(INDEX(정비현황!$A$6:$A$365,MATCH("R"&14,교체대상!$L$6:$L$365,0)),"") | C19: =IF($B19="","",IFERROR(INDEX(정비현황!$B$6:$B$365,MATCH("R"&14,교체대상!$L$6:$L$365,0)),"")) | D19: =IF($B19="","",IFERROR(INDEX(정비현황!$C$6:$C$365,MATCH("R"&14,교체대상!$L$6:$L$365,0)),"")) | E19: =IF($B19="","",IFERROR(INDEX(정비현황!$J$6:$J$365,MATCH("R"&14,교체대상!$L$6:$L$365,0)),"")) | F19: =IF($B19="","",IFERROR(INDEX(정비현황!$K$6:$K$365,MATCH("R"&14,교체대상!$L$6:$L$365,0)),"")) | G19: =IF($B19="","",IFERROR(INDEX(정비현황!$L$6:$L$365,MATCH("R"&14,교체대상!$L$6:$L$365,0)),"")) | H19: =IF($B19="","",IFERROR(INDEX(정비현황!$M$6:$M$365,MATCH("R"&14,교체대상!$L$6:$L$365,0)),"")) | J19: =IF(정비현황!$A19="",FALSE(),OR(정비현황!$M19="교체",정비현황!$M19="임박")) -> FALSE | K19: =IF($J19=FALSE(),"",COUNTIF($J$6:$J19,TRUE())) | L19: =IF($K19="","","R"&$K19)
A20: =IF($B20="","",15) | B20: =IFERROR(INDEX(정비현황!$A$6:$A$365,MATCH("R"&15,교체대상!$L$6:$L$365,0)),"") | C20: =IF($B20="","",IFERROR(INDEX(정비현황!$B$6:$B$365,MATCH("R"&15,교체대상!$L$6:$L$365,0)),"")) | D20: =IF($B20="","",IFERROR(INDEX(정비현황!$C$6:$C$365,MATCH("R"&15,교체대상!$L$6:$L$365,0)),"")) | E20: =IF($B20="","",IFERROR(INDEX(정비현황!$J$6:$J$365,MATCH("R"&15,교체대상!$L$6:$L$365,0)),"")) | F20: =IF($B20="","",IFERROR(INDEX(정비현황!$K$6:$K$365,MATCH("R"&15,교체대상!$L$6:$L$365,0)),"")) | G20: =IF($B20="","",IFERROR(INDEX(정비현황!$L$6:$L$365,MATCH("R"&15,교체대상!$L$6:$L$365,0)),"")) | H20: =IF($B20="","",IFERROR(INDEX(정비현황!$M$6:$M$365,MATCH("R"&15,교체대상!$L$6:$L$365,0)),"")) | J20: =IF(정비현황!$A20="",FALSE(),OR(정비현황!$M20="교체",정비현황!$M20="임박")) -> FALSE | K20: =IF($J20=FALSE(),"",COUNTIF($J$6:$J20,TRUE())) | L20: =IF($K20="","","R"&$K20)
A21: =IF($B21="","",16) | B21: =IFERROR(INDEX(정비현황!$A$6:$A$365,MATCH("R"&16,교체대상!$L$6:$L$365,0)),"") | C21: =IF($B21="","",IFERROR(INDEX(정비현황!$B$6:$B$365,MATCH("R"&16,교체대상!$L$6:$L$365,0)),"")) | D21: =IF($B21="","",IFERROR(INDEX(정비현황!$C$6:$C$365,MATCH("R"&16,교체대상!$L$6:$L$365,0)),"")) | E21: =IF($B21="","",IFERROR(INDEX(정비현황!$J$6:$J$365,MATCH("R"&16,교체대상!$L$6:$L$365,0)),"")) | F21: =IF($B21="","",IFERROR(INDEX(정비현황!$K$6:$K$365,MATCH("R"&16,교체대상!$L$6:$L$365,0)),"")) | G21: =IF($B21="","",IFERROR(INDEX(정비현황!$L$6:$L$365,MATCH("R"&16,교체대상!$L$6:$L$365,0)),"")) | H21: =IF($B21="","",IFERROR(INDEX(정비현황!$M$6:$M$365,MATCH("R"&16,교체대상!$L$6:$L$365,0)),"")) | J21: =IF(정비현황!$A21="",FALSE(),OR(정비현황!$M21="교체",정비현황!$M21="임박")) -> FALSE | K21: =IF($J21=FALSE(),"",COUNTIF($J$6:$J21,TRUE())) | L21: =IF($K21="","","R"&$K21)
A22: =IF($B22="","",17) | B22: =IFERROR(INDEX(정비현황!$A$6:$A$365,MATCH("R"&17,교체대상!$L$6:$L$365,0)),"") | C22: =IF($B22="","",IFERROR(INDEX(정비현황!$B$6:$B$365,MATCH("R"&17,교체대상!$L$6:$L$365,0)),"")) | D22: =IF($B22="","",IFERROR(INDEX(정비현황!$C$6:$C$365,MATCH("R"&17,교체대상!$L$6:$L$365,0)),"")) | E22: =IF($B22="","",IFERROR(INDEX(정비현황!$J$6:$J$365,MATCH("R"&17,교체대상!$L$6:$L$365,0)),"")) | F22: =IF($B22="","",IFERROR(INDEX(정비현황!$K$6:$K$365,MATCH("R"&17,교체대상!$L$6:$L$365,0)),"")) | G22: =IF($B22="","",IFERROR(INDEX(정비현황!$L$6:$L$365,MATCH("R"&17,교체대상!$L$6:$L$365,0)),"")) | H22: =IF($B22="","",IFERROR(INDEX(정비현황!$M$6:$M$365,MATCH("R"&17,교체대상!$L$6:$L$365,0)),"")) | J22: =IF(정비현황!$A22="",FALSE(),OR(정비현황!$M22="교체",정비현황!$M22="임박")) -> FALSE | K22: =IF($J22=FALSE(),"",COUNTIF($J$6:$J22,TRUE())) | L22: =IF($K22="","","R"&$K22)
A23: =IF($B23="","",18) | B23: =IFERROR(INDEX(정비현황!$A$6:$A$365,MATCH("R"&18,교체대상!$L$6:$L$365,0)),"") | C23: =IF($B23="","",IFERROR(INDEX(정비현황!$B$6:$B$365,MATCH("R"&18,교체대상!$L$6:$L$365,0)),"")) | D23: =IF($B23="","",IFERROR(INDEX(정비현황!$C$6:$C$365,MATCH("R"&18,교체대상!$L$6:$L$365,0)),"")) | E23: =IF($B23="","",IFERROR(INDEX(정비현황!$J$6:$J$365,MATCH("R"&18,교체대상!$L$6:$L$365,0)),"")) | F23: =IF($B23="","",IFERROR(INDEX(정비현황!$K$6:$K$365,MATCH("R"&18,교체대상!$L$6:$L$365,0)),"")) | G23: =IF($B23="","",IFERROR(INDEX(정비현황!$L$6:$L$365,MATCH("R"&18,교체대상!$L$6:$L$365,0)),"")) | H23: =IF($B23="","",IFERROR(INDEX(정비현황!$M$6:$M$365,MATCH("R"&18,교체대상!$L$6:$L$365,0)),"")) | J23: =IF(정비현황!$A23="",FALSE(),OR(정비현황!$M23="교체",정비현황!$M23="임박")) -> FALSE | K23: =IF($J23=FALSE(),"",COUNTIF($J$6:$J23,TRUE())) | L23: =IF($K23="","","R"&$K23)
A24: =IF($B24="","",19) | B24: =IFERROR(INDEX(정비현황!$A$6:$A$365,MATCH("R"&19,교체대상!$L$6:$L$365,0)),"") | C24: =IF($B24="","",IFERROR(INDEX(정비현황!$B$6:$B$365,MATCH("R"&19,교체대상!$L$6:$L$365,0)),"")) | D24: =IF($B24="","",IFERROR(INDEX(정비현황!$C$6:$C$365,MATCH("R"&19,교체대상!$L$6:$L$365,0)),"")) | E24: =IF($B24="","",IFERROR(INDEX(정비현황!$J$6:$J$365,MATCH("R"&19,교체대상!$L$6:$L$365,0)),"")) | F24: =IF($B24="","",IFERROR(INDEX(정비현황!$K$6:$K$365,MATCH("R"&19,교체대상!$L$6:$L$365,0)),"")) | G24: =IF($B24="","",IFERROR(INDEX(정비현황!$L$6:$L$365,MATCH("R"&19,교체대상!$L$6:$L$365,0)),"")) | H24: =IF($B24="","",IFERROR(INDEX(정비현황!$M$6:$M$365,MATCH("R"&19,교체대상!$L$6:$L$365,0)),"")) | J24: =IF(정비현황!$A24="",FALSE(),OR(정비현황!$M24="교체",정비현황!$M24="임박")) -> FALSE | K24: =IF($J24=FALSE(),"",COUNTIF($J$6:$J24,TRUE())) | L24: =IF($K24="","","R"&$K24)
A25: =IF($B25="","",20) | B25: =IFERROR(INDEX(정비현황!$A$6:$A$365,MATCH("R"&20,교체대상!$L$6:$L$365,0)),"") | C25: =IF($B25="","",IFERROR(INDEX(정비현황!$B$6:$B$365,MATCH("R"&20,교체대상!$L$6:$L$365,0)),"")) | D25: =IF($B25="","",IFERROR(INDEX(정비현황!$C$6:$C$365,MATCH("R"&20,교체대상!$L$6:$L$365,0)),"")) | E25: =IF($B25="","",IFERROR(INDEX(정비현황!$J$6:$J$365,MATCH("R"&20,교체대상!$L$6:$L$365,0)),"")) | F25: =IF($B25="","",IFERROR(INDEX(정비현황!$K$6:$K$365,MATCH("R"&20,교체대상!$L$6:$L$365,0)),"")) | G25: =IF($B25="","",IFERROR(INDEX(정비현황!$L$6:$L$365,MATCH("R"&20,교체대상!$L$6:$L$365,0)),"")) | H25: =IF($B25="","",IFERROR(INDEX(정비현황!$M$6:$M$365,MATCH("R"&20,교체대상!$L$6:$L$365,0)),"")) | J25: =IF(정비현황!$A25="",FALSE(),OR(정비현황!$M25="교체",정비현황!$M25="임박")) -> FALSE | K25: =IF($J25=FALSE(),"",COUNTIF($J$6:$J25,TRUE())) | L25: =IF($K25="","","R"&$K25)
A26: =IF($B26="","",21) | B26: =IFERROR(INDEX(정비현황!$A$6:$A$365,MATCH("R"&21,교체대상!$L$6:$L$365,0)),"") | C26: =IF($B26="","",IFERROR(INDEX(정비현황!$B$6:$B$365,MATCH("R"&21,교체대상!$L$6:$L$365,0)),"")) | D26: =IF($B26="","",IFERROR(INDEX(정비현황!$C$6:$C$365,MATCH("R"&21,교체대상!$L$6:$L$365,0)),"")) | E26: =IF($B26="","",IFERROR(INDEX(정비현황!$J$6:$J$365,MATCH("R"&21,교체대상!$L$6:$L$365,0)),"")) | F26: =IF($B26="","",IFERROR(INDEX(정비현황!$K$6:$K$365,MATCH("R"&21,교체대상!$L$6:$L$365,0)),"")) | G26: =IF($B26="","",IFERROR(INDEX(정비현황!$L$6:$L$365,MATCH("R"&21,교체대상!$L$6:$L$365,0)),"")) | H26: =IF($B26="","",IFERROR(INDEX(정비현황!$M$6:$M$365,MATCH("R"&21,교체대상!$L$6:$L$365,0)),"")) | J26: =IF(정비현황!$A26="",FALSE(),OR(정비현황!$M26="교체",정비현황!$M26="임박")) -> FALSE | K26: =IF($J26=FALSE(),"",COUNTIF($J$6:$J26,TRUE())) | L26: =IF($K26="","","R"&$K26)
A27: =IF($B27="","",22) | B27: =IFERROR(INDEX(정비현황!$A$6:$A$365,MATCH("R"&22,교체대상!$L$6:$L$365,0)),"") | C27: =IF($B27="","",IFERROR(INDEX(정비현황!$B$6:$B$365,MATCH("R"&22,교체대상!$L$6:$L$365,0)),"")) | D27: =IF($B27="","",IFERROR(INDEX(정비현황!$C$6:$C$365,MATCH("R"&22,교체대상!$L$6:$L$365,0)),"")) | E27: =IF($B27="","",IFERROR(INDEX(정비현황!$J$6:$J$365,MATCH("R"&22,교체대상!$L$6:$L$365,0)),"")) | F27: =IF($B27="","",IFERROR(INDEX(정비현황!$K$6:$K$365,MATCH("R"&22,교체대상!$L$6:$L$365,0)),"")) | G27: =IF($B27="","",IFERROR(INDEX(정비현황!$L$6:$L$365,MATCH("R"&22,교체대상!$L$6:$L$365,0)),"")) | H27: =IF($B27="","",IFERROR(INDEX(정비현황!$M$6:$M$365,MATCH("R"&22,교체대상!$L$6:$L$365,0)),"")) | J27: =IF(정비현황!$A27="",FALSE(),OR(정비현황!$M27="교체",정비현황!$M27="임박")) -> FALSE | K27: =IF($J27=FALSE(),"",COUNTIF($J$6:$J27,TRUE())) | L27: =IF($K27="","","R"&$K27)
A28: =IF($B28="","",23) | B28: =IFERROR(INDEX(정비현황!$A$6:$A$365,MATCH("R"&23,교체대상!$L$6:$L$365,0)),"") | C28: =IF($B28="","",IFERROR(INDEX(정비현황!$B$6:$B$365,MATCH("R"&23,교체대상!$L$6:$L$365,0)),"")) | D28: =IF($B28="","",IFERROR(INDEX(정비현황!$C$6:$C$365,MATCH("R"&23,교체대상!$L$6:$L$365,0)),"")) | E28: =IF($B28="","",IFERROR(INDEX(정비현황!$J$6:$J$365,MATCH("R"&23,교체대상!$L$6:$L$365,0)),"")) | F28: =IF($B28="","",IFERROR(INDEX(정비현황!$K$6:$K$365,MATCH("R"&23,교체대상!$L$6:$L$365,0)),"")) | G28: =IF($B28="","",IFERROR(INDEX(정비현황!$L$6:$L$365,MATCH("R"&23,교체대상!$L$6:$L$365,0)),"")) | H28: =IF($B28="","",IFERROR(INDEX(정비현황!$M$6:$M$365,MATCH("R"&23,교체대상!$L$6:$L$365,0)),"")) | J28: =IF(정비현황!$A28="",FALSE(),OR(정비현황!$M28="교체",정비현황!$M28="임박")) -> FALSE | K28: =IF($J28=FALSE(),"",COUNTIF($J$6:$J28,TRUE())) | L28: =IF($K28="","","R"&$K28)
A29: =IF($B29="","",24) | B29: =IFERROR(INDEX(정비현황!$A$6:$A$365,MATCH("R"&24,교체대상!$L$6:$L$365,0)),"") | C29: =IF($B29="","",IFERROR(INDEX(정비현황!$B$6:$B$365,MATCH("R"&24,교체대상!$L$6:$L$365,0)),"")) | D29: =IF($B29="","",IFERROR(INDEX(정비현황!$C$6:$C$365,MATCH("R"&24,교체대상!$L$6:$L$365,0)),"")) | E29: =IF($B29="","",IFERROR(INDEX(정비현황!$J$6:$J$365,MATCH("R"&24,교체대상!$L$6:$L$365,0)),"")) | F29: =IF($B29="","",IFERROR(INDEX(정비현황!$K$6:$K$365,MATCH("R"&24,교체대상!$L$6:$L$365,0)),"")) | G29: =IF($B29="","",IFERROR(INDEX(정비현황!$L$6:$L$365,MATCH("R"&24,교체대상!$L$6:$L$365,0)),"")) | H29: =IF($B29="","",IFERROR(INDEX(정비현황!$M$6:$M$365,MATCH("R"&24,교체대상!$L$6:$L$365,0)),"")) | J29: =IF(정비현황!$A29="",FALSE(),OR(정비현황!$M29="교체",정비현황!$M29="임박")) -> FALSE | K29: =IF($J29=FALSE(),"",COUNTIF($J$6:$J29,TRUE())) | L29: =IF($K29="","","R"&$K29)
A30: =IF($B30="","",25) | B30: =IFERROR(INDEX(정비현황!$A$6:$A$365,MATCH("R"&25,교체대상!$L$6:$L$365,0)),"") | C30: =IF($B30="","",IFERROR(INDEX(정비현황!$B$6:$B$365,MATCH("R"&25,교체대상!$L$6:$L$365,0)),"")) | D30: =IF($B30="","",IFERROR(INDEX(정비현황!$C$6:$C$365,MATCH("R"&25,교체대상!$L$6:$L$365,0)),"")) | E30: =IF($B30="","",IFERROR(INDEX(정비현황!$J$6:$J$365,MATCH("R"&25,교체대상!$L$6:$L$365,0)),"")) | F30: =IF($B30="","",IFERROR(INDEX(정비현황!$K$6:$K$365,MATCH("R"&25,교체대상!$L$6:$L$365,0)),"")) | G30: =IF($B30="","",IFERROR(INDEX(정비현황!$L$6:$L$365,MATCH("R"&25,교체대상!$L$6:$L$365,0)),"")) | H30: =IF($B30="","",IFERROR(INDEX(정비현황!$M$6:$M$365,MATCH("R"&25,교체대상!$L$6:$L$365,0)),"")) | J30: =IF(정비현황!$A30="",FALSE(),OR(정비현황!$M30="교체",정비현황!$M30="임박")) -> FALSE | K30: =IF($J30=FALSE(),"",COUNTIF($J$6:$J30,TRUE())) | L30: =IF($K30="","","R"&$K30)
A31: =IF($B31="","",26) | B31: =IFERROR(INDEX(정비현황!$A$6:$A$365,MATCH("R"&26,교체대상!$L$6:$L$365,0)),"") | C31: =IF($B31="","",IFERROR(INDEX(정비현황!$B$6:$B$365,MATCH("R"&26,교체대상!$L$6:$L$365,0)),"")) | D31: =IF($B31="","",IFERROR(INDEX(정비현황!$C$6:$C$365,MATCH("R"&26,교체대상!$L$6:$L$365,0)),"")) | E31: =IF($B31="","",IFERROR(INDEX(정비현황!$J$6:$J$365,MATCH("R"&26,교체대상!$L$6:$L$365,0)),"")) | F31: =IF($B31="","",IFERROR(INDEX(정비현황!$K$6:$K$365,MATCH("R"&26,교체대상!$L$6:$L$365,0)),"")) | G31: =IF($B31="","",IFERROR(INDEX(정비현황!$L$6:$L$365,MATCH("R"&26,교체대상!$L$6:$L$365,0)),"")) | H31: =IF($B31="","",IFERROR(INDEX(정비현황!$M$6:$M$365,MATCH("R"&26,교체대상!$L$6:$L$365,0)),"")) | J31: =IF(정비현황!$A31="",FALSE(),OR(정비현황!$M31="교체",정비현황!$M31="임박")) -> FALSE | K31: =IF($J31=FALSE(),"",COUNTIF($J$6:$J31,TRUE())) | L31: =IF($K31="","","R"&$K31)
A32: =IF($B32="","",27) | B32: =IFERROR(INDEX(정비현황!$A$6:$A$365,MATCH("R"&27,교체대상!$L$6:$L$365,0)),"") | C32: =IF($B32="","",IFERROR(INDEX(정비현황!$B$6:$B$365,MATCH("R"&27,교체대상!$L$6:$L$365,0)),"")) | D32: =IF($B32="","",IFERROR(INDEX(정비현황!$C$6:$C$365,MATCH("R"&27,교체대상!$L$6:$L$365,0)),"")) | E32: =IF($B32="","",IFERROR(INDEX(정비현황!$J$6:$J$365,MATCH("R"&27,교체대상!$L$6:$L$365,0)),"")) | F32: =IF($B32="","",IFERROR(INDEX(정비현황!$K$6:$K$365,MATCH("R"&27,교체대상!$L$6:$L$365,0)),"")) | G32: =IF($B32="","",IFERROR(INDEX(정비현황!$L$6:$L$365,MATCH("R"&27,교체대상!$L$6:$L$365,0)),"")) | H32: =IF($B32="","",IFERROR(INDEX(정비현황!$M$6:$M$365,MATCH("R"&27,교체대상!$L$6:$L$365,0)),"")) | J32: =IF(정비현황!$A32="",FALSE(),OR(정비현황!$M32="교체",정비현황!$M32="임박")) -> FALSE | K32: =IF($J32=FALSE(),"",COUNTIF($J$6:$J32,TRUE())) | L32: =IF($K32="","","R"&$K32)
A33: =IF($B33="","",28) | B33: =IFERROR(INDEX(정비현황!$A$6:$A$365,MATCH("R"&28,교체대상!$L$6:$L$365,0)),"") | C33: =IF($B33="","",IFERROR(INDEX(정비현황!$B$6:$B$365,MATCH("R"&28,교체대상!$L$6:$L$365,0)),"")) | D33: =IF($B33="","",IFERROR(INDEX(정비현황!$C$6:$C$365,MATCH("R"&28,교체대상!$L$6:$L$365,0)),"")) | E33: =IF($B33="","",IFERROR(INDEX(정비현황!$J$6:$J$365,MATCH("R"&28,교체대상!$L$6:$L$365,0)),"")) | F33: =IF($B33="","",IFERROR(INDEX(정비현황!$K$6:$K$365,MATCH("R"&28,교체대상!$L$6:$L$365,0)),"")) | G33: =IF($B33="","",IFERROR(INDEX(정비현황!$L$6:$L$365,MATCH("R"&28,교체대상!$L$6:$L$365,0)),"")) | H33: =IF($B33="","",IFERROR(INDEX(정비현황!$M$6:$M$365,MATCH("R"&28,교체대상!$L$6:$L$365,0)),"")) | J33: =IF(정비현황!$A33="",FALSE(),OR(정비현황!$M33="교체",정비현황!$M33="임박")) -> FALSE | K33: =IF($J33=FALSE(),"",COUNTIF($J$6:$J33,TRUE())) | L33: =IF($K33="","","R"&$K33)
A34: =IF($B34="","",29) | B34: =IFERROR(INDEX(정비현황!$A$6:$A$365,MATCH("R"&29,교체대상!$L$6:$L$365,0)),"") | C34: =IF($B34="","",IFERROR(INDEX(정비현황!$B$6:$B$365,MATCH("R"&29,교체대상!$L$6:$L$365,0)),"")) | D34: =IF($B34="","",IFERROR(INDEX(정비현황!$C$6:$C$365,MATCH("R"&29,교체대상!$L$6:$L$365,0)),"")) | E34: =IF($B34="","",IFERROR(INDEX(정비현황!$J$6:$J$365,MATCH("R"&29,교체대상!$L$6:$L$365,0)),"")) | F34: =IF($B34="","",IFERROR(INDEX(정비현황!$K$6:$K$365,MATCH("R"&29,교체대상!$L$6:$L$365,0)),"")) | G34: =IF($B34="","",IFERROR(INDEX(정비현황!$L$6:$L$365,MATCH("R"&29,교체대상!$L$6:$L$365,0)),"")) | H34: =IF($B34="","",IFERROR(INDEX(정비현황!$M$6:$M$365,MATCH("R"&29,교체대상!$L$6:$L$365,0)),"")) | J34: =IF(정비현황!$A34="",FALSE(),OR(정비현황!$M34="교체",정비현황!$M34="임박")) -> FALSE | K34: =IF($J34=FALSE(),"",COUNTIF($J$6:$J34,TRUE())) | L34: =IF($K34="","","R"&$K34)
A35: =IF($B35="","",30) | B35: =IFERROR(INDEX(정비현황!$A$6:$A$365,MATCH("R"&30,교체대상!$L$6:$L$365,0)),"") | C35: =IF($B35="","",IFERROR(INDEX(정비현황!$B$6:$B$365,MATCH("R"&30,교체대상!$L$6:$L$365,0)),"")) | D35: =IF($B35="","",IFERROR(INDEX(정비현황!$C$6:$C$365,MATCH("R"&30,교체대상!$L$6:$L$365,0)),"")) | E35: =IF($B35="","",IFERROR(INDEX(정비현황!$J$6:$J$365,MATCH("R"&30,교체대상!$L$6:$L$365,0)),"")) | F35: =IF($B35="","",IFERROR(INDEX(정비현황!$K$6:$K$365,MATCH("R"&30,교체대상!$L$6:$L$365,0)),"")) | G35: =IF($B35="","",IFERROR(INDEX(정비현황!$L$6:$L$365,MATCH("R"&30,교체대상!$L$6:$L$365,0)),"")) | H35: =IF($B35="","",IFERROR(INDEX(정비현황!$M$6:$M$365,MATCH("R"&30,교체대상!$L$6:$L$365,0)),"")) | J35: =IF(정비현황!$A35="",FALSE(),OR(정비현황!$M35="교체",정비현황!$M35="임박")) -> FALSE | K35: =IF($J35=FALSE(),"",COUNTIF($J$6:$J35,TRUE())) | L35: =IF($K35="","","R"&$K35)
A36: =IF($B36="","",31) | B36: =IFERROR(INDEX(정비현황!$A$6:$A$365,MATCH("R"&31,교체대상!$L$6:$L$365,0)),"") | C36: =IF($B36="","",IFERROR(INDEX(정비현황!$B$6:$B$365,MATCH("R"&31,교체대상!$L$6:$L$365,0)),"")) | D36: =IF($B36="","",IFERROR(INDEX(정비현황!$C$6:$C$365,MATCH("R"&31,교체대상!$L$6:$L$365,0)),"")) | E36: =IF($B36="","",IFERROR(INDEX(정비현황!$J$6:$J$365,MATCH("R"&31,교체대상!$L$6:$L$365,0)),"")) | F36: =IF($B36="","",IFERROR(INDEX(정비현황!$K$6:$K$365,MATCH("R"&31,교체대상!$L$6:$L$365,0)),"")) | G36: =IF($B36="","",IFERROR(INDEX(정비현황!$L$6:$L$365,MATCH("R"&31,교체대상!$L$6:$L$365,0)),"")) | H36: =IF($B36="","",IFERROR(INDEX(정비현황!$M$6:$M$365,MATCH("R"&31,교체대상!$L$6:$L$365,0)),"")) | J36: =IF(정비현황!$A36="",FALSE(),OR(정비현황!$M36="교체",정비현황!$M36="임박")) -> FALSE | K36: =IF($J36=FALSE(),"",COUNTIF($J$6:$J36,TRUE())) | L36: =IF($K36="","","R"&$K36)
A37: =IF($B37="","",32) | B37: =IFERROR(INDEX(정비현황!$A$6:$A$365,MATCH("R"&32,교체대상!$L$6:$L$365,0)),"") | C37: =IF($B37="","",IFERROR(INDEX(정비현황!$B$6:$B$365,MATCH("R"&32,교체대상!$L$6:$L$365,0)),"")) | D37: =IF($B37="","",IFERROR(INDEX(정비현황!$C$6:$C$365,MATCH("R"&32,교체대상!$L$6:$L$365,0)),"")) | E37: =IF($B37="","",IFERROR(INDEX(정비현황!$J$6:$J$365,MATCH("R"&32,교체대상!$L$6:$L$365,0)),"")) | F37: =IF($B37="","",IFERROR(INDEX(정비현황!$K$6:$K$365,MATCH("R"&32,교체대상!$L$6:$L$365,0)),"")) | G37: =IF($B37="","",IFERROR(INDEX(정비현황!$L$6:$L$365,MATCH("R"&32,교체대상!$L$6:$L$365,0)),"")) | H37: =IF($B37="","",IFERROR(INDEX(정비현황!$M$6:$M$365,MATCH("R"&32,교체대상!$L$6:$L$365,0)),"")) | J37: =IF(정비현황!$A37="",FALSE(),OR(정비현황!$M37="교체",정비현황!$M37="임박")) -> FALSE | K37: =IF($J37=FALSE(),"",COUNTIF($J$6:$J37,TRUE())) | L37: =IF($K37="","","R"&$K37)
A38: =IF($B38="","",33) | B38: =IFERROR(INDEX(정비현황!$A$6:$A$365,MATCH("R"&33,교체대상!$L$6:$L$365,0)),"") | C38: =IF($B38="","",IFERROR(INDEX(정비현황!$B$6:$B$365,MATCH("R"&33,교체대상!$L$6:$L$365,0)),"")) | D38: =IF($B38="","",IFERROR(INDEX(정비현황!$C$6:$C$365,MATCH("R"&33,교체대상!$L$6:$L$365,0)),"")) | E38: =IF($B38="","",IFERROR(INDEX(정비현황!$J$6:$J$365,MATCH("R"&33,교체대상!$L$6:$L$365,0)),"")) | F38: =IF($B38="","",IFERROR(INDEX(정비현황!$K$6:$K$365,MATCH("R"&33,교체대상!$L$6:$L$365,0)),"")) | G38: =IF($B38="","",IFERROR(INDEX(정비현황!$L$6:$L$365,MATCH("R"&33,교체대상!$L$6:$L$365,0)),"")) | H38: =IF($B38="","",IFERROR(INDEX(정비현황!$M$6:$M$365,MATCH("R"&33,교체대상!$L$6:$L$365,0)),"")) | J38: =IF(정비현황!$A38="",FALSE(),OR(정비현황!$M38="교체",정비현황!$M38="임박")) -> FALSE | K38: =IF($J38=FALSE(),"",COUNTIF($J$6:$J38,TRUE())) | L38: =IF($K38="","","R"&$K38)
A39: =IF($B39="","",34) | B39: =IFERROR(INDEX(정비현황!$A$6:$A$365,MATCH("R"&34,교체대상!$L$6:$L$365,0)),"") | C39: =IF($B39="","",IFERROR(INDEX(정비현황!$B$6:$B$365,MATCH("R"&34,교체대상!$L$6:$L$365,0)),"")) | D39: =IF($B39="","",IFERROR(INDEX(정비현황!$C$6:$C$365,MATCH("R"&34,교체대상!$L$6:$L$365,0)),"")) | E39: =IF($B39="","",IFERROR(INDEX(정비현황!$J$6:$J$365,MATCH("R"&34,교체대상!$L$6:$L$365,0)),"")) | F39: =IF($B39="","",IFERROR(INDEX(정비현황!$K$6:$K$365,MATCH("R"&34,교체대상!$L$6:$L$365,0)),"")) | G39: =IF($B39="","",IFERROR(INDEX(정비현황!$L$6:$L$365,MATCH("R"&34,교체대상!$L$6:$L$365,0)),"")) | H39: =IF($B39="","",IFERROR(INDEX(정비현황!$M$6:$M$365,MATCH("R"&34,교체대상!$L$6:$L$365,0)),"")) | J39: =IF(정비현황!$A39="",FALSE(),OR(정비현황!$M39="교체",정비현황!$M39="임박")) -> FALSE | K39: =IF($J39=FALSE(),"",COUNTIF($J$6:$J39,TRUE())) | L39: =IF($K39="","","R"&$K39)
A40: =IF($B40="","",35) | B40: =IFERROR(INDEX(정비현황!$A$6:$A$365,MATCH("R"&35,교체대상!$L$6:$L$365,0)),"") | C40: =IF($B40="","",IFERROR(INDEX(정비현황!$B$6:$B$365,MATCH("R"&35,교체대상!$L$6:$L$365,0)),"")) | D40: =IF($B40="","",IFERROR(INDEX(정비현황!$C$6:$C$365,MATCH("R"&35,교체대상!$L$6:$L$365,0)),"")) | E40: =IF($B40="","",IFERROR(INDEX(정비현황!$J$6:$J$365,MATCH("R"&35,교체대상!$L$6:$L$365,0)),"")) | F40: =IF($B40="","",IFERROR(INDEX(정비현황!$K$6:$K$365,MATCH("R"&35,교체대상!$L$6:$L$365,0)),"")) | G40: =IF($B40="","",IFERROR(INDEX(정비현황!$L$6:$L$365,MATCH("R"&35,교체대상!$L$6:$L$365,0)),"")) | H40: =IF($B40="","",IFERROR(INDEX(정비현황!$M$6:$M$365,MATCH("R"&35,교체대상!$L$6:$L$365,0)),"")) | J40: =IF(정비현황!$A40="",FALSE(),OR(정비현황!$M40="교체",정비현황!$M40="임박")) -> FALSE | K40: =IF($J40=FALSE(),"",COUNTIF($J$6:$J40,TRUE())) | L40: =IF($K40="","","R"&$K40)
A41: =IF($B41="","",36) | B41: =IFERROR(INDEX(정비현황!$A$6:$A$365,MATCH("R"&36,교체대상!$L$6:$L$365,0)),"") | C41: =IF($B41="","",IFERROR(INDEX(정비현황!$B$6:$B$365,MATCH("R"&36,교체대상!$L$6:$L$365,0)),"")) | D41: =IF($B41="","",IFERROR(INDEX(정비현황!$C$6:$C$365,MATCH("R"&36,교체대상!$L$6:$L$365,0)),"")) | E41: =IF($B41="","",IFERROR(INDEX(정비현황!$J$6:$J$365,MATCH("R"&36,교체대상!$L$6:$L$365,0)),"")) | F41: =IF($B41="","",IFERROR(INDEX(정비현황!$K$6:$K$365,MATCH("R"&36,교체대상!$L$6:$L$365,0)),"")) | G41: =IF($B41="","",IFERROR(INDEX(정비현황!$L$6:$L$365,MATCH("R"&36,교체대상!$L$6:$L$365,0)),"")) | H41: =IF($B41="","",IFERROR(INDEX(정비현황!$M$6:$M$365,MATCH("R"&36,교체대상!$L$6:$L$365,0)),"")) | J41: =IF(정비현황!$A41="",FALSE(),OR(정비현황!$M41="교체",정비현황!$M41="임박")) -> FALSE | K41: =IF($J41=FALSE(),"",COUNTIF($J$6:$J41,TRUE())) | L41: =IF($K41="","","R"&$K41)
A42: =IF($B42="","",37) | B42: =IFERROR(INDEX(정비현황!$A$6:$A$365,MATCH("R"&37,교체대상!$L$6:$L$365,0)),"") | C42: =IF($B42="","",IFERROR(INDEX(정비현황!$B$6:$B$365,MATCH("R"&37,교체대상!$L$6:$L$365,0)),"")) | D42: =IF($B42="","",IFERROR(INDEX(정비현황!$C$6:$C$365,MATCH("R"&37,교체대상!$L$6:$L$365,0)),"")) | E42: =IF($B42="","",IFERROR(INDEX(정비현황!$J$6:$J$365,MATCH("R"&37,교체대상!$L$6:$L$365,0)),"")) | F42: =IF($B42="","",IFERROR(INDEX(정비현황!$K$6:$K$365,MATCH("R"&37,교체대상!$L$6:$L$365,0)),"")) | G42: =IF($B42="","",IFERROR(INDEX(정비현황!$L$6:$L$365,MATCH("R"&37,교체대상!$L$6:$L$365,0)),"")) | H42: =IF($B42="","",IFERROR(INDEX(정비현황!$M$6:$M$365,MATCH("R"&37,교체대상!$L$6:$L$365,0)),"")) | J42: =IF(정비현황!$A42="",FALSE(),OR(정비현황!$M42="교체",정비현황!$M42="임박")) -> FALSE | K42: =IF($J42=FALSE(),"",COUNTIF($J$6:$J42,TRUE())) | L42: =IF($K42="","","R"&$K42)
A43: =IF($B43="","",38) | B43: =IFERROR(INDEX(정비현황!$A$6:$A$365,MATCH("R"&38,교체대상!$L$6:$L$365,0)),"") | C43: =IF($B43="","",IFERROR(INDEX(정비현황!$B$6:$B$365,MATCH("R"&38,교체대상!$L$6:$L$365,0)),"")) | D43: =IF($B43="","",IFERROR(INDEX(정비현황!$C$6:$C$365,MATCH("R"&38,교체대상!$L$6:$L$365,0)),"")) | E43: =IF($B43="","",IFERROR(INDEX(정비현황!$J$6:$J$365,MATCH("R"&38,교체대상!$L$6:$L$365,0)),"")) | F43: =IF($B43="","",IFERROR(INDEX(정비현황!$K$6:$K$365,MATCH("R"&38,교체대상!$L$6:$L$365,0)),"")) | G43: =IF($B43="","",IFERROR(INDEX(정비현황!$L$6:$L$365,MATCH("R"&38,교체대상!$L$6:$L$365,0)),"")) | H43: =IF($B43="","",IFERROR(INDEX(정비현황!$M$6:$M$365,MATCH("R"&38,교체대상!$L$6:$L$365,0)),"")) | J43: =IF(정비현황!$A43="",FALSE(),OR(정비현황!$M43="교체",정비현황!$M43="임박")) -> FALSE | K43: =IF($J43=FALSE(),"",COUNTIF($J$6:$J43,TRUE())) | L43: =IF($K43="","","R"&$K43)
A44: =IF($B44="","",39) | B44: =IFERROR(INDEX(정비현황!$A$6:$A$365,MATCH("R"&39,교체대상!$L$6:$L$365,0)),"") | C44: =IF($B44="","",IFERROR(INDEX(정비현황!$B$6:$B$365,MATCH("R"&39,교체대상!$L$6:$L$365,0)),"")) | D44: =IF($B44="","",IFERROR(INDEX(정비현황!$C$6:$C$365,MATCH("R"&39,교체대상!$L$6:$L$365,0)),"")) | E44: =IF($B44="","",IFERROR(INDEX(정비현황!$J$6:$J$365,MATCH("R"&39,교체대상!$L$6:$L$365,0)),"")) | F44: =IF($B44="","",IFERROR(INDEX(정비현황!$K$6:$K$365,MATCH("R"&39,교체대상!$L$6:$L$365,0)),"")) | G44: =IF($B44="","",IFERROR(INDEX(정비현황!$L$6:$L$365,MATCH("R"&39,교체대상!$L$6:$L$365,0)),"")) | H44: =IF($B44="","",IFERROR(INDEX(정비현황!$M$6:$M$365,MATCH("R"&39,교체대상!$L$6:$L$365,0)),"")) | J44: =IF(정비현황!$A44="",FALSE(),OR(정비현황!$M44="교체",정비현황!$M44="임박")) -> FALSE | K44: =IF($J44=FALSE(),"",COUNTIF($J$6:$J44,TRUE())) | L44: =IF($K44="","","R"&$K44)
A45: =IF($B45="","",40) | B45: =IFERROR(INDEX(정비현황!$A$6:$A$365,MATCH("R"&40,교체대상!$L$6:$L$365,0)),"") | C45: =IF($B45="","",IFERROR(INDEX(정비현황!$B$6:$B$365,MATCH("R"&40,교체대상!$L$6:$L$365,0)),"")) | D45: =IF($B45="","",IFERROR(INDEX(정비현황!$C$6:$C$365,MATCH("R"&40,교체대상!$L$6:$L$365,0)),"")) | E45: =IF($B45="","",IFERROR(INDEX(정비현황!$J$6:$J$365,MATCH("R"&40,교체대상!$L$6:$L$365,0)),"")) | F45: =IF($B45="","",IFERROR(INDEX(정비현황!$K$6:$K$365,MATCH("R"&40,교체대상!$L$6:$L$365,0)),"")) | G45: =IF($B45="","",IFERROR(INDEX(정비현황!$L$6:$L$365,MATCH("R"&40,교체대상!$L$6:$L$365,0)),"")) | H45: =IF($B45="","",IFERROR(INDEX(정비현황!$M$6:$M$365,MATCH("R"&40,교체대상!$L$6:$L$365,0)),"")) | J45: =IF(정비현황!$A45="",FALSE(),OR(정비현황!$M45="교체",정비현황!$M45="임박")) -> FALSE | K45: =IF($J45=FALSE(),"",COUNTIF($J$6:$J45,TRUE())) | L45: =IF($K45="","","R"&$K45)
A46: =IF($B46="","",41) | B46: =IFERROR(INDEX(정비현황!$A$6:$A$365,MATCH("R"&41,교체대상!$L$6:$L$365,0)),"") | C46: =IF($B46="","",IFERROR(INDEX(정비현황!$B$6:$B$365,MATCH("R"&41,교체대상!$L$6:$L$365,0)),"")) | D46: =IF($B46="","",IFERROR(INDEX(정비현황!$C$6:$C$365,MATCH("R"&41,교체대상!$L$6:$L$365,0)),"")) | E46: =IF($B46="","",IFERROR(INDEX(정비현황!$J$6:$J$365,MATCH("R"&41,교체대상!$L$6:$L$365,0)),"")) | F46: =IF($B46="","",IFERROR(INDEX(정비현황!$K$6:$K$365,MATCH("R"&41,교체대상!$L$6:$L$365,0)),"")) | G46: =IF($B46="","",IFERROR(INDEX(정비현황!$L$6:$L$365,MATCH("R"&41,교체대상!$L$6:$L$365,0)),"")) | H46: =IF($B46="","",IFERROR(INDEX(정비현황!$M$6:$M$365,MATCH("R"&41,교체대상!$L$6:$L$365,0)),"")) | J46: =IF(정비현황!$A46="",FALSE(),OR(정비현황!$M46="교체",정비현황!$M46="임박")) -> FALSE | K46: =IF($J46=FALSE(),"",COUNTIF($J$6:$J46,TRUE())) | L46: =IF($K46="","","R"&$K46)
A47: =IF($B47="","",42) | B47: =IFERROR(INDEX(정비현황!$A$6:$A$365,MATCH("R"&42,교체대상!$L$6:$L$365,0)),"") | C47: =IF($B47="","",IFERROR(INDEX(정비현황!$B$6:$B$365,MATCH("R"&42,교체대상!$L$6:$L$365,0)),"")) | D47: =IF($B47="","",IFERROR(INDEX(정비현황!$C$6:$C$365,MATCH("R"&42,교체대상!$L$6:$L$365,0)),"")) | E47: =IF($B47="","",IFERROR(INDEX(정비현황!$J$6:$J$365,MATCH("R"&42,교체대상!$L$6:$L$365,0)),"")) | F47: =IF($B47="","",IFERROR(INDEX(정비현황!$K$6:$K$365,MATCH("R"&42,교체대상!$L$6:$L$365,0)),"")) | G47: =IF($B47="","",IFERROR(INDEX(정비현황!$L$6:$L$365,MATCH("R"&42,교체대상!$L$6:$L$365,0)),"")) | H47: =IF($B47="","",IFERROR(INDEX(정비현황!$M$6:$M$365,MATCH("R"&42,교체대상!$L$6:$L$365,0)),"")) | J47: =IF(정비현황!$A47="",FALSE(),OR(정비현황!$M47="교체",정비현황!$M47="임박")) -> FALSE | K47: =IF($J47=FALSE(),"",COUNTIF($J$6:$J47,TRUE())) | L47: =IF($K47="","","R"&$K47)
A48: =IF($B48="","",43) | B48: =IFERROR(INDEX(정비현황!$A$6:$A$365,MATCH("R"&43,교체대상!$L$6:$L$365,0)),"") | C48: =IF($B48="","",IFERROR(INDEX(정비현황!$B$6:$B$365,MATCH("R"&43,교체대상!$L$6:$L$365,0)),"")) | D48: =IF($B48="","",IFERROR(INDEX(정비현황!$C$6:$C$365,MATCH("R"&43,교체대상!$L$6:$L$365,0)),"")) | E48: =IF($B48="","",IFERROR(INDEX(정비현황!$J$6:$J$365,MATCH("R"&43,교체대상!$L$6:$L$365,0)),"")) | F48: =IF($B48="","",IFERROR(INDEX(정비현황!$K$6:$K$365,MATCH("R"&43,교체대상!$L$6:$L$365,0)),"")) | G48: =IF($B48="","",IFERROR(INDEX(정비현황!$L$6:$L$365,MATCH("R"&43,교체대상!$L$6:$L$365,0)),"")) | H48: =IF($B48="","",IFERROR(INDEX(정비현황!$M$6:$M$365,MATCH("R"&43,교체대상!$L$6:$L$365,0)),"")) | J48: =IF(정비현황!$A48="",FALSE(),OR(정비현황!$M48="교체",정비현황!$M48="임박")) -> FALSE | K48: =IF($J48=FALSE(),"",COUNTIF($J$6:$J48,TRUE())) | L48: =IF($K48="","","R"&$K48)
A49: =IF($B49="","",44) | B49: =IFERROR(INDEX(정비현황!$A$6:$A$365,MATCH("R"&44,교체대상!$L$6:$L$365,0)),"") | C49: =IF($B49="","",IFERROR(INDEX(정비현황!$B$6:$B$365,MATCH("R"&44,교체대상!$L$6:$L$365,0)),"")) | D49: =IF($B49="","",IFERROR(INDEX(정비현황!$C$6:$C$365,MATCH("R"&44,교체대상!$L$6:$L$365,0)),"")) | E49: =IF($B49="","",IFERROR(INDEX(정비현황!$J$6:$J$365,MATCH("R"&44,교체대상!$L$6:$L$365,0)),"")) | F49: =IF($B49="","",IFERROR(INDEX(정비현황!$K$6:$K$365,MATCH("R"&44,교체대상!$L$6:$L$365,0)),"")) | G49: =IF($B49="","",IFERROR(INDEX(정비현황!$L$6:$L$365,MATCH("R"&44,교체대상!$L$6:$L$365,0)),"")) | H49: =IF($B49="","",IFERROR(INDEX(정비현황!$M$6:$M$365,MATCH("R"&44,교체대상!$L$6:$L$365,0)),"")) | J49: =IF(정비현황!$A49="",FALSE(),OR(정비현황!$M49="교체",정비현황!$M49="임박")) -> FALSE | K49: =IF($J49=FALSE(),"",COUNTIF($J$6:$J49,TRUE())) | L49: =IF($K49="","","R"&$K49)
A50: =IF($B50="","",45) | B50: =IFERROR(INDEX(정비현황!$A$6:$A$365,MATCH("R"&45,교체대상!$L$6:$L$365,0)),"") | C50: =IF($B50="","",IFERROR(INDEX(정비현황!$B$6:$B$365,MATCH("R"&45,교체대상!$L$6:$L$365,0)),"")) | D50: =IF($B50="","",IFERROR(INDEX(정비현황!$C$6:$C$365,MATCH("R"&45,교체대상!$L$6:$L$365,0)),"")) | E50: =IF($B50="","",IFERROR(INDEX(정비현황!$J$6:$J$365,MATCH("R"&45,교체대상!$L$6:$L$365,0)),"")) | F50: =IF($B50="","",IFERROR(INDEX(정비현황!$K$6:$K$365,MATCH("R"&45,교체대상!$L$6:$L$365,0)),"")) | G50: =IF($B50="","",IFERROR(INDEX(정비현황!$L$6:$L$365,MATCH("R"&45,교체대상!$L$6:$L$365,0)),"")) | H50: =IF($B50="","",IFERROR(INDEX(정비현황!$M$6:$M$365,MATCH("R"&45,교체대상!$L$6:$L$365,0)),"")) | J50: =IF(정비현황!$A50="",FALSE(),OR(정비현황!$M50="교체",정비현황!$M50="임박")) -> FALSE | K50: =IF($J50=FALSE(),"",COUNTIF($J$6:$J50,TRUE())) | L50: =IF($K50="","","R"&$K50)
A51: =IF($B51="","",46) | B51: =IFERROR(INDEX(정비현황!$A$6:$A$365,MATCH("R"&46,교체대상!$L$6:$L$365,0)),"") | C51: =IF($B51="","",IFERROR(INDEX(정비현황!$B$6:$B$365,MATCH("R"&46,교체대상!$L$6:$L$365,0)),"")) | D51: =IF($B51="","",IFERROR(INDEX(정비현황!$C$6:$C$365,MATCH("R"&46,교체대상!$L$6:$L$365,0)),"")) | E51: =IF($B51="","",IFERROR(INDEX(정비현황!$J$6:$J$365,MATCH("R"&46,교체대상!$L$6:$L$365,0)),"")) | F51: =IF($B51="","",IFERROR(INDEX(정비현황!$K$6:$K$365,MATCH("R"&46,교체대상!$L$6:$L$365,0)),"")) | G51: =IF($B51="","",IFERROR(INDEX(정비현황!$L$6:$L$365,MATCH("R"&46,교체대상!$L$6:$L$365,0)),"")) | H51: =IF($B51="","",IFERROR(INDEX(정비현황!$M$6:$M$365,MATCH("R"&46,교체대상!$L$6:$L$365,0)),"")) | J51: =IF(정비현황!$A51="",FALSE(),OR(정비현황!$M51="교체",정비현황!$M51="임박")) -> FALSE | K51: =IF($J51=FALSE(),"",COUNTIF($J$6:$J51,TRUE())) | L51: =IF($K51="","","R"&$K51)
A52: =IF($B52="","",47) | B52: =IFERROR(INDEX(정비현황!$A$6:$A$365,MATCH("R"&47,교체대상!$L$6:$L$365,0)),"") | C52: =IF($B52="","",IFERROR(INDEX(정비현황!$B$6:$B$365,MATCH("R"&47,교체대상!$L$6:$L$365,0)),"")) | D52: =IF($B52="","",IFERROR(INDEX(정비현황!$C$6:$C$365,MATCH("R"&47,교체대상!$L$6:$L$365,0)),"")) | E52: =IF($B52="","",IFERROR(INDEX(정비현황!$J$6:$J$365,MATCH("R"&47,교체대상!$L$6:$L$365,0)),"")) | F52: =IF($B52="","",IFERROR(INDEX(정비현황!$K$6:$K$365,MATCH("R"&47,교체대상!$L$6:$L$365,0)),"")) | G52: =IF($B52="","",IFERROR(INDEX(정비현황!$L$6:$L$365,MATCH("R"&47,교체대상!$L$6:$L$365,0)),"")) | H52: =IF($B52="","",IFERROR(INDEX(정비현황!$M$6:$M$365,MATCH("R"&47,교체대상!$L$6:$L$365,0)),"")) | J52: =IF(정비현황!$A52="",FALSE(),OR(정비현황!$M52="교체",정비현황!$M52="임박")) -> FALSE | K52: =IF($J52=FALSE(),"",COUNTIF($J$6:$J52,TRUE())) | L52: =IF($K52="","","R"&$K52)
A53: =IF($B53="","",48) | B53: =IFERROR(INDEX(정비현황!$A$6:$A$365,MATCH("R"&48,교체대상!$L$6:$L$365,0)),"") | C53: =IF($B53="","",IFERROR(INDEX(정비현황!$B$6:$B$365,MATCH("R"&48,교체대상!$L$6:$L$365,0)),"")) | D53: =IF($B53="","",IFERROR(INDEX(정비현황!$C$6:$C$365,MATCH("R"&48,교체대상!$L$6:$L$365,0)),"")) | E53: =IF($B53="","",IFERROR(INDEX(정비현황!$J$6:$J$365,MATCH("R"&48,교체대상!$L$6:$L$365,0)),"")) | F53: =IF($B53="","",IFERROR(INDEX(정비현황!$K$6:$K$365,MATCH("R"&48,교체대상!$L$6:$L$365,0)),"")) | G53: =IF($B53="","",IFERROR(INDEX(정비현황!$L$6:$L$365,MATCH("R"&48,교체대상!$L$6:$L$365,0)),"")) | H53: =IF($B53="","",IFERROR(INDEX(정비현황!$M$6:$M$365,MATCH("R"&48,교체대상!$L$6:$L$365,0)),"")) | J53: =IF(정비현황!$A53="",FALSE(),OR(정비현황!$M53="교체",정비현황!$M53="임박")) -> FALSE | K53: =IF($J53=FALSE(),"",COUNTIF($J$6:$J53,TRUE())) | L53: =IF($K53="","","R"&$K53)
A54: =IF($B54="","",49) | B54: =IFERROR(INDEX(정비현황!$A$6:$A$365,MATCH("R"&49,교체대상!$L$6:$L$365,0)),"") | C54: =IF($B54="","",IFERROR(INDEX(정비현황!$B$6:$B$365,MATCH("R"&49,교체대상!$L$6:$L$365,0)),"")) | D54: =IF($B54="","",IFERROR(INDEX(정비현황!$C$6:$C$365,MATCH("R"&49,교체대상!$L$6:$L$365,0)),"")) | E54: =IF($B54="","",IFERROR(INDEX(정비현황!$J$6:$J$365,MATCH("R"&49,교체대상!$L$6:$L$365,0)),"")) | F54: =IF($B54="","",IFERROR(INDEX(정비현황!$K$6:$K$365,MATCH("R"&49,교체대상!$L$6:$L$365,0)),"")) | G54: =IF($B54="","",IFERROR(INDEX(정비현황!$L$6:$L$365,MATCH("R"&49,교체대상!$L$6:$L$365,0)),"")) | H54: =IF($B54="","",IFERROR(INDEX(정비현황!$M$6:$M$365,MATCH("R"&49,교체대상!$L$6:$L$365,0)),"")) | J54: =IF(정비현황!$A54="",FALSE(),OR(정비현황!$M54="교체",정비현황!$M54="임박")) -> FALSE | K54: =IF($J54=FALSE(),"",COUNTIF($J$6:$J54,TRUE())) | L54: =IF($K54="","","R"&$K54)
A55: =IF($B55="","",50) | B55: =IFERROR(INDEX(정비현황!$A$6:$A$365,MATCH("R"&50,교체대상!$L$6:$L$365,0)),"") | C55: =IF($B55="","",IFERROR(INDEX(정비현황!$B$6:$B$365,MATCH("R"&50,교체대상!$L$6:$L$365,0)),"")) | D55: =IF($B55="","",IFERROR(INDEX(정비현황!$C$6:$C$365,MATCH("R"&50,교체대상!$L$6:$L$365,0)),"")) | E55: =IF($B55="","",IFERROR(INDEX(정비현황!$J$6:$J$365,MATCH("R"&50,교체대상!$L$6:$L$365,0)),"")) | F55: =IF($B55="","",IFERROR(INDEX(정비현황!$K$6:$K$365,MATCH("R"&50,교체대상!$L$6:$L$365,0)),"")) | G55: =IF($B55="","",IFERROR(INDEX(정비현황!$L$6:$L$365,MATCH("R"&50,교체대상!$L$6:$L$365,0)),"")) | H55: =IF($B55="","",IFERROR(INDEX(정비현황!$M$6:$M$365,MATCH("R"&50,교체대상!$L$6:$L$365,0)),"")) | J55: =IF(정비현황!$A55="",FALSE(),OR(정비현황!$M55="교체",정비현황!$M55="임박")) -> FALSE | K55: =IF($J55=FALSE(),"",COUNTIF($J$6:$J55,TRUE())) | L55: =IF($K55="","","R"&$K55)
A56: =IF($B56="","",51) | B56: =IFERROR(INDEX(정비현황!$A$6:$A$365,MATCH("R"&51,교체대상!$L$6:$L$365,0)),"") | C56: =IF($B56="","",IFERROR(INDEX(정비현황!$B$6:$B$365,MATCH("R"&51,교체대상!$L$6:$L$365,0)),"")) | D56: =IF($B56="","",IFERROR(INDEX(정비현황!$C$6:$C$365,MATCH("R"&51,교체대상!$L$6:$L$365,0)),"")) | E56: =IF($B56="","",IFERROR(INDEX(정비현황!$J$6:$J$365,MATCH("R"&51,교체대상!$L$6:$L$365,0)),"")) | F56: =IF($B56="","",IFERROR(INDEX(정비현황!$K$6:$K$365,MATCH("R"&51,교체대상!$L$6:$L$365,0)),"")) | G56: =IF($B56="","",IFERROR(INDEX(정비현황!$L$6:$L$365,MATCH("R"&51,교체대상!$L$6:$L$365,0)),"")) | H56: =IF($B56="","",IFERROR(INDEX(정비현황!$M$6:$M$365,MATCH("R"&51,교체대상!$L$6:$L$365,0)),"")) | J56: =IF(정비현황!$A56="",FALSE(),OR(정비현황!$M56="교체",정비현황!$M56="임박")) -> FALSE | K56: =IF($J56=FALSE(),"",COUNTIF($J$6:$J56,TRUE())) | L56: =IF($K56="","","R"&$K56)
A57: =IF($B57="","",52) | B57: =IFERROR(INDEX(정비현황!$A$6:$A$365,MATCH("R"&52,교체대상!$L$6:$L$365,0)),"") | C57: =IF($B57="","",IFERROR(INDEX(정비현황!$B$6:$B$365,MATCH("R"&52,교체대상!$L$6:$L$365,0)),"")) | D57: =IF($B57="","",IFERROR(INDEX(정비현황!$C$6:$C$365,MATCH("R"&52,교체대상!$L$6:$L$365,0)),"")) | E57: =IF($B57="","",IFERROR(INDEX(정비현황!$J$6:$J$365,MATCH("R"&52,교체대상!$L$6:$L$365,0)),"")) | F57: =IF($B57="","",IFERROR(INDEX(정비현황!$K$6:$K$365,MATCH("R"&52,교체대상!$L$6:$L$365,0)),"")) | G57: =IF($B57="","",IFERROR(INDEX(정비현황!$L$6:$L$365,MATCH("R"&52,교체대상!$L$6:$L$365,0)),"")) | H57: =IF($B57="","",IFERROR(INDEX(정비현황!$M$6:$M$365,MATCH("R"&52,교체대상!$L$6:$L$365,0)),"")) | J57: =IF(정비현황!$A57="",FALSE(),OR(정비현황!$M57="교체",정비현황!$M57="임박")) -> FALSE | K57: =IF($J57=FALSE(),"",COUNTIF($J$6:$J57,TRUE())) | L57: =IF($K57="","","R"&$K57)
A58: =IF($B58="","",53) | B58: =IFERROR(INDEX(정비현황!$A$6:$A$365,MATCH("R"&53,교체대상!$L$6:$L$365,0)),"") | C58: =IF($B58="","",IFERROR(INDEX(정비현황!$B$6:$B$365,MATCH("R"&53,교체대상!$L$6:$L$365,0)),"")) | D58: =IF($B58="","",IFERROR(INDEX(정비현황!$C$6:$C$365,MATCH("R"&53,교체대상!$L$6:$L$365,0)),"")) | E58: =IF($B58="","",IFERROR(INDEX(정비현황!$J$6:$J$365,MATCH("R"&53,교체대상!$L$6:$L$365,0)),"")) | F58: =IF($B58="","",IFERROR(INDEX(정비현황!$K$6:$K$365,MATCH("R"&53,교체대상!$L$6:$L$365,0)),"")) | G58: =IF($B58="","",IFERROR(INDEX(정비현황!$L$6:$L$365,MATCH("R"&53,교체대상!$L$6:$L$365,0)),"")) | H58: =IF($B58="","",IFERROR(INDEX(정비현황!$M$6:$M$365,MATCH("R"&53,교체대상!$L$6:$L$365,0)),"")) | J58: =IF(정비현황!$A58="",FALSE(),OR(정비현황!$M58="교체",정비현황!$M58="임박")) -> FALSE | K58: =IF($J58=FALSE(),"",COUNTIF($J$6:$J58,TRUE())) | L58: =IF($K58="","","R"&$K58)
A59: =IF($B59="","",54) | B59: =IFERROR(INDEX(정비현황!$A$6:$A$365,MATCH("R"&54,교체대상!$L$6:$L$365,0)),"") | C59: =IF($B59="","",IFERROR(INDEX(정비현황!$B$6:$B$365,MATCH("R"&54,교체대상!$L$6:$L$365,0)),"")) | D59: =IF($B59="","",IFERROR(INDEX(정비현황!$C$6:$C$365,MATCH("R"&54,교체대상!$L$6:$L$365,0)),"")) | E59: =IF($B59="","",IFERROR(INDEX(정비현황!$J$6:$J$365,MATCH("R"&54,교체대상!$L$6:$L$365,0)),"")) | F59: =IF($B59="","",IFERROR(INDEX(정비현황!$K$6:$K$365,MATCH("R"&54,교체대상!$L$6:$L$365,0)),"")) | G59: =IF($B59="","",IFERROR(INDEX(정비현황!$L$6:$L$365,MATCH("R"&54,교체대상!$L$6:$L$365,0)),"")) | H59: =IF($B59="","",IFERROR(INDEX(정비현황!$M$6:$M$365,MATCH("R"&54,교체대상!$L$6:$L$365,0)),"")) | J59: =IF(정비현황!$A59="",FALSE(),OR(정비현황!$M59="교체",정비현황!$M59="임박")) -> FALSE | K59: =IF($J59=FALSE(),"",COUNTIF($J$6:$J59,TRUE())) | L59: =IF($K59="","","R"&$K59)
A60: =IF($B60="","",55) | B60: =IFERROR(INDEX(정비현황!$A$6:$A$365,MATCH("R"&55,교체대상!$L$6:$L$365,0)),"") | C60: =IF($B60="","",IFERROR(INDEX(정비현황!$B$6:$B$365,MATCH("R"&55,교체대상!$L$6:$L$365,0)),"")) | D60: =IF($B60="","",IFERROR(INDEX(정비현황!$C$6:$C$365,MATCH("R"&55,교체대상!$L$6:$L$365,0)),"")) | E60: =IF($B60="","",IFERROR(INDEX(정비현황!$J$6:$J$365,MATCH("R"&55,교체대상!$L$6:$L$365,0)),"")) | F60: =IF($B60="","",IFERROR(INDEX(정비현황!$K$6:$K$365,MATCH("R"&55,교체대상!$L$6:$L$365,0)),"")) | G60: =IF($B60="","",IFERROR(INDEX(정비현황!$L$6:$L$365,MATCH("R"&55,교체대상!$L$6:$L$365,0)),"")) | H60: =IF($B60="","",IFERROR(INDEX(정비현황!$M$6:$M$365,MATCH("R"&55,교체대상!$L$6:$L$365,0)),"")) | J60: =IF(정비현황!$A60="",FALSE(),OR(정비현황!$M60="교체",정비현황!$M60="임박")) -> FALSE | K60: =IF($J60=FALSE(),"",COUNTIF($J$6:$J60,TRUE())) | L60: =IF($K60="","","R"&$K60)
A61: =IF($B61="","",56) | B61: =IFERROR(INDEX(정비현황!$A$6:$A$365,MATCH("R"&56,교체대상!$L$6:$L$365,0)),"") | C61: =IF($B61="","",IFERROR(INDEX(정비현황!$B$6:$B$365,MATCH("R"&56,교체대상!$L$6:$L$365,0)),"")) | D61: =IF($B61="","",IFERROR(INDEX(정비현황!$C$6:$C$365,MATCH("R"&56,교체대상!$L$6:$L$365,0)),"")) | E61: =IF($B61="","",IFERROR(INDEX(정비현황!$J$6:$J$365,MATCH("R"&56,교체대상!$L$6:$L$365,0)),"")) | F61: =IF($B61="","",IFERROR(INDEX(정비현황!$K$6:$K$365,MATCH("R"&56,교체대상!$L$6:$L$365,0)),"")) | G61: =IF($B61="","",IFERROR(INDEX(정비현황!$L$6:$L$365,MATCH("R"&56,교체대상!$L$6:$L$365,0)),"")) | H61: =IF($B61="","",IFERROR(INDEX(정비현황!$M$6:$M$365,MATCH("R"&56,교체대상!$L$6:$L$365,0)),"")) | J61: =IF(정비현황!$A61="",FALSE(),OR(정비현황!$M61="교체",정비현황!$M61="임박")) -> FALSE | K61: =IF($J61=FALSE(),"",COUNTIF($J$6:$J61,TRUE())) | L61: =IF($K61="","","R"&$K61)
A62: =IF($B62="","",57) | B62: =IFERROR(INDEX(정비현황!$A$6:$A$365,MATCH("R"&57,교체대상!$L$6:$L$365,0)),"") | C62: =IF($B62="","",IFERROR(INDEX(정비현황!$B$6:$B$365,MATCH("R"&57,교체대상!$L$6:$L$365,0)),"")) | D62: =IF($B62="","",IFERROR(INDEX(정비현황!$C$6:$C$365,MATCH("R"&57,교체대상!$L$6:$L$365,0)),"")) | E62: =IF($B62="","",IFERROR(INDEX(정비현황!$J$6:$J$365,MATCH("R"&57,교체대상!$L$6:$L$365,0)),"")) | F62: =IF($B62="","",IFERROR(INDEX(정비현황!$K$6:$K$365,MATCH("R"&57,교체대상!$L$6:$L$365,0)),"")) | G62: =IF($B62="","",IFERROR(INDEX(정비현황!$L$6:$L$365,MATCH("R"&57,교체대상!$L$6:$L$365,0)),"")) | H62: =IF($B62="","",IFERROR(INDEX(정비현황!$M$6:$M$365,MATCH("R"&57,교체대상!$L$6:$L$365,0)),"")) | J62: =IF(정비현황!$A62="",FALSE(),OR(정비현황!$M62="교체",정비현황!$M62="임박")) -> FALSE | K62: =IF($J62=FALSE(),"",COUNTIF($J$6:$J62,TRUE())) | L62: =IF($K62="","","R"&$K62)
A63: =IF($B63="","",58) | B63: =IFERROR(INDEX(정비현황!$A$6:$A$365,MATCH("R"&58,교체대상!$L$6:$L$365,0)),"") | C63: =IF($B63="","",IFERROR(INDEX(정비현황!$B$6:$B$365,MATCH("R"&58,교체대상!$L$6:$L$365,0)),"")) | D63: =IF($B63="","",IFERROR(INDEX(정비현황!$C$6:$C$365,MATCH("R"&58,교체대상!$L$6:$L$365,0)),"")) | E63: =IF($B63="","",IFERROR(INDEX(정비현황!$J$6:$J$365,MATCH("R"&58,교체대상!$L$6:$L$365,0)),"")) | F63: =IF($B63="","",IFERROR(INDEX(정비현황!$K$6:$K$365,MATCH("R"&58,교체대상!$L$6:$L$365,0)),"")) | G63: =IF($B63="","",IFERROR(INDEX(정비현황!$L$6:$L$365,MATCH("R"&58,교체대상!$L$6:$L$365,0)),"")) | H63: =IF($B63="","",IFERROR(INDEX(정비현황!$M$6:$M$365,MATCH("R"&58,교체대상!$L$6:$L$365,0)),"")) | J63: =IF(정비현황!$A63="",FALSE(),OR(정비현황!$M63="교체",정비현황!$M63="임박")) -> FALSE | K63: =IF($J63=FALSE(),"",COUNTIF($J$6:$J63,TRUE())) | L63: =IF($K63="","","R"&$K63)
A64: =IF($B64="","",59) | B64: =IFERROR(INDEX(정비현황!$A$6:$A$365,MATCH("R"&59,교체대상!$L$6:$L$365,0)),"") | C64: =IF($B64="","",IFERROR(INDEX(정비현황!$B$6:$B$365,MATCH("R"&59,교체대상!$L$6:$L$365,0)),"")) | D64: =IF($B64="","",IFERROR(INDEX(정비현황!$C$6:$C$365,MATCH("R"&59,교체대상!$L$6:$L$365,0)),"")) | E64: =IF($B64="","",IFERROR(INDEX(정비현황!$J$6:$J$365,MATCH("R"&59,교체대상!$L$6:$L$365,0)),"")) | F64: =IF($B64="","",IFERROR(INDEX(정비현황!$K$6:$K$365,MATCH("R"&59,교체대상!$L$6:$L$365,0)),"")) | G64: =IF($B64="","",IFERROR(INDEX(정비현황!$L$6:$L$365,MATCH("R"&59,교체대상!$L$6:$L$365,0)),"")) | H64: =IF($B64="","",IFERROR(INDEX(정비현황!$M$6:$M$365,MATCH("R"&59,교체대상!$L$6:$L$365,0)),"")) | J64: =IF(정비현황!$A64="",FALSE(),OR(정비현황!$M64="교체",정비현황!$M64="임박")) -> FALSE | K64: =IF($J64=FALSE(),"",COUNTIF($J$6:$J64,TRUE())) | L64: =IF($K64="","","R"&$K64)
A65: =IF($B65="","",60) | B65: =IFERROR(INDEX(정비현황!$A$6:$A$365,MATCH("R"&60,교체대상!$L$6:$L$365,0)),"") | C65: =IF($B65="","",IFERROR(INDEX(정비현황!$B$6:$B$365,MATCH("R"&60,교체대상!$L$6:$L$365,0)),"")) | D65: =IF($B65="","",IFERROR(INDEX(정비현황!$C$6:$C$365,MATCH("R"&60,교체대상!$L$6:$L$365,0)),"")) | E65: =IF($B65="","",IFERROR(INDEX(정비현황!$J$6:$J$365,MATCH("R"&60,교체대상!$L$6:$L$365,0)),"")) | F65: =IF($B65="","",IFERROR(INDEX(정비현황!$K$6:$K$365,MATCH("R"&60,교체대상!$L$6:$L$365,0)),"")) | G65: =IF($B65="","",IFERROR(INDEX(정비현황!$L$6:$L$365,MATCH("R"&60,교체대상!$L$6:$L$365,0)),"")) | H65: =IF($B65="","",IFERROR(INDEX(정비현황!$M$6:$M$365,MATCH("R"&60,교체대상!$L$6:$L$365,0)),"")) | J65: =IF(정비현황!$A65="",FALSE(),OR(정비현황!$M65="교체",정비현황!$M65="임박")) -> FALSE | K65: =IF($J65=FALSE(),"",COUNTIF($J$6:$J65,TRUE())) | L65: =IF($K65="","","R"&$K65)
A66: =IF($B66="","",61) | B66: =IFERROR(INDEX(정비현황!$A$6:$A$365,MATCH("R"&61,교체대상!$L$6:$L$365,0)),"") | C66: =IF($B66="","",IFERROR(INDEX(정비현황!$B$6:$B$365,MATCH("R"&61,교체대상!$L$6:$L$365,0)),"")) | D66: =IF($B66="","",IFERROR(INDEX(정비현황!$C$6:$C$365,MATCH("R"&61,교체대상!$L$6:$L$365,0)),"")) | E66: =IF($B66="","",IFERROR(INDEX(정비현황!$J$6:$J$365,MATCH("R"&61,교체대상!$L$6:$L$365,0)),"")) | F66: =IF($B66="","",IFERROR(INDEX(정비현황!$K$6:$K$365,MATCH("R"&61,교체대상!$L$6:$L$365,0)),"")) | G66: =IF($B66="","",IFERROR(INDEX(정비현황!$L$6:$L$365,MATCH("R"&61,교체대상!$L$6:$L$365,0)),"")) | H66: =IF($B66="","",IFERROR(INDEX(정비현황!$M$6:$M$365,MATCH("R"&61,교체대상!$L$6:$L$365,0)),"")) | J66: =IF(정비현황!$A66="",FALSE(),OR(정비현황!$M66="교체",정비현황!$M66="임박")) -> FALSE | K66: =IF($J66=FALSE(),"",COUNTIF($J$6:$J66,TRUE())) | L66: =IF($K66="","","R"&$K66)
A67: =IF($B67="","",62) | B67: =IFERROR(INDEX(정비현황!$A$6:$A$365,MATCH("R"&62,교체대상!$L$6:$L$365,0)),"") | C67: =IF($B67="","",IFERROR(INDEX(정비현황!$B$6:$B$365,MATCH("R"&62,교체대상!$L$6:$L$365,0)),"")) | D67: =IF($B67="","",IFERROR(INDEX(정비현황!$C$6:$C$365,MATCH("R"&62,교체대상!$L$6:$L$365,0)),"")) | E67: =IF($B67="","",IFERROR(INDEX(정비현황!$J$6:$J$365,MATCH("R"&62,교체대상!$L$6:$L$365,0)),"")) | F67: =IF($B67="","",IFERROR(INDEX(정비현황!$K$6:$K$365,MATCH("R"&62,교체대상!$L$6:$L$365,0)),"")) | G67: =IF($B67="","",IFERROR(INDEX(정비현황!$L$6:$L$365,MATCH("R"&62,교체대상!$L$6:$L$365,0)),"")) | H67: =IF($B67="","",IFERROR(INDEX(정비현황!$M$6:$M$365,MATCH("R"&62,교체대상!$L$6:$L$365,0)),"")) | J67: =IF(정비현황!$A67="",FALSE(),OR(정비현황!$M67="교체",정비현황!$M67="임박")) -> FALSE | K67: =IF($J67=FALSE(),"",COUNTIF($J$6:$J67,TRUE())) | L67: =IF($K67="","","R"&$K67)
A68: =IF($B68="","",63) | B68: =IFERROR(INDEX(정비현황!$A$6:$A$365,MATCH("R"&63,교체대상!$L$6:$L$365,0)),"") | C68: =IF($B68="","",IFERROR(INDEX(정비현황!$B$6:$B$365,MATCH("R"&63,교체대상!$L$6:$L$365,0)),"")) | D68: =IF($B68="","",IFERROR(INDEX(정비현황!$C$6:$C$365,MATCH("R"&63,교체대상!$L$6:$L$365,0)),"")) | E68: =IF($B68="","",IFERROR(INDEX(정비현황!$J$6:$J$365,MATCH("R"&63,교체대상!$L$6:$L$365,0)),"")) | F68: =IF($B68="","",IFERROR(INDEX(정비현황!$K$6:$K$365,MATCH("R"&63,교체대상!$L$6:$L$365,0)),"")) | G68: =IF($B68="","",IFERROR(INDEX(정비현황!$L$6:$L$365,MATCH("R"&63,교체대상!$L$6:$L$365,0)),"")) | H68: =IF($B68="","",IFERROR(INDEX(정비현황!$M$6:$M$365,MATCH("R"&63,교체대상!$L$6:$L$365,0)),"")) | J68: =IF(정비현황!$A68="",FALSE(),OR(정비현황!$M68="교체",정비현황!$M68="임박")) -> FALSE | K68: =IF($J68=FALSE(),"",COUNTIF($J$6:$J68,TRUE())) | L68: =IF($K68="","","R"&$K68)
A69: =IF($B69="","",64) | B69: =IFERROR(INDEX(정비현황!$A$6:$A$365,MATCH("R"&64,교체대상!$L$6:$L$365,0)),"") | C69: =IF($B69="","",IFERROR(INDEX(정비현황!$B$6:$B$365,MATCH("R"&64,교체대상!$L$6:$L$365,0)),"")) | D69: =IF($B69="","",IFERROR(INDEX(정비현황!$C$6:$C$365,MATCH("R"&64,교체대상!$L$6:$L$365,0)),"")) | E69: =IF($B69="","",IFERROR(INDEX(정비현황!$J$6:$J$365,MATCH("R"&64,교체대상!$L$6:$L$365,0)),"")) | F69: =IF($B69="","",IFERROR(INDEX(정비현황!$K$6:$K$365,MATCH("R"&64,교체대상!$L$6:$L$365,0)),"")) | G69: =IF($B69="","",IFERROR(INDEX(정비현황!$L$6:$L$365,MATCH("R"&64,교체대상!$L$6:$L$365,0)),"")) | H69: =IF($B69="","",IFERROR(INDEX(정비현황!$M$6:$M$365,MATCH("R"&64,교체대상!$L$6:$L$365,0)),"")) | J69: =IF(정비현황!$A69="",FALSE(),OR(정비현황!$M69="교체",정비현황!$M69="임박")) -> FALSE | K69: =IF($J69=FALSE(),"",COUNTIF($J$6:$J69,TRUE())) | L69: =IF($K69="","","R"&$K69)
A70: =IF($B70="","",65) | B70: =IFERROR(INDEX(정비현황!$A$6:$A$365,MATCH("R"&65,교체대상!$L$6:$L$365,0)),"") | C70: =IF($B70="","",IFERROR(INDEX(정비현황!$B$6:$B$365,MATCH("R"&65,교체대상!$L$6:$L$365,0)),"")) | D70: =IF($B70="","",IFERROR(INDEX(정비현황!$C$6:$C$365,MATCH("R"&65,교체대상!$L$6:$L$365,0)),"")) | E70: =IF($B70="","",IFERROR(INDEX(정비현황!$J$6:$J$365,MATCH("R"&65,교체대상!$L$6:$L$365,0)),"")) | F70: =IF($B70="","",IFERROR(INDEX(정비현황!$K$6:$K$365,MATCH("R"&65,교체대상!$L$6:$L$365,0)),"")) | G70: =IF($B70="","",IFERROR(INDEX(정비현황!$L$6:$L$365,MATCH("R"&65,교체대상!$L$6:$L$365,0)),"")) | H70: =IF($B70="","",IFERROR(INDEX(정비현황!$M$6:$M$365,MATCH("R"&65,교체대상!$L$6:$L$365,0)),"")) | J70: =IF(정비현황!$A70="",FALSE(),OR(정비현황!$M70="교체",정비현황!$M70="임박")) -> FALSE | K70: =IF($J70=FALSE(),"",COUNTIF($J$6:$J70,TRUE())) | L70: =IF($K70="","","R"&$K70)
A71: =IF($B71="","",66) | B71: =IFERROR(INDEX(정비현황!$A$6:$A$365,MATCH("R"&66,교체대상!$L$6:$L$365,0)),"") | C71: =IF($B71="","",IFERROR(INDEX(정비현황!$B$6:$B$365,MATCH("R"&66,교체대상!$L$6:$L$365,0)),"")) | D71: =IF($B71="","",IFERROR(INDEX(정비현황!$C$6:$C$365,MATCH("R"&66,교체대상!$L$6:$L$365,0)),"")) | E71: =IF($B71="","",IFERROR(INDEX(정비현황!$J$6:$J$365,MATCH("R"&66,교체대상!$L$6:$L$365,0)),"")) | F71: =IF($B71="","",IFERROR(INDEX(정비현황!$K$6:$K$365,MATCH("R"&66,교체대상!$L$6:$L$365,0)),"")) | G71: =IF($B71="","",IFERROR(INDEX(정비현황!$L$6:$L$365,MATCH("R"&66,교체대상!$L$6:$L$365,0)),"")) | H71: =IF($B71="","",IFERROR(INDEX(정비현황!$M$6:$M$365,MATCH("R"&66,교체대상!$L$6:$L$365,0)),"")) | J71: =IF(정비현황!$A71="",FALSE(),OR(정비현황!$M71="교체",정비현황!$M71="임박")) -> FALSE | K71: =IF($J71=FALSE(),"",COUNTIF($J$6:$J71,TRUE())) | L71: =IF($K71="","","R"&$K71)
A72: =IF($B72="","",67) | B72: =IFERROR(INDEX(정비현황!$A$6:$A$365,MATCH("R"&67,교체대상!$L$6:$L$365,0)),"") | C72: =IF($B72="","",IFERROR(INDEX(정비현황!$B$6:$B$365,MATCH("R"&67,교체대상!$L$6:$L$365,0)),"")) | D72: =IF($B72="","",IFERROR(INDEX(정비현황!$C$6:$C$365,MATCH("R"&67,교체대상!$L$6:$L$365,0)),"")) | E72: =IF($B72="","",IFERROR(INDEX(정비현황!$J$6:$J$365,MATCH("R"&67,교체대상!$L$6:$L$365,0)),"")) | F72: =IF($B72="","",IFERROR(INDEX(정비현황!$K$6:$K$365,MATCH("R"&67,교체대상!$L$6:$L$365,0)),"")) | G72: =IF($B72="","",IFERROR(INDEX(정비현황!$L$6:$L$365,MATCH("R"&67,교체대상!$L$6:$L$365,0)),"")) | H72: =IF($B72="","",IFERROR(INDEX(정비현황!$M$6:$M$365,MATCH("R"&67,교체대상!$L$6:$L$365,0)),"")) | J72: =IF(정비현황!$A72="",FALSE(),OR(정비현황!$M72="교체",정비현황!$M72="임박")) -> FALSE | K72: =IF($J72=FALSE(),"",COUNTIF($J$6:$J72,TRUE())) | L72: =IF($K72="","","R"&$K72)
A73: =IF($B73="","",68) | B73: =IFERROR(INDEX(정비현황!$A$6:$A$365,MATCH("R"&68,교체대상!$L$6:$L$365,0)),"") | C73: =IF($B73="","",IFERROR(INDEX(정비현황!$B$6:$B$365,MATCH("R"&68,교체대상!$L$6:$L$365,0)),"")) | D73: =IF($B73="","",IFERROR(INDEX(정비현황!$C$6:$C$365,MATCH("R"&68,교체대상!$L$6:$L$365,0)),"")) | E73: =IF($B73="","",IFERROR(INDEX(정비현황!$J$6:$J$365,MATCH("R"&68,교체대상!$L$6:$L$365,0)),"")) | F73: =IF($B73="","",IFERROR(INDEX(정비현황!$K$6:$K$365,MATCH("R"&68,교체대상!$L$6:$L$365,0)),"")) | G73: =IF($B73="","",IFERROR(INDEX(정비현황!$L$6:$L$365,MATCH("R"&68,교체대상!$L$6:$L$365,0)),"")) | H73: =IF($B73="","",IFERROR(INDEX(정비현황!$M$6:$M$365,MATCH("R"&68,교체대상!$L$6:$L$365,0)),"")) | J73: =IF(정비현황!$A73="",FALSE(),OR(정비현황!$M73="교체",정비현황!$M73="임박")) -> FALSE | K73: =IF($J73=FALSE(),"",COUNTIF($J$6:$J73,TRUE())) | L73: =IF($K73="","","R"&$K73)
A74: =IF($B74="","",69) | B74: =IFERROR(INDEX(정비현황!$A$6:$A$365,MATCH("R"&69,교체대상!$L$6:$L$365,0)),"") | C74: =IF($B74="","",IFERROR(INDEX(정비현황!$B$6:$B$365,MATCH("R"&69,교체대상!$L$6:$L$365,0)),"")) | D74: =IF($B74="","",IFERROR(INDEX(정비현황!$C$6:$C$365,MATCH("R"&69,교체대상!$L$6:$L$365,0)),"")) | E74: =IF($B74="","",IFERROR(INDEX(정비현황!$J$6:$J$365,MATCH("R"&69,교체대상!$L$6:$L$365,0)),"")) | F74: =IF($B74="","",IFERROR(INDEX(정비현황!$K$6:$K$365,MATCH("R"&69,교체대상!$L$6:$L$365,0)),"")) | G74: =IF($B74="","",IFERROR(INDEX(정비현황!$L$6:$L$365,MATCH("R"&69,교체대상!$L$6:$L$365,0)),"")) | H74: =IF($B74="","",IFERROR(INDEX(정비현황!$M$6:$M$365,MATCH("R"&69,교체대상!$L$6:$L$365,0)),"")) | J74: =IF(정비현황!$A74="",FALSE(),OR(정비현황!$M74="교체",정비현황!$M74="임박")) -> FALSE | K74: =IF($J74=FALSE(),"",COUNTIF($J$6:$J74,TRUE())) | L74: =IF($K74="","","R"&$K74)
A75: =IF($B75="","",70) | B75: =IFERROR(INDEX(정비현황!$A$6:$A$365,MATCH("R"&70,교체대상!$L$6:$L$365,0)),"") | C75: =IF($B75="","",IFERROR(INDEX(정비현황!$B$6:$B$365,MATCH("R"&70,교체대상!$L$6:$L$365,0)),"")) | D75: =IF($B75="","",IFERROR(INDEX(정비현황!$C$6:$C$365,MATCH("R"&70,교체대상!$L$6:$L$365,0)),"")) | E75: =IF($B75="","",IFERROR(INDEX(정비현황!$J$6:$J$365,MATCH("R"&70,교체대상!$L$6:$L$365,0)),"")) | F75: =IF($B75="","",IFERROR(INDEX(정비현황!$K$6:$K$365,MATCH("R"&70,교체대상!$L$6:$L$365,0)),"")) | G75: =IF($B75="","",IFERROR(INDEX(정비현황!$L$6:$L$365,MATCH("R"&70,교체대상!$L$6:$L$365,0)),"")) | H75: =IF($B75="","",IFERROR(INDEX(정비현황!$M$6:$M$365,MATCH("R"&70,교체대상!$L$6:$L$365,0)),"")) | J75: =IF(정비현황!$A75="",FALSE(),OR(정비현황!$M75="교체",정비현황!$M75="임박")) -> FALSE | K75: =IF($J75=FALSE(),"",COUNTIF($J$6:$J75,TRUE())) | L75: =IF($K75="","","R"&$K75)
A76: =IF($B76="","",71) | B76: =IFERROR(INDEX(정비현황!$A$6:$A$365,MATCH("R"&71,교체대상!$L$6:$L$365,0)),"") | C76: =IF($B76="","",IFERROR(INDEX(정비현황!$B$6:$B$365,MATCH("R"&71,교체대상!$L$6:$L$365,0)),"")) | D76: =IF($B76="","",IFERROR(INDEX(정비현황!$C$6:$C$365,MATCH("R"&71,교체대상!$L$6:$L$365,0)),"")) | E76: =IF($B76="","",IFERROR(INDEX(정비현황!$J$6:$J$365,MATCH("R"&71,교체대상!$L$6:$L$365,0)),"")) | F76: =IF($B76="","",IFERROR(INDEX(정비현황!$K$6:$K$365,MATCH("R"&71,교체대상!$L$6:$L$365,0)),"")) | G76: =IF($B76="","",IFERROR(INDEX(정비현황!$L$6:$L$365,MATCH("R"&71,교체대상!$L$6:$L$365,0)),"")) | H76: =IF($B76="","",IFERROR(INDEX(정비현황!$M$6:$M$365,MATCH("R"&71,교체대상!$L$6:$L$365,0)),"")) | J76: =IF(정비현황!$A76="",FALSE(),OR(정비현황!$M76="교체",정비현황!$M76="임박")) -> FALSE | K76: =IF($J76=FALSE(),"",COUNTIF($J$6:$J76,TRUE())) | L76: =IF($K76="","","R"&$K76)
A77: =IF($B77="","",72) | B77: =IFERROR(INDEX(정비현황!$A$6:$A$365,MATCH("R"&72,교체대상!$L$6:$L$365,0)),"") | C77: =IF($B77="","",IFERROR(INDEX(정비현황!$B$6:$B$365,MATCH("R"&72,교체대상!$L$6:$L$365,0)),"")) | D77: =IF($B77="","",IFERROR(INDEX(정비현황!$C$6:$C$365,MATCH("R"&72,교체대상!$L$6:$L$365,0)),"")) | E77: =IF($B77="","",IFERROR(INDEX(정비현황!$J$6:$J$365,MATCH("R"&72,교체대상!$L$6:$L$365,0)),"")) | F77: =IF($B77="","",IFERROR(INDEX(정비현황!$K$6:$K$365,MATCH("R"&72,교체대상!$L$6:$L$365,0)),"")) | G77: =IF($B77="","",IFERROR(INDEX(정비현황!$L$6:$L$365,MATCH("R"&72,교체대상!$L$6:$L$365,0)),"")) | H77: =IF($B77="","",IFERROR(INDEX(정비현황!$M$6:$M$365,MATCH("R"&72,교체대상!$L$6:$L$365,0)),"")) | J77: =IF(정비현황!$A77="",FALSE(),OR(정비현황!$M77="교체",정비현황!$M77="임박")) -> FALSE | K77: =IF($J77=FALSE(),"",COUNTIF($J$6:$J77,TRUE())) | L77: =IF($K77="","","R"&$K77)
A78: =IF($B78="","",73) | B78: =IFERROR(INDEX(정비현황!$A$6:$A$365,MATCH("R"&73,교체대상!$L$6:$L$365,0)),"") | C78: =IF($B78="","",IFERROR(INDEX(정비현황!$B$6:$B$365,MATCH("R"&73,교체대상!$L$6:$L$365,0)),"")) | D78: =IF($B78="","",IFERROR(INDEX(정비현황!$C$6:$C$365,MATCH("R"&73,교체대상!$L$6:$L$365,0)),"")) | E78: =IF($B78="","",IFERROR(INDEX(정비현황!$J$6:$J$365,MATCH("R"&73,교체대상!$L$6:$L$365,0)),"")) | F78: =IF($B78="","",IFERROR(INDEX(정비현황!$K$6:$K$365,MATCH("R"&73,교체대상!$L$6:$L$365,0)),"")) | G78: =IF($B78="","",IFERROR(INDEX(정비현황!$L$6:$L$365,MATCH("R"&73,교체대상!$L$6:$L$365,0)),"")) | H78: =IF($B78="","",IFERROR(INDEX(정비현황!$M$6:$M$365,MATCH("R"&73,교체대상!$L$6:$L$365,0)),"")) | J78: =IF(정비현황!$A78="",FALSE(),OR(정비현황!$M78="교체",정비현황!$M78="임박")) -> FALSE | K78: =IF($J78=FALSE(),"",COUNTIF($J$6:$J78,TRUE())) | L78: =IF($K78="","","R"&$K78)
A79: =IF($B79="","",74) | B79: =IFERROR(INDEX(정비현황!$A$6:$A$365,MATCH("R"&74,교체대상!$L$6:$L$365,0)),"") | C79: =IF($B79="","",IFERROR(INDEX(정비현황!$B$6:$B$365,MATCH("R"&74,교체대상!$L$6:$L$365,0)),"")) | D79: =IF($B79="","",IFERROR(INDEX(정비현황!$C$6:$C$365,MATCH("R"&74,교체대상!$L$6:$L$365,0)),"")) | E79: =IF($B79="","",IFERROR(INDEX(정비현황!$J$6:$J$365,MATCH("R"&74,교체대상!$L$6:$L$365,0)),"")) | F79: =IF($B79="","",IFERROR(INDEX(정비현황!$K$6:$K$365,MATCH("R"&74,교체대상!$L$6:$L$365,0)),"")) | G79: =IF($B79="","",IFERROR(INDEX(정비현황!$L$6:$L$365,MATCH("R"&74,교체대상!$L$6:$L$365,0)),"")) | H79: =IF($B79="","",IFERROR(INDEX(정비현황!$M$6:$M$365,MATCH("R"&74,교체대상!$L$6:$L$365,0)),"")) | J79: =IF(정비현황!$A79="",FALSE(),OR(정비현황!$M79="교체",정비현황!$M79="임박")) -> FALSE | K79: =IF($J79=FALSE(),"",COUNTIF($J$6:$J79,TRUE())) | L79: =IF($K79="","","R"&$K79)
A80: =IF($B80="","",75) | B80: =IFERROR(INDEX(정비현황!$A$6:$A$365,MATCH("R"&75,교체대상!$L$6:$L$365,0)),"") | C80: =IF($B80="","",IFERROR(INDEX(정비현황!$B$6:$B$365,MATCH("R"&75,교체대상!$L$6:$L$365,0)),"")) | D80: =IF($B80="","",IFERROR(INDEX(정비현황!$C$6:$C$365,MATCH("R"&75,교체대상!$L$6:$L$365,0)),"")) | E80: =IF($B80="","",IFERROR(INDEX(정비현황!$J$6:$J$365,MATCH("R"&75,교체대상!$L$6:$L$365,0)),"")) | F80: =IF($B80="","",IFERROR(INDEX(정비현황!$K$6:$K$365,MATCH("R"&75,교체대상!$L$6:$L$365,0)),"")) | G80: =IF($B80="","",IFERROR(INDEX(정비현황!$L$6:$L$365,MATCH("R"&75,교체대상!$L$6:$L$365,0)),"")) | H80: =IF($B80="","",IFERROR(INDEX(정비현황!$M$6:$M$365,MATCH("R"&75,교체대상!$L$6:$L$365,0)),"")) | J80: =IF(정비현황!$A80="",FALSE(),OR(정비현황!$M80="교체",정비현황!$M80="임박")) -> FALSE | K80: =IF($J80=FALSE(),"",COUNTIF($J$6:$J80,TRUE())) | L80: =IF($K80="","","R"&$K80)
A81: =IF($B81="","",76) | B81: =IFERROR(INDEX(정비현황!$A$6:$A$365,MATCH("R"&76,교체대상!$L$6:$L$365,0)),"") | C81: =IF($B81="","",IFERROR(INDEX(정비현황!$B$6:$B$365,MATCH("R"&76,교체대상!$L$6:$L$365,0)),"")) | D81: =IF($B81="","",IFERROR(INDEX(정비현황!$C$6:$C$365,MATCH("R"&76,교체대상!$L$6:$L$365,0)),"")) | E81: =IF($B81="","",IFERROR(INDEX(정비현황!$J$6:$J$365,MATCH("R"&76,교체대상!$L$6:$L$365,0)),"")) | F81: =IF($B81="","",IFERROR(INDEX(정비현황!$K$6:$K$365,MATCH("R"&76,교체대상!$L$6:$L$365,0)),"")) | G81: =IF($B81="","",IFERROR(INDEX(정비현황!$L$6:$L$365,MATCH("R"&76,교체대상!$L$6:$L$365,0)),"")) | H81: =IF($B81="","",IFERROR(INDEX(정비현황!$M$6:$M$365,MATCH("R"&76,교체대상!$L$6:$L$365,0)),"")) | J81: =IF(정비현황!$A81="",FALSE(),OR(정비현황!$M81="교체",정비현황!$M81="임박")) -> FALSE | K81: =IF($J81=FALSE(),"",COUNTIF($J$6:$J81,TRUE())) | L81: =IF($K81="","","R"&$K81)
A82: =IF($B82="","",77) | B82: =IFERROR(INDEX(정비현황!$A$6:$A$365,MATCH("R"&77,교체대상!$L$6:$L$365,0)),"") | C82: =IF($B82="","",IFERROR(INDEX(정비현황!$B$6:$B$365,MATCH("R"&77,교체대상!$L$6:$L$365,0)),"")) | D82: =IF($B82="","",IFERROR(INDEX(정비현황!$C$6:$C$365,MATCH("R"&77,교체대상!$L$6:$L$365,0)),"")) | E82: =IF($B82="","",IFERROR(INDEX(정비현황!$J$6:$J$365,MATCH("R"&77,교체대상!$L$6:$L$365,0)),"")) | F82: =IF($B82="","",IFERROR(INDEX(정비현황!$K$6:$K$365,MATCH("R"&77,교체대상!$L$6:$L$365,0)),"")) | G82: =IF($B82="","",IFERROR(INDEX(정비현황!$L$6:$L$365,MATCH("R"&77,교체대상!$L$6:$L$365,0)),"")) | H82: =IF($B82="","",IFERROR(INDEX(정비현황!$M$6:$M$365,MATCH("R"&77,교체대상!$L$6:$L$365,0)),"")) | J82: =IF(정비현황!$A82="",FALSE(),OR(정비현황!$M82="교체",정비현황!$M82="임박")) -> FALSE | K82: =IF($J82=FALSE(),"",COUNTIF($J$6:$J82,TRUE())) | L82: =IF($K82="","","R"&$K82)
A83: =IF($B83="","",78) | B83: =IFERROR(INDEX(정비현황!$A$6:$A$365,MATCH("R"&78,교체대상!$L$6:$L$365,0)),"") | C83: =IF($B83="","",IFERROR(INDEX(정비현황!$B$6:$B$365,MATCH("R"&78,교체대상!$L$6:$L$365,0)),"")) | D83: =IF($B83="","",IFERROR(INDEX(정비현황!$C$6:$C$365,MATCH("R"&78,교체대상!$L$6:$L$365,0)),"")) | E83: =IF($B83="","",IFERROR(INDEX(정비현황!$J$6:$J$365,MATCH("R"&78,교체대상!$L$6:$L$365,0)),"")) | F83: =IF($B83="","",IFERROR(INDEX(정비현황!$K$6:$K$365,MATCH("R"&78,교체대상!$L$6:$L$365,0)),"")) | G83: =IF($B83="","",IFERROR(INDEX(정비현황!$L$6:$L$365,MATCH("R"&78,교체대상!$L$6:$L$365,0)),"")) | H83: =IF($B83="","",IFERROR(INDEX(정비현황!$M$6:$M$365,MATCH("R"&78,교체대상!$L$6:$L$365,0)),"")) | J83: =IF(정비현황!$A83="",FALSE(),OR(정비현황!$M83="교체",정비현황!$M83="임박")) -> FALSE | K83: =IF($J83=FALSE(),"",COUNTIF($J$6:$J83,TRUE())) | L83: =IF($K83="","","R"&$K83)
A84: =IF($B84="","",79) | B84: =IFERROR(INDEX(정비현황!$A$6:$A$365,MATCH("R"&79,교체대상!$L$6:$L$365,0)),"") | C84: =IF($B84="","",IFERROR(INDEX(정비현황!$B$6:$B$365,MATCH("R"&79,교체대상!$L$6:$L$365,0)),"")) | D84: =IF($B84="","",IFERROR(INDEX(정비현황!$C$6:$C$365,MATCH("R"&79,교체대상!$L$6:$L$365,0)),"")) | E84: =IF($B84="","",IFERROR(INDEX(정비현황!$J$6:$J$365,MATCH("R"&79,교체대상!$L$6:$L$365,0)),"")) | F84: =IF($B84="","",IFERROR(INDEX(정비현황!$K$6:$K$365,MATCH("R"&79,교체대상!$L$6:$L$365,0)),"")) | G84: =IF($B84="","",IFERROR(INDEX(정비현황!$L$6:$L$365,MATCH("R"&79,교체대상!$L$6:$L$365,0)),"")) | H84: =IF($B84="","",IFERROR(INDEX(정비현황!$M$6:$M$365,MATCH("R"&79,교체대상!$L$6:$L$365,0)),"")) | J84: =IF(정비현황!$A84="",FALSE(),OR(정비현황!$M84="교체",정비현황!$M84="임박")) -> FALSE | K84: =IF($J84=FALSE(),"",COUNTIF($J$6:$J84,TRUE())) | L84: =IF($K84="","","R"&$K84)
A85: =IF($B85="","",80) | B85: =IFERROR(INDEX(정비현황!$A$6:$A$365,MATCH("R"&80,교체대상!$L$6:$L$365,0)),"") | C85: =IF($B85="","",IFERROR(INDEX(정비현황!$B$6:$B$365,MATCH("R"&80,교체대상!$L$6:$L$365,0)),"")) | D85: =IF($B85="","",IFERROR(INDEX(정비현황!$C$6:$C$365,MATCH("R"&80,교체대상!$L$6:$L$365,0)),"")) | E85: =IF($B85="","",IFERROR(INDEX(정비현황!$J$6:$J$365,MATCH("R"&80,교체대상!$L$6:$L$365,0)),"")) | F85: =IF($B85="","",IFERROR(INDEX(정비현황!$K$6:$K$365,MATCH("R"&80,교체대상!$L$6:$L$365,0)),"")) | G85: =IF($B85="","",IFERROR(INDEX(정비현황!$L$6:$L$365,MATCH("R"&80,교체대상!$L$6:$L$365,0)),"")) | H85: =IF($B85="","",IFERROR(INDEX(정비현황!$M$6:$M$365,MATCH("R"&80,교체대상!$L$6:$L$365,0)),"")) | J85: =IF(정비현황!$A85="",FALSE(),OR(정비현황!$M85="교체",정비현황!$M85="임박")) -> FALSE | K85: =IF($J85=FALSE(),"",COUNTIF($J$6:$J85,TRUE())) | L85: =IF($K85="","","R"&$K85)
A86: =IF($B86="","",81) | B86: =IFERROR(INDEX(정비현황!$A$6:$A$365,MATCH("R"&81,교체대상!$L$6:$L$365,0)),"") | C86: =IF($B86="","",IFERROR(INDEX(정비현황!$B$6:$B$365,MATCH("R"&81,교체대상!$L$6:$L$365,0)),"")) | D86: =IF($B86="","",IFERROR(INDEX(정비현황!$C$6:$C$365,MATCH("R"&81,교체대상!$L$6:$L$365,0)),"")) | E86: =IF($B86="","",IFERROR(INDEX(정비현황!$J$6:$J$365,MATCH("R"&81,교체대상!$L$6:$L$365,0)),"")) | F86: =IF($B86="","",IFERROR(INDEX(정비현황!$K$6:$K$365,MATCH("R"&81,교체대상!$L$6:$L$365,0)),"")) | G86: =IF($B86="","",IFERROR(INDEX(정비현황!$L$6:$L$365,MATCH("R"&81,교체대상!$L$6:$L$365,0)),"")) | H86: =IF($B86="","",IFERROR(INDEX(정비현황!$M$6:$M$365,MATCH("R"&81,교체대상!$L$6:$L$365,0)),"")) | J86: =IF(정비현황!$A86="",FALSE(),OR(정비현황!$M86="교체",정비현황!$M86="임박")) -> FALSE | K86: =IF($J86=FALSE(),"",COUNTIF($J$6:$J86,TRUE())) | L86: =IF($K86="","","R"&$K86)
A87: =IF($B87="","",82) | B87: =IFERROR(INDEX(정비현황!$A$6:$A$365,MATCH("R"&82,교체대상!$L$6:$L$365,0)),"") | C87: =IF($B87="","",IFERROR(INDEX(정비현황!$B$6:$B$365,MATCH("R"&82,교체대상!$L$6:$L$365,0)),"")) | D87: =IF($B87="","",IFERROR(INDEX(정비현황!$C$6:$C$365,MATCH("R"&82,교체대상!$L$6:$L$365,0)),"")) | E87: =IF($B87="","",IFERROR(INDEX(정비현황!$J$6:$J$365,MATCH("R"&82,교체대상!$L$6:$L$365,0)),"")) | F87: =IF($B87="","",IFERROR(INDEX(정비현황!$K$6:$K$365,MATCH("R"&82,교체대상!$L$6:$L$365,0)),"")) | G87: =IF($B87="","",IFERROR(INDEX(정비현황!$L$6:$L$365,MATCH("R"&82,교체대상!$L$6:$L$365,0)),"")) | H87: =IF($B87="","",IFERROR(INDEX(정비현황!$M$6:$M$365,MATCH("R"&82,교체대상!$L$6:$L$365,0)),"")) | J87: =IF(정비현황!$A87="",FALSE(),OR(정비현황!$M87="교체",정비현황!$M87="임박")) -> FALSE | K87: =IF($J87=FALSE(),"",COUNTIF($J$6:$J87,TRUE())) | L87: =IF($K87="","","R"&$K87)
A88: =IF($B88="","",83) | B88: =IFERROR(INDEX(정비현황!$A$6:$A$365,MATCH("R"&83,교체대상!$L$6:$L$365,0)),"") | C88: =IF($B88="","",IFERROR(INDEX(정비현황!$B$6:$B$365,MATCH("R"&83,교체대상!$L$6:$L$365,0)),"")) | D88: =IF($B88="","",IFERROR(INDEX(정비현황!$C$6:$C$365,MATCH("R"&83,교체대상!$L$6:$L$365,0)),"")) | E88: =IF($B88="","",IFERROR(INDEX(정비현황!$J$6:$J$365,MATCH("R"&83,교체대상!$L$6:$L$365,0)),"")) | F88: =IF($B88="","",IFERROR(INDEX(정비현황!$K$6:$K$365,MATCH("R"&83,교체대상!$L$6:$L$365,0)),"")) | G88: =IF($B88="","",IFERROR(INDEX(정비현황!$L$6:$L$365,MATCH("R"&83,교체대상!$L$6:$L$365,0)),"")) | H88: =IF($B88="","",IFERROR(INDEX(정비현황!$M$6:$M$365,MATCH("R"&83,교체대상!$L$6:$L$365,0)),"")) | J88: =IF(정비현황!$A88="",FALSE(),OR(정비현황!$M88="교체",정비현황!$M88="임박")) -> FALSE | K88: =IF($J88=FALSE(),"",COUNTIF($J$6:$J88,TRUE())) | L88: =IF($K88="","","R"&$K88)
A89: =IF($B89="","",84) | B89: =IFERROR(INDEX(정비현황!$A$6:$A$365,MATCH("R"&84,교체대상!$L$6:$L$365,0)),"") | C89: =IF($B89="","",IFERROR(INDEX(정비현황!$B$6:$B$365,MATCH("R"&84,교체대상!$L$6:$L$365,0)),"")) | D89: =IF($B89="","",IFERROR(INDEX(정비현황!$C$6:$C$365,MATCH("R"&84,교체대상!$L$6:$L$365,0)),"")) | E89: =IF($B89="","",IFERROR(INDEX(정비현황!$J$6:$J$365,MATCH("R"&84,교체대상!$L$6:$L$365,0)),"")) | F89: =IF($B89="","",IFERROR(INDEX(정비현황!$K$6:$K$365,MATCH("R"&84,교체대상!$L$6:$L$365,0)),"")) | G89: =IF($B89="","",IFERROR(INDEX(정비현황!$L$6:$L$365,MATCH("R"&84,교체대상!$L$6:$L$365,0)),"")) | H89: =IF($B89="","",IFERROR(INDEX(정비현황!$M$6:$M$365,MATCH("R"&84,교체대상!$L$6:$L$365,0)),"")) | J89: =IF(정비현황!$A89="",FALSE(),OR(정비현황!$M89="교체",정비현황!$M89="임박")) -> FALSE | K89: =IF($J89=FALSE(),"",COUNTIF($J$6:$J89,TRUE())) | L89: =IF($K89="","","R"&$K89)
A90: =IF($B90="","",85) | B90: =IFERROR(INDEX(정비현황!$A$6:$A$365,MATCH("R"&85,교체대상!$L$6:$L$365,0)),"") | C90: =IF($B90="","",IFERROR(INDEX(정비현황!$B$6:$B$365,MATCH("R"&85,교체대상!$L$6:$L$365,0)),"")) | D90: =IF($B90="","",IFERROR(INDEX(정비현황!$C$6:$C$365,MATCH("R"&85,교체대상!$L$6:$L$365,0)),"")) | E90: =IF($B90="","",IFERROR(INDEX(정비현황!$J$6:$J$365,MATCH("R"&85,교체대상!$L$6:$L$365,0)),"")) | F90: =IF($B90="","",IFERROR(INDEX(정비현황!$K$6:$K$365,MATCH("R"&85,교체대상!$L$6:$L$365,0)),"")) | G90: =IF($B90="","",IFERROR(INDEX(정비현황!$L$6:$L$365,MATCH("R"&85,교체대상!$L$6:$L$365,0)),"")) | H90: =IF($B90="","",IFERROR(INDEX(정비현황!$M$6:$M$365,MATCH("R"&85,교체대상!$L$6:$L$365,0)),"")) | J90: =IF(정비현황!$A90="",FALSE(),OR(정비현황!$M90="교체",정비현황!$M90="임박")) -> FALSE | K90: =IF($J90=FALSE(),"",COUNTIF($J$6:$J90,TRUE())) | L90: =IF($K90="","","R"&$K90)
A91: =IF($B91="","",86) | B91: =IFERROR(INDEX(정비현황!$A$6:$A$365,MATCH("R"&86,교체대상!$L$6:$L$365,0)),"") | C91: =IF($B91="","",IFERROR(INDEX(정비현황!$B$6:$B$365,MATCH("R"&86,교체대상!$L$6:$L$365,0)),"")) | D91: =IF($B91="","",IFERROR(INDEX(정비현황!$C$6:$C$365,MATCH("R"&86,교체대상!$L$6:$L$365,0)),"")) | E91: =IF($B91="","",IFERROR(INDEX(정비현황!$J$6:$J$365,MATCH("R"&86,교체대상!$L$6:$L$365,0)),"")) | F91: =IF($B91="","",IFERROR(INDEX(정비현황!$K$6:$K$365,MATCH("R"&86,교체대상!$L$6:$L$365,0)),"")) | G91: =IF($B91="","",IFERROR(INDEX(정비현황!$L$6:$L$365,MATCH("R"&86,교체대상!$L$6:$L$365,0)),"")) | H91: =IF($B91="","",IFERROR(INDEX(정비현황!$M$6:$M$365,MATCH("R"&86,교체대상!$L$6:$L$365,0)),"")) | J91: =IF(정비현황!$A91="",FALSE(),OR(정비현황!$M91="교체",정비현황!$M91="임박")) -> FALSE | K91: =IF($J91=FALSE(),"",COUNTIF($J$6:$J91,TRUE())) | L91: =IF($K91="","","R"&$K91)
A92: =IF($B92="","",87) | B92: =IFERROR(INDEX(정비현황!$A$6:$A$365,MATCH("R"&87,교체대상!$L$6:$L$365,0)),"") | C92: =IF($B92="","",IFERROR(INDEX(정비현황!$B$6:$B$365,MATCH("R"&87,교체대상!$L$6:$L$365,0)),"")) | D92: =IF($B92="","",IFERROR(INDEX(정비현황!$C$6:$C$365,MATCH("R"&87,교체대상!$L$6:$L$365,0)),"")) | E92: =IF($B92="","",IFERROR(INDEX(정비현황!$J$6:$J$365,MATCH("R"&87,교체대상!$L$6:$L$365,0)),"")) | F92: =IF($B92="","",IFERROR(INDEX(정비현황!$K$6:$K$365,MATCH("R"&87,교체대상!$L$6:$L$365,0)),"")) | G92: =IF($B92="","",IFERROR(INDEX(정비현황!$L$6:$L$365,MATCH("R"&87,교체대상!$L$6:$L$365,0)),"")) | H92: =IF($B92="","",IFERROR(INDEX(정비현황!$M$6:$M$365,MATCH("R"&87,교체대상!$L$6:$L$365,0)),"")) | J92: =IF(정비현황!$A92="",FALSE(),OR(정비현황!$M92="교체",정비현황!$M92="임박")) -> FALSE | K92: =IF($J92=FALSE(),"",COUNTIF($J$6:$J92,TRUE())) | L92: =IF($K92="","","R"&$K92)
A93: =IF($B93="","",88) | B93: =IFERROR(INDEX(정비현황!$A$6:$A$365,MATCH("R"&88,교체대상!$L$6:$L$365,0)),"") | C93: =IF($B93="","",IFERROR(INDEX(정비현황!$B$6:$B$365,MATCH("R"&88,교체대상!$L$6:$L$365,0)),"")) | D93: =IF($B93="","",IFERROR(INDEX(정비현황!$C$6:$C$365,MATCH("R"&88,교체대상!$L$6:$L$365,0)),"")) | E93: =IF($B93="","",IFERROR(INDEX(정비현황!$J$6:$J$365,MATCH("R"&88,교체대상!$L$6:$L$365,0)),"")) | F93: =IF($B93="","",IFERROR(INDEX(정비현황!$K$6:$K$365,MATCH("R"&88,교체대상!$L$6:$L$365,0)),"")) | G93: =IF($B93="","",IFERROR(INDEX(정비현황!$L$6:$L$365,MATCH("R"&88,교체대상!$L$6:$L$365,0)),"")) | H93: =IF($B93="","",IFERROR(INDEX(정비현황!$M$6:$M$365,MATCH("R"&88,교체대상!$L$6:$L$365,0)),"")) | J93: =IF(정비현황!$A93="",FALSE(),OR(정비현황!$M93="교체",정비현황!$M93="임박")) -> FALSE | K93: =IF($J93=FALSE(),"",COUNTIF($J$6:$J93,TRUE())) | L93: =IF($K93="","","R"&$K93)
A94: =IF($B94="","",89) | B94: =IFERROR(INDEX(정비현황!$A$6:$A$365,MATCH("R"&89,교체대상!$L$6:$L$365,0)),"") | C94: =IF($B94="","",IFERROR(INDEX(정비현황!$B$6:$B$365,MATCH("R"&89,교체대상!$L$6:$L$365,0)),"")) | D94: =IF($B94="","",IFERROR(INDEX(정비현황!$C$6:$C$365,MATCH("R"&89,교체대상!$L$6:$L$365,0)),"")) | E94: =IF($B94="","",IFERROR(INDEX(정비현황!$J$6:$J$365,MATCH("R"&89,교체대상!$L$6:$L$365,0)),"")) | F94: =IF($B94="","",IFERROR(INDEX(정비현황!$K$6:$K$365,MATCH("R"&89,교체대상!$L$6:$L$365,0)),"")) | G94: =IF($B94="","",IFERROR(INDEX(정비현황!$L$6:$L$365,MATCH("R"&89,교체대상!$L$6:$L$365,0)),"")) | H94: =IF($B94="","",IFERROR(INDEX(정비현황!$M$6:$M$365,MATCH("R"&89,교체대상!$L$6:$L$365,0)),"")) | J94: =IF(정비현황!$A94="",FALSE(),OR(정비현황!$M94="교체",정비현황!$M94="임박")) -> FALSE | K94: =IF($J94=FALSE(),"",COUNTIF($J$6:$J94,TRUE())) | L94: =IF($K94="","","R"&$K94)
A95: =IF($B95="","",90) | B95: =IFERROR(INDEX(정비현황!$A$6:$A$365,MATCH("R"&90,교체대상!$L$6:$L$365,0)),"") | C95: =IF($B95="","",IFERROR(INDEX(정비현황!$B$6:$B$365,MATCH("R"&90,교체대상!$L$6:$L$365,0)),"")) | D95: =IF($B95="","",IFERROR(INDEX(정비현황!$C$6:$C$365,MATCH("R"&90,교체대상!$L$6:$L$365,0)),"")) | E95: =IF($B95="","",IFERROR(INDEX(정비현황!$J$6:$J$365,MATCH("R"&90,교체대상!$L$6:$L$365,0)),"")) | F95: =IF($B95="","",IFERROR(INDEX(정비현황!$K$6:$K$365,MATCH("R"&90,교체대상!$L$6:$L$365,0)),"")) | G95: =IF($B95="","",IFERROR(INDEX(정비현황!$L$6:$L$365,MATCH("R"&90,교체대상!$L$6:$L$365,0)),"")) | H95: =IF($B95="","",IFERROR(INDEX(정비현황!$M$6:$M$365,MATCH("R"&90,교체대상!$L$6:$L$365,0)),"")) | J95: =IF(정비현황!$A95="",FALSE(),OR(정비현황!$M95="교체",정비현황!$M95="임박")) -> FALSE | K95: =IF($J95=FALSE(),"",COUNTIF($J$6:$J95,TRUE())) | L95: =IF($K95="","","R"&$K95)
A96: =IF($B96="","",91) | B96: =IFERROR(INDEX(정비현황!$A$6:$A$365,MATCH("R"&91,교체대상!$L$6:$L$365,0)),"") | C96: =IF($B96="","",IFERROR(INDEX(정비현황!$B$6:$B$365,MATCH("R"&91,교체대상!$L$6:$L$365,0)),"")) | D96: =IF($B96="","",IFERROR(INDEX(정비현황!$C$6:$C$365,MATCH("R"&91,교체대상!$L$6:$L$365,0)),"")) | E96: =IF($B96="","",IFERROR(INDEX(정비현황!$J$6:$J$365,MATCH("R"&91,교체대상!$L$6:$L$365,0)),"")) | F96: =IF($B96="","",IFERROR(INDEX(정비현황!$K$6:$K$365,MATCH("R"&91,교체대상!$L$6:$L$365,0)),"")) | G96: =IF($B96="","",IFERROR(INDEX(정비현황!$L$6:$L$365,MATCH("R"&91,교체대상!$L$6:$L$365,0)),"")) | H96: =IF($B96="","",IFERROR(INDEX(정비현황!$M$6:$M$365,MATCH("R"&91,교체대상!$L$6:$L$365,0)),"")) | J96: =IF(정비현황!$A96="",FALSE(),OR(정비현황!$M96="교체",정비현황!$M96="임박")) -> FALSE | K96: =IF($J96=FALSE(),"",COUNTIF($J$6:$J96,TRUE())) | L96: =IF($K96="","","R"&$K96)
A97: =IF($B97="","",92) | B97: =IFERROR(INDEX(정비현황!$A$6:$A$365,MATCH("R"&92,교체대상!$L$6:$L$365,0)),"") | C97: =IF($B97="","",IFERROR(INDEX(정비현황!$B$6:$B$365,MATCH("R"&92,교체대상!$L$6:$L$365,0)),"")) | D97: =IF($B97="","",IFERROR(INDEX(정비현황!$C$6:$C$365,MATCH("R"&92,교체대상!$L$6:$L$365,0)),"")) | E97: =IF($B97="","",IFERROR(INDEX(정비현황!$J$6:$J$365,MATCH("R"&92,교체대상!$L$6:$L$365,0)),"")) | F97: =IF($B97="","",IFERROR(INDEX(정비현황!$K$6:$K$365,MATCH("R"&92,교체대상!$L$6:$L$365,0)),"")) | G97: =IF($B97="","",IFERROR(INDEX(정비현황!$L$6:$L$365,MATCH("R"&92,교체대상!$L$6:$L$365,0)),"")) | H97: =IF($B97="","",IFERROR(INDEX(정비현황!$M$6:$M$365,MATCH("R"&92,교체대상!$L$6:$L$365,0)),"")) | J97: =IF(정비현황!$A97="",FALSE(),OR(정비현황!$M97="교체",정비현황!$M97="임박")) -> FALSE | K97: =IF($J97=FALSE(),"",COUNTIF($J$6:$J97,TRUE())) | L97: =IF($K97="","","R"&$K97)
A98: =IF($B98="","",93) | B98: =IFERROR(INDEX(정비현황!$A$6:$A$365,MATCH("R"&93,교체대상!$L$6:$L$365,0)),"") | C98: =IF($B98="","",IFERROR(INDEX(정비현황!$B$6:$B$365,MATCH("R"&93,교체대상!$L$6:$L$365,0)),"")) | D98: =IF($B98="","",IFERROR(INDEX(정비현황!$C$6:$C$365,MATCH("R"&93,교체대상!$L$6:$L$365,0)),"")) | E98: =IF($B98="","",IFERROR(INDEX(정비현황!$J$6:$J$365,MATCH("R"&93,교체대상!$L$6:$L$365,0)),"")) | F98: =IF($B98="","",IFERROR(INDEX(정비현황!$K$6:$K$365,MATCH("R"&93,교체대상!$L$6:$L$365,0)),"")) | G98: =IF($B98="","",IFERROR(INDEX(정비현황!$L$6:$L$365,MATCH("R"&93,교체대상!$L$6:$L$365,0)),"")) | H98: =IF($B98="","",IFERROR(INDEX(정비현황!$M$6:$M$365,MATCH("R"&93,교체대상!$L$6:$L$365,0)),"")) | J98: =IF(정비현황!$A98="",FALSE(),OR(정비현황!$M98="교체",정비현황!$M98="임박")) -> FALSE | K98: =IF($J98=FALSE(),"",COUNTIF($J$6:$J98,TRUE())) | L98: =IF($K98="","","R"&$K98)
A99: =IF($B99="","",94) | B99: =IFERROR(INDEX(정비현황!$A$6:$A$365,MATCH("R"&94,교체대상!$L$6:$L$365,0)),"") | C99: =IF($B99="","",IFERROR(INDEX(정비현황!$B$6:$B$365,MATCH("R"&94,교체대상!$L$6:$L$365,0)),"")) | D99: =IF($B99="","",IFERROR(INDEX(정비현황!$C$6:$C$365,MATCH("R"&94,교체대상!$L$6:$L$365,0)),"")) | E99: =IF($B99="","",IFERROR(INDEX(정비현황!$J$6:$J$365,MATCH("R"&94,교체대상!$L$6:$L$365,0)),"")) | F99: =IF($B99="","",IFERROR(INDEX(정비현황!$K$6:$K$365,MATCH("R"&94,교체대상!$L$6:$L$365,0)),"")) | G99: =IF($B99="","",IFERROR(INDEX(정비현황!$L$6:$L$365,MATCH("R"&94,교체대상!$L$6:$L$365,0)),"")) | H99: =IF($B99="","",IFERROR(INDEX(정비현황!$M$6:$M$365,MATCH("R"&94,교체대상!$L$6:$L$365,0)),"")) | J99: =IF(정비현황!$A99="",FALSE(),OR(정비현황!$M99="교체",정비현황!$M99="임박")) -> FALSE | K99: =IF($J99=FALSE(),"",COUNTIF($J$6:$J99,TRUE())) | L99: =IF($K99="","","R"&$K99)
A100: =IF($B100="","",95) | B100: =IFERROR(INDEX(정비현황!$A$6:$A$365,MATCH("R"&95,교체대상!$L$6:$L$365,0)),"") | C100: =IF($B100="","",IFERROR(INDEX(정비현황!$B$6:$B$365,MATCH("R"&95,교체대상!$L$6:$L$365,0)),"")) | D100: =IF($B100="","",IFERROR(INDEX(정비현황!$C$6:$C$365,MATCH("R"&95,교체대상!$L$6:$L$365,0)),"")) | E100: =IF($B100="","",IFERROR(INDEX(정비현황!$J$6:$J$365,MATCH("R"&95,교체대상!$L$6:$L$365,0)),"")) | F100: =IF($B100="","",IFERROR(INDEX(정비현황!$K$6:$K$365,MATCH("R"&95,교체대상!$L$6:$L$365,0)),"")) | G100: =IF($B100="","",IFERROR(INDEX(정비현황!$L$6:$L$365,MATCH("R"&95,교체대상!$L$6:$L$365,0)),"")) | H100: =IF($B100="","",IFERROR(INDEX(정비현황!$M$6:$M$365,MATCH("R"&95,교체대상!$L$6:$L$365,0)),"")) | J100: =IF(정비현황!$A100="",FALSE(),OR(정비현황!$M100="교체",정비현황!$M100="임박")) -> FALSE | K100: =IF($J100=FALSE(),"",COUNTIF($J$6:$J100,TRUE())) | L100: =IF($K100="","","R"&$K100)
A101: =IF($B101="","",96) | B101: =IFERROR(INDEX(정비현황!$A$6:$A$365,MATCH("R"&96,교체대상!$L$6:$L$365,0)),"") | C101: =IF($B101="","",IFERROR(INDEX(정비현황!$B$6:$B$365,MATCH("R"&96,교체대상!$L$6:$L$365,0)),"")) | D101: =IF($B101="","",IFERROR(INDEX(정비현황!$C$6:$C$365,MATCH("R"&96,교체대상!$L$6:$L$365,0)),"")) | E101: =IF($B101="","",IFERROR(INDEX(정비현황!$J$6:$J$365,MATCH("R"&96,교체대상!$L$6:$L$365,0)),"")) | F101: =IF($B101="","",IFERROR(INDEX(정비현황!$K$6:$K$365,MATCH("R"&96,교체대상!$L$6:$L$365,0)),"")) | G101: =IF($B101="","",IFERROR(INDEX(정비현황!$L$6:$L$365,MATCH("R"&96,교체대상!$L$6:$L$365,0)),"")) | H101: =IF($B101="","",IFERROR(INDEX(정비현황!$M$6:$M$365,MATCH("R"&96,교체대상!$L$6:$L$365,0)),"")) | J101: =IF(정비현황!$A101="",FALSE(),OR(정비현황!$M101="교체",정비현황!$M101="임박")) -> FALSE | K101: =IF($J101=FALSE(),"",COUNTIF($J$6:$J101,TRUE())) | L101: =IF($K101="","","R"&$K101)
A102: =IF($B102="","",97) | B102: =IFERROR(INDEX(정비현황!$A$6:$A$365,MATCH("R"&97,교체대상!$L$6:$L$365,0)),"") | C102: =IF($B102="","",IFERROR(INDEX(정비현황!$B$6:$B$365,MATCH("R"&97,교체대상!$L$6:$L$365,0)),"")) | D102: =IF($B102="","",IFERROR(INDEX(정비현황!$C$6:$C$365,MATCH("R"&97,교체대상!$L$6:$L$365,0)),"")) | E102: =IF($B102="","",IFERROR(INDEX(정비현황!$J$6:$J$365,MATCH("R"&97,교체대상!$L$6:$L$365,0)),"")) | F102: =IF($B102="","",IFERROR(INDEX(정비현황!$K$6:$K$365,MATCH("R"&97,교체대상!$L$6:$L$365,0)),"")) | G102: =IF($B102="","",IFERROR(INDEX(정비현황!$L$6:$L$365,MATCH("R"&97,교체대상!$L$6:$L$365,0)),"")) | H102: =IF($B102="","",IFERROR(INDEX(정비현황!$M$6:$M$365,MATCH("R"&97,교체대상!$L$6:$L$365,0)),"")) | J102: =IF(정비현황!$A102="",FALSE(),OR(정비현황!$M102="교체",정비현황!$M102="임박")) -> FALSE | K102: =IF($J102=FALSE(),"",COUNTIF($J$6:$J102,TRUE())) | L102: =IF($K102="","","R"&$K102)
...

Sheet 차량별비용
A1: 차량별비용
A3: 대상 연도 | B3: 2026
A5: 차량번호 | B5: 차종 | C5: 현재 주행거리 | D5: 정비 횟수 | E5: 연간 비용 | F5: 누적 비용 | G5: 교체대상
A6: =IF(차량목록!$A3="","",차량목록!$A3) -> 12가3456 | B6: =IF($A6="","",차량목록!$B3) -> 포터2 | C6: =IF($A6="","",차량목록!$E3) -> 81800 | D6: =IF($A6="","",COUNTIFS(정비이력!$B$3:$B$1002,$A6,정비이력!$A$3:$A$1002,">="&DATE($B$3,1,1),정비이력!$A$3:$A$1002,"<="&DATE($B$3,12,31))) -> 2 | E6: =IF($A6="","",SUMIFS(정비이력!$G$3:$G$1002,정비이력!$B$3:$B$1002,$A6,정비이력!$A$3:$A$1002,">="&DATE($B$3,1,1),정비이력!$A$3:$A$1002,"<="&DATE($B$3,12,31))) -> 130000 | F6: =IF($A6="","",SUMIFS(정비이력!$G$3:$G$1002,정비이력!$B$3:$B$1002,$A6)) -> 130000 | G6: =IF($A6="","",SUMPRODUCT((정비현황!$A$6:$A$365=$A6)*(정비현황!$M$6:$M$365="교체"))) -> 0
A7: =IF(차량목록!$A4="","",차량목록!$A4) -> 34나5678 | B7: =IF($A7="","",차량목록!$B4) -> 봉고3 | C7: =IF($A7="","",차량목록!$E4) -> 42300 | D7: =IF($A7="","",COUNTIFS(정비이력!$B$3:$B$1002,$A7,정비이력!$A$3:$A$1002,">="&DATE($B$3,1,1),정비이력!$A$3:$A$1002,"<="&DATE($B$3,12,31))) -> 1 | E7: =IF($A7="","",SUMIFS(정비이력!$G$3:$G$1002,정비이력!$B$3:$B$1002,$A7,정비이력!$A$3:$A$1002,">="&DATE($B$3,1,1),정비이력!$A$3:$A$1002,"<="&DATE($B$3,12,31))) -> 85000 | F7: =IF($A7="","",SUMIFS(정비이력!$G$3:$G$1002,정비이력!$B$3:$B$1002,$A7)) -> 85000 | G7: =IF($A7="","",SUMPRODUCT((정비현황!$A$6:$A$365=$A7)*(정비현황!$M$6:$M$365="교체"))) -> 0
A8: =IF(차량목록!$A5="","",차량목록!$A5) -> 56다7890 | B8: =IF($A8="","",차량목록!$B5) -> 스타렉스 | C8: =IF($A8="","",차량목록!$E5) -> 125000 | D8: =IF($A8="","",COUNTIFS(정비이력!$B$3:$B$1002,$A8,정비이력!$A$3:$A$1002,">="&DATE($B$3,1,1),정비이력!$A$3:$A$1002,"<="&DATE($B$3,12,31))) -> 0 | E8: =IF($A8="","",SUMIFS(정비이력!$G$3:$G$1002,정비이력!$B$3:$B$1002,$A8,정비이력!$A$3:$A$1002,">="&DATE($B$3,1,1),정비이력!$A$3:$A$1002,"<="&DATE($B$3,12,31))) -> 0 | F8: =IF($A8="","",SUMIFS(정비이력!$G$3:$G$1002,정비이력!$B$3:$B$1002,$A8)) -> 620000 | G8: =IF($A8="","",SUMPRODUCT((정비현황!$A$6:$A$365=$A8)*(정비현황!$M$6:$M$365="교체"))) -> 0
A9: =IF(차량목록!$A6="","",차량목록!$A6) | B9: =IF($A9="","",차량목록!$B6) | C9: =IF($A9="","",차량목록!$E6) | D9: =IF($A9="","",COUNTIFS(정비이력!$B$3:$B$1002,$A9,정비이력!$A$3:$A$1002,">="&DATE($B$3,1,1),정비이력!$A$3:$A$1002,"<="&DATE($B$3,12,31))) | E9: =IF($A9="","",SUMIFS(정비이력!$G$3:$G$1002,정비이력!$B$3:$B$1002,$A9,정비이력!$A$3:$A$1002,">="&DATE($B$3,1,1),정비이력!$A$3:$A$1002,"<="&DATE($B$3,12,31))) | F9: =IF($A9="","",SUMIFS(정비이력!$G$3:$G$1002,정비이력!$B$3:$B$1002,$A9)) | G9: =IF($A9="","",SUMPRODUCT((정비현황!$A$6:$A$365=$A9)*(정비현황!$M$6:$M$365="교체")))
A10: =IF(차량목록!$A7="","",차량목록!$A7) | B10: =IF($A10="","",차량목록!$B7) | C10: =IF($A10="","",차량목록!$E7) | D10: =IF($A10="","",COUNTIFS(정비이력!$B$3:$B$1002,$A10,정비이력!$A$3:$A$1002,">="&DATE($B$3,1,1),정비이력!$A$3:$A$1002,"<="&DATE($B$3,12,31))) | E10: =IF($A10="","",SUMIFS(정비이력!$G$3:$G$1002,정비이력!$B$3:$B$1002,$A10,정비이력!$A$3:$A$1002,">="&DATE($B$3,1,1),정비이력!$A$3:$A$1002,"<="&DATE($B$3,12,31))) | F10: =IF($A10="","",SUMIFS(정비이력!$G$3:$G$1002,정비이력!$B$3:$B$1002,$A10)) | G10: =IF($A10="","",SUMPRODUCT((정비현황!$A$6:$A$365=$A10)*(정비현황!$M$6:$M$365="교체")))
A11: =IF(차량목록!$A8="","",차량목록!$A8) | B11: =IF($A11="","",차량목록!$B8) | C11: =IF($A11="","",차량목록!$E8) | D11: =IF($A11="","",COUNTIFS(정비이력!$B$3:$B$1002,$A11,정비이력!$A$3:$A$1002,">="&DATE($B$3,1,1),정비이력!$A$3:$A$1002,"<="&DATE($B$3,12,31))) | E11: =IF($A11="","",SUMIFS(정비이력!$G$3:$G$1002,정비이력!$B$3:$B$1002,$A11,정비이력!$A$3:$A$1002,">="&DATE($B$3,1,1),정비이력!$A$3:$A$1002,"<="&DATE($B$3,12,31))) | F11: =IF($A11="","",SUMIFS(정비이력!$G$3:$G$1002,정비이력!$B$3:$B$1002,$A11)) | G11: =IF($A11="","",SUMPRODUCT((정비현황!$A$6:$A$365=$A11)*(정비현황!$M$6:$M$365="교체")))
A12: =IF(차량목록!$A9="","",차량목록!$A9) | B12: =IF($A12="","",차량목록!$B9) | C12: =IF($A12="","",차량목록!$E9) | D12: =IF($A12="","",COUNTIFS(정비이력!$B$3:$B$1002,$A12,정비이력!$A$3:$A$1002,">="&DATE($B$3,1,1),정비이력!$A$3:$A$1002,"<="&DATE($B$3,12,31))) | E12: =IF($A12="","",SUMIFS(정비이력!$G$3:$G$1002,정비이력!$B$3:$B$1002,$A12,정비이력!$A$3:$A$1002,">="&DATE($B$3,1,1),정비이력!$A$3:$A$1002,"<="&DATE($B$3,12,31))) | F12: =IF($A12="","",SUMIFS(정비이력!$G$3:$G$1002,정비이력!$B$3:$B$1002,$A12)) | G12: =IF($A12="","",SUMPRODUCT((정비현황!$A$6:$A$365=$A12)*(정비현황!$M$6:$M$365="교체")))
A13: =IF(차량목록!$A10="","",차량목록!$A10) | B13: =IF($A13="","",차량목록!$B10) | C13: =IF($A13="","",차량목록!$E10) | D13: =IF($A13="","",COUNTIFS(정비이력!$B$3:$B$1002,$A13,정비이력!$A$3:$A$1002,">="&DATE($B$3,1,1),정비이력!$A$3:$A$1002,"<="&DATE($B$3,12,31))) | E13: =IF($A13="","",SUMIFS(정비이력!$G$3:$G$1002,정비이력!$B$3:$B$1002,$A13,정비이력!$A$3:$A$1002,">="&DATE($B$3,1,1),정비이력!$A$3:$A$1002,"<="&DATE($B$3,12,31))) | F13: =IF($A13="","",SUMIFS(정비이력!$G$3:$G$1002,정비이력!$B$3:$B$1002,$A13)) | G13: =IF($A13="","",SUMPRODUCT((정비현황!$A$6:$A$365=$A13)*(정비현황!$M$6:$M$365="교체")))
A14: =IF(차량목록!$A11="","",차량목록!$A11) | B14: =IF($A14="","",차량목록!$B11) | C14: =IF($A14="","",차량목록!$E11) | D14: =IF($A14="","",COUNTIFS(정비이력!$B$3:$B$1002,$A14,정비이력!$A$3:$A$1002,">="&DATE($B$3,1,1),정비이력!$A$3:$A$1002,"<="&DATE($B$3,12,31))) | E14: =IF($A14="","",SUMIFS(정비이력!$G$3:$G$1002,정비이력!$B$3:$B$1002,$A14,정비이력!$A$3:$A$1002,">="&DATE($B$3,1,1),정비이력!$A$3:$A$1002,"<="&DATE($B$3,12,31))) | F14: =IF($A14="","",SUMIFS(정비이력!$G$3:$G$1002,정비이력!$B$3:$B$1002,$A14)) | G14: =IF($A14="","",SUMPRODUCT((정비현황!$A$6:$A$365=$A14)*(정비현황!$M$6:$M$365="교체")))
A15: =IF(차량목록!$A12="","",차량목록!$A12) | B15: =IF($A15="","",차량목록!$B12) | C15: =IF($A15="","",차량목록!$E12) | D15: =IF($A15="","",COUNTIFS(정비이력!$B$3:$B$1002,$A15,정비이력!$A$3:$A$1002,">="&DATE($B$3,1,1),정비이력!$A$3:$A$1002,"<="&DATE($B$3,12,31))) | E15: =IF($A15="","",SUMIFS(정비이력!$G$3:$G$1002,정비이력!$B$3:$B$1002,$A15,정비이력!$A$3:$A$1002,">="&DATE($B$3,1,1),정비이력!$A$3:$A$1002,"<="&DATE($B$3,12,31))) | F15: =IF($A15="","",SUMIFS(정비이력!$G$3:$G$1002,정비이력!$B$3:$B$1002,$A15)) | G15: =IF($A15="","",SUMPRODUCT((정비현황!$A$6:$A$365=$A15)*(정비현황!$M$6:$M$365="교체")))
A16: =IF(차량목록!$A13="","",차량목록!$A13) | B16: =IF($A16="","",차량목록!$B13) | C16: =IF($A16="","",차량목록!$E13) | D16: =IF($A16="","",COUNTIFS(정비이력!$B$3:$B$1002,$A16,정비이력!$A$3:$A$1002,">="&DATE($B$3,1,1),정비이력!$A$3:$A$1002,"<="&DATE($B$3,12,31))) | E16: =IF($A16="","",SUMIFS(정비이력!$G$3:$G$1002,정비이력!$B$3:$B$1002,$A16,정비이력!$A$3:$A$1002,">="&DATE($B$3,1,1),정비이력!$A$3:$A$1002,"<="&DATE($B$3,12,31))) | F16: =IF($A16="","",SUMIFS(정비이력!$G$3:$G$1002,정비이력!$B$3:$B$1002,$A16)) | G16: =IF($A16="","",SUMPRODUCT((정비현황!$A$6:$A$365=$A16)*(정비현황!$M$6:$M$365="교체")))
A17: =IF(차량목록!$A14="","",차량목록!$A14) | B17: =IF($A17="","",차량목록!$B14) | C17: =IF($A17="","",차량목록!$E14) | D17: =IF($A17="","",COUNTIFS(정비이력!$B$3:$B$1002,$A17,정비이력!$A$3:$A$1002,">="&DATE($B$3,1,1),정비이력!$A$3:$A$1002,"<="&DATE($B$3,12,31))) | E17: =IF($A17="","",SUMIFS(정비이력!$G$3:$G$1002,정비이력!$B$3:$B$1002,$A17,정비이력!$A$3:$A$1002,">="&DATE($B$3,1,1),정비이력!$A$3:$A$1002,"<="&DATE($B$3,12,31))) | F17: =IF($A17="","",SUMIFS(정비이력!$G$3:$G$1002,정비이력!$B$3:$B$1002,$A17)) | G17: =IF($A17="","",SUMPRODUCT((정비현황!$A$6:$A$365=$A17)*(정비현황!$M$6:$M$365="교체")))
... A105: =IF(차량목록!$A102="","",차량목록!$A102) | B105: =IF($A105="","",차량목록!$B102) | C105: =IF($A105="","",차량목록!$E102) | D105: =IF($A105="","",COUNTIFS(정비이력!$B$3:$B$1002,$A105,정비이력!$A$3:$A$1002,">="&DATE($B$3,1,1),정비이력!$A$3:$A$1002,"<="&DATE($B$3,12,31))) | E105: =IF($A105="","",SUMIFS(정비이력!$G$3:$G$1002,정비이력!$B$3:$B$1002,$A105,정비이력!$A$3:$A$1002,">="&DATE($B$3,1,1),정비이력!$A$3:$A$1002,"<="&DATE($B$3,12,31))) | F105: =IF($A105="","",SUMIFS(정비이력!$G$3:$G$1002,정비이력!$B$3:$B$1002,$A105)) | G105: =IF($A105="","",SUMPRODUCT((정비현황!$A$6:$A$365=$A105)*(정비현황!$M$6:$M$365="교체")))
