Workbook

Sheet 사용안내
B2: 자금관리 (입출금내역 · 일보 · 월보 · 자금계획)
B4: 핵심 | C4: 입출금내역 한 곳에만 쌓으면 자금일보·자금월보·잔액이 전부 자동으로 나옵니다.
B5: 입력 규칙 | C5: 파란색 글씨 칸만 입력하세요. 검은색은 자동 계산입니다.
B6: ① 계좌목록 | C6: 통장별 기초잔액을 등록합니다. 기초잔액은 시작 시점의 잔액입니다.
B7: ② 거래처목록 | C7: 매출처·매입처를 등록합니다. 구분을 정확히 넣어야 집계가 맞습니다.
B8: ③ 입출금내역 | C8: 실제로 돈이 오간 것만 기록합니다. 입금은 +, 출금도 금액은 양수로 넣고 구분만 '출금'으로 하세요.
B9: ④ 자금일보 | C9: 날짜 하나를 고르면 그날의 입금·출금·잔액과 내역이 나옵니다.
B10: ⑤ 자금월보 | C10: 연도를 고르면 12개월 입금·출금·월말잔액이 한 화면에 나옵니다.
B11: ⑥ 자금계획 | C11: 아직 안 나간 돈, 아직 안 들어온 돈을 예정으로 넣습니다. 실적과 비교됩니다.
B12: ⑦ 어음내역 / 대출금내역 | C12: 만기일이 가까우면 자동으로 표시됩니다.
B13: 잔액 계산 방식 | C13: 계좌 기초잔액 합계 + 누적 입금 - 누적 출금
B15: 설정 | C15: 값을 바꾸면 모든 계산에 반영됩니다
B16: 만기 경고 기준(일) | C16: 15

Sheet 계좌목록
A1: 계좌목록 (기초잔액 = 관리 시작 시점의 통장 잔액)
A2: 계좌명 | B2: 은행 | C2: 계좌번호 | D2: 기초잔액 | E2: 비고
A3: 주거래통장 | B3: ○○은행 | C3: 000-00-0000 | D3: 50000000
A4: 급여통장 | B4: ○○은행 | C4: 000-00-0001 | D4: 5000000
C24: 기초잔액 합계 | D24: =SUM(D3:D22) -> 55000000

Sheet 거래처목록
A1: 거래처목록
A2: 거래처명 | B2: 구분(매출처/매입처) | C2: 담당자 | D2: 연락처
A3: ○○전자 | B3: 매출처
A4: △△소재 | B4: 매입처

Sheet 입출금내역
A1: 입출금내역 (실제로 돈이 오간 건만 기록)
A2: 날짜 | B2: 구분 | C2: 계정과목 | D2: 거래처 | E2: 적요 | F2: 금액 | G2: 계좌 | H2: 결제수단 | I2: 입금액(자동) | J2: 출금액(자동) | K2: 일자순번(자동) | L2: 일자키(자동)
A3: 46266 | B3: 입금 | C3: 매출대금 | D3: ○○전자 | E3: 8월 납품대금 | F3: 12500000 | G3: 주거래통장 | H3: 계좌이체 | I3: =IF(OR($A3="",$F3=""),"",IF($B3="입금",$F3,0)) -> 12500000 | J3: =IF(OR($A3="",$F3=""),"",IF($B3="출금",$F3,0)) -> 0 | K3: =IF($A3="","",COUNTIFS($A$3:$A3,$A3)) -> 1 | L3: =IF($A3="","",TEXT($A3,"yyyymmdd")&"|"&$K3) -> 20260901|1
A4: 46267 | B4: 출금 | C4: 매입대금 | D4: △△소재 | E4: 원자재 대금 | F4: 4800000 | G4: 주거래통장 | H4: 계좌이체 | I4: =IF(OR($A4="",$F4=""),"",IF($B4="입금",$F4,0)) -> 0 | J4: =IF(OR($A4="",$F4=""),"",IF($B4="출금",$F4,0)) -> 4800000 | K4: =IF($A4="","",COUNTIFS($A$3:$A4,$A4)) -> 1 | L4: =IF($A4="","",TEXT($A4,"yyyymmdd")&"|"&$K4) -> 20260902|1
A5: 46267 | B5: 출금 | C5: 공과금 | E5: 8월 전기요금 | F5: 640000 | G5: 주거래통장 | H5: 카드 | I5: =IF(OR($A5="",$F5=""),"",IF($B5="입금",$F5,0)) -> 0 | J5: =IF(OR($A5="",$F5=""),"",IF($B5="출금",$F5,0)) -> 640000 | K5: =IF($A5="","",COUNTIFS($A$3:$A5,$A5)) -> 2 | L5: =IF($A5="","",TEXT($A5,"yyyymmdd")&"|"&$K5) -> 20260902|2
A6: 46267 | B6: 입금 | C6: 매출대금 | D6: ○○전자 | E6: 샘플 대금 | F6: 3200000 | G6: 주거래통장 | H6: 계좌이체 | I6: =IF(OR($A6="",$F6=""),"",IF($B6="입금",$F6,0)) -> 3200000 | J6: =IF(OR($A6="",$F6=""),"",IF($B6="출금",$F6,0)) -> 0 | K6: =IF($A6="","",COUNTIFS($A$3:$A6,$A6)) -> 3 | L6: =IF($A6="","",TEXT($A6,"yyyymmdd")&"|"&$K6) -> 20260902|3
A7: 46270 | B7: 출금 | C7: 급여 | E7: 8월 급여 | F7: 9200000 | G7: 급여통장 | H7: 계좌이체 | I7: =IF(OR($A7="",$F7=""),"",IF($B7="입금",$F7,0)) -> 0 | J7: =IF(OR($A7="",$F7=""),"",IF($B7="출금",$F7,0)) -> 9200000 | K7: =IF($A7="","",COUNTIFS($A$3:$A7,$A7)) -> 1 | L7: =IF($A7="","",TEXT($A7,"yyyymmdd")&"|"&$K7) -> 20260905|1
A8: 46273 | B8: 출금 | C8: 임차료 | E8: 9월 공장 임차료 | F8: 1800000 | G8: 주거래통장 | H8: 계좌이체 | I8: =IF(OR($A8="",$F8=""),"",IF($B8="입금",$F8,0)) -> 0 | J8: =IF(OR($A8="",$F8=""),"",IF($B8="출금",$F8,0)) -> 1800000 | K8: =IF($A8="","",COUNTIFS($A$3:$A8,$A8)) -> 1 | L8: =IF($A8="","",TEXT($A8,"yyyymmdd")&"|"&$K8) -> 20260908|1
A9: 46279 | B9: 입금 | C9: 매출대금 | D9: ○○전자 | E9: 9월 중간 정산 | F9: 5400000 | G9: 주거래통장 | H9: 계좌이체 | I9: =IF(OR($A9="",$F9=""),"",IF($B9="입금",$F9,0)) -> 5400000 | J9: =IF(OR($A9="",$F9=""),"",IF($B9="출금",$F9,0)) -> 0 | K9: =IF($A9="","",COUNTIFS($A$3:$A9,$A9)) -> 1 | L9: =IF($A9="","",TEXT($A9,"yyyymmdd")&"|"&$K9) -> 20260914|1
I10: =IF(OR($A10="",$F10=""),"",IF($B10="입금",$F10,0)) | J10: =IF(OR($A10="",$F10=""),"",IF($B10="출금",$F10,0)) | K10: =IF($A10="","",COUNTIFS($A$3:$A10,$A10)) | L10: =IF($A10="","",TEXT($A10,"yyyymmdd")&"|"&$K10)
I11: =IF(OR($A11="",$F11=""),"",IF($B11="입금",$F11,0)) | J11: =IF(OR($A11="",$F11=""),"",IF($B11="출금",$F11,0)) | K11: =IF($A11="","",COUNTIFS($A$3:$A11,$A11)) | L11: =IF($A11="","",TEXT($A11,"yyyymmdd")&"|"&$K11)
I12: =IF(OR($A12="",$F12=""),"",IF($B12="입금",$F12,0)) | J12: =IF(OR($A12="",$F12=""),"",IF($B12="출금",$F12,0)) | K12: =IF($A12="","",COUNTIFS($A$3:$A12,$A12)) | L12: =IF($A12="","",TEXT($A12,"yyyymmdd")&"|"&$K12)
I13: =IF(OR($A13="",$F13=""),"",IF($B13="입금",$F13,0)) | J13: =IF(OR($A13="",$F13=""),"",IF($B13="출금",$F13,0)) | K13: =IF($A13="","",COUNTIFS($A$3:$A13,$A13)) | L13: =IF($A13="","",TEXT($A13,"yyyymmdd")&"|"&$K13)
I14: =IF(OR($A14="",$F14=""),"",IF($B14="입금",$F14,0)) | J14: =IF(OR($A14="",$F14=""),"",IF($B14="출금",$F14,0)) | K14: =IF($A14="","",COUNTIFS($A$3:$A14,$A14)) | L14: =IF($A14="","",TEXT($A14,"yyyymmdd")&"|"&$K14)
I15: =IF(OR($A15="",$F15=""),"",IF($B15="입금",$F15,0)) | J15: =IF(OR($A15="",$F15=""),"",IF($B15="출금",$F15,0)) | K15: =IF($A15="","",COUNTIFS($A$3:$A15,$A15)) | L15: =IF($A15="","",TEXT($A15,"yyyymmdd")&"|"&$K15)
I16: =IF(OR($A16="",$F16=""),"",IF($B16="입금",$F16,0)) | J16: =IF(OR($A16="",$F16=""),"",IF($B16="출금",$F16,0)) | K16: =IF($A16="","",COUNTIFS($A$3:$A16,$A16)) | L16: =IF($A16="","",TEXT($A16,"yyyymmdd")&"|"&$K16)
I17: =IF(OR($A17="",$F17=""),"",IF($B17="입금",$F17,0)) | J17: =IF(OR($A17="",$F17=""),"",IF($B17="출금",$F17,0)) | K17: =IF($A17="","",COUNTIFS($A$3:$A17,$A17)) | L17: =IF($A17="","",TEXT($A17,"yyyymmdd")&"|"&$K17)
I18: =IF(OR($A18="",$F18=""),"",IF($B18="입금",$F18,0)) | J18: =IF(OR($A18="",$F18=""),"",IF($B18="출금",$F18,0)) | K18: =IF($A18="","",COUNTIFS($A$3:$A18,$A18)) | L18: =IF($A18="","",TEXT($A18,"yyyymmdd")&"|"&$K18)
I19: =IF(OR($A19="",$F19=""),"",IF($B19="입금",$F19,0)) | J19: =IF(OR($A19="",$F19=""),"",IF($B19="출금",$F19,0)) | K19: =IF($A19="","",COUNTIFS($A$3:$A19,$A19)) | L19: =IF($A19="","",TEXT($A19,"yyyymmdd")&"|"&$K19)
I20: =IF(OR($A20="",$F20=""),"",IF($B20="입금",$F20,0)) | J20: =IF(OR($A20="",$F20=""),"",IF($B20="출금",$F20,0)) | K20: =IF($A20="","",COUNTIFS($A$3:$A20,$A20)) | L20: =IF($A20="","",TEXT($A20,"yyyymmdd")&"|"&$K20)
I21: =IF(OR($A21="",$F21=""),"",IF($B21="입금",$F21,0)) | J21: =IF(OR($A21="",$F21=""),"",IF($B21="출금",$F21,0)) | K21: =IF($A21="","",COUNTIFS($A$3:$A21,$A21)) | L21: =IF($A21="","",TEXT($A21,"yyyymmdd")&"|"&$K21)
... I802: =IF(OR($A802="",$F802=""),"",IF($B802="입금",$F802,0)) | J802: =IF(OR($A802="",$F802=""),"",IF($B802="출금",$F802,0)) | K802: =IF($A802="","",COUNTIFS($A$3:$A802,$A802)) | L802: =IF($A802="","",TEXT($A802,"yyyymmdd")&"|"&$K802)

Sheet 자금일보
A1: 자금일보
A3: 기준일 | B3: 46267 | C3: ← 이 칸만 바꾸세요
A5: 전일 이월잔액 | C5: =계좌목록!$D$24+SUMIFS(입출금내역!$I$3:$I$802,입출금내역!$A$3:$A$802,"<"&$B$3)-SUMIFS(입출금내역!$J$3:$J$802,입출금내역!$A$3:$A$802,"<"&$B$3) -> 67500000
A6: 당일 입금 합계 | C6: =SUMIFS(입출금내역!$I$3:$I$802,입출금내역!$A$3:$A$802,$B$3) -> 3200000
A7: 당일 출금 합계 | C7: =SUMIFS(입출금내역!$J$3:$J$802,입출금내역!$A$3:$A$802,$B$3) -> 5440000
A8: 당일 잔액 | C8: =B5+B6-B7 -> 0
A10: No | B10: 구분 | C10: 계정과목 | D10: 거래처 | E10: 적요 | F10: 금액
A11: 1 | B11: =IFERROR(INDEX(입출금내역!$B$3:$B$802,MATCH(TEXT($B$3,"yyyymmdd")&"|"&1,입출금내역!$L$3:$L$802,0)),"") -> 출금 | C11: =IF($B11="","",IFERROR(IF(INDEX(입출금내역!$C$3:$C$802,MATCH(TEXT($B$3,"yyyymmdd")&"|"&1,입출금내역!$L$3:$L$802,0))="","",INDEX(입출금내역!$C$3:$C$802,MATCH(TEXT($B$3,"yyyymmdd")&"|"&1,입출금내역!$L$3:$L$802,0))),"")) -> 매입대금 | D11: =IF($B11="","",IFERROR(IF(INDEX(입출금내역!$D$3:$D$802,MATCH(TEXT($B$3,"yyyymmdd")&"|"&1,입출금내역!$L$3:$L$802,0))="","",INDEX(입출금내역!$D$3:$D$802,MATCH(TEXT($B$3,"yyyymmdd")&"|"&1,입출금내역!$L$3:$L$802,0))),"")) -> △△소재 | E11: =IF($B11="","",IFERROR(IF(INDEX(입출금내역!$E$3:$E$802,MATCH(TEXT($B$3,"yyyymmdd")&"|"&1,입출금내역!$L$3:$L$802,0))="","",INDEX(입출금내역!$E$3:$E$802,MATCH(TEXT($B$3,"yyyymmdd")&"|"&1,입출금내역!$L$3:$L$802,0))),"")) -> 원자재 대금 | F11: =IF($B11="","",IFERROR(INDEX(입출금내역!$F$3:$F$802,MATCH(TEXT($B$3,"yyyymmdd")&"|"&1,입출금내역!$L$3:$L$802,0)),"")) -> 4800000
A12: 2 | B12: =IFERROR(INDEX(입출금내역!$B$3:$B$802,MATCH(TEXT($B$3,"yyyymmdd")&"|"&2,입출금내역!$L$3:$L$802,0)),"") -> 출금 | C12: =IF($B12="","",IFERROR(IF(INDEX(입출금내역!$C$3:$C$802,MATCH(TEXT($B$3,"yyyymmdd")&"|"&2,입출금내역!$L$3:$L$802,0))="","",INDEX(입출금내역!$C$3:$C$802,MATCH(TEXT($B$3,"yyyymmdd")&"|"&2,입출금내역!$L$3:$L$802,0))),"")) -> 공과금 | D12: =IF($B12="","",IFERROR(IF(INDEX(입출금내역!$D$3:$D$802,MATCH(TEXT($B$3,"yyyymmdd")&"|"&2,입출금내역!$L$3:$L$802,0))="","",INDEX(입출금내역!$D$3:$D$802,MATCH(TEXT($B$3,"yyyymmdd")&"|"&2,입출금내역!$L$3:$L$802,0))),"")) | E12: =IF($B12="","",IFERROR(IF(INDEX(입출금내역!$E$3:$E$802,MATCH(TEXT($B$3,"yyyymmdd")&"|"&2,입출금내역!$L$3:$L$802,0))="","",INDEX(입출금내역!$E$3:$E$802,MATCH(TEXT($B$3,"yyyymmdd")&"|"&2,입출금내역!$L$3:$L$802,0))),"")) -> 8월 전기요금 | F12: =IF($B12="","",IFERROR(INDEX(입출금내역!$F$3:$F$802,MATCH(TEXT($B$3,"yyyymmdd")&"|"&2,입출금내역!$L$3:$L$802,0)),"")) -> 640000
A13: 3 | B13: =IFERROR(INDEX(입출금내역!$B$3:$B$802,MATCH(TEXT($B$3,"yyyymmdd")&"|"&3,입출금내역!$L$3:$L$802,0)),"") -> 입금 | C13: =IF($B13="","",IFERROR(IF(INDEX(입출금내역!$C$3:$C$802,MATCH(TEXT($B$3,"yyyymmdd")&"|"&3,입출금내역!$L$3:$L$802,0))="","",INDEX(입출금내역!$C$3:$C$802,MATCH(TEXT($B$3,"yyyymmdd")&"|"&3,입출금내역!$L$3:$L$802,0))),"")) -> 매출대금 | D13: =IF($B13="","",IFERROR(IF(INDEX(입출금내역!$D$3:$D$802,MATCH(TEXT($B$3,"yyyymmdd")&"|"&3,입출금내역!$L$3:$L$802,0))="","",INDEX(입출금내역!$D$3:$D$802,MATCH(TEXT($B$3,"yyyymmdd")&"|"&3,입출금내역!$L$3:$L$802,0))),"")) -> ○○전자 | E13: =IF($B13="","",IFERROR(IF(INDEX(입출금내역!$E$3:$E$802,MATCH(TEXT($B$3,"yyyymmdd")&"|"&3,입출금내역!$L$3:$L$802,0))="","",INDEX(입출금내역!$E$3:$E$802,MATCH(TEXT($B$3,"yyyymmdd")&"|"&3,입출금내역!$L$3:$L$802,0))),"")) -> 샘플 대금 | F13: =IF($B13="","",IFERROR(INDEX(입출금내역!$F$3:$F$802,MATCH(TEXT($B$3,"yyyymmdd")&"|"&3,입출금내역!$L$3:$L$802,0)),"")) -> 3200000
A14: 4 | B14: =IFERROR(INDEX(입출금내역!$B$3:$B$802,MATCH(TEXT($B$3,"yyyymmdd")&"|"&4,입출금내역!$L$3:$L$802,0)),"") | C14: =IF($B14="","",IFERROR(IF(INDEX(입출금내역!$C$3:$C$802,MATCH(TEXT($B$3,"yyyymmdd")&"|"&4,입출금내역!$L$3:$L$802,0))="","",INDEX(입출금내역!$C$3:$C$802,MATCH(TEXT($B$3,"yyyymmdd")&"|"&4,입출금내역!$L$3:$L$802,0))),"")) | D14: =IF($B14="","",IFERROR(IF(INDEX(입출금내역!$D$3:$D$802,MATCH(TEXT($B$3,"yyyymmdd")&"|"&4,입출금내역!$L$3:$L$802,0))="","",INDEX(입출금내역!$D$3:$D$802,MATCH(TEXT($B$3,"yyyymmdd")&"|"&4,입출금내역!$L$3:$L$802,0))),"")) | E14: =IF($B14="","",IFERROR(IF(INDEX(입출금내역!$E$3:$E$802,MATCH(TEXT($B$3,"yyyymmdd")&"|"&4,입출금내역!$L$3:$L$802,0))="","",INDEX(입출금내역!$E$3:$E$802,MATCH(TEXT($B$3,"yyyymmdd")&"|"&4,입출금내역!$L$3:$L$802,0))),"")) | F14: =IF($B14="","",IFERROR(INDEX(입출금내역!$F$3:$F$802,MATCH(TEXT($B$3,"yyyymmdd")&"|"&4,입출금내역!$L$3:$L$802,0)),""))
A15: 5 | B15: =IFERROR(INDEX(입출금내역!$B$3:$B$802,MATCH(TEXT($B$3,"yyyymmdd")&"|"&5,입출금내역!$L$3:$L$802,0)),"") | C15: =IF($B15="","",IFERROR(IF(INDEX(입출금내역!$C$3:$C$802,MATCH(TEXT($B$3,"yyyymmdd")&"|"&5,입출금내역!$L$3:$L$802,0))="","",INDEX(입출금내역!$C$3:$C$802,MATCH(TEXT($B$3,"yyyymmdd")&"|"&5,입출금내역!$L$3:$L$802,0))),"")) | D15: =IF($B15="","",IFERROR(IF(INDEX(입출금내역!$D$3:$D$802,MATCH(TEXT($B$3,"yyyymmdd")&"|"&5,입출금내역!$L$3:$L$802,0))="","",INDEX(입출금내역!$D$3:$D$802,MATCH(TEXT($B$3,"yyyymmdd")&"|"&5,입출금내역!$L$3:$L$802,0))),"")) | E15: =IF($B15="","",IFERROR(IF(INDEX(입출금내역!$E$3:$E$802,MATCH(TEXT($B$3,"yyyymmdd")&"|"&5,입출금내역!$L$3:$L$802,0))="","",INDEX(입출금내역!$E$3:$E$802,MATCH(TEXT($B$3,"yyyymmdd")&"|"&5,입출금내역!$L$3:$L$802,0))),"")) | F15: =IF($B15="","",IFERROR(INDEX(입출금내역!$F$3:$F$802,MATCH(TEXT($B$3,"yyyymmdd")&"|"&5,입출금내역!$L$3:$L$802,0)),""))
A16: 6 | B16: =IFERROR(INDEX(입출금내역!$B$3:$B$802,MATCH(TEXT($B$3,"yyyymmdd")&"|"&6,입출금내역!$L$3:$L$802,0)),"") | C16: =IF($B16="","",IFERROR(IF(INDEX(입출금내역!$C$3:$C$802,MATCH(TEXT($B$3,"yyyymmdd")&"|"&6,입출금내역!$L$3:$L$802,0))="","",INDEX(입출금내역!$C$3:$C$802,MATCH(TEXT($B$3,"yyyymmdd")&"|"&6,입출금내역!$L$3:$L$802,0))),"")) | D16: =IF($B16="","",IFERROR(IF(INDEX(입출금내역!$D$3:$D$802,MATCH(TEXT($B$3,"yyyymmdd")&"|"&6,입출금내역!$L$3:$L$802,0))="","",INDEX(입출금내역!$D$3:$D$802,MATCH(TEXT($B$3,"yyyymmdd")&"|"&6,입출금내역!$L$3:$L$802,0))),"")) | E16: =IF($B16="","",IFERROR(IF(INDEX(입출금내역!$E$3:$E$802,MATCH(TEXT($B$3,"yyyymmdd")&"|"&6,입출금내역!$L$3:$L$802,0))="","",INDEX(입출금내역!$E$3:$E$802,MATCH(TEXT($B$3,"yyyymmdd")&"|"&6,입출금내역!$L$3:$L$802,0))),"")) | F16: =IF($B16="","",IFERROR(INDEX(입출금내역!$F$3:$F$802,MATCH(TEXT($B$3,"yyyymmdd")&"|"&6,입출금내역!$L$3:$L$802,0)),""))
A17: 7 | B17: =IFERROR(INDEX(입출금내역!$B$3:$B$802,MATCH(TEXT($B$3,"yyyymmdd")&"|"&7,입출금내역!$L$3:$L$802,0)),"") | C17: =IF($B17="","",IFERROR(IF(INDEX(입출금내역!$C$3:$C$802,MATCH(TEXT($B$3,"yyyymmdd")&"|"&7,입출금내역!$L$3:$L$802,0))="","",INDEX(입출금내역!$C$3:$C$802,MATCH(TEXT($B$3,"yyyymmdd")&"|"&7,입출금내역!$L$3:$L$802,0))),"")) | D17: =IF($B17="","",IFERROR(IF(INDEX(입출금내역!$D$3:$D$802,MATCH(TEXT($B$3,"yyyymmdd")&"|"&7,입출금내역!$L$3:$L$802,0))="","",INDEX(입출금내역!$D$3:$D$802,MATCH(TEXT($B$3,"yyyymmdd")&"|"&7,입출금내역!$L$3:$L$802,0))),"")) | E17: =IF($B17="","",IFERROR(IF(INDEX(입출금내역!$E$3:$E$802,MATCH(TEXT($B$3,"yyyymmdd")&"|"&7,입출금내역!$L$3:$L$802,0))="","",INDEX(입출금내역!$E$3:$E$802,MATCH(TEXT($B$3,"yyyymmdd")&"|"&7,입출금내역!$L$3:$L$802,0))),"")) | F17: =IF($B17="","",IFERROR(INDEX(입출금내역!$F$3:$F$802,MATCH(TEXT($B$3,"yyyymmdd")&"|"&7,입출금내역!$L$3:$L$802,0)),""))
A18: 8 | B18: =IFERROR(INDEX(입출금내역!$B$3:$B$802,MATCH(TEXT($B$3,"yyyymmdd")&"|"&8,입출금내역!$L$3:$L$802,0)),"") | C18: =IF($B18="","",IFERROR(IF(INDEX(입출금내역!$C$3:$C$802,MATCH(TEXT($B$3,"yyyymmdd")&"|"&8,입출금내역!$L$3:$L$802,0))="","",INDEX(입출금내역!$C$3:$C$802,MATCH(TEXT($B$3,"yyyymmdd")&"|"&8,입출금내역!$L$3:$L$802,0))),"")) | D18: =IF($B18="","",IFERROR(IF(INDEX(입출금내역!$D$3:$D$802,MATCH(TEXT($B$3,"yyyymmdd")&"|"&8,입출금내역!$L$3:$L$802,0))="","",INDEX(입출금내역!$D$3:$D$802,MATCH(TEXT($B$3,"yyyymmdd")&"|"&8,입출금내역!$L$3:$L$802,0))),"")) | E18: =IF($B18="","",IFERROR(IF(INDEX(입출금내역!$E$3:$E$802,MATCH(TEXT($B$3,"yyyymmdd")&"|"&8,입출금내역!$L$3:$L$802,0))="","",INDEX(입출금내역!$E$3:$E$802,MATCH(TEXT($B$3,"yyyymmdd")&"|"&8,입출금내역!$L$3:$L$802,0))),"")) | F18: =IF($B18="","",IFERROR(INDEX(입출금내역!$F$3:$F$802,MATCH(TEXT($B$3,"yyyymmdd")&"|"&8,입출금내역!$L$3:$L$802,0)),""))
A19: 9 | B19: =IFERROR(INDEX(입출금내역!$B$3:$B$802,MATCH(TEXT($B$3,"yyyymmdd")&"|"&9,입출금내역!$L$3:$L$802,0)),"") | C19: =IF($B19="","",IFERROR(IF(INDEX(입출금내역!$C$3:$C$802,MATCH(TEXT($B$3,"yyyymmdd")&"|"&9,입출금내역!$L$3:$L$802,0))="","",INDEX(입출금내역!$C$3:$C$802,MATCH(TEXT($B$3,"yyyymmdd")&"|"&9,입출금내역!$L$3:$L$802,0))),"")) | D19: =IF($B19="","",IFERROR(IF(INDEX(입출금내역!$D$3:$D$802,MATCH(TEXT($B$3,"yyyymmdd")&"|"&9,입출금내역!$L$3:$L$802,0))="","",INDEX(입출금내역!$D$3:$D$802,MATCH(TEXT($B$3,"yyyymmdd")&"|"&9,입출금내역!$L$3:$L$802,0))),"")) | E19: =IF($B19="","",IFERROR(IF(INDEX(입출금내역!$E$3:$E$802,MATCH(TEXT($B$3,"yyyymmdd")&"|"&9,입출금내역!$L$3:$L$802,0))="","",INDEX(입출금내역!$E$3:$E$802,MATCH(TEXT($B$3,"yyyymmdd")&"|"&9,입출금내역!$L$3:$L$802,0))),"")) | F19: =IF($B19="","",IFERROR(INDEX(입출금내역!$F$3:$F$802,MATCH(TEXT($B$3,"yyyymmdd")&"|"&9,입출금내역!$L$3:$L$802,0)),""))
A20: 10 | B20: =IFERROR(INDEX(입출금내역!$B$3:$B$802,MATCH(TEXT($B$3,"yyyymmdd")&"|"&10,입출금내역!$L$3:$L$802,0)),"") | C20: =IF($B20="","",IFERROR(IF(INDEX(입출금내역!$C$3:$C$802,MATCH(TEXT($B$3,"yyyymmdd")&"|"&10,입출금내역!$L$3:$L$802,0))="","",INDEX(입출금내역!$C$3:$C$802,MATCH(TEXT($B$3,"yyyymmdd")&"|"&10,입출금내역!$L$3:$L$802,0))),"")) | D20: =IF($B20="","",IFERROR(IF(INDEX(입출금내역!$D$3:$D$802,MATCH(TEXT($B$3,"yyyymmdd")&"|"&10,입출금내역!$L$3:$L$802,0))="","",INDEX(입출금내역!$D$3:$D$802,MATCH(TEXT($B$3,"yyyymmdd")&"|"&10,입출금내역!$L$3:$L$802,0))),"")) | E20: =IF($B20="","",IFERROR(IF(INDEX(입출금내역!$E$3:$E$802,MATCH(TEXT($B$3,"yyyymmdd")&"|"&10,입출금내역!$L$3:$L$802,0))="","",INDEX(입출금내역!$E$3:$E$802,MATCH(TEXT($B$3,"yyyymmdd")&"|"&10,입출금내역!$L$3:$L$802,0))),"")) | F20: =IF($B20="","",IFERROR(INDEX(입출금내역!$F$3:$F$802,MATCH(TEXT($B$3,"yyyymmdd")&"|"&10,입출금내역!$L$3:$L$802,0)),""))
A21: 11 | B21: =IFERROR(INDEX(입출금내역!$B$3:$B$802,MATCH(TEXT($B$3,"yyyymmdd")&"|"&11,입출금내역!$L$3:$L$802,0)),"") | C21: =IF($B21="","",IFERROR(IF(INDEX(입출금내역!$C$3:$C$802,MATCH(TEXT($B$3,"yyyymmdd")&"|"&11,입출금내역!$L$3:$L$802,0))="","",INDEX(입출금내역!$C$3:$C$802,MATCH(TEXT($B$3,"yyyymmdd")&"|"&11,입출금내역!$L$3:$L$802,0))),"")) | D21: =IF($B21="","",IFERROR(IF(INDEX(입출금내역!$D$3:$D$802,MATCH(TEXT($B$3,"yyyymmdd")&"|"&11,입출금내역!$L$3:$L$802,0))="","",INDEX(입출금내역!$D$3:$D$802,MATCH(TEXT($B$3,"yyyymmdd")&"|"&11,입출금내역!$L$3:$L$802,0))),"")) | E21: =IF($B21="","",IFERROR(IF(INDEX(입출금내역!$E$3:$E$802,MATCH(TEXT($B$3,"yyyymmdd")&"|"&11,입출금내역!$L$3:$L$802,0))="","",INDEX(입출금내역!$E$3:$E$802,MATCH(TEXT($B$3,"yyyymmdd")&"|"&11,입출금내역!$L$3:$L$802,0))),"")) | F21: =IF($B21="","",IFERROR(INDEX(입출금내역!$F$3:$F$802,MATCH(TEXT($B$3,"yyyymmdd")&"|"&11,입출금내역!$L$3:$L$802,0)),""))
A22: 12 | B22: =IFERROR(INDEX(입출금내역!$B$3:$B$802,MATCH(TEXT($B$3,"yyyymmdd")&"|"&12,입출금내역!$L$3:$L$802,0)),"") | C22: =IF($B22="","",IFERROR(IF(INDEX(입출금내역!$C$3:$C$802,MATCH(TEXT($B$3,"yyyymmdd")&"|"&12,입출금내역!$L$3:$L$802,0))="","",INDEX(입출금내역!$C$3:$C$802,MATCH(TEXT($B$3,"yyyymmdd")&"|"&12,입출금내역!$L$3:$L$802,0))),"")) | D22: =IF($B22="","",IFERROR(IF(INDEX(입출금내역!$D$3:$D$802,MATCH(TEXT($B$3,"yyyymmdd")&"|"&12,입출금내역!$L$3:$L$802,0))="","",INDEX(입출금내역!$D$3:$D$802,MATCH(TEXT($B$3,"yyyymmdd")&"|"&12,입출금내역!$L$3:$L$802,0))),"")) | E22: =IF($B22="","",IFERROR(IF(INDEX(입출금내역!$E$3:$E$802,MATCH(TEXT($B$3,"yyyymmdd")&"|"&12,입출금내역!$L$3:$L$802,0))="","",INDEX(입출금내역!$E$3:$E$802,MATCH(TEXT($B$3,"yyyymmdd")&"|"&12,입출금내역!$L$3:$L$802,0))),"")) | F22: =IF($B22="","",IFERROR(INDEX(입출금내역!$F$3:$F$802,MATCH(TEXT($B$3,"yyyymmdd")&"|"&12,입출금내역!$L$3:$L$802,0)),""))
A23: 13 | B23: =IFERROR(INDEX(입출금내역!$B$3:$B$802,MATCH(TEXT($B$3,"yyyymmdd")&"|"&13,입출금내역!$L$3:$L$802,0)),"") | C23: =IF($B23="","",IFERROR(IF(INDEX(입출금내역!$C$3:$C$802,MATCH(TEXT($B$3,"yyyymmdd")&"|"&13,입출금내역!$L$3:$L$802,0))="","",INDEX(입출금내역!$C$3:$C$802,MATCH(TEXT($B$3,"yyyymmdd")&"|"&13,입출금내역!$L$3:$L$802,0))),"")) | D23: =IF($B23="","",IFERROR(IF(INDEX(입출금내역!$D$3:$D$802,MATCH(TEXT($B$3,"yyyymmdd")&"|"&13,입출금내역!$L$3:$L$802,0))="","",INDEX(입출금내역!$D$3:$D$802,MATCH(TEXT($B$3,"yyyymmdd")&"|"&13,입출금내역!$L$3:$L$802,0))),"")) | E23: =IF($B23="","",IFERROR(IF(INDEX(입출금내역!$E$3:$E$802,MATCH(TEXT($B$3,"yyyymmdd")&"|"&13,입출금내역!$L$3:$L$802,0))="","",INDEX(입출금내역!$E$3:$E$802,MATCH(TEXT($B$3,"yyyymmdd")&"|"&13,입출금내역!$L$3:$L$802,0))),"")) | F23: =IF($B23="","",IFERROR(INDEX(입출금내역!$F$3:$F$802,MATCH(TEXT($B$3,"yyyymmdd")&"|"&13,입출금내역!$L$3:$L$802,0)),""))
A24: 14 | B24: =IFERROR(INDEX(입출금내역!$B$3:$B$802,MATCH(TEXT($B$3,"yyyymmdd")&"|"&14,입출금내역!$L$3:$L$802,0)),"") | C24: =IF($B24="","",IFERROR(IF(INDEX(입출금내역!$C$3:$C$802,MATCH(TEXT($B$3,"yyyymmdd")&"|"&14,입출금내역!$L$3:$L$802,0))="","",INDEX(입출금내역!$C$3:$C$802,MATCH(TEXT($B$3,"yyyymmdd")&"|"&14,입출금내역!$L$3:$L$802,0))),"")) | D24: =IF($B24="","",IFERROR(IF(INDEX(입출금내역!$D$3:$D$802,MATCH(TEXT($B$3,"yyyymmdd")&"|"&14,입출금내역!$L$3:$L$802,0))="","",INDEX(입출금내역!$D$3:$D$802,MATCH(TEXT($B$3,"yyyymmdd")&"|"&14,입출금내역!$L$3:$L$802,0))),"")) | E24: =IF($B24="","",IFERROR(IF(INDEX(입출금내역!$E$3:$E$802,MATCH(TEXT($B$3,"yyyymmdd")&"|"&14,입출금내역!$L$3:$L$802,0))="","",INDEX(입출금내역!$E$3:$E$802,MATCH(TEXT($B$3,"yyyymmdd")&"|"&14,입출금내역!$L$3:$L$802,0))),"")) | F24: =IF($B24="","",IFERROR(INDEX(입출금내역!$F$3:$F$802,MATCH(TEXT($B$3,"yyyymmdd")&"|"&14,입출금내역!$L$3:$L$802,0)),""))
A25: 15 | B25: =IFERROR(INDEX(입출금내역!$B$3:$B$802,MATCH(TEXT($B$3,"yyyymmdd")&"|"&15,입출금내역!$L$3:$L$802,0)),"") | C25: =IF($B25="","",IFERROR(IF(INDEX(입출금내역!$C$3:$C$802,MATCH(TEXT($B$3,"yyyymmdd")&"|"&15,입출금내역!$L$3:$L$802,0))="","",INDEX(입출금내역!$C$3:$C$802,MATCH(TEXT($B$3,"yyyymmdd")&"|"&15,입출금내역!$L$3:$L$802,0))),"")) | D25: =IF($B25="","",IFERROR(IF(INDEX(입출금내역!$D$3:$D$802,MATCH(TEXT($B$3,"yyyymmdd")&"|"&15,입출금내역!$L$3:$L$802,0))="","",INDEX(입출금내역!$D$3:$D$802,MATCH(TEXT($B$3,"yyyymmdd")&"|"&15,입출금내역!$L$3:$L$802,0))),"")) | E25: =IF($B25="","",IFERROR(IF(INDEX(입출금내역!$E$3:$E$802,MATCH(TEXT($B$3,"yyyymmdd")&"|"&15,입출금내역!$L$3:$L$802,0))="","",INDEX(입출금내역!$E$3:$E$802,MATCH(TEXT($B$3,"yyyymmdd")&"|"&15,입출금내역!$L$3:$L$802,0))),"")) | F25: =IF($B25="","",IFERROR(INDEX(입출금내역!$F$3:$F$802,MATCH(TEXT($B$3,"yyyymmdd")&"|"&15,입출금내역!$L$3:$L$802,0)),""))
A26: 16 | B26: =IFERROR(INDEX(입출금내역!$B$3:$B$802,MATCH(TEXT($B$3,"yyyymmdd")&"|"&16,입출금내역!$L$3:$L$802,0)),"") | C26: =IF($B26="","",IFERROR(IF(INDEX(입출금내역!$C$3:$C$802,MATCH(TEXT($B$3,"yyyymmdd")&"|"&16,입출금내역!$L$3:$L$802,0))="","",INDEX(입출금내역!$C$3:$C$802,MATCH(TEXT($B$3,"yyyymmdd")&"|"&16,입출금내역!$L$3:$L$802,0))),"")) | D26: =IF($B26="","",IFERROR(IF(INDEX(입출금내역!$D$3:$D$802,MATCH(TEXT($B$3,"yyyymmdd")&"|"&16,입출금내역!$L$3:$L$802,0))="","",INDEX(입출금내역!$D$3:$D$802,MATCH(TEXT($B$3,"yyyymmdd")&"|"&16,입출금내역!$L$3:$L$802,0))),"")) | E26: =IF($B26="","",IFERROR(IF(INDEX(입출금내역!$E$3:$E$802,MATCH(TEXT($B$3,"yyyymmdd")&"|"&16,입출금내역!$L$3:$L$802,0))="","",INDEX(입출금내역!$E$3:$E$802,MATCH(TEXT($B$3,"yyyymmdd")&"|"&16,입출금내역!$L$3:$L$802,0))),"")) | F26: =IF($B26="","",IFERROR(INDEX(입출금내역!$F$3:$F$802,MATCH(TEXT($B$3,"yyyymmdd")&"|"&16,입출금내역!$L$3:$L$802,0)),""))
A27: 17 | B27: =IFERROR(INDEX(입출금내역!$B$3:$B$802,MATCH(TEXT($B$3,"yyyymmdd")&"|"&17,입출금내역!$L$3:$L$802,0)),"") | C27: =IF($B27="","",IFERROR(IF(INDEX(입출금내역!$C$3:$C$802,MATCH(TEXT($B$3,"yyyymmdd")&"|"&17,입출금내역!$L$3:$L$802,0))="","",INDEX(입출금내역!$C$3:$C$802,MATCH(TEXT($B$3,"yyyymmdd")&"|"&17,입출금내역!$L$3:$L$802,0))),"")) | D27: =IF($B27="","",IFERROR(IF(INDEX(입출금내역!$D$3:$D$802,MATCH(TEXT($B$3,"yyyymmdd")&"|"&17,입출금내역!$L$3:$L$802,0))="","",INDEX(입출금내역!$D$3:$D$802,MATCH(TEXT($B$3,"yyyymmdd")&"|"&17,입출금내역!$L$3:$L$802,0))),"")) | E27: =IF($B27="","",IFERROR(IF(INDEX(입출금내역!$E$3:$E$802,MATCH(TEXT($B$3,"yyyymmdd")&"|"&17,입출금내역!$L$3:$L$802,0))="","",INDEX(입출금내역!$E$3:$E$802,MATCH(TEXT($B$3,"yyyymmdd")&"|"&17,입출금내역!$L$3:$L$802,0))),"")) | F27: =IF($B27="","",IFERROR(INDEX(입출금내역!$F$3:$F$802,MATCH(TEXT($B$3,"yyyymmdd")&"|"&17,입출금내역!$L$3:$L$802,0)),""))
A28: 18 | B28: =IFERROR(INDEX(입출금내역!$B$3:$B$802,MATCH(TEXT($B$3,"yyyymmdd")&"|"&18,입출금내역!$L$3:$L$802,0)),"") | C28: =IF($B28="","",IFERROR(IF(INDEX(입출금내역!$C$3:$C$802,MATCH(TEXT($B$3,"yyyymmdd")&"|"&18,입출금내역!$L$3:$L$802,0))="","",INDEX(입출금내역!$C$3:$C$802,MATCH(TEXT($B$3,"yyyymmdd")&"|"&18,입출금내역!$L$3:$L$802,0))),"")) | D28: =IF($B28="","",IFERROR(IF(INDEX(입출금내역!$D$3:$D$802,MATCH(TEXT($B$3,"yyyymmdd")&"|"&18,입출금내역!$L$3:$L$802,0))="","",INDEX(입출금내역!$D$3:$D$802,MATCH(TEXT($B$3,"yyyymmdd")&"|"&18,입출금내역!$L$3:$L$802,0))),"")) | E28: =IF($B28="","",IFERROR(IF(INDEX(입출금내역!$E$3:$E$802,MATCH(TEXT($B$3,"yyyymmdd")&"|"&18,입출금내역!$L$3:$L$802,0))="","",INDEX(입출금내역!$E$3:$E$802,MATCH(TEXT($B$3,"yyyymmdd")&"|"&18,입출금내역!$L$3:$L$802,0))),"")) | F28: =IF($B28="","",IFERROR(INDEX(입출금내역!$F$3:$F$802,MATCH(TEXT($B$3,"yyyymmdd")&"|"&18,입출금내역!$L$3:$L$802,0)),""))
A29: 19 | B29: =IFERROR(INDEX(입출금내역!$B$3:$B$802,MATCH(TEXT($B$3,"yyyymmdd")&"|"&19,입출금내역!$L$3:$L$802,0)),"") | C29: =IF($B29="","",IFERROR(IF(INDEX(입출금내역!$C$3:$C$802,MATCH(TEXT($B$3,"yyyymmdd")&"|"&19,입출금내역!$L$3:$L$802,0))="","",INDEX(입출금내역!$C$3:$C$802,MATCH(TEXT($B$3,"yyyymmdd")&"|"&19,입출금내역!$L$3:$L$802,0))),"")) | D29: =IF($B29="","",IFERROR(IF(INDEX(입출금내역!$D$3:$D$802,MATCH(TEXT($B$3,"yyyymmdd")&"|"&19,입출금내역!$L$3:$L$802,0))="","",INDEX(입출금내역!$D$3:$D$802,MATCH(TEXT($B$3,"yyyymmdd")&"|"&19,입출금내역!$L$3:$L$802,0))),"")) | E29: =IF($B29="","",IFERROR(IF(INDEX(입출금내역!$E$3:$E$802,MATCH(TEXT($B$3,"yyyymmdd")&"|"&19,입출금내역!$L$3:$L$802,0))="","",INDEX(입출금내역!$E$3:$E$802,MATCH(TEXT($B$3,"yyyymmdd")&"|"&19,입출금내역!$L$3:$L$802,0))),"")) | F29: =IF($B29="","",IFERROR(INDEX(입출금내역!$F$3:$F$802,MATCH(TEXT($B$3,"yyyymmdd")&"|"&19,입출금내역!$L$3:$L$802,0)),""))
A30: 20 | B30: =IFERROR(INDEX(입출금내역!$B$3:$B$802,MATCH(TEXT($B$3,"yyyymmdd")&"|"&20,입출금내역!$L$3:$L$802,0)),"") | C30: =IF($B30="","",IFERROR(IF(INDEX(입출금내역!$C$3:$C$802,MATCH(TEXT($B$3,"yyyymmdd")&"|"&20,입출금내역!$L$3:$L$802,0))="","",INDEX(입출금내역!$C$3:$C$802,MATCH(TEXT($B$3,"yyyymmdd")&"|"&20,입출금내역!$L$3:$L$802,0))),"")) | D30: =IF($B30="","",IFERROR(IF(INDEX(입출금내역!$D$3:$D$802,MATCH(TEXT($B$3,"yyyymmdd")&"|"&20,입출금내역!$L$3:$L$802,0))="","",INDEX(입출금내역!$D$3:$D$802,MATCH(TEXT($B$3,"yyyymmdd")&"|"&20,입출금내역!$L$3:$L$802,0))),"")) | E30: =IF($B30="","",IFERROR(IF(INDEX(입출금내역!$E$3:$E$802,MATCH(TEXT($B$3,"yyyymmdd")&"|"&20,입출금내역!$L$3:$L$802,0))="","",INDEX(입출금내역!$E$3:$E$802,MATCH(TEXT($B$3,"yyyymmdd")&"|"&20,입출금내역!$L$3:$L$802,0))),"")) | F30: =IF($B30="","",IFERROR(INDEX(입출금내역!$F$3:$F$802,MATCH(TEXT($B$3,"yyyymmdd")&"|"&20,입출금내역!$L$3:$L$802,0)),""))
A31: 21 | B31: =IFERROR(INDEX(입출금내역!$B$3:$B$802,MATCH(TEXT($B$3,"yyyymmdd")&"|"&21,입출금내역!$L$3:$L$802,0)),"") | C31: =IF($B31="","",IFERROR(IF(INDEX(입출금내역!$C$3:$C$802,MATCH(TEXT($B$3,"yyyymmdd")&"|"&21,입출금내역!$L$3:$L$802,0))="","",INDEX(입출금내역!$C$3:$C$802,MATCH(TEXT($B$3,"yyyymmdd")&"|"&21,입출금내역!$L$3:$L$802,0))),"")) | D31: =IF($B31="","",IFERROR(IF(INDEX(입출금내역!$D$3:$D$802,MATCH(TEXT($B$3,"yyyymmdd")&"|"&21,입출금내역!$L$3:$L$802,0))="","",INDEX(입출금내역!$D$3:$D$802,MATCH(TEXT($B$3,"yyyymmdd")&"|"&21,입출금내역!$L$3:$L$802,0))),"")) | E31: =IF($B31="","",IFERROR(IF(INDEX(입출금내역!$E$3:$E$802,MATCH(TEXT($B$3,"yyyymmdd")&"|"&21,입출금내역!$L$3:$L$802,0))="","",INDEX(입출금내역!$E$3:$E$802,MATCH(TEXT($B$3,"yyyymmdd")&"|"&21,입출금내역!$L$3:$L$802,0))),"")) | F31: =IF($B31="","",IFERROR(INDEX(입출금내역!$F$3:$F$802,MATCH(TEXT($B$3,"yyyymmdd")&"|"&21,입출금내역!$L$3:$L$802,0)),""))
A32: 22 | B32: =IFERROR(INDEX(입출금내역!$B$3:$B$802,MATCH(TEXT($B$3,"yyyymmdd")&"|"&22,입출금내역!$L$3:$L$802,0)),"") | C32: =IF($B32="","",IFERROR(IF(INDEX(입출금내역!$C$3:$C$802,MATCH(TEXT($B$3,"yyyymmdd")&"|"&22,입출금내역!$L$3:$L$802,0))="","",INDEX(입출금내역!$C$3:$C$802,MATCH(TEXT($B$3,"yyyymmdd")&"|"&22,입출금내역!$L$3:$L$802,0))),"")) | D32: =IF($B32="","",IFERROR(IF(INDEX(입출금내역!$D$3:$D$802,MATCH(TEXT($B$3,"yyyymmdd")&"|"&22,입출금내역!$L$3:$L$802,0))="","",INDEX(입출금내역!$D$3:$D$802,MATCH(TEXT($B$3,"yyyymmdd")&"|"&22,입출금내역!$L$3:$L$802,0))),"")) | E32: =IF($B32="","",IFERROR(IF(INDEX(입출금내역!$E$3:$E$802,MATCH(TEXT($B$3,"yyyymmdd")&"|"&22,입출금내역!$L$3:$L$802,0))="","",INDEX(입출금내역!$E$3:$E$802,MATCH(TEXT($B$3,"yyyymmdd")&"|"&22,입출금내역!$L$3:$L$802,0))),"")) | F32: =IF($B32="","",IFERROR(INDEX(입출금내역!$F$3:$F$802,MATCH(TEXT($B$3,"yyyymmdd")&"|"&22,입출금내역!$L$3:$L$802,0)),""))
A33: 23 | B33: =IFERROR(INDEX(입출금내역!$B$3:$B$802,MATCH(TEXT($B$3,"yyyymmdd")&"|"&23,입출금내역!$L$3:$L$802,0)),"") | C33: =IF($B33="","",IFERROR(IF(INDEX(입출금내역!$C$3:$C$802,MATCH(TEXT($B$3,"yyyymmdd")&"|"&23,입출금내역!$L$3:$L$802,0))="","",INDEX(입출금내역!$C$3:$C$802,MATCH(TEXT($B$3,"yyyymmdd")&"|"&23,입출금내역!$L$3:$L$802,0))),"")) | D33: =IF($B33="","",IFERROR(IF(INDEX(입출금내역!$D$3:$D$802,MATCH(TEXT($B$3,"yyyymmdd")&"|"&23,입출금내역!$L$3:$L$802,0))="","",INDEX(입출금내역!$D$3:$D$802,MATCH(TEXT($B$3,"yyyymmdd")&"|"&23,입출금내역!$L$3:$L$802,0))),"")) | E33: =IF($B33="","",IFERROR(IF(INDEX(입출금내역!$E$3:$E$802,MATCH(TEXT($B$3,"yyyymmdd")&"|"&23,입출금내역!$L$3:$L$802,0))="","",INDEX(입출금내역!$E$3:$E$802,MATCH(TEXT($B$3,"yyyymmdd")&"|"&23,입출금내역!$L$3:$L$802,0))),"")) | F33: =IF($B33="","",IFERROR(INDEX(입출금내역!$F$3:$F$802,MATCH(TEXT($B$3,"yyyymmdd")&"|"&23,입출금내역!$L$3:$L$802,0)),""))
A34: 24 | B34: =IFERROR(INDEX(입출금내역!$B$3:$B$802,MATCH(TEXT($B$3,"yyyymmdd")&"|"&24,입출금내역!$L$3:$L$802,0)),"") | C34: =IF($B34="","",IFERROR(IF(INDEX(입출금내역!$C$3:$C$802,MATCH(TEXT($B$3,"yyyymmdd")&"|"&24,입출금내역!$L$3:$L$802,0))="","",INDEX(입출금내역!$C$3:$C$802,MATCH(TEXT($B$3,"yyyymmdd")&"|"&24,입출금내역!$L$3:$L$802,0))),"")) | D34: =IF($B34="","",IFERROR(IF(INDEX(입출금내역!$D$3:$D$802,MATCH(TEXT($B$3,"yyyymmdd")&"|"&24,입출금내역!$L$3:$L$802,0))="","",INDEX(입출금내역!$D$3:$D$802,MATCH(TEXT($B$3,"yyyymmdd")&"|"&24,입출금내역!$L$3:$L$802,0))),"")) | E34: =IF($B34="","",IFERROR(IF(INDEX(입출금내역!$E$3:$E$802,MATCH(TEXT($B$3,"yyyymmdd")&"|"&24,입출금내역!$L$3:$L$802,0))="","",INDEX(입출금내역!$E$3:$E$802,MATCH(TEXT($B$3,"yyyymmdd")&"|"&24,입출금내역!$L$3:$L$802,0))),"")) | F34: =IF($B34="","",IFERROR(INDEX(입출금내역!$F$3:$F$802,MATCH(TEXT($B$3,"yyyymmdd")&"|"&24,입출금내역!$L$3:$L$802,0)),""))
A35: 25 | B35: =IFERROR(INDEX(입출금내역!$B$3:$B$802,MATCH(TEXT($B$3,"yyyymmdd")&"|"&25,입출금내역!$L$3:$L$802,0)),"") | C35: =IF($B35="","",IFERROR(IF(INDEX(입출금내역!$C$3:$C$802,MATCH(TEXT($B$3,"yyyymmdd")&"|"&25,입출금내역!$L$3:$L$802,0))="","",INDEX(입출금내역!$C$3:$C$802,MATCH(TEXT($B$3,"yyyymmdd")&"|"&25,입출금내역!$L$3:$L$802,0))),"")) | D35: =IF($B35="","",IFERROR(IF(INDEX(입출금내역!$D$3:$D$802,MATCH(TEXT($B$3,"yyyymmdd")&"|"&25,입출금내역!$L$3:$L$802,0))="","",INDEX(입출금내역!$D$3:$D$802,MATCH(TEXT($B$3,"yyyymmdd")&"|"&25,입출금내역!$L$3:$L$802,0))),"")) | E35: =IF($B35="","",IFERROR(IF(INDEX(입출금내역!$E$3:$E$802,MATCH(TEXT($B$3,"yyyymmdd")&"|"&25,입출금내역!$L$3:$L$802,0))="","",INDEX(입출금내역!$E$3:$E$802,MATCH(TEXT($B$3,"yyyymmdd")&"|"&25,입출금내역!$L$3:$L$802,0))),"")) | F35: =IF($B35="","",IFERROR(INDEX(입출금내역!$F$3:$F$802,MATCH(TEXT($B$3,"yyyymmdd")&"|"&25,입출금내역!$L$3:$L$802,0)),""))
A38: ※ 하루 내역이 25건을 넘으면 표시되지 않습니다.

Sheet 자금월보
A1: 자금월보
A3: 대상 연도 | B3: 2026 | C3: ← 이 칸만 바꾸세요
A5: 월 | B5: 입금 | C5: 출금 | D5: 월 증감 | E5: 월말 잔액 | F5: 건수
A6: 1 | B6: =SUMIFS(입출금내역!$I$3:$I$802,입출금내역!$A$3:$A$802,">="&DATE($B$3,1,1),입출금내역!$A$3:$A$802,"<="&EOMONTH(DATE($B$3,1,1),0)) -> 0 | C6: =SUMIFS(입출금내역!$J$3:$J$802,입출금내역!$A$3:$A$802,">="&DATE($B$3,1,1),입출금내역!$A$3:$A$802,"<="&EOMONTH(DATE($B$3,1,1),0)) -> 0 | D6: =$B6-$C6 -> 0 | E6: =계좌목록!$D$24+SUMIFS(입출금내역!$I$3:$I$802,입출금내역!$A$3:$A$802,"<="&EOMONTH(DATE($B$3,1,1),0))-SUMIFS(입출금내역!$J$3:$J$802,입출금내역!$A$3:$A$802,"<="&EOMONTH(DATE($B$3,1,1),0)) -> 55000000 | F6: =COUNTIFS(입출금내역!$A$3:$A$802,">="&DATE($B$3,1,1),입출금내역!$A$3:$A$802,"<="&EOMONTH(DATE($B$3,1,1),0)) -> 0
A7: 2 | B7: =SUMIFS(입출금내역!$I$3:$I$802,입출금내역!$A$3:$A$802,">="&DATE($B$3,2,1),입출금내역!$A$3:$A$802,"<="&EOMONTH(DATE($B$3,2,1),0)) -> 0 | C7: =SUMIFS(입출금내역!$J$3:$J$802,입출금내역!$A$3:$A$802,">="&DATE($B$3,2,1),입출금내역!$A$3:$A$802,"<="&EOMONTH(DATE($B$3,2,1),0)) -> 0 | D7: =$B7-$C7 -> 0 | E7: =계좌목록!$D$24+SUMIFS(입출금내역!$I$3:$I$802,입출금내역!$A$3:$A$802,"<="&EOMONTH(DATE($B$3,2,1),0))-SUMIFS(입출금내역!$J$3:$J$802,입출금내역!$A$3:$A$802,"<="&EOMONTH(DATE($B$3,2,1),0)) -> 55000000 | F7: =COUNTIFS(입출금내역!$A$3:$A$802,">="&DATE($B$3,2,1),입출금내역!$A$3:$A$802,"<="&EOMONTH(DATE($B$3,2,1),0)) -> 0
A8: 3 | B8: =SUMIFS(입출금내역!$I$3:$I$802,입출금내역!$A$3:$A$802,">="&DATE($B$3,3,1),입출금내역!$A$3:$A$802,"<="&EOMONTH(DATE($B$3,3,1),0)) -> 0 | C8: =SUMIFS(입출금내역!$J$3:$J$802,입출금내역!$A$3:$A$802,">="&DATE($B$3,3,1),입출금내역!$A$3:$A$802,"<="&EOMONTH(DATE($B$3,3,1),0)) -> 0 | D8: =$B8-$C8 -> 0 | E8: =계좌목록!$D$24+SUMIFS(입출금내역!$I$3:$I$802,입출금내역!$A$3:$A$802,"<="&EOMONTH(DATE($B$3,3,1),0))-SUMIFS(입출금내역!$J$3:$J$802,입출금내역!$A$3:$A$802,"<="&EOMONTH(DATE($B$3,3,1),0)) -> 55000000 | F8: =COUNTIFS(입출금내역!$A$3:$A$802,">="&DATE($B$3,3,1),입출금내역!$A$3:$A$802,"<="&EOMONTH(DATE($B$3,3,1),0)) -> 0
A9: 4 | B9: =SUMIFS(입출금내역!$I$3:$I$802,입출금내역!$A$3:$A$802,">="&DATE($B$3,4,1),입출금내역!$A$3:$A$802,"<="&EOMONTH(DATE($B$3,4,1),0)) -> 0 | C9: =SUMIFS(입출금내역!$J$3:$J$802,입출금내역!$A$3:$A$802,">="&DATE($B$3,4,1),입출금내역!$A$3:$A$802,"<="&EOMONTH(DATE($B$3,4,1),0)) -> 0 | D9: =$B9-$C9 -> 0 | E9: =계좌목록!$D$24+SUMIFS(입출금내역!$I$3:$I$802,입출금내역!$A$3:$A$802,"<="&EOMONTH(DATE($B$3,4,1),0))-SUMIFS(입출금내역!$J$3:$J$802,입출금내역!$A$3:$A$802,"<="&EOMONTH(DATE($B$3,4,1),0)) -> 55000000 | F9: =COUNTIFS(입출금내역!$A$3:$A$802,">="&DATE($B$3,4,1),입출금내역!$A$3:$A$802,"<="&EOMONTH(DATE($B$3,4,1),0)) -> 0
A10: 5 | B10: =SUMIFS(입출금내역!$I$3:$I$802,입출금내역!$A$3:$A$802,">="&DATE($B$3,5,1),입출금내역!$A$3:$A$802,"<="&EOMONTH(DATE($B$3,5,1),0)) -> 0 | C10: =SUMIFS(입출금내역!$J$3:$J$802,입출금내역!$A$3:$A$802,">="&DATE($B$3,5,1),입출금내역!$A$3:$A$802,"<="&EOMONTH(DATE($B$3,5,1),0)) -> 0 | D10: =$B10-$C10 -> 0 | E10: =계좌목록!$D$24+SUMIFS(입출금내역!$I$3:$I$802,입출금내역!$A$3:$A$802,"<="&EOMONTH(DATE($B$3,5,1),0))-SUMIFS(입출금내역!$J$3:$J$802,입출금내역!$A$3:$A$802,"<="&EOMONTH(DATE($B$3,5,1),0)) -> 55000000 | F10: =COUNTIFS(입출금내역!$A$3:$A$802,">="&DATE($B$3,5,1),입출금내역!$A$3:$A$802,"<="&EOMONTH(DATE($B$3,5,1),0)) -> 0
A11: 6 | B11: =SUMIFS(입출금내역!$I$3:$I$802,입출금내역!$A$3:$A$802,">="&DATE($B$3,6,1),입출금내역!$A$3:$A$802,"<="&EOMONTH(DATE($B$3,6,1),0)) -> 0 | C11: =SUMIFS(입출금내역!$J$3:$J$802,입출금내역!$A$3:$A$802,">="&DATE($B$3,6,1),입출금내역!$A$3:$A$802,"<="&EOMONTH(DATE($B$3,6,1),0)) -> 0 | D11: =$B11-$C11 -> 0 | E11: =계좌목록!$D$24+SUMIFS(입출금내역!$I$3:$I$802,입출금내역!$A$3:$A$802,"<="&EOMONTH(DATE($B$3,6,1),0))-SUMIFS(입출금내역!$J$3:$J$802,입출금내역!$A$3:$A$802,"<="&EOMONTH(DATE($B$3,6,1),0)) -> 55000000 | F11: =COUNTIFS(입출금내역!$A$3:$A$802,">="&DATE($B$3,6,1),입출금내역!$A$3:$A$802,"<="&EOMONTH(DATE($B$3,6,1),0)) -> 0
A12: 7 | B12: =SUMIFS(입출금내역!$I$3:$I$802,입출금내역!$A$3:$A$802,">="&DATE($B$3,7,1),입출금내역!$A$3:$A$802,"<="&EOMONTH(DATE($B$3,7,1),0)) -> 0 | C12: =SUMIFS(입출금내역!$J$3:$J$802,입출금내역!$A$3:$A$802,">="&DATE($B$3,7,1),입출금내역!$A$3:$A$802,"<="&EOMONTH(DATE($B$3,7,1),0)) -> 0 | D12: =$B12-$C12 -> 0 | E12: =계좌목록!$D$24+SUMIFS(입출금내역!$I$3:$I$802,입출금내역!$A$3:$A$802,"<="&EOMONTH(DATE($B$3,7,1),0))-SUMIFS(입출금내역!$J$3:$J$802,입출금내역!$A$3:$A$802,"<="&EOMONTH(DATE($B$3,7,1),0)) -> 55000000 | F12: =COUNTIFS(입출금내역!$A$3:$A$802,">="&DATE($B$3,7,1),입출금내역!$A$3:$A$802,"<="&EOMONTH(DATE($B$3,7,1),0)) -> 0
A13: 8 | B13: =SUMIFS(입출금내역!$I$3:$I$802,입출금내역!$A$3:$A$802,">="&DATE($B$3,8,1),입출금내역!$A$3:$A$802,"<="&EOMONTH(DATE($B$3,8,1),0)) -> 0 | C13: =SUMIFS(입출금내역!$J$3:$J$802,입출금내역!$A$3:$A$802,">="&DATE($B$3,8,1),입출금내역!$A$3:$A$802,"<="&EOMONTH(DATE($B$3,8,1),0)) -> 0 | D13: =$B13-$C13 -> 0 | E13: =계좌목록!$D$24+SUMIFS(입출금내역!$I$3:$I$802,입출금내역!$A$3:$A$802,"<="&EOMONTH(DATE($B$3,8,1),0))-SUMIFS(입출금내역!$J$3:$J$802,입출금내역!$A$3:$A$802,"<="&EOMONTH(DATE($B$3,8,1),0)) -> 55000000 | F13: =COUNTIFS(입출금내역!$A$3:$A$802,">="&DATE($B$3,8,1),입출금내역!$A$3:$A$802,"<="&EOMONTH(DATE($B$3,8,1),0)) -> 0
A14: 9 | B14: =SUMIFS(입출금내역!$I$3:$I$802,입출금내역!$A$3:$A$802,">="&DATE($B$3,9,1),입출금내역!$A$3:$A$802,"<="&EOMONTH(DATE($B$3,9,1),0)) -> 21100000 | C14: =SUMIFS(입출금내역!$J$3:$J$802,입출금내역!$A$3:$A$802,">="&DATE($B$3,9,1),입출금내역!$A$3:$A$802,"<="&EOMONTH(DATE($B$3,9,1),0)) -> 16440000 | D14: =$B14-$C14 -> 4660000 | E14: =계좌목록!$D$24+SUMIFS(입출금내역!$I$3:$I$802,입출금내역!$A$3:$A$802,"<="&EOMONTH(DATE($B$3,9,1),0))-SUMIFS(입출금내역!$J$3:$J$802,입출금내역!$A$3:$A$802,"<="&EOMONTH(DATE($B$3,9,1),0)) -> 59660000 | F14: =COUNTIFS(입출금내역!$A$3:$A$802,">="&DATE($B$3,9,1),입출금내역!$A$3:$A$802,"<="&EOMONTH(DATE($B$3,9,1),0)) -> 7
A15: 10 | B15: =SUMIFS(입출금내역!$I$3:$I$802,입출금내역!$A$3:$A$802,">="&DATE($B$3,10,1),입출금내역!$A$3:$A$802,"<="&EOMONTH(DATE($B$3,10,1),0)) -> 0 | C15: =SUMIFS(입출금내역!$J$3:$J$802,입출금내역!$A$3:$A$802,">="&DATE($B$3,10,1),입출금내역!$A$3:$A$802,"<="&EOMONTH(DATE($B$3,10,1),0)) -> 0 | D15: =$B15-$C15 -> 0 | E15: =계좌목록!$D$24+SUMIFS(입출금내역!$I$3:$I$802,입출금내역!$A$3:$A$802,"<="&EOMONTH(DATE($B$3,10,1),0))-SUMIFS(입출금내역!$J$3:$J$802,입출금내역!$A$3:$A$802,"<="&EOMONTH(DATE($B$3,10,1),0)) -> 59660000 | F15: =COUNTIFS(입출금내역!$A$3:$A$802,">="&DATE($B$3,10,1),입출금내역!$A$3:$A$802,"<="&EOMONTH(DATE($B$3,10,1),0)) -> 0
A16: 11 | B16: =SUMIFS(입출금내역!$I$3:$I$802,입출금내역!$A$3:$A$802,">="&DATE($B$3,11,1),입출금내역!$A$3:$A$802,"<="&EOMONTH(DATE($B$3,11,1),0)) -> 0 | C16: =SUMIFS(입출금내역!$J$3:$J$802,입출금내역!$A$3:$A$802,">="&DATE($B$3,11,1),입출금내역!$A$3:$A$802,"<="&EOMONTH(DATE($B$3,11,1),0)) -> 0 | D16: =$B16-$C16 -> 0 | E16: =계좌목록!$D$24+SUMIFS(입출금내역!$I$3:$I$802,입출금내역!$A$3:$A$802,"<="&EOMONTH(DATE($B$3,11,1),0))-SUMIFS(입출금내역!$J$3:$J$802,입출금내역!$A$3:$A$802,"<="&EOMONTH(DATE($B$3,11,1),0)) -> 59660000 | F16: =COUNTIFS(입출금내역!$A$3:$A$802,">="&DATE($B$3,11,1),입출금내역!$A$3:$A$802,"<="&EOMONTH(DATE($B$3,11,1),0)) -> 0
A17: 12 | B17: =SUMIFS(입출금내역!$I$3:$I$802,입출금내역!$A$3:$A$802,">="&DATE($B$3,12,1),입출금내역!$A$3:$A$802,"<="&EOMONTH(DATE($B$3,12,1),0)) -> 0 | C17: =SUMIFS(입출금내역!$J$3:$J$802,입출금내역!$A$3:$A$802,">="&DATE($B$3,12,1),입출금내역!$A$3:$A$802,"<="&EOMONTH(DATE($B$3,12,1),0)) -> 0 | D17: =$B17-$C17 -> 0 | E17: =계좌목록!$D$24+SUMIFS(입출금내역!$I$3:$I$802,입출금내역!$A$3:$A$802,"<="&EOMONTH(DATE($B$3,12,1),0))-SUMIFS(입출금내역!$J$3:$J$802,입출금내역!$A$3:$A$802,"<="&EOMONTH(DATE($B$3,12,1),0)) -> 59660000 | F17: =COUNTIFS(입출금내역!$A$3:$A$802,">="&DATE($B$3,12,1),입출금내역!$A$3:$A$802,"<="&EOMONTH(DATE($B$3,12,1),0)) -> 0
A18: 합계 | B18: =SUM(B6:B17) -> 21100000 | C18: =SUM(C6:C17) -> 16440000 | D18: =SUM(D6:D17) -> 4660000 | F18: =SUM(F6:F17) -> 7
A20: ※ 월말 잔액은 누적 기준이므로 합계를 내지 않습니다.

Sheet 자금계획
A1: 자금계획 (아직 실행되지 않은 예정 입출금)
A2: 예정일 | B2: 구분 | C2: 계정과목 | D2: 거래처 | E2: 적요 | F2: 예정금액 | G2: 실행여부 | H2: D-Day(자동)
A3: 46270 | B3: 출금 | C3: 급여 | E3: 8월 급여 | F3: 9200000 | G3: 실행완료 | H3: =IF(OR($A3="",$G3="실행완료"),"",$A3-TODAY())
A4: 46285 | B4: 입금 | C4: 매출대금 | D4: ○○전자 | E4: 9월 잔금 예정 | F4: 8000000 | G4: 예정 | H4: =IF(OR($A4="",$G4="실행완료"),"",$A4-TODAY()) -> 6
A5: 46290 | B5: 출금 | C5: 매입대금 | D5: △△소재 | E5: 9월 원자재 대금 | F5: 5200000 | G5: 예정 | H5: =IF(OR($A5="",$G5="실행완료"),"",$A5-TODAY()) -> 11
A6: 46290 | B6: 출금 | C6: 세금 | E6: 부가세 예정고지 | F6: 2400000 | G6: 예정 | H6: =IF(OR($A6="",$G6="실행완료"),"",$A6-TODAY()) -> 11
A7: 46300 | B7: 출금 | C7: 급여 | E7: 9월 급여 | F7: 9300000 | G7: 예정 | H7: =IF(OR($A7="",$G7="실행완료"),"",$A7-TODAY()) -> 21
H8: =IF(OR($A8="",$G8="실행완료"),"",$A8-TODAY())
H9: =IF(OR($A9="",$G9="실행완료"),"",$A9-TODAY())
H10: =IF(OR($A10="",$G10="실행완료"),"",$A10-TODAY())
H11: =IF(OR($A11="",$G11="실행완료"),"",$A11-TODAY())
H12: =IF(OR($A12="",$G12="실행완료"),"",$A12-TODAY())
H13: =IF(OR($A13="",$G13="실행완료"),"",$A13-TODAY())
H14: =IF(OR($A14="",$G14="실행완료"),"",$A14-TODAY())
H15: =IF(OR($A15="",$G15="실행완료"),"",$A15-TODAY())
H16: =IF(OR($A16="",$G16="실행완료"),"",$A16-TODAY())
H17: =IF(OR($A17="",$G17="실행완료"),"",$A17-TODAY())
H18: =IF(OR($A18="",$G18="실행완료"),"",$A18-TODAY())
H19: =IF(OR($A19="",$G19="실행완료"),"",$A19-TODAY())
... H202: =IF(OR($A202="",$G202="실행완료"),"",$A202-TODAY())
A204: 요약
A205: 당월 예정 입금 | E205: =SUMIFS(자금계획!$F$3:$F$202,자금계획!$B$3:$B$202,"입금",자금계획!$G$3:$G$202,"예정",자금계획!$A$3:$A$202,">="&DATE(YEAR(TODAY()),MONTH(TODAY())+0,1),자금계획!$A$3:$A$202,"<="&EOMONTH(DATE(YEAR(TODAY()),MONTH(TODAY())+0,1),0)) -> 8000000
A206: 당월 예정 출금 | E206: =SUMIFS(자금계획!$F$3:$F$202,자금계획!$B$3:$B$202,"출금",자금계획!$G$3:$G$202,"예정",자금계획!$A$3:$A$202,">="&DATE(YEAR(TODAY()),MONTH(TODAY())+0,1),자금계획!$A$3:$A$202,"<="&EOMONTH(DATE(YEAR(TODAY()),MONTH(TODAY())+0,1),0)) -> 7600000
A207: 익월 예정 입금 | E207: =SUMIFS(자금계획!$F$3:$F$202,자금계획!$B$3:$B$202,"입금",자금계획!$G$3:$G$202,"예정",자금계획!$A$3:$A$202,">="&DATE(YEAR(TODAY()),MONTH(TODAY())+1,1),자금계획!$A$3:$A$202,"<="&EOMONTH(DATE(YEAR(TODAY()),MONTH(TODAY())+1,1),0)) -> 0
A208: 익월 예정 출금 | E208: =SUMIFS(자금계획!$F$3:$F$202,자금계획!$B$3:$B$202,"출금",자금계획!$G$3:$G$202,"예정",자금계획!$A$3:$A$202,">="&DATE(YEAR(TODAY()),MONTH(TODAY())+1,1),자금계획!$A$3:$A$202,"<="&EOMONTH(DATE(YEAR(TODAY()),MONTH(TODAY())+1,1),0)) -> 9300000
A209: 예상 잔액 (현재잔액 + 당월예정입금 - 당월예정출금) | E209: =계좌목록!$D$24+SUMIFS(입출금내역!$I$3:$I$802,입출금내역!$A$3:$A$802,"<="&TODAY())-SUMIFS(입출금내역!$J$3:$J$802,입출금내역!$A$3:$A$802,"<="&TODAY())+B205-B206 -> 59660000

Sheet 어음내역
A1: 어음내역
A2: 구분(받을/지급) | B2: 발행일 | C2: 만기일 | D2: 거래처 | E2: 어음번호 | F2: 금액 | G2: 결제여부 | H2: D-Day(자동)
A3: 받을어음 | B3: 46244 | C3: 46336 | D3: ○○전자 | E3: 가나12345678 | F3: 6000000 | G3: 미결제 | H3: =IF(OR($C3="",$G3="결제완료"),"",$C3-TODAY()) -> 57
A4: 지급어음 | B4: 46223 | C4: 46285 | D4: △△소재 | E4: 다라87654321 | F4: 3500000 | G4: 미결제 | H4: =IF(OR($C4="",$G4="결제완료"),"",$C4-TODAY()) -> 6
A5: 받을어음 | B5: 46157 | C5: 46249 | D5: ○○전자 | E5: 가나12345677 | F5: 4200000 | G5: 결제완료 | H5: =IF(OR($C5="",$G5="결제완료"),"",$C5-TODAY())
H6: =IF(OR($C6="",$G6="결제완료"),"",$C6-TODAY())
H7: =IF(OR($C7="",$G7="결제완료"),"",$C7-TODAY())
H8: =IF(OR($C8="",$G8="결제완료"),"",$C8-TODAY())
H9: =IF(OR($C9="",$G9="결제완료"),"",$C9-TODAY())
H10: =IF(OR($C10="",$G10="결제완료"),"",$C10-TODAY())
H11: =IF(OR($C11="",$G11="결제완료"),"",$C11-TODAY())
H12: =IF(OR($C12="",$G12="결제완료"),"",$C12-TODAY())
H13: =IF(OR($C13="",$G13="결제완료"),"",$C13-TODAY())
H14: =IF(OR($C14="",$G14="결제완료"),"",$C14-TODAY())
H15: =IF(OR($C15="",$G15="결제완료"),"",$C15-TODAY())
H16: =IF(OR($C16="",$G16="결제완료"),"",$C16-TODAY())
H17: =IF(OR($C17="",$G17="결제완료"),"",$C17-TODAY())
... H102: =IF(OR($C102="",$G102="결제완료"),"",$C102-TODAY())
D104: 받을어음 미결제 합계 | F104: =SUMIFS($F$3:$F$102,$A$3:$A$102,"받을어음",$G$3:$G$102,"미결제") -> 6000000
D105: 지급어음 미결제 합계 | F105: =SUMIFS($F$3:$F$102,$A$3:$A$102,"지급어음",$G$3:$G$102,"미결제") -> 3500000

Sheet 대출금내역
A1: 대출금내역
A2: 금융기관 | B2: 대출명 | C2: 실행일 | D2: 만기일 | E2: 대출원금 | F2: 현재잔액 | G2: 연이자율 | H2: D-Day(자동)
A3: ○○은행 | B3: 운전자금대출 | C3: 45718 | D3: 46297 | E3: 100000000 | F3: 40000000 | G3: 0.049 | H3: =IF($D3="","",$D3-TODAY()) -> 18
A4: △△은행 | B4: 시설자금대출 | C4: 45458 | D4: 47284 | E4: 200000000 | F4: 145000000 | G4: 0.038 | H4: =IF($D4="","",$D4-TODAY()) -> 1005
H5: =IF($D5="","",$D5-TODAY())
H6: =IF($D6="","",$D6-TODAY())
H7: =IF($D7="","",$D7-TODAY())
H8: =IF($D8="","",$D8-TODAY())
H9: =IF($D9="","",$D9-TODAY())
H10: =IF($D10="","",$D10-TODAY())
H11: =IF($D11="","",$D11-TODAY())
H12: =IF($D12="","",$D12-TODAY())
H13: =IF($D13="","",$D13-TODAY())
H14: =IF($D14="","",$D14-TODAY())
H15: =IF($D15="","",$D15-TODAY())
H16: =IF($D16="","",$D16-TODAY())
... H42: =IF($D42="","",$D42-TODAY())
E44: 대출 잔액 합계 | F44: =SUM(F3:F42) -> 185000000
