Workbook

Sheet 사용안내
B2: 발주서 세트 전개
B4: 핵심 | C4: 세트 상품으로 들어온 주문을 낱개 품목으로 자동으로 풀어줍니다. 손으로 다시 칠 필요가 없습니다.
B5: 입력 규칙 | C5: 파란색 글씨 칸만 입력하세요. 검은색은 자동 계산입니다.
B6: ① 품목목록 | C6: 낱개 품목을 등록합니다. 세트를 구성하는 최소 단위입니다.
B7: ② 세트구성 | C7: 세트 하나에 무엇이 몇 개 들어가는지 등록합니다. 여기가 핵심입니다.
C8: 예: 선물세트A = 즙 5개 + 정 1개 → 두 줄로 등록
B9: ③ 발주접수 | C9: 받은 발주서를 그대로 넣습니다. 세트든 낱개든 상관없습니다.
B10: ④ 전개결과 | C10: 세트가 낱개로 풀린 결과입니다. 이걸 복사해서 ERP에 넣으면 됩니다.
B11: ⑤ 품목별 소요량 | C11: 낱개 품목별로 총 몇 개가 필요한지 합산됩니다.
B12: ⑥ 거래처별집계 | C12: 거래처별 발주 건수와 금액입니다.
B13: 전개 방식 | C13: 세트 수량 × 구성 수량 = 낱개 소요량
B15: ※ 세트 안에 세트가 들어가는 2단 구성은 지원하지 않습니다.
B16: ※ 발주 120건 × 세트 구성 최대 10품목까지 전개됩니다.

Sheet 품목목록
A1: 품목목록 (낱개 품목)
A2: 품번 | B2: 품명 | C2: 규격 | D2: 단위 | E2: 단가 | F2: 구분
A3: P001 | B3: 홍삼즙 30포 | C3: 3g×30 | D3: 박스 | E3: 28000 | F3: 낱개
A4: P002 | B4: 홍삼정 240g | C4: 240g | D4: EA | E4: 45000 | F4: 낱개
A5: P003 | B5: 쇼핑백 | C5: 대 | D5: EA | E5: 500 | F5: 낱개
A6: K001 | B6: 선물세트 A | C6: 즙5+정1 | D6: 세트 | E6: 0 | F6: 세트
A7: K002 | B7: 선물세트 B | C7: 즙3+정2 | D7: 세트 | E7: 0 | F7: 세트

Sheet 세트구성
A1: 세트구성 (세트 하나에 무엇이 몇 개 들어가는지)
A2: 세트품번 | B2: 세트명(자동) | C2: 구성품번 | D2: 구성품명(자동) | E2: 구성수량 | F2: 순번(자동) | G2: 조회키(자동)
A3: K001 | B3: =IF($A3="","",IFERROR(INDEX(품목목록!$B$3:$B$302,MATCH($A3,품목목록!$A$3:$A$302,0)),"미등록")) -> 선물세트 A | C3: P001 | D3: =IF($C3="","",IFERROR(INDEX(품목목록!$B$3:$B$302,MATCH($C3,품목목록!$A$3:$A$302,0)),"미등록")) -> 홍삼즙 30포 | E3: 5 | F3: =IF($A3="","",COUNTIFS($A$3:$A3,$A3)) -> 1 | G3: =IF($A3="","",$A3&"|"&$F3) -> K001|1
A4: K001 | B4: =IF($A4="","",IFERROR(INDEX(품목목록!$B$3:$B$302,MATCH($A4,품목목록!$A$3:$A$302,0)),"미등록")) -> 선물세트 A | C4: P002 | D4: =IF($C4="","",IFERROR(INDEX(품목목록!$B$3:$B$302,MATCH($C4,품목목록!$A$3:$A$302,0)),"미등록")) -> 홍삼정 240g | E4: 1 | F4: =IF($A4="","",COUNTIFS($A$3:$A4,$A4)) -> 2 | G4: =IF($A4="","",$A4&"|"&$F4) -> K001|2
A5: K001 | B5: =IF($A5="","",IFERROR(INDEX(품목목록!$B$3:$B$302,MATCH($A5,품목목록!$A$3:$A$302,0)),"미등록")) -> 선물세트 A | C5: P003 | D5: =IF($C5="","",IFERROR(INDEX(품목목록!$B$3:$B$302,MATCH($C5,품목목록!$A$3:$A$302,0)),"미등록")) -> 쇼핑백 | E5: 1 | F5: =IF($A5="","",COUNTIFS($A$3:$A5,$A5)) -> 3 | G5: =IF($A5="","",$A5&"|"&$F5) -> K001|3
A6: K002 | B6: =IF($A6="","",IFERROR(INDEX(품목목록!$B$3:$B$302,MATCH($A6,품목목록!$A$3:$A$302,0)),"미등록")) -> 선물세트 B | C6: P001 | D6: =IF($C6="","",IFERROR(INDEX(품목목록!$B$3:$B$302,MATCH($C6,품목목록!$A$3:$A$302,0)),"미등록")) -> 홍삼즙 30포 | E6: 3 | F6: =IF($A6="","",COUNTIFS($A$3:$A6,$A6)) -> 1 | G6: =IF($A6="","",$A6&"|"&$F6) -> K002|1
A7: K002 | B7: =IF($A7="","",IFERROR(INDEX(품목목록!$B$3:$B$302,MATCH($A7,품목목록!$A$3:$A$302,0)),"미등록")) -> 선물세트 B | C7: P002 | D7: =IF($C7="","",IFERROR(INDEX(품목목록!$B$3:$B$302,MATCH($C7,품목목록!$A$3:$A$302,0)),"미등록")) -> 홍삼정 240g | E7: 2 | F7: =IF($A7="","",COUNTIFS($A$3:$A7,$A7)) -> 2 | G7: =IF($A7="","",$A7&"|"&$F7) -> K002|2
A8: K002 | B8: =IF($A8="","",IFERROR(INDEX(품목목록!$B$3:$B$302,MATCH($A8,품목목록!$A$3:$A$302,0)),"미등록")) -> 선물세트 B | C8: P003 | D8: =IF($C8="","",IFERROR(INDEX(품목목록!$B$3:$B$302,MATCH($C8,품목목록!$A$3:$A$302,0)),"미등록")) -> 쇼핑백 | E8: 1 | F8: =IF($A8="","",COUNTIFS($A$3:$A8,$A8)) -> 3 | G8: =IF($A8="","",$A8&"|"&$F8) -> K002|3
B9: =IF($A9="","",IFERROR(INDEX(품목목록!$B$3:$B$302,MATCH($A9,품목목록!$A$3:$A$302,0)),"미등록")) | D9: =IF($C9="","",IFERROR(INDEX(품목목록!$B$3:$B$302,MATCH($C9,품목목록!$A$3:$A$302,0)),"미등록")) | F9: =IF($A9="","",COUNTIFS($A$3:$A9,$A9)) | G9: =IF($A9="","",$A9&"|"&$F9)
B10: =IF($A10="","",IFERROR(INDEX(품목목록!$B$3:$B$302,MATCH($A10,품목목록!$A$3:$A$302,0)),"미등록")) | D10: =IF($C10="","",IFERROR(INDEX(품목목록!$B$3:$B$302,MATCH($C10,품목목록!$A$3:$A$302,0)),"미등록")) | F10: =IF($A10="","",COUNTIFS($A$3:$A10,$A10)) | G10: =IF($A10="","",$A10&"|"&$F10)
B11: =IF($A11="","",IFERROR(INDEX(품목목록!$B$3:$B$302,MATCH($A11,품목목록!$A$3:$A$302,0)),"미등록")) | D11: =IF($C11="","",IFERROR(INDEX(품목목록!$B$3:$B$302,MATCH($C11,품목목록!$A$3:$A$302,0)),"미등록")) | F11: =IF($A11="","",COUNTIFS($A$3:$A11,$A11)) | G11: =IF($A11="","",$A11&"|"&$F11)
B12: =IF($A12="","",IFERROR(INDEX(품목목록!$B$3:$B$302,MATCH($A12,품목목록!$A$3:$A$302,0)),"미등록")) | D12: =IF($C12="","",IFERROR(INDEX(품목목록!$B$3:$B$302,MATCH($C12,품목목록!$A$3:$A$302,0)),"미등록")) | F12: =IF($A12="","",COUNTIFS($A$3:$A12,$A12)) | G12: =IF($A12="","",$A12&"|"&$F12)
B13: =IF($A13="","",IFERROR(INDEX(품목목록!$B$3:$B$302,MATCH($A13,품목목록!$A$3:$A$302,0)),"미등록")) | D13: =IF($C13="","",IFERROR(INDEX(품목목록!$B$3:$B$302,MATCH($C13,품목목록!$A$3:$A$302,0)),"미등록")) | F13: =IF($A13="","",COUNTIFS($A$3:$A13,$A13)) | G13: =IF($A13="","",$A13&"|"&$F13)
B14: =IF($A14="","",IFERROR(INDEX(품목목록!$B$3:$B$302,MATCH($A14,품목목록!$A$3:$A$302,0)),"미등록")) | D14: =IF($C14="","",IFERROR(INDEX(품목목록!$B$3:$B$302,MATCH($C14,품목목록!$A$3:$A$302,0)),"미등록")) | F14: =IF($A14="","",COUNTIFS($A$3:$A14,$A14)) | G14: =IF($A14="","",$A14&"|"&$F14)
B15: =IF($A15="","",IFERROR(INDEX(품목목록!$B$3:$B$302,MATCH($A15,품목목록!$A$3:$A$302,0)),"미등록")) | D15: =IF($C15="","",IFERROR(INDEX(품목목록!$B$3:$B$302,MATCH($C15,품목목록!$A$3:$A$302,0)),"미등록")) | F15: =IF($A15="","",COUNTIFS($A$3:$A15,$A15)) | G15: =IF($A15="","",$A15&"|"&$F15)
B16: =IF($A16="","",IFERROR(INDEX(품목목록!$B$3:$B$302,MATCH($A16,품목목록!$A$3:$A$302,0)),"미등록")) | D16: =IF($C16="","",IFERROR(INDEX(품목목록!$B$3:$B$302,MATCH($C16,품목목록!$A$3:$A$302,0)),"미등록")) | F16: =IF($A16="","",COUNTIFS($A$3:$A16,$A16)) | G16: =IF($A16="","",$A16&"|"&$F16)
B17: =IF($A17="","",IFERROR(INDEX(품목목록!$B$3:$B$302,MATCH($A17,품목목록!$A$3:$A$302,0)),"미등록")) | D17: =IF($C17="","",IFERROR(INDEX(품목목록!$B$3:$B$302,MATCH($C17,품목목록!$A$3:$A$302,0)),"미등록")) | F17: =IF($A17="","",COUNTIFS($A$3:$A17,$A17)) | G17: =IF($A17="","",$A17&"|"&$F17)
B18: =IF($A18="","",IFERROR(INDEX(품목목록!$B$3:$B$302,MATCH($A18,품목목록!$A$3:$A$302,0)),"미등록")) | D18: =IF($C18="","",IFERROR(INDEX(품목목록!$B$3:$B$302,MATCH($C18,품목목록!$A$3:$A$302,0)),"미등록")) | F18: =IF($A18="","",COUNTIFS($A$3:$A18,$A18)) | G18: =IF($A18="","",$A18&"|"&$F18)
B19: =IF($A19="","",IFERROR(INDEX(품목목록!$B$3:$B$302,MATCH($A19,품목목록!$A$3:$A$302,0)),"미등록")) | D19: =IF($C19="","",IFERROR(INDEX(품목목록!$B$3:$B$302,MATCH($C19,품목목록!$A$3:$A$302,0)),"미등록")) | F19: =IF($A19="","",COUNTIFS($A$3:$A19,$A19)) | G19: =IF($A19="","",$A19&"|"&$F19)
B20: =IF($A20="","",IFERROR(INDEX(품목목록!$B$3:$B$302,MATCH($A20,품목목록!$A$3:$A$302,0)),"미등록")) | D20: =IF($C20="","",IFERROR(INDEX(품목목록!$B$3:$B$302,MATCH($C20,품목목록!$A$3:$A$302,0)),"미등록")) | F20: =IF($A20="","",COUNTIFS($A$3:$A20,$A20)) | G20: =IF($A20="","",$A20&"|"&$F20)
... B302: =IF($A302="","",IFERROR(INDEX(품목목록!$B$3:$B$302,MATCH($A302,품목목록!$A$3:$A$302,0)),"미등록")) | D302: =IF($C302="","",IFERROR(INDEX(품목목록!$B$3:$B$302,MATCH($C302,품목목록!$A$3:$A$302,0)),"미등록")) | F302: =IF($A302="","",COUNTIFS($A$3:$A302,$A302)) | G302: =IF($A302="","",$A302&"|"&$F302)

Sheet 발주접수
A1: 발주접수 (받은 발주서 그대로)
A2: No(자동) | B2: 발주일 | C2: 거래처 | D2: 품번 | E2: 품명(자동) | F2: 구분(자동) | G2: 수량 | H2: 단가(자동) | I2: 금액(자동) | J2: 비고
A3: =IF($D3="","",ROW()-2) -> 1 | B3: 46275 | C3: ○○마트 | D3: K001 | E3: =IF($D3="","",IFERROR(INDEX(품목목록!$B$3:$B$302,MATCH($D3,품목목록!$A$3:$A$302,0)),"미등록품번")) -> 선물세트 A | F3: =IF($D3="","",IFERROR(INDEX(품목목록!$F$3:$F$302,MATCH($D3,품목목록!$A$3:$A$302,0)),"")) -> 세트 | G3: 3 | H3: =IF($D3="","",IFERROR(INDEX(품목목록!$E$3:$E$302,MATCH($D3,품목목록!$A$3:$A$302,0)),0)) -> 0 | I3: =IF(OR($G3="",$H3=""),"",ROUND($G3*$H3,0)) -> 0
A4: =IF($D4="","",ROW()-2) -> 2 | B4: 46275 | C4: ○○마트 | D4: P001 | E4: =IF($D4="","",IFERROR(INDEX(품목목록!$B$3:$B$302,MATCH($D4,품목목록!$A$3:$A$302,0)),"미등록품번")) -> 홍삼즙 30포 | F4: =IF($D4="","",IFERROR(INDEX(품목목록!$F$3:$F$302,MATCH($D4,품목목록!$A$3:$A$302,0)),"")) -> 낱개 | G4: 10 | H4: =IF($D4="","",IFERROR(INDEX(품목목록!$E$3:$E$302,MATCH($D4,품목목록!$A$3:$A$302,0)),0)) -> 28000 | I4: =IF(OR($G4="",$H4=""),"",ROUND($G4*$H4,0)) -> 280000
A5: =IF($D5="","",ROW()-2) -> 3 | B5: 46276 | C5: △△백화점 | D5: K002 | E5: =IF($D5="","",IFERROR(INDEX(품목목록!$B$3:$B$302,MATCH($D5,품목목록!$A$3:$A$302,0)),"미등록품번")) -> 선물세트 B | F5: =IF($D5="","",IFERROR(INDEX(품목목록!$F$3:$F$302,MATCH($D5,품목목록!$A$3:$A$302,0)),"")) -> 세트 | G5: 5 | H5: =IF($D5="","",IFERROR(INDEX(품목목록!$E$3:$E$302,MATCH($D5,품목목록!$A$3:$A$302,0)),0)) -> 0 | I5: =IF(OR($G5="",$H5=""),"",ROUND($G5*$H5,0)) -> 0
A6: =IF($D6="","",ROW()-2) | E6: =IF($D6="","",IFERROR(INDEX(품목목록!$B$3:$B$302,MATCH($D6,품목목록!$A$3:$A$302,0)),"미등록품번")) | F6: =IF($D6="","",IFERROR(INDEX(품목목록!$F$3:$F$302,MATCH($D6,품목목록!$A$3:$A$302,0)),"")) | H6: =IF($D6="","",IFERROR(INDEX(품목목록!$E$3:$E$302,MATCH($D6,품목목록!$A$3:$A$302,0)),0)) | I6: =IF(OR($G6="",$H6=""),"",ROUND($G6*$H6,0))
A7: =IF($D7="","",ROW()-2) | E7: =IF($D7="","",IFERROR(INDEX(품목목록!$B$3:$B$302,MATCH($D7,품목목록!$A$3:$A$302,0)),"미등록품번")) | F7: =IF($D7="","",IFERROR(INDEX(품목목록!$F$3:$F$302,MATCH($D7,품목목록!$A$3:$A$302,0)),"")) | H7: =IF($D7="","",IFERROR(INDEX(품목목록!$E$3:$E$302,MATCH($D7,품목목록!$A$3:$A$302,0)),0)) | I7: =IF(OR($G7="",$H7=""),"",ROUND($G7*$H7,0))
A8: =IF($D8="","",ROW()-2) | E8: =IF($D8="","",IFERROR(INDEX(품목목록!$B$3:$B$302,MATCH($D8,품목목록!$A$3:$A$302,0)),"미등록품번")) | F8: =IF($D8="","",IFERROR(INDEX(품목목록!$F$3:$F$302,MATCH($D8,품목목록!$A$3:$A$302,0)),"")) | H8: =IF($D8="","",IFERROR(INDEX(품목목록!$E$3:$E$302,MATCH($D8,품목목록!$A$3:$A$302,0)),0)) | I8: =IF(OR($G8="",$H8=""),"",ROUND($G8*$H8,0))
A9: =IF($D9="","",ROW()-2) | E9: =IF($D9="","",IFERROR(INDEX(품목목록!$B$3:$B$302,MATCH($D9,품목목록!$A$3:$A$302,0)),"미등록품번")) | F9: =IF($D9="","",IFERROR(INDEX(품목목록!$F$3:$F$302,MATCH($D9,품목목록!$A$3:$A$302,0)),"")) | H9: =IF($D9="","",IFERROR(INDEX(품목목록!$E$3:$E$302,MATCH($D9,품목목록!$A$3:$A$302,0)),0)) | I9: =IF(OR($G9="",$H9=""),"",ROUND($G9*$H9,0))
A10: =IF($D10="","",ROW()-2) | E10: =IF($D10="","",IFERROR(INDEX(품목목록!$B$3:$B$302,MATCH($D10,품목목록!$A$3:$A$302,0)),"미등록품번")) | F10: =IF($D10="","",IFERROR(INDEX(품목목록!$F$3:$F$302,MATCH($D10,품목목록!$A$3:$A$302,0)),"")) | H10: =IF($D10="","",IFERROR(INDEX(품목목록!$E$3:$E$302,MATCH($D10,품목목록!$A$3:$A$302,0)),0)) | I10: =IF(OR($G10="",$H10=""),"",ROUND($G10*$H10,0))
A11: =IF($D11="","",ROW()-2) | E11: =IF($D11="","",IFERROR(INDEX(품목목록!$B$3:$B$302,MATCH($D11,품목목록!$A$3:$A$302,0)),"미등록품번")) | F11: =IF($D11="","",IFERROR(INDEX(품목목록!$F$3:$F$302,MATCH($D11,품목목록!$A$3:$A$302,0)),"")) | H11: =IF($D11="","",IFERROR(INDEX(품목목록!$E$3:$E$302,MATCH($D11,품목목록!$A$3:$A$302,0)),0)) | I11: =IF(OR($G11="",$H11=""),"",ROUND($G11*$H11,0))
A12: =IF($D12="","",ROW()-2) | E12: =IF($D12="","",IFERROR(INDEX(품목목록!$B$3:$B$302,MATCH($D12,품목목록!$A$3:$A$302,0)),"미등록품번")) | F12: =IF($D12="","",IFERROR(INDEX(품목목록!$F$3:$F$302,MATCH($D12,품목목록!$A$3:$A$302,0)),"")) | H12: =IF($D12="","",IFERROR(INDEX(품목목록!$E$3:$E$302,MATCH($D12,품목목록!$A$3:$A$302,0)),0)) | I12: =IF(OR($G12="",$H12=""),"",ROUND($G12*$H12,0))
A13: =IF($D13="","",ROW()-2) | E13: =IF($D13="","",IFERROR(INDEX(품목목록!$B$3:$B$302,MATCH($D13,품목목록!$A$3:$A$302,0)),"미등록품번")) | F13: =IF($D13="","",IFERROR(INDEX(품목목록!$F$3:$F$302,MATCH($D13,품목목록!$A$3:$A$302,0)),"")) | H13: =IF($D13="","",IFERROR(INDEX(품목목록!$E$3:$E$302,MATCH($D13,품목목록!$A$3:$A$302,0)),0)) | I13: =IF(OR($G13="",$H13=""),"",ROUND($G13*$H13,0))
A14: =IF($D14="","",ROW()-2) | E14: =IF($D14="","",IFERROR(INDEX(품목목록!$B$3:$B$302,MATCH($D14,품목목록!$A$3:$A$302,0)),"미등록품번")) | F14: =IF($D14="","",IFERROR(INDEX(품목목록!$F$3:$F$302,MATCH($D14,품목목록!$A$3:$A$302,0)),"")) | H14: =IF($D14="","",IFERROR(INDEX(품목목록!$E$3:$E$302,MATCH($D14,품목목록!$A$3:$A$302,0)),0)) | I14: =IF(OR($G14="",$H14=""),"",ROUND($G14*$H14,0))
A15: =IF($D15="","",ROW()-2) | E15: =IF($D15="","",IFERROR(INDEX(품목목록!$B$3:$B$302,MATCH($D15,품목목록!$A$3:$A$302,0)),"미등록품번")) | F15: =IF($D15="","",IFERROR(INDEX(품목목록!$F$3:$F$302,MATCH($D15,품목목록!$A$3:$A$302,0)),"")) | H15: =IF($D15="","",IFERROR(INDEX(품목목록!$E$3:$E$302,MATCH($D15,품목목록!$A$3:$A$302,0)),0)) | I15: =IF(OR($G15="",$H15=""),"",ROUND($G15*$H15,0))
A16: =IF($D16="","",ROW()-2) | E16: =IF($D16="","",IFERROR(INDEX(품목목록!$B$3:$B$302,MATCH($D16,품목목록!$A$3:$A$302,0)),"미등록품번")) | F16: =IF($D16="","",IFERROR(INDEX(품목목록!$F$3:$F$302,MATCH($D16,품목목록!$A$3:$A$302,0)),"")) | H16: =IF($D16="","",IFERROR(INDEX(품목목록!$E$3:$E$302,MATCH($D16,품목목록!$A$3:$A$302,0)),0)) | I16: =IF(OR($G16="",$H16=""),"",ROUND($G16*$H16,0))
A17: =IF($D17="","",ROW()-2) | E17: =IF($D17="","",IFERROR(INDEX(품목목록!$B$3:$B$302,MATCH($D17,품목목록!$A$3:$A$302,0)),"미등록품번")) | F17: =IF($D17="","",IFERROR(INDEX(품목목록!$F$3:$F$302,MATCH($D17,품목목록!$A$3:$A$302,0)),"")) | H17: =IF($D17="","",IFERROR(INDEX(품목목록!$E$3:$E$302,MATCH($D17,품목목록!$A$3:$A$302,0)),0)) | I17: =IF(OR($G17="",$H17=""),"",ROUND($G17*$H17,0))
... A122: =IF($D122="","",ROW()-2) | E122: =IF($D122="","",IFERROR(INDEX(품목목록!$B$3:$B$302,MATCH($D122,품목목록!$A$3:$A$302,0)),"미등록품번")) | F122: =IF($D122="","",IFERROR(INDEX(품목목록!$F$3:$F$302,MATCH($D122,품목목록!$A$3:$A$302,0)),"")) | H122: =IF($D122="","",IFERROR(INDEX(품목목록!$E$3:$E$302,MATCH($D122,품목목록!$A$3:$A$302,0)),0)) | I122: =IF(OR($G122="",$H122=""),"",ROUND($G122*$H122,0))

Sheet 전개결과
A1: 전개결과 (세트가 낱개로 풀린 결과 · 이걸 복사해서 쓰세요)
A3: 전개 줄 수 | B3: =COUNTIF($J$6:$J$1205,TRUE()) -> 7
A5: 순번 | B5: 발주일 | C5: 거래처 | D5: 품번 | E5: 품명 | F5: 단위 | G5: 소요수량 | H5: 출처 | J5: 대상(자동) | K5: 순번(자동) | L5: 키(자동) | M5: 품번(자동) | N5: 수량(자동) | O5: 발주일(자동) | P5: 거래처(자동) | Q5: 출처(자동)
A6: =IF($D6="","",1) -> 1 | B6: =IFERROR(INDEX(전개결과!$O$6:$O$1205,MATCH("R"&1,전개결과!$L$6:$L$1205,0)),"") -> 46275 | C6: =IF($D6="","",IFERROR(INDEX(전개결과!$P$6:$P$1205,MATCH("R"&1,전개결과!$L$6:$L$1205,0)),"")) -> ○○마트 | D6: =IFERROR(INDEX(전개결과!$M$6:$M$1205,MATCH("R"&1,전개결과!$L$6:$L$1205,0)),"") -> P001 | E6: =IF($D6="","",IFERROR(INDEX(품목목록!$B$3:$B$302,MATCH($D6,품목목록!$A$3:$A$302,0)),"")) -> 홍삼즙 30포 | F6: =IF($D6="","",IFERROR(INDEX(품목목록!$D$3:$D$302,MATCH($D6,품목목록!$A$3:$A$302,0)),"")) -> 박스 | G6: =IFERROR(INDEX(전개결과!$N$6:$N$1205,MATCH("R"&1,전개결과!$L$6:$L$1205,0)),"") -> 15 | H6: =IF($D6="","",IFERROR(INDEX(전개결과!$Q$6:$Q$1205,MATCH("R"&1,전개결과!$L$6:$L$1205,0)),"")) -> 선물세트 A 전개 | J6: =IF(발주접수!$D3="",FALSE(),IF(발주접수!$F3="세트",COUNTIF(세트구성!$G$3:$G$302,발주접수!$D3&"|"&1)>0,0=0)) -> TRUE | K6: =IF($J6=FALSE(),"",COUNTIF($J$6:$J6,TRUE())) -> 1 | L6: =IF($K6="","","R"&$K6) -> R1 | M6: =IF($J6=FALSE(),"",IF(발주접수!$F3="세트",IFERROR(INDEX(세트구성!$C$3:$C$302,MATCH(발주접수!$D3&"|"&1,세트구성!$G$3:$G$302,0)),""),발주접수!$D3)) -> P001 | N6: =IF($J6=FALSE(),"",IF(발주접수!$F3="세트",발주접수!$G3*IFERROR(INDEX(세트구성!$E$3:$E$302,MATCH(발주접수!$D3&"|"&1,세트구성!$G$3:$G$302,0)),0),발주접수!$G3)) -> 15 | O6: =IF($J6=FALSE(),"",발주접수!$B3) -> 46275 | P6: =IF($J6=FALSE(),"",발주접수!$C3) -> ○○마트 | Q6: =IF($J6=FALSE(),"",IF(발주접수!$F3="세트",발주접수!$E3&" 전개","직접 발주")) -> 선물세트 A 전개
A7: =IF($D7="","",2) -> 2 | B7: =IFERROR(INDEX(전개결과!$O$6:$O$1205,MATCH("R"&2,전개결과!$L$6:$L$1205,0)),"") -> 46275 | C7: =IF($D7="","",IFERROR(INDEX(전개결과!$P$6:$P$1205,MATCH("R"&2,전개결과!$L$6:$L$1205,0)),"")) -> ○○마트 | D7: =IFERROR(INDEX(전개결과!$M$6:$M$1205,MATCH("R"&2,전개결과!$L$6:$L$1205,0)),"") -> P002 | E7: =IF($D7="","",IFERROR(INDEX(품목목록!$B$3:$B$302,MATCH($D7,품목목록!$A$3:$A$302,0)),"")) -> 홍삼정 240g | F7: =IF($D7="","",IFERROR(INDEX(품목목록!$D$3:$D$302,MATCH($D7,품목목록!$A$3:$A$302,0)),"")) -> EA | G7: =IFERROR(INDEX(전개결과!$N$6:$N$1205,MATCH("R"&2,전개결과!$L$6:$L$1205,0)),"") -> 3 | H7: =IF($D7="","",IFERROR(INDEX(전개결과!$Q$6:$Q$1205,MATCH("R"&2,전개결과!$L$6:$L$1205,0)),"")) -> 선물세트 A 전개 | J7: =IF(발주접수!$D3="",FALSE(),IF(발주접수!$F3="세트",COUNTIF(세트구성!$G$3:$G$302,발주접수!$D3&"|"&2)>0,1=0)) -> TRUE | K7: =IF($J7=FALSE(),"",COUNTIF($J$6:$J7,TRUE())) -> 2 | L7: =IF($K7="","","R"&$K7) -> R2 | M7: =IF($J7=FALSE(),"",IF(발주접수!$F3="세트",IFERROR(INDEX(세트구성!$C$3:$C$302,MATCH(발주접수!$D3&"|"&2,세트구성!$G$3:$G$302,0)),""),발주접수!$D3)) -> P002 | N7: =IF($J7=FALSE(),"",IF(발주접수!$F3="세트",발주접수!$G3*IFERROR(INDEX(세트구성!$E$3:$E$302,MATCH(발주접수!$D3&"|"&2,세트구성!$G$3:$G$302,0)),0),발주접수!$G3)) -> 3 | O7: =IF($J7=FALSE(),"",발주접수!$B3) -> 46275 | P7: =IF($J7=FALSE(),"",발주접수!$C3) -> ○○마트 | Q7: =IF($J7=FALSE(),"",IF(발주접수!$F3="세트",발주접수!$E3&" 전개","직접 발주")) -> 선물세트 A 전개
A8: =IF($D8="","",3) -> 3 | B8: =IFERROR(INDEX(전개결과!$O$6:$O$1205,MATCH("R"&3,전개결과!$L$6:$L$1205,0)),"") -> 46275 | C8: =IF($D8="","",IFERROR(INDEX(전개결과!$P$6:$P$1205,MATCH("R"&3,전개결과!$L$6:$L$1205,0)),"")) -> ○○마트 | D8: =IFERROR(INDEX(전개결과!$M$6:$M$1205,MATCH("R"&3,전개결과!$L$6:$L$1205,0)),"") -> P003 | E8: =IF($D8="","",IFERROR(INDEX(품목목록!$B$3:$B$302,MATCH($D8,품목목록!$A$3:$A$302,0)),"")) -> 쇼핑백 | F8: =IF($D8="","",IFERROR(INDEX(품목목록!$D$3:$D$302,MATCH($D8,품목목록!$A$3:$A$302,0)),"")) -> EA | G8: =IFERROR(INDEX(전개결과!$N$6:$N$1205,MATCH("R"&3,전개결과!$L$6:$L$1205,0)),"") -> 3 | H8: =IF($D8="","",IFERROR(INDEX(전개결과!$Q$6:$Q$1205,MATCH("R"&3,전개결과!$L$6:$L$1205,0)),"")) -> 선물세트 A 전개 | J8: =IF(발주접수!$D3="",FALSE(),IF(발주접수!$F3="세트",COUNTIF(세트구성!$G$3:$G$302,발주접수!$D3&"|"&3)>0,2=0)) -> TRUE | K8: =IF($J8=FALSE(),"",COUNTIF($J$6:$J8,TRUE())) -> 3 | L8: =IF($K8="","","R"&$K8) -> R3 | M8: =IF($J8=FALSE(),"",IF(발주접수!$F3="세트",IFERROR(INDEX(세트구성!$C$3:$C$302,MATCH(발주접수!$D3&"|"&3,세트구성!$G$3:$G$302,0)),""),발주접수!$D3)) -> P003 | N8: =IF($J8=FALSE(),"",IF(발주접수!$F3="세트",발주접수!$G3*IFERROR(INDEX(세트구성!$E$3:$E$302,MATCH(발주접수!$D3&"|"&3,세트구성!$G$3:$G$302,0)),0),발주접수!$G3)) -> 3 | O8: =IF($J8=FALSE(),"",발주접수!$B3) -> 46275 | P8: =IF($J8=FALSE(),"",발주접수!$C3) -> ○○마트 | Q8: =IF($J8=FALSE(),"",IF(발주접수!$F3="세트",발주접수!$E3&" 전개","직접 발주")) -> 선물세트 A 전개
A9: =IF($D9="","",4) -> 4 | B9: =IFERROR(INDEX(전개결과!$O$6:$O$1205,MATCH("R"&4,전개결과!$L$6:$L$1205,0)),"") -> 46275 | C9: =IF($D9="","",IFERROR(INDEX(전개결과!$P$6:$P$1205,MATCH("R"&4,전개결과!$L$6:$L$1205,0)),"")) -> ○○마트 | D9: =IFERROR(INDEX(전개결과!$M$6:$M$1205,MATCH("R"&4,전개결과!$L$6:$L$1205,0)),"") -> P001 | E9: =IF($D9="","",IFERROR(INDEX(품목목록!$B$3:$B$302,MATCH($D9,품목목록!$A$3:$A$302,0)),"")) -> 홍삼즙 30포 | F9: =IF($D9="","",IFERROR(INDEX(품목목록!$D$3:$D$302,MATCH($D9,품목목록!$A$3:$A$302,0)),"")) -> 박스 | G9: =IFERROR(INDEX(전개결과!$N$6:$N$1205,MATCH("R"&4,전개결과!$L$6:$L$1205,0)),"") -> 10 | H9: =IF($D9="","",IFERROR(INDEX(전개결과!$Q$6:$Q$1205,MATCH("R"&4,전개결과!$L$6:$L$1205,0)),"")) -> 직접 발주 | J9: =IF(발주접수!$D3="",FALSE(),IF(발주접수!$F3="세트",COUNTIF(세트구성!$G$3:$G$302,발주접수!$D3&"|"&4)>0,3=0)) -> FALSE | K9: =IF($J9=FALSE(),"",COUNTIF($J$6:$J9,TRUE())) | L9: =IF($K9="","","R"&$K9) | M9: =IF($J9=FALSE(),"",IF(발주접수!$F3="세트",IFERROR(INDEX(세트구성!$C$3:$C$302,MATCH(발주접수!$D3&"|"&4,세트구성!$G$3:$G$302,0)),""),발주접수!$D3)) | N9: =IF($J9=FALSE(),"",IF(발주접수!$F3="세트",발주접수!$G3*IFERROR(INDEX(세트구성!$E$3:$E$302,MATCH(발주접수!$D3&"|"&4,세트구성!$G$3:$G$302,0)),0),발주접수!$G3)) | O9: =IF($J9=FALSE(),"",발주접수!$B3) | P9: =IF($J9=FALSE(),"",발주접수!$C3) | Q9: =IF($J9=FALSE(),"",IF(발주접수!$F3="세트",발주접수!$E3&" 전개","직접 발주"))
A10: =IF($D10="","",5) -> 5 | B10: =IFERROR(INDEX(전개결과!$O$6:$O$1205,MATCH("R"&5,전개결과!$L$6:$L$1205,0)),"") -> 46276 | C10: =IF($D10="","",IFERROR(INDEX(전개결과!$P$6:$P$1205,MATCH("R"&5,전개결과!$L$6:$L$1205,0)),"")) -> △△백화점 | D10: =IFERROR(INDEX(전개결과!$M$6:$M$1205,MATCH("R"&5,전개결과!$L$6:$L$1205,0)),"") -> P001 | E10: =IF($D10="","",IFERROR(INDEX(품목목록!$B$3:$B$302,MATCH($D10,품목목록!$A$3:$A$302,0)),"")) -> 홍삼즙 30포 | F10: =IF($D10="","",IFERROR(INDEX(품목목록!$D$3:$D$302,MATCH($D10,품목목록!$A$3:$A$302,0)),"")) -> 박스 | G10: =IFERROR(INDEX(전개결과!$N$6:$N$1205,MATCH("R"&5,전개결과!$L$6:$L$1205,0)),"") -> 15 | H10: =IF($D10="","",IFERROR(INDEX(전개결과!$Q$6:$Q$1205,MATCH("R"&5,전개결과!$L$6:$L$1205,0)),"")) -> 선물세트 B 전개 | J10: =IF(발주접수!$D3="",FALSE(),IF(발주접수!$F3="세트",COUNTIF(세트구성!$G$3:$G$302,발주접수!$D3&"|"&5)>0,4=0)) -> FALSE | K10: =IF($J10=FALSE(),"",COUNTIF($J$6:$J10,TRUE())) | L10: =IF($K10="","","R"&$K10) | M10: =IF($J10=FALSE(),"",IF(발주접수!$F3="세트",IFERROR(INDEX(세트구성!$C$3:$C$302,MATCH(발주접수!$D3&"|"&5,세트구성!$G$3:$G$302,0)),""),발주접수!$D3)) | N10: =IF($J10=FALSE(),"",IF(발주접수!$F3="세트",발주접수!$G3*IFERROR(INDEX(세트구성!$E$3:$E$302,MATCH(발주접수!$D3&"|"&5,세트구성!$G$3:$G$302,0)),0),발주접수!$G3)) | O10: =IF($J10=FALSE(),"",발주접수!$B3) | P10: =IF($J10=FALSE(),"",발주접수!$C3) | Q10: =IF($J10=FALSE(),"",IF(발주접수!$F3="세트",발주접수!$E3&" 전개","직접 발주"))
A11: =IF($D11="","",6) -> 6 | B11: =IFERROR(INDEX(전개결과!$O$6:$O$1205,MATCH("R"&6,전개결과!$L$6:$L$1205,0)),"") -> 46276 | C11: =IF($D11="","",IFERROR(INDEX(전개결과!$P$6:$P$1205,MATCH("R"&6,전개결과!$L$6:$L$1205,0)),"")) -> △△백화점 | D11: =IFERROR(INDEX(전개결과!$M$6:$M$1205,MATCH("R"&6,전개결과!$L$6:$L$1205,0)),"") -> P002 | E11: =IF($D11="","",IFERROR(INDEX(품목목록!$B$3:$B$302,MATCH($D11,품목목록!$A$3:$A$302,0)),"")) -> 홍삼정 240g | F11: =IF($D11="","",IFERROR(INDEX(품목목록!$D$3:$D$302,MATCH($D11,품목목록!$A$3:$A$302,0)),"")) -> EA | G11: =IFERROR(INDEX(전개결과!$N$6:$N$1205,MATCH("R"&6,전개결과!$L$6:$L$1205,0)),"") -> 10 | H11: =IF($D11="","",IFERROR(INDEX(전개결과!$Q$6:$Q$1205,MATCH("R"&6,전개결과!$L$6:$L$1205,0)),"")) -> 선물세트 B 전개 | J11: =IF(발주접수!$D3="",FALSE(),IF(발주접수!$F3="세트",COUNTIF(세트구성!$G$3:$G$302,발주접수!$D3&"|"&6)>0,5=0)) -> FALSE | K11: =IF($J11=FALSE(),"",COUNTIF($J$6:$J11,TRUE())) | L11: =IF($K11="","","R"&$K11) | M11: =IF($J11=FALSE(),"",IF(발주접수!$F3="세트",IFERROR(INDEX(세트구성!$C$3:$C$302,MATCH(발주접수!$D3&"|"&6,세트구성!$G$3:$G$302,0)),""),발주접수!$D3)) | N11: =IF($J11=FALSE(),"",IF(발주접수!$F3="세트",발주접수!$G3*IFERROR(INDEX(세트구성!$E$3:$E$302,MATCH(발주접수!$D3&"|"&6,세트구성!$G$3:$G$302,0)),0),발주접수!$G3)) | O11: =IF($J11=FALSE(),"",발주접수!$B3) | P11: =IF($J11=FALSE(),"",발주접수!$C3) | Q11: =IF($J11=FALSE(),"",IF(발주접수!$F3="세트",발주접수!$E3&" 전개","직접 발주"))
A12: =IF($D12="","",7) -> 7 | B12: =IFERROR(INDEX(전개결과!$O$6:$O$1205,MATCH("R"&7,전개결과!$L$6:$L$1205,0)),"") -> 46276 | C12: =IF($D12="","",IFERROR(INDEX(전개결과!$P$6:$P$1205,MATCH("R"&7,전개결과!$L$6:$L$1205,0)),"")) -> △△백화점 | D12: =IFERROR(INDEX(전개결과!$M$6:$M$1205,MATCH("R"&7,전개결과!$L$6:$L$1205,0)),"") -> P003 | E12: =IF($D12="","",IFERROR(INDEX(품목목록!$B$3:$B$302,MATCH($D12,품목목록!$A$3:$A$302,0)),"")) -> 쇼핑백 | F12: =IF($D12="","",IFERROR(INDEX(품목목록!$D$3:$D$302,MATCH($D12,품목목록!$A$3:$A$302,0)),"")) -> EA | G12: =IFERROR(INDEX(전개결과!$N$6:$N$1205,MATCH("R"&7,전개결과!$L$6:$L$1205,0)),"") -> 5 | H12: =IF($D12="","",IFERROR(INDEX(전개결과!$Q$6:$Q$1205,MATCH("R"&7,전개결과!$L$6:$L$1205,0)),"")) -> 선물세트 B 전개 | J12: =IF(발주접수!$D3="",FALSE(),IF(발주접수!$F3="세트",COUNTIF(세트구성!$G$3:$G$302,발주접수!$D3&"|"&7)>0,6=0)) -> FALSE | K12: =IF($J12=FALSE(),"",COUNTIF($J$6:$J12,TRUE())) | L12: =IF($K12="","","R"&$K12) | M12: =IF($J12=FALSE(),"",IF(발주접수!$F3="세트",IFERROR(INDEX(세트구성!$C$3:$C$302,MATCH(발주접수!$D3&"|"&7,세트구성!$G$3:$G$302,0)),""),발주접수!$D3)) | N12: =IF($J12=FALSE(),"",IF(발주접수!$F3="세트",발주접수!$G3*IFERROR(INDEX(세트구성!$E$3:$E$302,MATCH(발주접수!$D3&"|"&7,세트구성!$G$3:$G$302,0)),0),발주접수!$G3)) | O12: =IF($J12=FALSE(),"",발주접수!$B3) | P12: =IF($J12=FALSE(),"",발주접수!$C3) | Q12: =IF($J12=FALSE(),"",IF(발주접수!$F3="세트",발주접수!$E3&" 전개","직접 발주"))
A13: =IF($D13="","",8) | B13: =IFERROR(INDEX(전개결과!$O$6:$O$1205,MATCH("R"&8,전개결과!$L$6:$L$1205,0)),"") | C13: =IF($D13="","",IFERROR(INDEX(전개결과!$P$6:$P$1205,MATCH("R"&8,전개결과!$L$6:$L$1205,0)),"")) | D13: =IFERROR(INDEX(전개결과!$M$6:$M$1205,MATCH("R"&8,전개결과!$L$6:$L$1205,0)),"") | E13: =IF($D13="","",IFERROR(INDEX(품목목록!$B$3:$B$302,MATCH($D13,품목목록!$A$3:$A$302,0)),"")) | F13: =IF($D13="","",IFERROR(INDEX(품목목록!$D$3:$D$302,MATCH($D13,품목목록!$A$3:$A$302,0)),"")) | G13: =IFERROR(INDEX(전개결과!$N$6:$N$1205,MATCH("R"&8,전개결과!$L$6:$L$1205,0)),"") | H13: =IF($D13="","",IFERROR(INDEX(전개결과!$Q$6:$Q$1205,MATCH("R"&8,전개결과!$L$6:$L$1205,0)),"")) | J13: =IF(발주접수!$D3="",FALSE(),IF(발주접수!$F3="세트",COUNTIF(세트구성!$G$3:$G$302,발주접수!$D3&"|"&8)>0,7=0)) -> FALSE | K13: =IF($J13=FALSE(),"",COUNTIF($J$6:$J13,TRUE())) | L13: =IF($K13="","","R"&$K13) | M13: =IF($J13=FALSE(),"",IF(발주접수!$F3="세트",IFERROR(INDEX(세트구성!$C$3:$C$302,MATCH(발주접수!$D3&"|"&8,세트구성!$G$3:$G$302,0)),""),발주접수!$D3)) | N13: =IF($J13=FALSE(),"",IF(발주접수!$F3="세트",발주접수!$G3*IFERROR(INDEX(세트구성!$E$3:$E$302,MATCH(발주접수!$D3&"|"&8,세트구성!$G$3:$G$302,0)),0),발주접수!$G3)) | O13: =IF($J13=FALSE(),"",발주접수!$B3) | P13: =IF($J13=FALSE(),"",발주접수!$C3) | Q13: =IF($J13=FALSE(),"",IF(발주접수!$F3="세트",발주접수!$E3&" 전개","직접 발주"))
A14: =IF($D14="","",9) | B14: =IFERROR(INDEX(전개결과!$O$6:$O$1205,MATCH("R"&9,전개결과!$L$6:$L$1205,0)),"") | C14: =IF($D14="","",IFERROR(INDEX(전개결과!$P$6:$P$1205,MATCH("R"&9,전개결과!$L$6:$L$1205,0)),"")) | D14: =IFERROR(INDEX(전개결과!$M$6:$M$1205,MATCH("R"&9,전개결과!$L$6:$L$1205,0)),"") | E14: =IF($D14="","",IFERROR(INDEX(품목목록!$B$3:$B$302,MATCH($D14,품목목록!$A$3:$A$302,0)),"")) | F14: =IF($D14="","",IFERROR(INDEX(품목목록!$D$3:$D$302,MATCH($D14,품목목록!$A$3:$A$302,0)),"")) | G14: =IFERROR(INDEX(전개결과!$N$6:$N$1205,MATCH("R"&9,전개결과!$L$6:$L$1205,0)),"") | H14: =IF($D14="","",IFERROR(INDEX(전개결과!$Q$6:$Q$1205,MATCH("R"&9,전개결과!$L$6:$L$1205,0)),"")) | J14: =IF(발주접수!$D3="",FALSE(),IF(발주접수!$F3="세트",COUNTIF(세트구성!$G$3:$G$302,발주접수!$D3&"|"&9)>0,8=0)) -> FALSE | K14: =IF($J14=FALSE(),"",COUNTIF($J$6:$J14,TRUE())) | L14: =IF($K14="","","R"&$K14) | M14: =IF($J14=FALSE(),"",IF(발주접수!$F3="세트",IFERROR(INDEX(세트구성!$C$3:$C$302,MATCH(발주접수!$D3&"|"&9,세트구성!$G$3:$G$302,0)),""),발주접수!$D3)) | N14: =IF($J14=FALSE(),"",IF(발주접수!$F3="세트",발주접수!$G3*IFERROR(INDEX(세트구성!$E$3:$E$302,MATCH(발주접수!$D3&"|"&9,세트구성!$G$3:$G$302,0)),0),발주접수!$G3)) | O14: =IF($J14=FALSE(),"",발주접수!$B3) | P14: =IF($J14=FALSE(),"",발주접수!$C3) | Q14: =IF($J14=FALSE(),"",IF(발주접수!$F3="세트",발주접수!$E3&" 전개","직접 발주"))
A15: =IF($D15="","",10) | B15: =IFERROR(INDEX(전개결과!$O$6:$O$1205,MATCH("R"&10,전개결과!$L$6:$L$1205,0)),"") | C15: =IF($D15="","",IFERROR(INDEX(전개결과!$P$6:$P$1205,MATCH("R"&10,전개결과!$L$6:$L$1205,0)),"")) | D15: =IFERROR(INDEX(전개결과!$M$6:$M$1205,MATCH("R"&10,전개결과!$L$6:$L$1205,0)),"") | E15: =IF($D15="","",IFERROR(INDEX(품목목록!$B$3:$B$302,MATCH($D15,품목목록!$A$3:$A$302,0)),"")) | F15: =IF($D15="","",IFERROR(INDEX(품목목록!$D$3:$D$302,MATCH($D15,품목목록!$A$3:$A$302,0)),"")) | G15: =IFERROR(INDEX(전개결과!$N$6:$N$1205,MATCH("R"&10,전개결과!$L$6:$L$1205,0)),"") | H15: =IF($D15="","",IFERROR(INDEX(전개결과!$Q$6:$Q$1205,MATCH("R"&10,전개결과!$L$6:$L$1205,0)),"")) | J15: =IF(발주접수!$D3="",FALSE(),IF(발주접수!$F3="세트",COUNTIF(세트구성!$G$3:$G$302,발주접수!$D3&"|"&10)>0,9=0)) -> FALSE | K15: =IF($J15=FALSE(),"",COUNTIF($J$6:$J15,TRUE())) | L15: =IF($K15="","","R"&$K15) | M15: =IF($J15=FALSE(),"",IF(발주접수!$F3="세트",IFERROR(INDEX(세트구성!$C$3:$C$302,MATCH(발주접수!$D3&"|"&10,세트구성!$G$3:$G$302,0)),""),발주접수!$D3)) | N15: =IF($J15=FALSE(),"",IF(발주접수!$F3="세트",발주접수!$G3*IFERROR(INDEX(세트구성!$E$3:$E$302,MATCH(발주접수!$D3&"|"&10,세트구성!$G$3:$G$302,0)),0),발주접수!$G3)) | O15: =IF($J15=FALSE(),"",발주접수!$B3) | P15: =IF($J15=FALSE(),"",발주접수!$C3) | Q15: =IF($J15=FALSE(),"",IF(발주접수!$F3="세트",발주접수!$E3&" 전개","직접 발주"))
A16: =IF($D16="","",11) | B16: =IFERROR(INDEX(전개결과!$O$6:$O$1205,MATCH("R"&11,전개결과!$L$6:$L$1205,0)),"") | C16: =IF($D16="","",IFERROR(INDEX(전개결과!$P$6:$P$1205,MATCH("R"&11,전개결과!$L$6:$L$1205,0)),"")) | D16: =IFERROR(INDEX(전개결과!$M$6:$M$1205,MATCH("R"&11,전개결과!$L$6:$L$1205,0)),"") | E16: =IF($D16="","",IFERROR(INDEX(품목목록!$B$3:$B$302,MATCH($D16,품목목록!$A$3:$A$302,0)),"")) | F16: =IF($D16="","",IFERROR(INDEX(품목목록!$D$3:$D$302,MATCH($D16,품목목록!$A$3:$A$302,0)),"")) | G16: =IFERROR(INDEX(전개결과!$N$6:$N$1205,MATCH("R"&11,전개결과!$L$6:$L$1205,0)),"") | H16: =IF($D16="","",IFERROR(INDEX(전개결과!$Q$6:$Q$1205,MATCH("R"&11,전개결과!$L$6:$L$1205,0)),"")) | J16: =IF(발주접수!$D4="",FALSE(),IF(발주접수!$F4="세트",COUNTIF(세트구성!$G$3:$G$302,발주접수!$D4&"|"&1)>0,0=0)) -> TRUE | K16: =IF($J16=FALSE(),"",COUNTIF($J$6:$J16,TRUE())) -> 4 | L16: =IF($K16="","","R"&$K16) -> R4 | M16: =IF($J16=FALSE(),"",IF(발주접수!$F4="세트",IFERROR(INDEX(세트구성!$C$3:$C$302,MATCH(발주접수!$D4&"|"&1,세트구성!$G$3:$G$302,0)),""),발주접수!$D4)) -> P001 | N16: =IF($J16=FALSE(),"",IF(발주접수!$F4="세트",발주접수!$G4*IFERROR(INDEX(세트구성!$E$3:$E$302,MATCH(발주접수!$D4&"|"&1,세트구성!$G$3:$G$302,0)),0),발주접수!$G4)) -> 10 | O16: =IF($J16=FALSE(),"",발주접수!$B4) -> 46275 | P16: =IF($J16=FALSE(),"",발주접수!$C4) -> ○○마트 | Q16: =IF($J16=FALSE(),"",IF(발주접수!$F4="세트",발주접수!$E4&" 전개","직접 발주")) -> 직접 발주
A17: =IF($D17="","",12) | B17: =IFERROR(INDEX(전개결과!$O$6:$O$1205,MATCH("R"&12,전개결과!$L$6:$L$1205,0)),"") | C17: =IF($D17="","",IFERROR(INDEX(전개결과!$P$6:$P$1205,MATCH("R"&12,전개결과!$L$6:$L$1205,0)),"")) | D17: =IFERROR(INDEX(전개결과!$M$6:$M$1205,MATCH("R"&12,전개결과!$L$6:$L$1205,0)),"") | E17: =IF($D17="","",IFERROR(INDEX(품목목록!$B$3:$B$302,MATCH($D17,품목목록!$A$3:$A$302,0)),"")) | F17: =IF($D17="","",IFERROR(INDEX(품목목록!$D$3:$D$302,MATCH($D17,품목목록!$A$3:$A$302,0)),"")) | G17: =IFERROR(INDEX(전개결과!$N$6:$N$1205,MATCH("R"&12,전개결과!$L$6:$L$1205,0)),"") | H17: =IF($D17="","",IFERROR(INDEX(전개결과!$Q$6:$Q$1205,MATCH("R"&12,전개결과!$L$6:$L$1205,0)),"")) | J17: =IF(발주접수!$D4="",FALSE(),IF(발주접수!$F4="세트",COUNTIF(세트구성!$G$3:$G$302,발주접수!$D4&"|"&2)>0,1=0)) -> FALSE | K17: =IF($J17=FALSE(),"",COUNTIF($J$6:$J17,TRUE())) | L17: =IF($K17="","","R"&$K17) | M17: =IF($J17=FALSE(),"",IF(발주접수!$F4="세트",IFERROR(INDEX(세트구성!$C$3:$C$302,MATCH(발주접수!$D4&"|"&2,세트구성!$G$3:$G$302,0)),""),발주접수!$D4)) | N17: =IF($J17=FALSE(),"",IF(발주접수!$F4="세트",발주접수!$G4*IFERROR(INDEX(세트구성!$E$3:$E$302,MATCH(발주접수!$D4&"|"&2,세트구성!$G$3:$G$302,0)),0),발주접수!$G4)) | O17: =IF($J17=FALSE(),"",발주접수!$B4) | P17: =IF($J17=FALSE(),"",발주접수!$C4) | Q17: =IF($J17=FALSE(),"",IF(발주접수!$F4="세트",발주접수!$E4&" 전개","직접 발주"))
A18: =IF($D18="","",13) | B18: =IFERROR(INDEX(전개결과!$O$6:$O$1205,MATCH("R"&13,전개결과!$L$6:$L$1205,0)),"") | C18: =IF($D18="","",IFERROR(INDEX(전개결과!$P$6:$P$1205,MATCH("R"&13,전개결과!$L$6:$L$1205,0)),"")) | D18: =IFERROR(INDEX(전개결과!$M$6:$M$1205,MATCH("R"&13,전개결과!$L$6:$L$1205,0)),"") | E18: =IF($D18="","",IFERROR(INDEX(품목목록!$B$3:$B$302,MATCH($D18,품목목록!$A$3:$A$302,0)),"")) | F18: =IF($D18="","",IFERROR(INDEX(품목목록!$D$3:$D$302,MATCH($D18,품목목록!$A$3:$A$302,0)),"")) | G18: =IFERROR(INDEX(전개결과!$N$6:$N$1205,MATCH("R"&13,전개결과!$L$6:$L$1205,0)),"") | H18: =IF($D18="","",IFERROR(INDEX(전개결과!$Q$6:$Q$1205,MATCH("R"&13,전개결과!$L$6:$L$1205,0)),"")) | J18: =IF(발주접수!$D4="",FALSE(),IF(발주접수!$F4="세트",COUNTIF(세트구성!$G$3:$G$302,발주접수!$D4&"|"&3)>0,2=0)) -> FALSE | K18: =IF($J18=FALSE(),"",COUNTIF($J$6:$J18,TRUE())) | L18: =IF($K18="","","R"&$K18) | M18: =IF($J18=FALSE(),"",IF(발주접수!$F4="세트",IFERROR(INDEX(세트구성!$C$3:$C$302,MATCH(발주접수!$D4&"|"&3,세트구성!$G$3:$G$302,0)),""),발주접수!$D4)) | N18: =IF($J18=FALSE(),"",IF(발주접수!$F4="세트",발주접수!$G4*IFERROR(INDEX(세트구성!$E$3:$E$302,MATCH(발주접수!$D4&"|"&3,세트구성!$G$3:$G$302,0)),0),발주접수!$G4)) | O18: =IF($J18=FALSE(),"",발주접수!$B4) | P18: =IF($J18=FALSE(),"",발주접수!$C4) | Q18: =IF($J18=FALSE(),"",IF(발주접수!$F4="세트",발주접수!$E4&" 전개","직접 발주"))
A19: =IF($D19="","",14) | B19: =IFERROR(INDEX(전개결과!$O$6:$O$1205,MATCH("R"&14,전개결과!$L$6:$L$1205,0)),"") | C19: =IF($D19="","",IFERROR(INDEX(전개결과!$P$6:$P$1205,MATCH("R"&14,전개결과!$L$6:$L$1205,0)),"")) | D19: =IFERROR(INDEX(전개결과!$M$6:$M$1205,MATCH("R"&14,전개결과!$L$6:$L$1205,0)),"") | E19: =IF($D19="","",IFERROR(INDEX(품목목록!$B$3:$B$302,MATCH($D19,품목목록!$A$3:$A$302,0)),"")) | F19: =IF($D19="","",IFERROR(INDEX(품목목록!$D$3:$D$302,MATCH($D19,품목목록!$A$3:$A$302,0)),"")) | G19: =IFERROR(INDEX(전개결과!$N$6:$N$1205,MATCH("R"&14,전개결과!$L$6:$L$1205,0)),"") | H19: =IF($D19="","",IFERROR(INDEX(전개결과!$Q$6:$Q$1205,MATCH("R"&14,전개결과!$L$6:$L$1205,0)),"")) | J19: =IF(발주접수!$D4="",FALSE(),IF(발주접수!$F4="세트",COUNTIF(세트구성!$G$3:$G$302,발주접수!$D4&"|"&4)>0,3=0)) -> FALSE | K19: =IF($J19=FALSE(),"",COUNTIF($J$6:$J19,TRUE())) | L19: =IF($K19="","","R"&$K19) | M19: =IF($J19=FALSE(),"",IF(발주접수!$F4="세트",IFERROR(INDEX(세트구성!$C$3:$C$302,MATCH(발주접수!$D4&"|"&4,세트구성!$G$3:$G$302,0)),""),발주접수!$D4)) | N19: =IF($J19=FALSE(),"",IF(발주접수!$F4="세트",발주접수!$G4*IFERROR(INDEX(세트구성!$E$3:$E$302,MATCH(발주접수!$D4&"|"&4,세트구성!$G$3:$G$302,0)),0),발주접수!$G4)) | O19: =IF($J19=FALSE(),"",발주접수!$B4) | P19: =IF($J19=FALSE(),"",발주접수!$C4) | Q19: =IF($J19=FALSE(),"",IF(발주접수!$F4="세트",발주접수!$E4&" 전개","직접 발주"))
A20: =IF($D20="","",15) | B20: =IFERROR(INDEX(전개결과!$O$6:$O$1205,MATCH("R"&15,전개결과!$L$6:$L$1205,0)),"") | C20: =IF($D20="","",IFERROR(INDEX(전개결과!$P$6:$P$1205,MATCH("R"&15,전개결과!$L$6:$L$1205,0)),"")) | D20: =IFERROR(INDEX(전개결과!$M$6:$M$1205,MATCH("R"&15,전개결과!$L$6:$L$1205,0)),"") | E20: =IF($D20="","",IFERROR(INDEX(품목목록!$B$3:$B$302,MATCH($D20,품목목록!$A$3:$A$302,0)),"")) | F20: =IF($D20="","",IFERROR(INDEX(품목목록!$D$3:$D$302,MATCH($D20,품목목록!$A$3:$A$302,0)),"")) | G20: =IFERROR(INDEX(전개결과!$N$6:$N$1205,MATCH("R"&15,전개결과!$L$6:$L$1205,0)),"") | H20: =IF($D20="","",IFERROR(INDEX(전개결과!$Q$6:$Q$1205,MATCH("R"&15,전개결과!$L$6:$L$1205,0)),"")) | J20: =IF(발주접수!$D4="",FALSE(),IF(발주접수!$F4="세트",COUNTIF(세트구성!$G$3:$G$302,발주접수!$D4&"|"&5)>0,4=0)) -> FALSE | K20: =IF($J20=FALSE(),"",COUNTIF($J$6:$J20,TRUE())) | L20: =IF($K20="","","R"&$K20) | M20: =IF($J20=FALSE(),"",IF(발주접수!$F4="세트",IFERROR(INDEX(세트구성!$C$3:$C$302,MATCH(발주접수!$D4&"|"&5,세트구성!$G$3:$G$302,0)),""),발주접수!$D4)) | N20: =IF($J20=FALSE(),"",IF(발주접수!$F4="세트",발주접수!$G4*IFERROR(INDEX(세트구성!$E$3:$E$302,MATCH(발주접수!$D4&"|"&5,세트구성!$G$3:$G$302,0)),0),발주접수!$G4)) | O20: =IF($J20=FALSE(),"",발주접수!$B4) | P20: =IF($J20=FALSE(),"",발주접수!$C4) | Q20: =IF($J20=FALSE(),"",IF(발주접수!$F4="세트",발주접수!$E4&" 전개","직접 발주"))
A21: =IF($D21="","",16) | B21: =IFERROR(INDEX(전개결과!$O$6:$O$1205,MATCH("R"&16,전개결과!$L$6:$L$1205,0)),"") | C21: =IF($D21="","",IFERROR(INDEX(전개결과!$P$6:$P$1205,MATCH("R"&16,전개결과!$L$6:$L$1205,0)),"")) | D21: =IFERROR(INDEX(전개결과!$M$6:$M$1205,MATCH("R"&16,전개결과!$L$6:$L$1205,0)),"") | E21: =IF($D21="","",IFERROR(INDEX(품목목록!$B$3:$B$302,MATCH($D21,품목목록!$A$3:$A$302,0)),"")) | F21: =IF($D21="","",IFERROR(INDEX(품목목록!$D$3:$D$302,MATCH($D21,품목목록!$A$3:$A$302,0)),"")) | G21: =IFERROR(INDEX(전개결과!$N$6:$N$1205,MATCH("R"&16,전개결과!$L$6:$L$1205,0)),"") | H21: =IF($D21="","",IFERROR(INDEX(전개결과!$Q$6:$Q$1205,MATCH("R"&16,전개결과!$L$6:$L$1205,0)),"")) | J21: =IF(발주접수!$D4="",FALSE(),IF(발주접수!$F4="세트",COUNTIF(세트구성!$G$3:$G$302,발주접수!$D4&"|"&6)>0,5=0)) -> FALSE | K21: =IF($J21=FALSE(),"",COUNTIF($J$6:$J21,TRUE())) | L21: =IF($K21="","","R"&$K21) | M21: =IF($J21=FALSE(),"",IF(발주접수!$F4="세트",IFERROR(INDEX(세트구성!$C$3:$C$302,MATCH(발주접수!$D4&"|"&6,세트구성!$G$3:$G$302,0)),""),발주접수!$D4)) | N21: =IF($J21=FALSE(),"",IF(발주접수!$F4="세트",발주접수!$G4*IFERROR(INDEX(세트구성!$E$3:$E$302,MATCH(발주접수!$D4&"|"&6,세트구성!$G$3:$G$302,0)),0),발주접수!$G4)) | O21: =IF($J21=FALSE(),"",발주접수!$B4) | P21: =IF($J21=FALSE(),"",발주접수!$C4) | Q21: =IF($J21=FALSE(),"",IF(발주접수!$F4="세트",발주접수!$E4&" 전개","직접 발주"))
A22: =IF($D22="","",17) | B22: =IFERROR(INDEX(전개결과!$O$6:$O$1205,MATCH("R"&17,전개결과!$L$6:$L$1205,0)),"") | C22: =IF($D22="","",IFERROR(INDEX(전개결과!$P$6:$P$1205,MATCH("R"&17,전개결과!$L$6:$L$1205,0)),"")) | D22: =IFERROR(INDEX(전개결과!$M$6:$M$1205,MATCH("R"&17,전개결과!$L$6:$L$1205,0)),"") | E22: =IF($D22="","",IFERROR(INDEX(품목목록!$B$3:$B$302,MATCH($D22,품목목록!$A$3:$A$302,0)),"")) | F22: =IF($D22="","",IFERROR(INDEX(품목목록!$D$3:$D$302,MATCH($D22,품목목록!$A$3:$A$302,0)),"")) | G22: =IFERROR(INDEX(전개결과!$N$6:$N$1205,MATCH("R"&17,전개결과!$L$6:$L$1205,0)),"") | H22: =IF($D22="","",IFERROR(INDEX(전개결과!$Q$6:$Q$1205,MATCH("R"&17,전개결과!$L$6:$L$1205,0)),"")) | J22: =IF(발주접수!$D4="",FALSE(),IF(발주접수!$F4="세트",COUNTIF(세트구성!$G$3:$G$302,발주접수!$D4&"|"&7)>0,6=0)) -> FALSE | K22: =IF($J22=FALSE(),"",COUNTIF($J$6:$J22,TRUE())) | L22: =IF($K22="","","R"&$K22) | M22: =IF($J22=FALSE(),"",IF(발주접수!$F4="세트",IFERROR(INDEX(세트구성!$C$3:$C$302,MATCH(발주접수!$D4&"|"&7,세트구성!$G$3:$G$302,0)),""),발주접수!$D4)) | N22: =IF($J22=FALSE(),"",IF(발주접수!$F4="세트",발주접수!$G4*IFERROR(INDEX(세트구성!$E$3:$E$302,MATCH(발주접수!$D4&"|"&7,세트구성!$G$3:$G$302,0)),0),발주접수!$G4)) | O22: =IF($J22=FALSE(),"",발주접수!$B4) | P22: =IF($J22=FALSE(),"",발주접수!$C4) | Q22: =IF($J22=FALSE(),"",IF(발주접수!$F4="세트",발주접수!$E4&" 전개","직접 발주"))
A23: =IF($D23="","",18) | B23: =IFERROR(INDEX(전개결과!$O$6:$O$1205,MATCH("R"&18,전개결과!$L$6:$L$1205,0)),"") | C23: =IF($D23="","",IFERROR(INDEX(전개결과!$P$6:$P$1205,MATCH("R"&18,전개결과!$L$6:$L$1205,0)),"")) | D23: =IFERROR(INDEX(전개결과!$M$6:$M$1205,MATCH("R"&18,전개결과!$L$6:$L$1205,0)),"") | E23: =IF($D23="","",IFERROR(INDEX(품목목록!$B$3:$B$302,MATCH($D23,품목목록!$A$3:$A$302,0)),"")) | F23: =IF($D23="","",IFERROR(INDEX(품목목록!$D$3:$D$302,MATCH($D23,품목목록!$A$3:$A$302,0)),"")) | G23: =IFERROR(INDEX(전개결과!$N$6:$N$1205,MATCH("R"&18,전개결과!$L$6:$L$1205,0)),"") | H23: =IF($D23="","",IFERROR(INDEX(전개결과!$Q$6:$Q$1205,MATCH("R"&18,전개결과!$L$6:$L$1205,0)),"")) | J23: =IF(발주접수!$D4="",FALSE(),IF(발주접수!$F4="세트",COUNTIF(세트구성!$G$3:$G$302,발주접수!$D4&"|"&8)>0,7=0)) -> FALSE | K23: =IF($J23=FALSE(),"",COUNTIF($J$6:$J23,TRUE())) | L23: =IF($K23="","","R"&$K23) | M23: =IF($J23=FALSE(),"",IF(발주접수!$F4="세트",IFERROR(INDEX(세트구성!$C$3:$C$302,MATCH(발주접수!$D4&"|"&8,세트구성!$G$3:$G$302,0)),""),발주접수!$D4)) | N23: =IF($J23=FALSE(),"",IF(발주접수!$F4="세트",발주접수!$G4*IFERROR(INDEX(세트구성!$E$3:$E$302,MATCH(발주접수!$D4&"|"&8,세트구성!$G$3:$G$302,0)),0),발주접수!$G4)) | O23: =IF($J23=FALSE(),"",발주접수!$B4) | P23: =IF($J23=FALSE(),"",발주접수!$C4) | Q23: =IF($J23=FALSE(),"",IF(발주접수!$F4="세트",발주접수!$E4&" 전개","직접 발주"))
A24: =IF($D24="","",19) | B24: =IFERROR(INDEX(전개결과!$O$6:$O$1205,MATCH("R"&19,전개결과!$L$6:$L$1205,0)),"") | C24: =IF($D24="","",IFERROR(INDEX(전개결과!$P$6:$P$1205,MATCH("R"&19,전개결과!$L$6:$L$1205,0)),"")) | D24: =IFERROR(INDEX(전개결과!$M$6:$M$1205,MATCH("R"&19,전개결과!$L$6:$L$1205,0)),"") | E24: =IF($D24="","",IFERROR(INDEX(품목목록!$B$3:$B$302,MATCH($D24,품목목록!$A$3:$A$302,0)),"")) | F24: =IF($D24="","",IFERROR(INDEX(품목목록!$D$3:$D$302,MATCH($D24,품목목록!$A$3:$A$302,0)),"")) | G24: =IFERROR(INDEX(전개결과!$N$6:$N$1205,MATCH("R"&19,전개결과!$L$6:$L$1205,0)),"") | H24: =IF($D24="","",IFERROR(INDEX(전개결과!$Q$6:$Q$1205,MATCH("R"&19,전개결과!$L$6:$L$1205,0)),"")) | J24: =IF(발주접수!$D4="",FALSE(),IF(발주접수!$F4="세트",COUNTIF(세트구성!$G$3:$G$302,발주접수!$D4&"|"&9)>0,8=0)) -> FALSE | K24: =IF($J24=FALSE(),"",COUNTIF($J$6:$J24,TRUE())) | L24: =IF($K24="","","R"&$K24) | M24: =IF($J24=FALSE(),"",IF(발주접수!$F4="세트",IFERROR(INDEX(세트구성!$C$3:$C$302,MATCH(발주접수!$D4&"|"&9,세트구성!$G$3:$G$302,0)),""),발주접수!$D4)) | N24: =IF($J24=FALSE(),"",IF(발주접수!$F4="세트",발주접수!$G4*IFERROR(INDEX(세트구성!$E$3:$E$302,MATCH(발주접수!$D4&"|"&9,세트구성!$G$3:$G$302,0)),0),발주접수!$G4)) | O24: =IF($J24=FALSE(),"",발주접수!$B4) | P24: =IF($J24=FALSE(),"",발주접수!$C4) | Q24: =IF($J24=FALSE(),"",IF(발주접수!$F4="세트",발주접수!$E4&" 전개","직접 발주"))
A25: =IF($D25="","",20) | B25: =IFERROR(INDEX(전개결과!$O$6:$O$1205,MATCH("R"&20,전개결과!$L$6:$L$1205,0)),"") | C25: =IF($D25="","",IFERROR(INDEX(전개결과!$P$6:$P$1205,MATCH("R"&20,전개결과!$L$6:$L$1205,0)),"")) | D25: =IFERROR(INDEX(전개결과!$M$6:$M$1205,MATCH("R"&20,전개결과!$L$6:$L$1205,0)),"") | E25: =IF($D25="","",IFERROR(INDEX(품목목록!$B$3:$B$302,MATCH($D25,품목목록!$A$3:$A$302,0)),"")) | F25: =IF($D25="","",IFERROR(INDEX(품목목록!$D$3:$D$302,MATCH($D25,품목목록!$A$3:$A$302,0)),"")) | G25: =IFERROR(INDEX(전개결과!$N$6:$N$1205,MATCH("R"&20,전개결과!$L$6:$L$1205,0)),"") | H25: =IF($D25="","",IFERROR(INDEX(전개결과!$Q$6:$Q$1205,MATCH("R"&20,전개결과!$L$6:$L$1205,0)),"")) | J25: =IF(발주접수!$D4="",FALSE(),IF(발주접수!$F4="세트",COUNTIF(세트구성!$G$3:$G$302,발주접수!$D4&"|"&10)>0,9=0)) -> FALSE | K25: =IF($J25=FALSE(),"",COUNTIF($J$6:$J25,TRUE())) | L25: =IF($K25="","","R"&$K25) | M25: =IF($J25=FALSE(),"",IF(발주접수!$F4="세트",IFERROR(INDEX(세트구성!$C$3:$C$302,MATCH(발주접수!$D4&"|"&10,세트구성!$G$3:$G$302,0)),""),발주접수!$D4)) | N25: =IF($J25=FALSE(),"",IF(발주접수!$F4="세트",발주접수!$G4*IFERROR(INDEX(세트구성!$E$3:$E$302,MATCH(발주접수!$D4&"|"&10,세트구성!$G$3:$G$302,0)),0),발주접수!$G4)) | O25: =IF($J25=FALSE(),"",발주접수!$B4) | P25: =IF($J25=FALSE(),"",발주접수!$C4) | Q25: =IF($J25=FALSE(),"",IF(발주접수!$F4="세트",발주접수!$E4&" 전개","직접 발주"))
A26: =IF($D26="","",21) | B26: =IFERROR(INDEX(전개결과!$O$6:$O$1205,MATCH("R"&21,전개결과!$L$6:$L$1205,0)),"") | C26: =IF($D26="","",IFERROR(INDEX(전개결과!$P$6:$P$1205,MATCH("R"&21,전개결과!$L$6:$L$1205,0)),"")) | D26: =IFERROR(INDEX(전개결과!$M$6:$M$1205,MATCH("R"&21,전개결과!$L$6:$L$1205,0)),"") | E26: =IF($D26="","",IFERROR(INDEX(품목목록!$B$3:$B$302,MATCH($D26,품목목록!$A$3:$A$302,0)),"")) | F26: =IF($D26="","",IFERROR(INDEX(품목목록!$D$3:$D$302,MATCH($D26,품목목록!$A$3:$A$302,0)),"")) | G26: =IFERROR(INDEX(전개결과!$N$6:$N$1205,MATCH("R"&21,전개결과!$L$6:$L$1205,0)),"") | H26: =IF($D26="","",IFERROR(INDEX(전개결과!$Q$6:$Q$1205,MATCH("R"&21,전개결과!$L$6:$L$1205,0)),"")) | J26: =IF(발주접수!$D5="",FALSE(),IF(발주접수!$F5="세트",COUNTIF(세트구성!$G$3:$G$302,발주접수!$D5&"|"&1)>0,0=0)) -> TRUE | K26: =IF($J26=FALSE(),"",COUNTIF($J$6:$J26,TRUE())) -> 5 | L26: =IF($K26="","","R"&$K26) -> R5 | M26: =IF($J26=FALSE(),"",IF(발주접수!$F5="세트",IFERROR(INDEX(세트구성!$C$3:$C$302,MATCH(발주접수!$D5&"|"&1,세트구성!$G$3:$G$302,0)),""),발주접수!$D5)) -> P001 | N26: =IF($J26=FALSE(),"",IF(발주접수!$F5="세트",발주접수!$G5*IFERROR(INDEX(세트구성!$E$3:$E$302,MATCH(발주접수!$D5&"|"&1,세트구성!$G$3:$G$302,0)),0),발주접수!$G5)) -> 15 | O26: =IF($J26=FALSE(),"",발주접수!$B5) -> 46276 | P26: =IF($J26=FALSE(),"",발주접수!$C5) -> △△백화점 | Q26: =IF($J26=FALSE(),"",IF(발주접수!$F5="세트",발주접수!$E5&" 전개","직접 발주")) -> 선물세트 B 전개
A27: =IF($D27="","",22) | B27: =IFERROR(INDEX(전개결과!$O$6:$O$1205,MATCH("R"&22,전개결과!$L$6:$L$1205,0)),"") | C27: =IF($D27="","",IFERROR(INDEX(전개결과!$P$6:$P$1205,MATCH("R"&22,전개결과!$L$6:$L$1205,0)),"")) | D27: =IFERROR(INDEX(전개결과!$M$6:$M$1205,MATCH("R"&22,전개결과!$L$6:$L$1205,0)),"") | E27: =IF($D27="","",IFERROR(INDEX(품목목록!$B$3:$B$302,MATCH($D27,품목목록!$A$3:$A$302,0)),"")) | F27: =IF($D27="","",IFERROR(INDEX(품목목록!$D$3:$D$302,MATCH($D27,품목목록!$A$3:$A$302,0)),"")) | G27: =IFERROR(INDEX(전개결과!$N$6:$N$1205,MATCH("R"&22,전개결과!$L$6:$L$1205,0)),"") | H27: =IF($D27="","",IFERROR(INDEX(전개결과!$Q$6:$Q$1205,MATCH("R"&22,전개결과!$L$6:$L$1205,0)),"")) | J27: =IF(발주접수!$D5="",FALSE(),IF(발주접수!$F5="세트",COUNTIF(세트구성!$G$3:$G$302,발주접수!$D5&"|"&2)>0,1=0)) -> TRUE | K27: =IF($J27=FALSE(),"",COUNTIF($J$6:$J27,TRUE())) -> 6 | L27: =IF($K27="","","R"&$K27) -> R6 | M27: =IF($J27=FALSE(),"",IF(발주접수!$F5="세트",IFERROR(INDEX(세트구성!$C$3:$C$302,MATCH(발주접수!$D5&"|"&2,세트구성!$G$3:$G$302,0)),""),발주접수!$D5)) -> P002 | N27: =IF($J27=FALSE(),"",IF(발주접수!$F5="세트",발주접수!$G5*IFERROR(INDEX(세트구성!$E$3:$E$302,MATCH(발주접수!$D5&"|"&2,세트구성!$G$3:$G$302,0)),0),발주접수!$G5)) -> 10 | O27: =IF($J27=FALSE(),"",발주접수!$B5) -> 46276 | P27: =IF($J27=FALSE(),"",발주접수!$C5) -> △△백화점 | Q27: =IF($J27=FALSE(),"",IF(발주접수!$F5="세트",발주접수!$E5&" 전개","직접 발주")) -> 선물세트 B 전개
A28: =IF($D28="","",23) | B28: =IFERROR(INDEX(전개결과!$O$6:$O$1205,MATCH("R"&23,전개결과!$L$6:$L$1205,0)),"") | C28: =IF($D28="","",IFERROR(INDEX(전개결과!$P$6:$P$1205,MATCH("R"&23,전개결과!$L$6:$L$1205,0)),"")) | D28: =IFERROR(INDEX(전개결과!$M$6:$M$1205,MATCH("R"&23,전개결과!$L$6:$L$1205,0)),"") | E28: =IF($D28="","",IFERROR(INDEX(품목목록!$B$3:$B$302,MATCH($D28,품목목록!$A$3:$A$302,0)),"")) | F28: =IF($D28="","",IFERROR(INDEX(품목목록!$D$3:$D$302,MATCH($D28,품목목록!$A$3:$A$302,0)),"")) | G28: =IFERROR(INDEX(전개결과!$N$6:$N$1205,MATCH("R"&23,전개결과!$L$6:$L$1205,0)),"") | H28: =IF($D28="","",IFERROR(INDEX(전개결과!$Q$6:$Q$1205,MATCH("R"&23,전개결과!$L$6:$L$1205,0)),"")) | J28: =IF(발주접수!$D5="",FALSE(),IF(발주접수!$F5="세트",COUNTIF(세트구성!$G$3:$G$302,발주접수!$D5&"|"&3)>0,2=0)) -> TRUE | K28: =IF($J28=FALSE(),"",COUNTIF($J$6:$J28,TRUE())) -> 7 | L28: =IF($K28="","","R"&$K28) -> R7 | M28: =IF($J28=FALSE(),"",IF(발주접수!$F5="세트",IFERROR(INDEX(세트구성!$C$3:$C$302,MATCH(발주접수!$D5&"|"&3,세트구성!$G$3:$G$302,0)),""),발주접수!$D5)) -> P003 | N28: =IF($J28=FALSE(),"",IF(발주접수!$F5="세트",발주접수!$G5*IFERROR(INDEX(세트구성!$E$3:$E$302,MATCH(발주접수!$D5&"|"&3,세트구성!$G$3:$G$302,0)),0),발주접수!$G5)) -> 5 | O28: =IF($J28=FALSE(),"",발주접수!$B5) -> 46276 | P28: =IF($J28=FALSE(),"",발주접수!$C5) -> △△백화점 | Q28: =IF($J28=FALSE(),"",IF(발주접수!$F5="세트",발주접수!$E5&" 전개","직접 발주")) -> 선물세트 B 전개
A29: =IF($D29="","",24) | B29: =IFERROR(INDEX(전개결과!$O$6:$O$1205,MATCH("R"&24,전개결과!$L$6:$L$1205,0)),"") | C29: =IF($D29="","",IFERROR(INDEX(전개결과!$P$6:$P$1205,MATCH("R"&24,전개결과!$L$6:$L$1205,0)),"")) | D29: =IFERROR(INDEX(전개결과!$M$6:$M$1205,MATCH("R"&24,전개결과!$L$6:$L$1205,0)),"") | E29: =IF($D29="","",IFERROR(INDEX(품목목록!$B$3:$B$302,MATCH($D29,품목목록!$A$3:$A$302,0)),"")) | F29: =IF($D29="","",IFERROR(INDEX(품목목록!$D$3:$D$302,MATCH($D29,품목목록!$A$3:$A$302,0)),"")) | G29: =IFERROR(INDEX(전개결과!$N$6:$N$1205,MATCH("R"&24,전개결과!$L$6:$L$1205,0)),"") | H29: =IF($D29="","",IFERROR(INDEX(전개결과!$Q$6:$Q$1205,MATCH("R"&24,전개결과!$L$6:$L$1205,0)),"")) | J29: =IF(발주접수!$D5="",FALSE(),IF(발주접수!$F5="세트",COUNTIF(세트구성!$G$3:$G$302,발주접수!$D5&"|"&4)>0,3=0)) -> FALSE | K29: =IF($J29=FALSE(),"",COUNTIF($J$6:$J29,TRUE())) | L29: =IF($K29="","","R"&$K29) | M29: =IF($J29=FALSE(),"",IF(발주접수!$F5="세트",IFERROR(INDEX(세트구성!$C$3:$C$302,MATCH(발주접수!$D5&"|"&4,세트구성!$G$3:$G$302,0)),""),발주접수!$D5)) | N29: =IF($J29=FALSE(),"",IF(발주접수!$F5="세트",발주접수!$G5*IFERROR(INDEX(세트구성!$E$3:$E$302,MATCH(발주접수!$D5&"|"&4,세트구성!$G$3:$G$302,0)),0),발주접수!$G5)) | O29: =IF($J29=FALSE(),"",발주접수!$B5) | P29: =IF($J29=FALSE(),"",발주접수!$C5) | Q29: =IF($J29=FALSE(),"",IF(발주접수!$F5="세트",발주접수!$E5&" 전개","직접 발주"))
A30: =IF($D30="","",25) | B30: =IFERROR(INDEX(전개결과!$O$6:$O$1205,MATCH("R"&25,전개결과!$L$6:$L$1205,0)),"") | C30: =IF($D30="","",IFERROR(INDEX(전개결과!$P$6:$P$1205,MATCH("R"&25,전개결과!$L$6:$L$1205,0)),"")) | D30: =IFERROR(INDEX(전개결과!$M$6:$M$1205,MATCH("R"&25,전개결과!$L$6:$L$1205,0)),"") | E30: =IF($D30="","",IFERROR(INDEX(품목목록!$B$3:$B$302,MATCH($D30,품목목록!$A$3:$A$302,0)),"")) | F30: =IF($D30="","",IFERROR(INDEX(품목목록!$D$3:$D$302,MATCH($D30,품목목록!$A$3:$A$302,0)),"")) | G30: =IFERROR(INDEX(전개결과!$N$6:$N$1205,MATCH("R"&25,전개결과!$L$6:$L$1205,0)),"") | H30: =IF($D30="","",IFERROR(INDEX(전개결과!$Q$6:$Q$1205,MATCH("R"&25,전개결과!$L$6:$L$1205,0)),"")) | J30: =IF(발주접수!$D5="",FALSE(),IF(발주접수!$F5="세트",COUNTIF(세트구성!$G$3:$G$302,발주접수!$D5&"|"&5)>0,4=0)) -> FALSE | K30: =IF($J30=FALSE(),"",COUNTIF($J$6:$J30,TRUE())) | L30: =IF($K30="","","R"&$K30) | M30: =IF($J30=FALSE(),"",IF(발주접수!$F5="세트",IFERROR(INDEX(세트구성!$C$3:$C$302,MATCH(발주접수!$D5&"|"&5,세트구성!$G$3:$G$302,0)),""),발주접수!$D5)) | N30: =IF($J30=FALSE(),"",IF(발주접수!$F5="세트",발주접수!$G5*IFERROR(INDEX(세트구성!$E$3:$E$302,MATCH(발주접수!$D5&"|"&5,세트구성!$G$3:$G$302,0)),0),발주접수!$G5)) | O30: =IF($J30=FALSE(),"",발주접수!$B5) | P30: =IF($J30=FALSE(),"",발주접수!$C5) | Q30: =IF($J30=FALSE(),"",IF(발주접수!$F5="세트",발주접수!$E5&" 전개","직접 발주"))
A31: =IF($D31="","",26) | B31: =IFERROR(INDEX(전개결과!$O$6:$O$1205,MATCH("R"&26,전개결과!$L$6:$L$1205,0)),"") | C31: =IF($D31="","",IFERROR(INDEX(전개결과!$P$6:$P$1205,MATCH("R"&26,전개결과!$L$6:$L$1205,0)),"")) | D31: =IFERROR(INDEX(전개결과!$M$6:$M$1205,MATCH("R"&26,전개결과!$L$6:$L$1205,0)),"") | E31: =IF($D31="","",IFERROR(INDEX(품목목록!$B$3:$B$302,MATCH($D31,품목목록!$A$3:$A$302,0)),"")) | F31: =IF($D31="","",IFERROR(INDEX(품목목록!$D$3:$D$302,MATCH($D31,품목목록!$A$3:$A$302,0)),"")) | G31: =IFERROR(INDEX(전개결과!$N$6:$N$1205,MATCH("R"&26,전개결과!$L$6:$L$1205,0)),"") | H31: =IF($D31="","",IFERROR(INDEX(전개결과!$Q$6:$Q$1205,MATCH("R"&26,전개결과!$L$6:$L$1205,0)),"")) | J31: =IF(발주접수!$D5="",FALSE(),IF(발주접수!$F5="세트",COUNTIF(세트구성!$G$3:$G$302,발주접수!$D5&"|"&6)>0,5=0)) -> FALSE | K31: =IF($J31=FALSE(),"",COUNTIF($J$6:$J31,TRUE())) | L31: =IF($K31="","","R"&$K31) | M31: =IF($J31=FALSE(),"",IF(발주접수!$F5="세트",IFERROR(INDEX(세트구성!$C$3:$C$302,MATCH(발주접수!$D5&"|"&6,세트구성!$G$3:$G$302,0)),""),발주접수!$D5)) | N31: =IF($J31=FALSE(),"",IF(발주접수!$F5="세트",발주접수!$G5*IFERROR(INDEX(세트구성!$E$3:$E$302,MATCH(발주접수!$D5&"|"&6,세트구성!$G$3:$G$302,0)),0),발주접수!$G5)) | O31: =IF($J31=FALSE(),"",발주접수!$B5) | P31: =IF($J31=FALSE(),"",발주접수!$C5) | Q31: =IF($J31=FALSE(),"",IF(발주접수!$F5="세트",발주접수!$E5&" 전개","직접 발주"))
A32: =IF($D32="","",27) | B32: =IFERROR(INDEX(전개결과!$O$6:$O$1205,MATCH("R"&27,전개결과!$L$6:$L$1205,0)),"") | C32: =IF($D32="","",IFERROR(INDEX(전개결과!$P$6:$P$1205,MATCH("R"&27,전개결과!$L$6:$L$1205,0)),"")) | D32: =IFERROR(INDEX(전개결과!$M$6:$M$1205,MATCH("R"&27,전개결과!$L$6:$L$1205,0)),"") | E32: =IF($D32="","",IFERROR(INDEX(품목목록!$B$3:$B$302,MATCH($D32,품목목록!$A$3:$A$302,0)),"")) | F32: =IF($D32="","",IFERROR(INDEX(품목목록!$D$3:$D$302,MATCH($D32,품목목록!$A$3:$A$302,0)),"")) | G32: =IFERROR(INDEX(전개결과!$N$6:$N$1205,MATCH("R"&27,전개결과!$L$6:$L$1205,0)),"") | H32: =IF($D32="","",IFERROR(INDEX(전개결과!$Q$6:$Q$1205,MATCH("R"&27,전개결과!$L$6:$L$1205,0)),"")) | J32: =IF(발주접수!$D5="",FALSE(),IF(발주접수!$F5="세트",COUNTIF(세트구성!$G$3:$G$302,발주접수!$D5&"|"&7)>0,6=0)) -> FALSE | K32: =IF($J32=FALSE(),"",COUNTIF($J$6:$J32,TRUE())) | L32: =IF($K32="","","R"&$K32) | M32: =IF($J32=FALSE(),"",IF(발주접수!$F5="세트",IFERROR(INDEX(세트구성!$C$3:$C$302,MATCH(발주접수!$D5&"|"&7,세트구성!$G$3:$G$302,0)),""),발주접수!$D5)) | N32: =IF($J32=FALSE(),"",IF(발주접수!$F5="세트",발주접수!$G5*IFERROR(INDEX(세트구성!$E$3:$E$302,MATCH(발주접수!$D5&"|"&7,세트구성!$G$3:$G$302,0)),0),발주접수!$G5)) | O32: =IF($J32=FALSE(),"",발주접수!$B5) | P32: =IF($J32=FALSE(),"",발주접수!$C5) | Q32: =IF($J32=FALSE(),"",IF(발주접수!$F5="세트",발주접수!$E5&" 전개","직접 발주"))
A33: =IF($D33="","",28) | B33: =IFERROR(INDEX(전개결과!$O$6:$O$1205,MATCH("R"&28,전개결과!$L$6:$L$1205,0)),"") | C33: =IF($D33="","",IFERROR(INDEX(전개결과!$P$6:$P$1205,MATCH("R"&28,전개결과!$L$6:$L$1205,0)),"")) | D33: =IFERROR(INDEX(전개결과!$M$6:$M$1205,MATCH("R"&28,전개결과!$L$6:$L$1205,0)),"") | E33: =IF($D33="","",IFERROR(INDEX(품목목록!$B$3:$B$302,MATCH($D33,품목목록!$A$3:$A$302,0)),"")) | F33: =IF($D33="","",IFERROR(INDEX(품목목록!$D$3:$D$302,MATCH($D33,품목목록!$A$3:$A$302,0)),"")) | G33: =IFERROR(INDEX(전개결과!$N$6:$N$1205,MATCH("R"&28,전개결과!$L$6:$L$1205,0)),"") | H33: =IF($D33="","",IFERROR(INDEX(전개결과!$Q$6:$Q$1205,MATCH("R"&28,전개결과!$L$6:$L$1205,0)),"")) | J33: =IF(발주접수!$D5="",FALSE(),IF(발주접수!$F5="세트",COUNTIF(세트구성!$G$3:$G$302,발주접수!$D5&"|"&8)>0,7=0)) -> FALSE | K33: =IF($J33=FALSE(),"",COUNTIF($J$6:$J33,TRUE())) | L33: =IF($K33="","","R"&$K33) | M33: =IF($J33=FALSE(),"",IF(발주접수!$F5="세트",IFERROR(INDEX(세트구성!$C$3:$C$302,MATCH(발주접수!$D5&"|"&8,세트구성!$G$3:$G$302,0)),""),발주접수!$D5)) | N33: =IF($J33=FALSE(),"",IF(발주접수!$F5="세트",발주접수!$G5*IFERROR(INDEX(세트구성!$E$3:$E$302,MATCH(발주접수!$D5&"|"&8,세트구성!$G$3:$G$302,0)),0),발주접수!$G5)) | O33: =IF($J33=FALSE(),"",발주접수!$B5) | P33: =IF($J33=FALSE(),"",발주접수!$C5) | Q33: =IF($J33=FALSE(),"",IF(발주접수!$F5="세트",발주접수!$E5&" 전개","직접 발주"))
A34: =IF($D34="","",29) | B34: =IFERROR(INDEX(전개결과!$O$6:$O$1205,MATCH("R"&29,전개결과!$L$6:$L$1205,0)),"") | C34: =IF($D34="","",IFERROR(INDEX(전개결과!$P$6:$P$1205,MATCH("R"&29,전개결과!$L$6:$L$1205,0)),"")) | D34: =IFERROR(INDEX(전개결과!$M$6:$M$1205,MATCH("R"&29,전개결과!$L$6:$L$1205,0)),"") | E34: =IF($D34="","",IFERROR(INDEX(품목목록!$B$3:$B$302,MATCH($D34,품목목록!$A$3:$A$302,0)),"")) | F34: =IF($D34="","",IFERROR(INDEX(품목목록!$D$3:$D$302,MATCH($D34,품목목록!$A$3:$A$302,0)),"")) | G34: =IFERROR(INDEX(전개결과!$N$6:$N$1205,MATCH("R"&29,전개결과!$L$6:$L$1205,0)),"") | H34: =IF($D34="","",IFERROR(INDEX(전개결과!$Q$6:$Q$1205,MATCH("R"&29,전개결과!$L$6:$L$1205,0)),"")) | J34: =IF(발주접수!$D5="",FALSE(),IF(발주접수!$F5="세트",COUNTIF(세트구성!$G$3:$G$302,발주접수!$D5&"|"&9)>0,8=0)) -> FALSE | K34: =IF($J34=FALSE(),"",COUNTIF($J$6:$J34,TRUE())) | L34: =IF($K34="","","R"&$K34) | M34: =IF($J34=FALSE(),"",IF(발주접수!$F5="세트",IFERROR(INDEX(세트구성!$C$3:$C$302,MATCH(발주접수!$D5&"|"&9,세트구성!$G$3:$G$302,0)),""),발주접수!$D5)) | N34: =IF($J34=FALSE(),"",IF(발주접수!$F5="세트",발주접수!$G5*IFERROR(INDEX(세트구성!$E$3:$E$302,MATCH(발주접수!$D5&"|"&9,세트구성!$G$3:$G$302,0)),0),발주접수!$G5)) | O34: =IF($J34=FALSE(),"",발주접수!$B5) | P34: =IF($J34=FALSE(),"",발주접수!$C5) | Q34: =IF($J34=FALSE(),"",IF(발주접수!$F5="세트",발주접수!$E5&" 전개","직접 발주"))
A35: =IF($D35="","",30) | B35: =IFERROR(INDEX(전개결과!$O$6:$O$1205,MATCH("R"&30,전개결과!$L$6:$L$1205,0)),"") | C35: =IF($D35="","",IFERROR(INDEX(전개결과!$P$6:$P$1205,MATCH("R"&30,전개결과!$L$6:$L$1205,0)),"")) | D35: =IFERROR(INDEX(전개결과!$M$6:$M$1205,MATCH("R"&30,전개결과!$L$6:$L$1205,0)),"") | E35: =IF($D35="","",IFERROR(INDEX(품목목록!$B$3:$B$302,MATCH($D35,품목목록!$A$3:$A$302,0)),"")) | F35: =IF($D35="","",IFERROR(INDEX(품목목록!$D$3:$D$302,MATCH($D35,품목목록!$A$3:$A$302,0)),"")) | G35: =IFERROR(INDEX(전개결과!$N$6:$N$1205,MATCH("R"&30,전개결과!$L$6:$L$1205,0)),"") | H35: =IF($D35="","",IFERROR(INDEX(전개결과!$Q$6:$Q$1205,MATCH("R"&30,전개결과!$L$6:$L$1205,0)),"")) | J35: =IF(발주접수!$D5="",FALSE(),IF(발주접수!$F5="세트",COUNTIF(세트구성!$G$3:$G$302,발주접수!$D5&"|"&10)>0,9=0)) -> FALSE | K35: =IF($J35=FALSE(),"",COUNTIF($J$6:$J35,TRUE())) | L35: =IF($K35="","","R"&$K35) | M35: =IF($J35=FALSE(),"",IF(발주접수!$F5="세트",IFERROR(INDEX(세트구성!$C$3:$C$302,MATCH(발주접수!$D5&"|"&10,세트구성!$G$3:$G$302,0)),""),발주접수!$D5)) | N35: =IF($J35=FALSE(),"",IF(발주접수!$F5="세트",발주접수!$G5*IFERROR(INDEX(세트구성!$E$3:$E$302,MATCH(발주접수!$D5&"|"&10,세트구성!$G$3:$G$302,0)),0),발주접수!$G5)) | O35: =IF($J35=FALSE(),"",발주접수!$B5) | P35: =IF($J35=FALSE(),"",발주접수!$C5) | Q35: =IF($J35=FALSE(),"",IF(발주접수!$F5="세트",발주접수!$E5&" 전개","직접 발주"))
A36: =IF($D36="","",31) | B36: =IFERROR(INDEX(전개결과!$O$6:$O$1205,MATCH("R"&31,전개결과!$L$6:$L$1205,0)),"") | C36: =IF($D36="","",IFERROR(INDEX(전개결과!$P$6:$P$1205,MATCH("R"&31,전개결과!$L$6:$L$1205,0)),"")) | D36: =IFERROR(INDEX(전개결과!$M$6:$M$1205,MATCH("R"&31,전개결과!$L$6:$L$1205,0)),"") | E36: =IF($D36="","",IFERROR(INDEX(품목목록!$B$3:$B$302,MATCH($D36,품목목록!$A$3:$A$302,0)),"")) | F36: =IF($D36="","",IFERROR(INDEX(품목목록!$D$3:$D$302,MATCH($D36,품목목록!$A$3:$A$302,0)),"")) | G36: =IFERROR(INDEX(전개결과!$N$6:$N$1205,MATCH("R"&31,전개결과!$L$6:$L$1205,0)),"") | H36: =IF($D36="","",IFERROR(INDEX(전개결과!$Q$6:$Q$1205,MATCH("R"&31,전개결과!$L$6:$L$1205,0)),"")) | J36: =IF(발주접수!$D6="",FALSE(),IF(발주접수!$F6="세트",COUNTIF(세트구성!$G$3:$G$302,발주접수!$D6&"|"&1)>0,0=0)) -> FALSE | K36: =IF($J36=FALSE(),"",COUNTIF($J$6:$J36,TRUE())) | L36: =IF($K36="","","R"&$K36) | M36: =IF($J36=FALSE(),"",IF(발주접수!$F6="세트",IFERROR(INDEX(세트구성!$C$3:$C$302,MATCH(발주접수!$D6&"|"&1,세트구성!$G$3:$G$302,0)),""),발주접수!$D6)) | N36: =IF($J36=FALSE(),"",IF(발주접수!$F6="세트",발주접수!$G6*IFERROR(INDEX(세트구성!$E$3:$E$302,MATCH(발주접수!$D6&"|"&1,세트구성!$G$3:$G$302,0)),0),발주접수!$G6)) | O36: =IF($J36=FALSE(),"",발주접수!$B6) | P36: =IF($J36=FALSE(),"",발주접수!$C6) | Q36: =IF($J36=FALSE(),"",IF(발주접수!$F6="세트",발주접수!$E6&" 전개","직접 발주"))
A37: =IF($D37="","",32) | B37: =IFERROR(INDEX(전개결과!$O$6:$O$1205,MATCH("R"&32,전개결과!$L$6:$L$1205,0)),"") | C37: =IF($D37="","",IFERROR(INDEX(전개결과!$P$6:$P$1205,MATCH("R"&32,전개결과!$L$6:$L$1205,0)),"")) | D37: =IFERROR(INDEX(전개결과!$M$6:$M$1205,MATCH("R"&32,전개결과!$L$6:$L$1205,0)),"") | E37: =IF($D37="","",IFERROR(INDEX(품목목록!$B$3:$B$302,MATCH($D37,품목목록!$A$3:$A$302,0)),"")) | F37: =IF($D37="","",IFERROR(INDEX(품목목록!$D$3:$D$302,MATCH($D37,품목목록!$A$3:$A$302,0)),"")) | G37: =IFERROR(INDEX(전개결과!$N$6:$N$1205,MATCH("R"&32,전개결과!$L$6:$L$1205,0)),"") | H37: =IF($D37="","",IFERROR(INDEX(전개결과!$Q$6:$Q$1205,MATCH("R"&32,전개결과!$L$6:$L$1205,0)),"")) | J37: =IF(발주접수!$D6="",FALSE(),IF(발주접수!$F6="세트",COUNTIF(세트구성!$G$3:$G$302,발주접수!$D6&"|"&2)>0,1=0)) -> FALSE | K37: =IF($J37=FALSE(),"",COUNTIF($J$6:$J37,TRUE())) | L37: =IF($K37="","","R"&$K37) | M37: =IF($J37=FALSE(),"",IF(발주접수!$F6="세트",IFERROR(INDEX(세트구성!$C$3:$C$302,MATCH(발주접수!$D6&"|"&2,세트구성!$G$3:$G$302,0)),""),발주접수!$D6)) | N37: =IF($J37=FALSE(),"",IF(발주접수!$F6="세트",발주접수!$G6*IFERROR(INDEX(세트구성!$E$3:$E$302,MATCH(발주접수!$D6&"|"&2,세트구성!$G$3:$G$302,0)),0),발주접수!$G6)) | O37: =IF($J37=FALSE(),"",발주접수!$B6) | P37: =IF($J37=FALSE(),"",발주접수!$C6) | Q37: =IF($J37=FALSE(),"",IF(발주접수!$F6="세트",발주접수!$E6&" 전개","직접 발주"))
A38: =IF($D38="","",33) | B38: =IFERROR(INDEX(전개결과!$O$6:$O$1205,MATCH("R"&33,전개결과!$L$6:$L$1205,0)),"") | C38: =IF($D38="","",IFERROR(INDEX(전개결과!$P$6:$P$1205,MATCH("R"&33,전개결과!$L$6:$L$1205,0)),"")) | D38: =IFERROR(INDEX(전개결과!$M$6:$M$1205,MATCH("R"&33,전개결과!$L$6:$L$1205,0)),"") | E38: =IF($D38="","",IFERROR(INDEX(품목목록!$B$3:$B$302,MATCH($D38,품목목록!$A$3:$A$302,0)),"")) | F38: =IF($D38="","",IFERROR(INDEX(품목목록!$D$3:$D$302,MATCH($D38,품목목록!$A$3:$A$302,0)),"")) | G38: =IFERROR(INDEX(전개결과!$N$6:$N$1205,MATCH("R"&33,전개결과!$L$6:$L$1205,0)),"") | H38: =IF($D38="","",IFERROR(INDEX(전개결과!$Q$6:$Q$1205,MATCH("R"&33,전개결과!$L$6:$L$1205,0)),"")) | J38: =IF(발주접수!$D6="",FALSE(),IF(발주접수!$F6="세트",COUNTIF(세트구성!$G$3:$G$302,발주접수!$D6&"|"&3)>0,2=0)) -> FALSE | K38: =IF($J38=FALSE(),"",COUNTIF($J$6:$J38,TRUE())) | L38: =IF($K38="","","R"&$K38) | M38: =IF($J38=FALSE(),"",IF(발주접수!$F6="세트",IFERROR(INDEX(세트구성!$C$3:$C$302,MATCH(발주접수!$D6&"|"&3,세트구성!$G$3:$G$302,0)),""),발주접수!$D6)) | N38: =IF($J38=FALSE(),"",IF(발주접수!$F6="세트",발주접수!$G6*IFERROR(INDEX(세트구성!$E$3:$E$302,MATCH(발주접수!$D6&"|"&3,세트구성!$G$3:$G$302,0)),0),발주접수!$G6)) | O38: =IF($J38=FALSE(),"",발주접수!$B6) | P38: =IF($J38=FALSE(),"",발주접수!$C6) | Q38: =IF($J38=FALSE(),"",IF(발주접수!$F6="세트",발주접수!$E6&" 전개","직접 발주"))
A39: =IF($D39="","",34) | B39: =IFERROR(INDEX(전개결과!$O$6:$O$1205,MATCH("R"&34,전개결과!$L$6:$L$1205,0)),"") | C39: =IF($D39="","",IFERROR(INDEX(전개결과!$P$6:$P$1205,MATCH("R"&34,전개결과!$L$6:$L$1205,0)),"")) | D39: =IFERROR(INDEX(전개결과!$M$6:$M$1205,MATCH("R"&34,전개결과!$L$6:$L$1205,0)),"") | E39: =IF($D39="","",IFERROR(INDEX(품목목록!$B$3:$B$302,MATCH($D39,품목목록!$A$3:$A$302,0)),"")) | F39: =IF($D39="","",IFERROR(INDEX(품목목록!$D$3:$D$302,MATCH($D39,품목목록!$A$3:$A$302,0)),"")) | G39: =IFERROR(INDEX(전개결과!$N$6:$N$1205,MATCH("R"&34,전개결과!$L$6:$L$1205,0)),"") | H39: =IF($D39="","",IFERROR(INDEX(전개결과!$Q$6:$Q$1205,MATCH("R"&34,전개결과!$L$6:$L$1205,0)),"")) | J39: =IF(발주접수!$D6="",FALSE(),IF(발주접수!$F6="세트",COUNTIF(세트구성!$G$3:$G$302,발주접수!$D6&"|"&4)>0,3=0)) -> FALSE | K39: =IF($J39=FALSE(),"",COUNTIF($J$6:$J39,TRUE())) | L39: =IF($K39="","","R"&$K39) | M39: =IF($J39=FALSE(),"",IF(발주접수!$F6="세트",IFERROR(INDEX(세트구성!$C$3:$C$302,MATCH(발주접수!$D6&"|"&4,세트구성!$G$3:$G$302,0)),""),발주접수!$D6)) | N39: =IF($J39=FALSE(),"",IF(발주접수!$F6="세트",발주접수!$G6*IFERROR(INDEX(세트구성!$E$3:$E$302,MATCH(발주접수!$D6&"|"&4,세트구성!$G$3:$G$302,0)),0),발주접수!$G6)) | O39: =IF($J39=FALSE(),"",발주접수!$B6) | P39: =IF($J39=FALSE(),"",발주접수!$C6) | Q39: =IF($J39=FALSE(),"",IF(발주접수!$F6="세트",발주접수!$E6&" 전개","직접 발주"))
A40: =IF($D40="","",35) | B40: =IFERROR(INDEX(전개결과!$O$6:$O$1205,MATCH("R"&35,전개결과!$L$6:$L$1205,0)),"") | C40: =IF($D40="","",IFERROR(INDEX(전개결과!$P$6:$P$1205,MATCH("R"&35,전개결과!$L$6:$L$1205,0)),"")) | D40: =IFERROR(INDEX(전개결과!$M$6:$M$1205,MATCH("R"&35,전개결과!$L$6:$L$1205,0)),"") | E40: =IF($D40="","",IFERROR(INDEX(품목목록!$B$3:$B$302,MATCH($D40,품목목록!$A$3:$A$302,0)),"")) | F40: =IF($D40="","",IFERROR(INDEX(품목목록!$D$3:$D$302,MATCH($D40,품목목록!$A$3:$A$302,0)),"")) | G40: =IFERROR(INDEX(전개결과!$N$6:$N$1205,MATCH("R"&35,전개결과!$L$6:$L$1205,0)),"") | H40: =IF($D40="","",IFERROR(INDEX(전개결과!$Q$6:$Q$1205,MATCH("R"&35,전개결과!$L$6:$L$1205,0)),"")) | J40: =IF(발주접수!$D6="",FALSE(),IF(발주접수!$F6="세트",COUNTIF(세트구성!$G$3:$G$302,발주접수!$D6&"|"&5)>0,4=0)) -> FALSE | K40: =IF($J40=FALSE(),"",COUNTIF($J$6:$J40,TRUE())) | L40: =IF($K40="","","R"&$K40) | M40: =IF($J40=FALSE(),"",IF(발주접수!$F6="세트",IFERROR(INDEX(세트구성!$C$3:$C$302,MATCH(발주접수!$D6&"|"&5,세트구성!$G$3:$G$302,0)),""),발주접수!$D6)) | N40: =IF($J40=FALSE(),"",IF(발주접수!$F6="세트",발주접수!$G6*IFERROR(INDEX(세트구성!$E$3:$E$302,MATCH(발주접수!$D6&"|"&5,세트구성!$G$3:$G$302,0)),0),발주접수!$G6)) | O40: =IF($J40=FALSE(),"",발주접수!$B6) | P40: =IF($J40=FALSE(),"",발주접수!$C6) | Q40: =IF($J40=FALSE(),"",IF(발주접수!$F6="세트",발주접수!$E6&" 전개","직접 발주"))
A41: =IF($D41="","",36) | B41: =IFERROR(INDEX(전개결과!$O$6:$O$1205,MATCH("R"&36,전개결과!$L$6:$L$1205,0)),"") | C41: =IF($D41="","",IFERROR(INDEX(전개결과!$P$6:$P$1205,MATCH("R"&36,전개결과!$L$6:$L$1205,0)),"")) | D41: =IFERROR(INDEX(전개결과!$M$6:$M$1205,MATCH("R"&36,전개결과!$L$6:$L$1205,0)),"") | E41: =IF($D41="","",IFERROR(INDEX(품목목록!$B$3:$B$302,MATCH($D41,품목목록!$A$3:$A$302,0)),"")) | F41: =IF($D41="","",IFERROR(INDEX(품목목록!$D$3:$D$302,MATCH($D41,품목목록!$A$3:$A$302,0)),"")) | G41: =IFERROR(INDEX(전개결과!$N$6:$N$1205,MATCH("R"&36,전개결과!$L$6:$L$1205,0)),"") | H41: =IF($D41="","",IFERROR(INDEX(전개결과!$Q$6:$Q$1205,MATCH("R"&36,전개결과!$L$6:$L$1205,0)),"")) | J41: =IF(발주접수!$D6="",FALSE(),IF(발주접수!$F6="세트",COUNTIF(세트구성!$G$3:$G$302,발주접수!$D6&"|"&6)>0,5=0)) -> FALSE | K41: =IF($J41=FALSE(),"",COUNTIF($J$6:$J41,TRUE())) | L41: =IF($K41="","","R"&$K41) | M41: =IF($J41=FALSE(),"",IF(발주접수!$F6="세트",IFERROR(INDEX(세트구성!$C$3:$C$302,MATCH(발주접수!$D6&"|"&6,세트구성!$G$3:$G$302,0)),""),발주접수!$D6)) | N41: =IF($J41=FALSE(),"",IF(발주접수!$F6="세트",발주접수!$G6*IFERROR(INDEX(세트구성!$E$3:$E$302,MATCH(발주접수!$D6&"|"&6,세트구성!$G$3:$G$302,0)),0),발주접수!$G6)) | O41: =IF($J41=FALSE(),"",발주접수!$B6) | P41: =IF($J41=FALSE(),"",발주접수!$C6) | Q41: =IF($J41=FALSE(),"",IF(발주접수!$F6="세트",발주접수!$E6&" 전개","직접 발주"))
A42: =IF($D42="","",37) | B42: =IFERROR(INDEX(전개결과!$O$6:$O$1205,MATCH("R"&37,전개결과!$L$6:$L$1205,0)),"") | C42: =IF($D42="","",IFERROR(INDEX(전개결과!$P$6:$P$1205,MATCH("R"&37,전개결과!$L$6:$L$1205,0)),"")) | D42: =IFERROR(INDEX(전개결과!$M$6:$M$1205,MATCH("R"&37,전개결과!$L$6:$L$1205,0)),"") | E42: =IF($D42="","",IFERROR(INDEX(품목목록!$B$3:$B$302,MATCH($D42,품목목록!$A$3:$A$302,0)),"")) | F42: =IF($D42="","",IFERROR(INDEX(품목목록!$D$3:$D$302,MATCH($D42,품목목록!$A$3:$A$302,0)),"")) | G42: =IFERROR(INDEX(전개결과!$N$6:$N$1205,MATCH("R"&37,전개결과!$L$6:$L$1205,0)),"") | H42: =IF($D42="","",IFERROR(INDEX(전개결과!$Q$6:$Q$1205,MATCH("R"&37,전개결과!$L$6:$L$1205,0)),"")) | J42: =IF(발주접수!$D6="",FALSE(),IF(발주접수!$F6="세트",COUNTIF(세트구성!$G$3:$G$302,발주접수!$D6&"|"&7)>0,6=0)) -> FALSE | K42: =IF($J42=FALSE(),"",COUNTIF($J$6:$J42,TRUE())) | L42: =IF($K42="","","R"&$K42) | M42: =IF($J42=FALSE(),"",IF(발주접수!$F6="세트",IFERROR(INDEX(세트구성!$C$3:$C$302,MATCH(발주접수!$D6&"|"&7,세트구성!$G$3:$G$302,0)),""),발주접수!$D6)) | N42: =IF($J42=FALSE(),"",IF(발주접수!$F6="세트",발주접수!$G6*IFERROR(INDEX(세트구성!$E$3:$E$302,MATCH(발주접수!$D6&"|"&7,세트구성!$G$3:$G$302,0)),0),발주접수!$G6)) | O42: =IF($J42=FALSE(),"",발주접수!$B6) | P42: =IF($J42=FALSE(),"",발주접수!$C6) | Q42: =IF($J42=FALSE(),"",IF(발주접수!$F6="세트",발주접수!$E6&" 전개","직접 발주"))
A43: =IF($D43="","",38) | B43: =IFERROR(INDEX(전개결과!$O$6:$O$1205,MATCH("R"&38,전개결과!$L$6:$L$1205,0)),"") | C43: =IF($D43="","",IFERROR(INDEX(전개결과!$P$6:$P$1205,MATCH("R"&38,전개결과!$L$6:$L$1205,0)),"")) | D43: =IFERROR(INDEX(전개결과!$M$6:$M$1205,MATCH("R"&38,전개결과!$L$6:$L$1205,0)),"") | E43: =IF($D43="","",IFERROR(INDEX(품목목록!$B$3:$B$302,MATCH($D43,품목목록!$A$3:$A$302,0)),"")) | F43: =IF($D43="","",IFERROR(INDEX(품목목록!$D$3:$D$302,MATCH($D43,품목목록!$A$3:$A$302,0)),"")) | G43: =IFERROR(INDEX(전개결과!$N$6:$N$1205,MATCH("R"&38,전개결과!$L$6:$L$1205,0)),"") | H43: =IF($D43="","",IFERROR(INDEX(전개결과!$Q$6:$Q$1205,MATCH("R"&38,전개결과!$L$6:$L$1205,0)),"")) | J43: =IF(발주접수!$D6="",FALSE(),IF(발주접수!$F6="세트",COUNTIF(세트구성!$G$3:$G$302,발주접수!$D6&"|"&8)>0,7=0)) -> FALSE | K43: =IF($J43=FALSE(),"",COUNTIF($J$6:$J43,TRUE())) | L43: =IF($K43="","","R"&$K43) | M43: =IF($J43=FALSE(),"",IF(발주접수!$F6="세트",IFERROR(INDEX(세트구성!$C$3:$C$302,MATCH(발주접수!$D6&"|"&8,세트구성!$G$3:$G$302,0)),""),발주접수!$D6)) | N43: =IF($J43=FALSE(),"",IF(발주접수!$F6="세트",발주접수!$G6*IFERROR(INDEX(세트구성!$E$3:$E$302,MATCH(발주접수!$D6&"|"&8,세트구성!$G$3:$G$302,0)),0),발주접수!$G6)) | O43: =IF($J43=FALSE(),"",발주접수!$B6) | P43: =IF($J43=FALSE(),"",발주접수!$C6) | Q43: =IF($J43=FALSE(),"",IF(발주접수!$F6="세트",발주접수!$E6&" 전개","직접 발주"))
A44: =IF($D44="","",39) | B44: =IFERROR(INDEX(전개결과!$O$6:$O$1205,MATCH("R"&39,전개결과!$L$6:$L$1205,0)),"") | C44: =IF($D44="","",IFERROR(INDEX(전개결과!$P$6:$P$1205,MATCH("R"&39,전개결과!$L$6:$L$1205,0)),"")) | D44: =IFERROR(INDEX(전개결과!$M$6:$M$1205,MATCH("R"&39,전개결과!$L$6:$L$1205,0)),"") | E44: =IF($D44="","",IFERROR(INDEX(품목목록!$B$3:$B$302,MATCH($D44,품목목록!$A$3:$A$302,0)),"")) | F44: =IF($D44="","",IFERROR(INDEX(품목목록!$D$3:$D$302,MATCH($D44,품목목록!$A$3:$A$302,0)),"")) | G44: =IFERROR(INDEX(전개결과!$N$6:$N$1205,MATCH("R"&39,전개결과!$L$6:$L$1205,0)),"") | H44: =IF($D44="","",IFERROR(INDEX(전개결과!$Q$6:$Q$1205,MATCH("R"&39,전개결과!$L$6:$L$1205,0)),"")) | J44: =IF(발주접수!$D6="",FALSE(),IF(발주접수!$F6="세트",COUNTIF(세트구성!$G$3:$G$302,발주접수!$D6&"|"&9)>0,8=0)) -> FALSE | K44: =IF($J44=FALSE(),"",COUNTIF($J$6:$J44,TRUE())) | L44: =IF($K44="","","R"&$K44) | M44: =IF($J44=FALSE(),"",IF(발주접수!$F6="세트",IFERROR(INDEX(세트구성!$C$3:$C$302,MATCH(발주접수!$D6&"|"&9,세트구성!$G$3:$G$302,0)),""),발주접수!$D6)) | N44: =IF($J44=FALSE(),"",IF(발주접수!$F6="세트",발주접수!$G6*IFERROR(INDEX(세트구성!$E$3:$E$302,MATCH(발주접수!$D6&"|"&9,세트구성!$G$3:$G$302,0)),0),발주접수!$G6)) | O44: =IF($J44=FALSE(),"",발주접수!$B6) | P44: =IF($J44=FALSE(),"",발주접수!$C6) | Q44: =IF($J44=FALSE(),"",IF(발주접수!$F6="세트",발주접수!$E6&" 전개","직접 발주"))
A45: =IF($D45="","",40) | B45: =IFERROR(INDEX(전개결과!$O$6:$O$1205,MATCH("R"&40,전개결과!$L$6:$L$1205,0)),"") | C45: =IF($D45="","",IFERROR(INDEX(전개결과!$P$6:$P$1205,MATCH("R"&40,전개결과!$L$6:$L$1205,0)),"")) | D45: =IFERROR(INDEX(전개결과!$M$6:$M$1205,MATCH("R"&40,전개결과!$L$6:$L$1205,0)),"") | E45: =IF($D45="","",IFERROR(INDEX(품목목록!$B$3:$B$302,MATCH($D45,품목목록!$A$3:$A$302,0)),"")) | F45: =IF($D45="","",IFERROR(INDEX(품목목록!$D$3:$D$302,MATCH($D45,품목목록!$A$3:$A$302,0)),"")) | G45: =IFERROR(INDEX(전개결과!$N$6:$N$1205,MATCH("R"&40,전개결과!$L$6:$L$1205,0)),"") | H45: =IF($D45="","",IFERROR(INDEX(전개결과!$Q$6:$Q$1205,MATCH("R"&40,전개결과!$L$6:$L$1205,0)),"")) | J45: =IF(발주접수!$D6="",FALSE(),IF(발주접수!$F6="세트",COUNTIF(세트구성!$G$3:$G$302,발주접수!$D6&"|"&10)>0,9=0)) -> FALSE | K45: =IF($J45=FALSE(),"",COUNTIF($J$6:$J45,TRUE())) | L45: =IF($K45="","","R"&$K45) | M45: =IF($J45=FALSE(),"",IF(발주접수!$F6="세트",IFERROR(INDEX(세트구성!$C$3:$C$302,MATCH(발주접수!$D6&"|"&10,세트구성!$G$3:$G$302,0)),""),발주접수!$D6)) | N45: =IF($J45=FALSE(),"",IF(발주접수!$F6="세트",발주접수!$G6*IFERROR(INDEX(세트구성!$E$3:$E$302,MATCH(발주접수!$D6&"|"&10,세트구성!$G$3:$G$302,0)),0),발주접수!$G6)) | O45: =IF($J45=FALSE(),"",발주접수!$B6) | P45: =IF($J45=FALSE(),"",발주접수!$C6) | Q45: =IF($J45=FALSE(),"",IF(발주접수!$F6="세트",발주접수!$E6&" 전개","직접 발주"))
A46: =IF($D46="","",41) | B46: =IFERROR(INDEX(전개결과!$O$6:$O$1205,MATCH("R"&41,전개결과!$L$6:$L$1205,0)),"") | C46: =IF($D46="","",IFERROR(INDEX(전개결과!$P$6:$P$1205,MATCH("R"&41,전개결과!$L$6:$L$1205,0)),"")) | D46: =IFERROR(INDEX(전개결과!$M$6:$M$1205,MATCH("R"&41,전개결과!$L$6:$L$1205,0)),"") | E46: =IF($D46="","",IFERROR(INDEX(품목목록!$B$3:$B$302,MATCH($D46,품목목록!$A$3:$A$302,0)),"")) | F46: =IF($D46="","",IFERROR(INDEX(품목목록!$D$3:$D$302,MATCH($D46,품목목록!$A$3:$A$302,0)),"")) | G46: =IFERROR(INDEX(전개결과!$N$6:$N$1205,MATCH("R"&41,전개결과!$L$6:$L$1205,0)),"") | H46: =IF($D46="","",IFERROR(INDEX(전개결과!$Q$6:$Q$1205,MATCH("R"&41,전개결과!$L$6:$L$1205,0)),"")) | J46: =IF(발주접수!$D7="",FALSE(),IF(발주접수!$F7="세트",COUNTIF(세트구성!$G$3:$G$302,발주접수!$D7&"|"&1)>0,0=0)) -> FALSE | K46: =IF($J46=FALSE(),"",COUNTIF($J$6:$J46,TRUE())) | L46: =IF($K46="","","R"&$K46) | M46: =IF($J46=FALSE(),"",IF(발주접수!$F7="세트",IFERROR(INDEX(세트구성!$C$3:$C$302,MATCH(발주접수!$D7&"|"&1,세트구성!$G$3:$G$302,0)),""),발주접수!$D7)) | N46: =IF($J46=FALSE(),"",IF(발주접수!$F7="세트",발주접수!$G7*IFERROR(INDEX(세트구성!$E$3:$E$302,MATCH(발주접수!$D7&"|"&1,세트구성!$G$3:$G$302,0)),0),발주접수!$G7)) | O46: =IF($J46=FALSE(),"",발주접수!$B7) | P46: =IF($J46=FALSE(),"",발주접수!$C7) | Q46: =IF($J46=FALSE(),"",IF(발주접수!$F7="세트",발주접수!$E7&" 전개","직접 발주"))
A47: =IF($D47="","",42) | B47: =IFERROR(INDEX(전개결과!$O$6:$O$1205,MATCH("R"&42,전개결과!$L$6:$L$1205,0)),"") | C47: =IF($D47="","",IFERROR(INDEX(전개결과!$P$6:$P$1205,MATCH("R"&42,전개결과!$L$6:$L$1205,0)),"")) | D47: =IFERROR(INDEX(전개결과!$M$6:$M$1205,MATCH("R"&42,전개결과!$L$6:$L$1205,0)),"") | E47: =IF($D47="","",IFERROR(INDEX(품목목록!$B$3:$B$302,MATCH($D47,품목목록!$A$3:$A$302,0)),"")) | F47: =IF($D47="","",IFERROR(INDEX(품목목록!$D$3:$D$302,MATCH($D47,품목목록!$A$3:$A$302,0)),"")) | G47: =IFERROR(INDEX(전개결과!$N$6:$N$1205,MATCH("R"&42,전개결과!$L$6:$L$1205,0)),"") | H47: =IF($D47="","",IFERROR(INDEX(전개결과!$Q$6:$Q$1205,MATCH("R"&42,전개결과!$L$6:$L$1205,0)),"")) | J47: =IF(발주접수!$D7="",FALSE(),IF(발주접수!$F7="세트",COUNTIF(세트구성!$G$3:$G$302,발주접수!$D7&"|"&2)>0,1=0)) -> FALSE | K47: =IF($J47=FALSE(),"",COUNTIF($J$6:$J47,TRUE())) | L47: =IF($K47="","","R"&$K47) | M47: =IF($J47=FALSE(),"",IF(발주접수!$F7="세트",IFERROR(INDEX(세트구성!$C$3:$C$302,MATCH(발주접수!$D7&"|"&2,세트구성!$G$3:$G$302,0)),""),발주접수!$D7)) | N47: =IF($J47=FALSE(),"",IF(발주접수!$F7="세트",발주접수!$G7*IFERROR(INDEX(세트구성!$E$3:$E$302,MATCH(발주접수!$D7&"|"&2,세트구성!$G$3:$G$302,0)),0),발주접수!$G7)) | O47: =IF($J47=FALSE(),"",발주접수!$B7) | P47: =IF($J47=FALSE(),"",발주접수!$C7) | Q47: =IF($J47=FALSE(),"",IF(발주접수!$F7="세트",발주접수!$E7&" 전개","직접 발주"))
A48: =IF($D48="","",43) | B48: =IFERROR(INDEX(전개결과!$O$6:$O$1205,MATCH("R"&43,전개결과!$L$6:$L$1205,0)),"") | C48: =IF($D48="","",IFERROR(INDEX(전개결과!$P$6:$P$1205,MATCH("R"&43,전개결과!$L$6:$L$1205,0)),"")) | D48: =IFERROR(INDEX(전개결과!$M$6:$M$1205,MATCH("R"&43,전개결과!$L$6:$L$1205,0)),"") | E48: =IF($D48="","",IFERROR(INDEX(품목목록!$B$3:$B$302,MATCH($D48,품목목록!$A$3:$A$302,0)),"")) | F48: =IF($D48="","",IFERROR(INDEX(품목목록!$D$3:$D$302,MATCH($D48,품목목록!$A$3:$A$302,0)),"")) | G48: =IFERROR(INDEX(전개결과!$N$6:$N$1205,MATCH("R"&43,전개결과!$L$6:$L$1205,0)),"") | H48: =IF($D48="","",IFERROR(INDEX(전개결과!$Q$6:$Q$1205,MATCH("R"&43,전개결과!$L$6:$L$1205,0)),"")) | J48: =IF(발주접수!$D7="",FALSE(),IF(발주접수!$F7="세트",COUNTIF(세트구성!$G$3:$G$302,발주접수!$D7&"|"&3)>0,2=0)) -> FALSE | K48: =IF($J48=FALSE(),"",COUNTIF($J$6:$J48,TRUE())) | L48: =IF($K48="","","R"&$K48) | M48: =IF($J48=FALSE(),"",IF(발주접수!$F7="세트",IFERROR(INDEX(세트구성!$C$3:$C$302,MATCH(발주접수!$D7&"|"&3,세트구성!$G$3:$G$302,0)),""),발주접수!$D7)) | N48: =IF($J48=FALSE(),"",IF(발주접수!$F7="세트",발주접수!$G7*IFERROR(INDEX(세트구성!$E$3:$E$302,MATCH(발주접수!$D7&"|"&3,세트구성!$G$3:$G$302,0)),0),발주접수!$G7)) | O48: =IF($J48=FALSE(),"",발주접수!$B7) | P48: =IF($J48=FALSE(),"",발주접수!$C7) | Q48: =IF($J48=FALSE(),"",IF(발주접수!$F7="세트",발주접수!$E7&" 전개","직접 발주"))
A49: =IF($D49="","",44) | B49: =IFERROR(INDEX(전개결과!$O$6:$O$1205,MATCH("R"&44,전개결과!$L$6:$L$1205,0)),"") | C49: =IF($D49="","",IFERROR(INDEX(전개결과!$P$6:$P$1205,MATCH("R"&44,전개결과!$L$6:$L$1205,0)),"")) | D49: =IFERROR(INDEX(전개결과!$M$6:$M$1205,MATCH("R"&44,전개결과!$L$6:$L$1205,0)),"") | E49: =IF($D49="","",IFERROR(INDEX(품목목록!$B$3:$B$302,MATCH($D49,품목목록!$A$3:$A$302,0)),"")) | F49: =IF($D49="","",IFERROR(INDEX(품목목록!$D$3:$D$302,MATCH($D49,품목목록!$A$3:$A$302,0)),"")) | G49: =IFERROR(INDEX(전개결과!$N$6:$N$1205,MATCH("R"&44,전개결과!$L$6:$L$1205,0)),"") | H49: =IF($D49="","",IFERROR(INDEX(전개결과!$Q$6:$Q$1205,MATCH("R"&44,전개결과!$L$6:$L$1205,0)),"")) | J49: =IF(발주접수!$D7="",FALSE(),IF(발주접수!$F7="세트",COUNTIF(세트구성!$G$3:$G$302,발주접수!$D7&"|"&4)>0,3=0)) -> FALSE | K49: =IF($J49=FALSE(),"",COUNTIF($J$6:$J49,TRUE())) | L49: =IF($K49="","","R"&$K49) | M49: =IF($J49=FALSE(),"",IF(발주접수!$F7="세트",IFERROR(INDEX(세트구성!$C$3:$C$302,MATCH(발주접수!$D7&"|"&4,세트구성!$G$3:$G$302,0)),""),발주접수!$D7)) | N49: =IF($J49=FALSE(),"",IF(발주접수!$F7="세트",발주접수!$G7*IFERROR(INDEX(세트구성!$E$3:$E$302,MATCH(발주접수!$D7&"|"&4,세트구성!$G$3:$G$302,0)),0),발주접수!$G7)) | O49: =IF($J49=FALSE(),"",발주접수!$B7) | P49: =IF($J49=FALSE(),"",발주접수!$C7) | Q49: =IF($J49=FALSE(),"",IF(발주접수!$F7="세트",발주접수!$E7&" 전개","직접 발주"))
A50: =IF($D50="","",45) | B50: =IFERROR(INDEX(전개결과!$O$6:$O$1205,MATCH("R"&45,전개결과!$L$6:$L$1205,0)),"") | C50: =IF($D50="","",IFERROR(INDEX(전개결과!$P$6:$P$1205,MATCH("R"&45,전개결과!$L$6:$L$1205,0)),"")) | D50: =IFERROR(INDEX(전개결과!$M$6:$M$1205,MATCH("R"&45,전개결과!$L$6:$L$1205,0)),"") | E50: =IF($D50="","",IFERROR(INDEX(품목목록!$B$3:$B$302,MATCH($D50,품목목록!$A$3:$A$302,0)),"")) | F50: =IF($D50="","",IFERROR(INDEX(품목목록!$D$3:$D$302,MATCH($D50,품목목록!$A$3:$A$302,0)),"")) | G50: =IFERROR(INDEX(전개결과!$N$6:$N$1205,MATCH("R"&45,전개결과!$L$6:$L$1205,0)),"") | H50: =IF($D50="","",IFERROR(INDEX(전개결과!$Q$6:$Q$1205,MATCH("R"&45,전개결과!$L$6:$L$1205,0)),"")) | J50: =IF(발주접수!$D7="",FALSE(),IF(발주접수!$F7="세트",COUNTIF(세트구성!$G$3:$G$302,발주접수!$D7&"|"&5)>0,4=0)) -> FALSE | K50: =IF($J50=FALSE(),"",COUNTIF($J$6:$J50,TRUE())) | L50: =IF($K50="","","R"&$K50) | M50: =IF($J50=FALSE(),"",IF(발주접수!$F7="세트",IFERROR(INDEX(세트구성!$C$3:$C$302,MATCH(발주접수!$D7&"|"&5,세트구성!$G$3:$G$302,0)),""),발주접수!$D7)) | N50: =IF($J50=FALSE(),"",IF(발주접수!$F7="세트",발주접수!$G7*IFERROR(INDEX(세트구성!$E$3:$E$302,MATCH(발주접수!$D7&"|"&5,세트구성!$G$3:$G$302,0)),0),발주접수!$G7)) | O50: =IF($J50=FALSE(),"",발주접수!$B7) | P50: =IF($J50=FALSE(),"",발주접수!$C7) | Q50: =IF($J50=FALSE(),"",IF(발주접수!$F7="세트",발주접수!$E7&" 전개","직접 발주"))
A51: =IF($D51="","",46) | B51: =IFERROR(INDEX(전개결과!$O$6:$O$1205,MATCH("R"&46,전개결과!$L$6:$L$1205,0)),"") | C51: =IF($D51="","",IFERROR(INDEX(전개결과!$P$6:$P$1205,MATCH("R"&46,전개결과!$L$6:$L$1205,0)),"")) | D51: =IFERROR(INDEX(전개결과!$M$6:$M$1205,MATCH("R"&46,전개결과!$L$6:$L$1205,0)),"") | E51: =IF($D51="","",IFERROR(INDEX(품목목록!$B$3:$B$302,MATCH($D51,품목목록!$A$3:$A$302,0)),"")) | F51: =IF($D51="","",IFERROR(INDEX(품목목록!$D$3:$D$302,MATCH($D51,품목목록!$A$3:$A$302,0)),"")) | G51: =IFERROR(INDEX(전개결과!$N$6:$N$1205,MATCH("R"&46,전개결과!$L$6:$L$1205,0)),"") | H51: =IF($D51="","",IFERROR(INDEX(전개결과!$Q$6:$Q$1205,MATCH("R"&46,전개결과!$L$6:$L$1205,0)),"")) | J51: =IF(발주접수!$D7="",FALSE(),IF(발주접수!$F7="세트",COUNTIF(세트구성!$G$3:$G$302,발주접수!$D7&"|"&6)>0,5=0)) -> FALSE | K51: =IF($J51=FALSE(),"",COUNTIF($J$6:$J51,TRUE())) | L51: =IF($K51="","","R"&$K51) | M51: =IF($J51=FALSE(),"",IF(발주접수!$F7="세트",IFERROR(INDEX(세트구성!$C$3:$C$302,MATCH(발주접수!$D7&"|"&6,세트구성!$G$3:$G$302,0)),""),발주접수!$D7)) | N51: =IF($J51=FALSE(),"",IF(발주접수!$F7="세트",발주접수!$G7*IFERROR(INDEX(세트구성!$E$3:$E$302,MATCH(발주접수!$D7&"|"&6,세트구성!$G$3:$G$302,0)),0),발주접수!$G7)) | O51: =IF($J51=FALSE(),"",발주접수!$B7) | P51: =IF($J51=FALSE(),"",발주접수!$C7) | Q51: =IF($J51=FALSE(),"",IF(발주접수!$F7="세트",발주접수!$E7&" 전개","직접 발주"))
A52: =IF($D52="","",47) | B52: =IFERROR(INDEX(전개결과!$O$6:$O$1205,MATCH("R"&47,전개결과!$L$6:$L$1205,0)),"") | C52: =IF($D52="","",IFERROR(INDEX(전개결과!$P$6:$P$1205,MATCH("R"&47,전개결과!$L$6:$L$1205,0)),"")) | D52: =IFERROR(INDEX(전개결과!$M$6:$M$1205,MATCH("R"&47,전개결과!$L$6:$L$1205,0)),"") | E52: =IF($D52="","",IFERROR(INDEX(품목목록!$B$3:$B$302,MATCH($D52,품목목록!$A$3:$A$302,0)),"")) | F52: =IF($D52="","",IFERROR(INDEX(품목목록!$D$3:$D$302,MATCH($D52,품목목록!$A$3:$A$302,0)),"")) | G52: =IFERROR(INDEX(전개결과!$N$6:$N$1205,MATCH("R"&47,전개결과!$L$6:$L$1205,0)),"") | H52: =IF($D52="","",IFERROR(INDEX(전개결과!$Q$6:$Q$1205,MATCH("R"&47,전개결과!$L$6:$L$1205,0)),"")) | J52: =IF(발주접수!$D7="",FALSE(),IF(발주접수!$F7="세트",COUNTIF(세트구성!$G$3:$G$302,발주접수!$D7&"|"&7)>0,6=0)) -> FALSE | K52: =IF($J52=FALSE(),"",COUNTIF($J$6:$J52,TRUE())) | L52: =IF($K52="","","R"&$K52) | M52: =IF($J52=FALSE(),"",IF(발주접수!$F7="세트",IFERROR(INDEX(세트구성!$C$3:$C$302,MATCH(발주접수!$D7&"|"&7,세트구성!$G$3:$G$302,0)),""),발주접수!$D7)) | N52: =IF($J52=FALSE(),"",IF(발주접수!$F7="세트",발주접수!$G7*IFERROR(INDEX(세트구성!$E$3:$E$302,MATCH(발주접수!$D7&"|"&7,세트구성!$G$3:$G$302,0)),0),발주접수!$G7)) | O52: =IF($J52=FALSE(),"",발주접수!$B7) | P52: =IF($J52=FALSE(),"",발주접수!$C7) | Q52: =IF($J52=FALSE(),"",IF(발주접수!$F7="세트",발주접수!$E7&" 전개","직접 발주"))
A53: =IF($D53="","",48) | B53: =IFERROR(INDEX(전개결과!$O$6:$O$1205,MATCH("R"&48,전개결과!$L$6:$L$1205,0)),"") | C53: =IF($D53="","",IFERROR(INDEX(전개결과!$P$6:$P$1205,MATCH("R"&48,전개결과!$L$6:$L$1205,0)),"")) | D53: =IFERROR(INDEX(전개결과!$M$6:$M$1205,MATCH("R"&48,전개결과!$L$6:$L$1205,0)),"") | E53: =IF($D53="","",IFERROR(INDEX(품목목록!$B$3:$B$302,MATCH($D53,품목목록!$A$3:$A$302,0)),"")) | F53: =IF($D53="","",IFERROR(INDEX(품목목록!$D$3:$D$302,MATCH($D53,품목목록!$A$3:$A$302,0)),"")) | G53: =IFERROR(INDEX(전개결과!$N$6:$N$1205,MATCH("R"&48,전개결과!$L$6:$L$1205,0)),"") | H53: =IF($D53="","",IFERROR(INDEX(전개결과!$Q$6:$Q$1205,MATCH("R"&48,전개결과!$L$6:$L$1205,0)),"")) | J53: =IF(발주접수!$D7="",FALSE(),IF(발주접수!$F7="세트",COUNTIF(세트구성!$G$3:$G$302,발주접수!$D7&"|"&8)>0,7=0)) -> FALSE | K53: =IF($J53=FALSE(),"",COUNTIF($J$6:$J53,TRUE())) | L53: =IF($K53="","","R"&$K53) | M53: =IF($J53=FALSE(),"",IF(발주접수!$F7="세트",IFERROR(INDEX(세트구성!$C$3:$C$302,MATCH(발주접수!$D7&"|"&8,세트구성!$G$3:$G$302,0)),""),발주접수!$D7)) | N53: =IF($J53=FALSE(),"",IF(발주접수!$F7="세트",발주접수!$G7*IFERROR(INDEX(세트구성!$E$3:$E$302,MATCH(발주접수!$D7&"|"&8,세트구성!$G$3:$G$302,0)),0),발주접수!$G7)) | O53: =IF($J53=FALSE(),"",발주접수!$B7) | P53: =IF($J53=FALSE(),"",발주접수!$C7) | Q53: =IF($J53=FALSE(),"",IF(발주접수!$F7="세트",발주접수!$E7&" 전개","직접 발주"))
A54: =IF($D54="","",49) | B54: =IFERROR(INDEX(전개결과!$O$6:$O$1205,MATCH("R"&49,전개결과!$L$6:$L$1205,0)),"") | C54: =IF($D54="","",IFERROR(INDEX(전개결과!$P$6:$P$1205,MATCH("R"&49,전개결과!$L$6:$L$1205,0)),"")) | D54: =IFERROR(INDEX(전개결과!$M$6:$M$1205,MATCH("R"&49,전개결과!$L$6:$L$1205,0)),"") | E54: =IF($D54="","",IFERROR(INDEX(품목목록!$B$3:$B$302,MATCH($D54,품목목록!$A$3:$A$302,0)),"")) | F54: =IF($D54="","",IFERROR(INDEX(품목목록!$D$3:$D$302,MATCH($D54,품목목록!$A$3:$A$302,0)),"")) | G54: =IFERROR(INDEX(전개결과!$N$6:$N$1205,MATCH("R"&49,전개결과!$L$6:$L$1205,0)),"") | H54: =IF($D54="","",IFERROR(INDEX(전개결과!$Q$6:$Q$1205,MATCH("R"&49,전개결과!$L$6:$L$1205,0)),"")) | J54: =IF(발주접수!$D7="",FALSE(),IF(발주접수!$F7="세트",COUNTIF(세트구성!$G$3:$G$302,발주접수!$D7&"|"&9)>0,8=0)) -> FALSE | K54: =IF($J54=FALSE(),"",COUNTIF($J$6:$J54,TRUE())) | L54: =IF($K54="","","R"&$K54) | M54: =IF($J54=FALSE(),"",IF(발주접수!$F7="세트",IFERROR(INDEX(세트구성!$C$3:$C$302,MATCH(발주접수!$D7&"|"&9,세트구성!$G$3:$G$302,0)),""),발주접수!$D7)) | N54: =IF($J54=FALSE(),"",IF(발주접수!$F7="세트",발주접수!$G7*IFERROR(INDEX(세트구성!$E$3:$E$302,MATCH(발주접수!$D7&"|"&9,세트구성!$G$3:$G$302,0)),0),발주접수!$G7)) | O54: =IF($J54=FALSE(),"",발주접수!$B7) | P54: =IF($J54=FALSE(),"",발주접수!$C7) | Q54: =IF($J54=FALSE(),"",IF(발주접수!$F7="세트",발주접수!$E7&" 전개","직접 발주"))
A55: =IF($D55="","",50) | B55: =IFERROR(INDEX(전개결과!$O$6:$O$1205,MATCH("R"&50,전개결과!$L$6:$L$1205,0)),"") | C55: =IF($D55="","",IFERROR(INDEX(전개결과!$P$6:$P$1205,MATCH("R"&50,전개결과!$L$6:$L$1205,0)),"")) | D55: =IFERROR(INDEX(전개결과!$M$6:$M$1205,MATCH("R"&50,전개결과!$L$6:$L$1205,0)),"") | E55: =IF($D55="","",IFERROR(INDEX(품목목록!$B$3:$B$302,MATCH($D55,품목목록!$A$3:$A$302,0)),"")) | F55: =IF($D55="","",IFERROR(INDEX(품목목록!$D$3:$D$302,MATCH($D55,품목목록!$A$3:$A$302,0)),"")) | G55: =IFERROR(INDEX(전개결과!$N$6:$N$1205,MATCH("R"&50,전개결과!$L$6:$L$1205,0)),"") | H55: =IF($D55="","",IFERROR(INDEX(전개결과!$Q$6:$Q$1205,MATCH("R"&50,전개결과!$L$6:$L$1205,0)),"")) | J55: =IF(발주접수!$D7="",FALSE(),IF(발주접수!$F7="세트",COUNTIF(세트구성!$G$3:$G$302,발주접수!$D7&"|"&10)>0,9=0)) -> FALSE | K55: =IF($J55=FALSE(),"",COUNTIF($J$6:$J55,TRUE())) | L55: =IF($K55="","","R"&$K55) | M55: =IF($J55=FALSE(),"",IF(발주접수!$F7="세트",IFERROR(INDEX(세트구성!$C$3:$C$302,MATCH(발주접수!$D7&"|"&10,세트구성!$G$3:$G$302,0)),""),발주접수!$D7)) | N55: =IF($J55=FALSE(),"",IF(발주접수!$F7="세트",발주접수!$G7*IFERROR(INDEX(세트구성!$E$3:$E$302,MATCH(발주접수!$D7&"|"&10,세트구성!$G$3:$G$302,0)),0),발주접수!$G7)) | O55: =IF($J55=FALSE(),"",발주접수!$B7) | P55: =IF($J55=FALSE(),"",발주접수!$C7) | Q55: =IF($J55=FALSE(),"",IF(발주접수!$F7="세트",발주접수!$E7&" 전개","직접 발주"))
A56: =IF($D56="","",51) | B56: =IFERROR(INDEX(전개결과!$O$6:$O$1205,MATCH("R"&51,전개결과!$L$6:$L$1205,0)),"") | C56: =IF($D56="","",IFERROR(INDEX(전개결과!$P$6:$P$1205,MATCH("R"&51,전개결과!$L$6:$L$1205,0)),"")) | D56: =IFERROR(INDEX(전개결과!$M$6:$M$1205,MATCH("R"&51,전개결과!$L$6:$L$1205,0)),"") | E56: =IF($D56="","",IFERROR(INDEX(품목목록!$B$3:$B$302,MATCH($D56,품목목록!$A$3:$A$302,0)),"")) | F56: =IF($D56="","",IFERROR(INDEX(품목목록!$D$3:$D$302,MATCH($D56,품목목록!$A$3:$A$302,0)),"")) | G56: =IFERROR(INDEX(전개결과!$N$6:$N$1205,MATCH("R"&51,전개결과!$L$6:$L$1205,0)),"") | H56: =IF($D56="","",IFERROR(INDEX(전개결과!$Q$6:$Q$1205,MATCH("R"&51,전개결과!$L$6:$L$1205,0)),"")) | J56: =IF(발주접수!$D8="",FALSE(),IF(발주접수!$F8="세트",COUNTIF(세트구성!$G$3:$G$302,발주접수!$D8&"|"&1)>0,0=0)) -> FALSE | K56: =IF($J56=FALSE(),"",COUNTIF($J$6:$J56,TRUE())) | L56: =IF($K56="","","R"&$K56) | M56: =IF($J56=FALSE(),"",IF(발주접수!$F8="세트",IFERROR(INDEX(세트구성!$C$3:$C$302,MATCH(발주접수!$D8&"|"&1,세트구성!$G$3:$G$302,0)),""),발주접수!$D8)) | N56: =IF($J56=FALSE(),"",IF(발주접수!$F8="세트",발주접수!$G8*IFERROR(INDEX(세트구성!$E$3:$E$302,MATCH(발주접수!$D8&"|"&1,세트구성!$G$3:$G$302,0)),0),발주접수!$G8)) | O56: =IF($J56=FALSE(),"",발주접수!$B8) | P56: =IF($J56=FALSE(),"",발주접수!$C8) | Q56: =IF($J56=FALSE(),"",IF(발주접수!$F8="세트",발주접수!$E8&" 전개","직접 발주"))
A57: =IF($D57="","",52) | B57: =IFERROR(INDEX(전개결과!$O$6:$O$1205,MATCH("R"&52,전개결과!$L$6:$L$1205,0)),"") | C57: =IF($D57="","",IFERROR(INDEX(전개결과!$P$6:$P$1205,MATCH("R"&52,전개결과!$L$6:$L$1205,0)),"")) | D57: =IFERROR(INDEX(전개결과!$M$6:$M$1205,MATCH("R"&52,전개결과!$L$6:$L$1205,0)),"") | E57: =IF($D57="","",IFERROR(INDEX(품목목록!$B$3:$B$302,MATCH($D57,품목목록!$A$3:$A$302,0)),"")) | F57: =IF($D57="","",IFERROR(INDEX(품목목록!$D$3:$D$302,MATCH($D57,품목목록!$A$3:$A$302,0)),"")) | G57: =IFERROR(INDEX(전개결과!$N$6:$N$1205,MATCH("R"&52,전개결과!$L$6:$L$1205,0)),"") | H57: =IF($D57="","",IFERROR(INDEX(전개결과!$Q$6:$Q$1205,MATCH("R"&52,전개결과!$L$6:$L$1205,0)),"")) | J57: =IF(발주접수!$D8="",FALSE(),IF(발주접수!$F8="세트",COUNTIF(세트구성!$G$3:$G$302,발주접수!$D8&"|"&2)>0,1=0)) -> FALSE | K57: =IF($J57=FALSE(),"",COUNTIF($J$6:$J57,TRUE())) | L57: =IF($K57="","","R"&$K57) | M57: =IF($J57=FALSE(),"",IF(발주접수!$F8="세트",IFERROR(INDEX(세트구성!$C$3:$C$302,MATCH(발주접수!$D8&"|"&2,세트구성!$G$3:$G$302,0)),""),발주접수!$D8)) | N57: =IF($J57=FALSE(),"",IF(발주접수!$F8="세트",발주접수!$G8*IFERROR(INDEX(세트구성!$E$3:$E$302,MATCH(발주접수!$D8&"|"&2,세트구성!$G$3:$G$302,0)),0),발주접수!$G8)) | O57: =IF($J57=FALSE(),"",발주접수!$B8) | P57: =IF($J57=FALSE(),"",발주접수!$C8) | Q57: =IF($J57=FALSE(),"",IF(발주접수!$F8="세트",발주접수!$E8&" 전개","직접 발주"))
A58: =IF($D58="","",53) | B58: =IFERROR(INDEX(전개결과!$O$6:$O$1205,MATCH("R"&53,전개결과!$L$6:$L$1205,0)),"") | C58: =IF($D58="","",IFERROR(INDEX(전개결과!$P$6:$P$1205,MATCH("R"&53,전개결과!$L$6:$L$1205,0)),"")) | D58: =IFERROR(INDEX(전개결과!$M$6:$M$1205,MATCH("R"&53,전개결과!$L$6:$L$1205,0)),"") | E58: =IF($D58="","",IFERROR(INDEX(품목목록!$B$3:$B$302,MATCH($D58,품목목록!$A$3:$A$302,0)),"")) | F58: =IF($D58="","",IFERROR(INDEX(품목목록!$D$3:$D$302,MATCH($D58,품목목록!$A$3:$A$302,0)),"")) | G58: =IFERROR(INDEX(전개결과!$N$6:$N$1205,MATCH("R"&53,전개결과!$L$6:$L$1205,0)),"") | H58: =IF($D58="","",IFERROR(INDEX(전개결과!$Q$6:$Q$1205,MATCH("R"&53,전개결과!$L$6:$L$1205,0)),"")) | J58: =IF(발주접수!$D8="",FALSE(),IF(발주접수!$F8="세트",COUNTIF(세트구성!$G$3:$G$302,발주접수!$D8&"|"&3)>0,2=0)) -> FALSE | K58: =IF($J58=FALSE(),"",COUNTIF($J$6:$J58,TRUE())) | L58: =IF($K58="","","R"&$K58) | M58: =IF($J58=FALSE(),"",IF(발주접수!$F8="세트",IFERROR(INDEX(세트구성!$C$3:$C$302,MATCH(발주접수!$D8&"|"&3,세트구성!$G$3:$G$302,0)),""),발주접수!$D8)) | N58: =IF($J58=FALSE(),"",IF(발주접수!$F8="세트",발주접수!$G8*IFERROR(INDEX(세트구성!$E$3:$E$302,MATCH(발주접수!$D8&"|"&3,세트구성!$G$3:$G$302,0)),0),발주접수!$G8)) | O58: =IF($J58=FALSE(),"",발주접수!$B8) | P58: =IF($J58=FALSE(),"",발주접수!$C8) | Q58: =IF($J58=FALSE(),"",IF(발주접수!$F8="세트",발주접수!$E8&" 전개","직접 발주"))
A59: =IF($D59="","",54) | B59: =IFERROR(INDEX(전개결과!$O$6:$O$1205,MATCH("R"&54,전개결과!$L$6:$L$1205,0)),"") | C59: =IF($D59="","",IFERROR(INDEX(전개결과!$P$6:$P$1205,MATCH("R"&54,전개결과!$L$6:$L$1205,0)),"")) | D59: =IFERROR(INDEX(전개결과!$M$6:$M$1205,MATCH("R"&54,전개결과!$L$6:$L$1205,0)),"") | E59: =IF($D59="","",IFERROR(INDEX(품목목록!$B$3:$B$302,MATCH($D59,품목목록!$A$3:$A$302,0)),"")) | F59: =IF($D59="","",IFERROR(INDEX(품목목록!$D$3:$D$302,MATCH($D59,품목목록!$A$3:$A$302,0)),"")) | G59: =IFERROR(INDEX(전개결과!$N$6:$N$1205,MATCH("R"&54,전개결과!$L$6:$L$1205,0)),"") | H59: =IF($D59="","",IFERROR(INDEX(전개결과!$Q$6:$Q$1205,MATCH("R"&54,전개결과!$L$6:$L$1205,0)),"")) | J59: =IF(발주접수!$D8="",FALSE(),IF(발주접수!$F8="세트",COUNTIF(세트구성!$G$3:$G$302,발주접수!$D8&"|"&4)>0,3=0)) -> FALSE | K59: =IF($J59=FALSE(),"",COUNTIF($J$6:$J59,TRUE())) | L59: =IF($K59="","","R"&$K59) | M59: =IF($J59=FALSE(),"",IF(발주접수!$F8="세트",IFERROR(INDEX(세트구성!$C$3:$C$302,MATCH(발주접수!$D8&"|"&4,세트구성!$G$3:$G$302,0)),""),발주접수!$D8)) | N59: =IF($J59=FALSE(),"",IF(발주접수!$F8="세트",발주접수!$G8*IFERROR(INDEX(세트구성!$E$3:$E$302,MATCH(발주접수!$D8&"|"&4,세트구성!$G$3:$G$302,0)),0),발주접수!$G8)) | O59: =IF($J59=FALSE(),"",발주접수!$B8) | P59: =IF($J59=FALSE(),"",발주접수!$C8) | Q59: =IF($J59=FALSE(),"",IF(발주접수!$F8="세트",발주접수!$E8&" 전개","직접 발주"))
A60: =IF($D60="","",55) | B60: =IFERROR(INDEX(전개결과!$O$6:$O$1205,MATCH("R"&55,전개결과!$L$6:$L$1205,0)),"") | C60: =IF($D60="","",IFERROR(INDEX(전개결과!$P$6:$P$1205,MATCH("R"&55,전개결과!$L$6:$L$1205,0)),"")) | D60: =IFERROR(INDEX(전개결과!$M$6:$M$1205,MATCH("R"&55,전개결과!$L$6:$L$1205,0)),"") | E60: =IF($D60="","",IFERROR(INDEX(품목목록!$B$3:$B$302,MATCH($D60,품목목록!$A$3:$A$302,0)),"")) | F60: =IF($D60="","",IFERROR(INDEX(품목목록!$D$3:$D$302,MATCH($D60,품목목록!$A$3:$A$302,0)),"")) | G60: =IFERROR(INDEX(전개결과!$N$6:$N$1205,MATCH("R"&55,전개결과!$L$6:$L$1205,0)),"") | H60: =IF($D60="","",IFERROR(INDEX(전개결과!$Q$6:$Q$1205,MATCH("R"&55,전개결과!$L$6:$L$1205,0)),"")) | J60: =IF(발주접수!$D8="",FALSE(),IF(발주접수!$F8="세트",COUNTIF(세트구성!$G$3:$G$302,발주접수!$D8&"|"&5)>0,4=0)) -> FALSE | K60: =IF($J60=FALSE(),"",COUNTIF($J$6:$J60,TRUE())) | L60: =IF($K60="","","R"&$K60) | M60: =IF($J60=FALSE(),"",IF(발주접수!$F8="세트",IFERROR(INDEX(세트구성!$C$3:$C$302,MATCH(발주접수!$D8&"|"&5,세트구성!$G$3:$G$302,0)),""),발주접수!$D8)) | N60: =IF($J60=FALSE(),"",IF(발주접수!$F8="세트",발주접수!$G8*IFERROR(INDEX(세트구성!$E$3:$E$302,MATCH(발주접수!$D8&"|"&5,세트구성!$G$3:$G$302,0)),0),발주접수!$G8)) | O60: =IF($J60=FALSE(),"",발주접수!$B8) | P60: =IF($J60=FALSE(),"",발주접수!$C8) | Q60: =IF($J60=FALSE(),"",IF(발주접수!$F8="세트",발주접수!$E8&" 전개","직접 발주"))
A61: =IF($D61="","",56) | B61: =IFERROR(INDEX(전개결과!$O$6:$O$1205,MATCH("R"&56,전개결과!$L$6:$L$1205,0)),"") | C61: =IF($D61="","",IFERROR(INDEX(전개결과!$P$6:$P$1205,MATCH("R"&56,전개결과!$L$6:$L$1205,0)),"")) | D61: =IFERROR(INDEX(전개결과!$M$6:$M$1205,MATCH("R"&56,전개결과!$L$6:$L$1205,0)),"") | E61: =IF($D61="","",IFERROR(INDEX(품목목록!$B$3:$B$302,MATCH($D61,품목목록!$A$3:$A$302,0)),"")) | F61: =IF($D61="","",IFERROR(INDEX(품목목록!$D$3:$D$302,MATCH($D61,품목목록!$A$3:$A$302,0)),"")) | G61: =IFERROR(INDEX(전개결과!$N$6:$N$1205,MATCH("R"&56,전개결과!$L$6:$L$1205,0)),"") | H61: =IF($D61="","",IFERROR(INDEX(전개결과!$Q$6:$Q$1205,MATCH("R"&56,전개결과!$L$6:$L$1205,0)),"")) | J61: =IF(발주접수!$D8="",FALSE(),IF(발주접수!$F8="세트",COUNTIF(세트구성!$G$3:$G$302,발주접수!$D8&"|"&6)>0,5=0)) -> FALSE | K61: =IF($J61=FALSE(),"",COUNTIF($J$6:$J61,TRUE())) | L61: =IF($K61="","","R"&$K61) | M61: =IF($J61=FALSE(),"",IF(발주접수!$F8="세트",IFERROR(INDEX(세트구성!$C$3:$C$302,MATCH(발주접수!$D8&"|"&6,세트구성!$G$3:$G$302,0)),""),발주접수!$D8)) | N61: =IF($J61=FALSE(),"",IF(발주접수!$F8="세트",발주접수!$G8*IFERROR(INDEX(세트구성!$E$3:$E$302,MATCH(발주접수!$D8&"|"&6,세트구성!$G$3:$G$302,0)),0),발주접수!$G8)) | O61: =IF($J61=FALSE(),"",발주접수!$B8) | P61: =IF($J61=FALSE(),"",발주접수!$C8) | Q61: =IF($J61=FALSE(),"",IF(발주접수!$F8="세트",발주접수!$E8&" 전개","직접 발주"))
A62: =IF($D62="","",57) | B62: =IFERROR(INDEX(전개결과!$O$6:$O$1205,MATCH("R"&57,전개결과!$L$6:$L$1205,0)),"") | C62: =IF($D62="","",IFERROR(INDEX(전개결과!$P$6:$P$1205,MATCH("R"&57,전개결과!$L$6:$L$1205,0)),"")) | D62: =IFERROR(INDEX(전개결과!$M$6:$M$1205,MATCH("R"&57,전개결과!$L$6:$L$1205,0)),"") | E62: =IF($D62="","",IFERROR(INDEX(품목목록!$B$3:$B$302,MATCH($D62,품목목록!$A$3:$A$302,0)),"")) | F62: =IF($D62="","",IFERROR(INDEX(품목목록!$D$3:$D$302,MATCH($D62,품목목록!$A$3:$A$302,0)),"")) | G62: =IFERROR(INDEX(전개결과!$N$6:$N$1205,MATCH("R"&57,전개결과!$L$6:$L$1205,0)),"") | H62: =IF($D62="","",IFERROR(INDEX(전개결과!$Q$6:$Q$1205,MATCH("R"&57,전개결과!$L$6:$L$1205,0)),"")) | J62: =IF(발주접수!$D8="",FALSE(),IF(발주접수!$F8="세트",COUNTIF(세트구성!$G$3:$G$302,발주접수!$D8&"|"&7)>0,6=0)) -> FALSE | K62: =IF($J62=FALSE(),"",COUNTIF($J$6:$J62,TRUE())) | L62: =IF($K62="","","R"&$K62) | M62: =IF($J62=FALSE(),"",IF(발주접수!$F8="세트",IFERROR(INDEX(세트구성!$C$3:$C$302,MATCH(발주접수!$D8&"|"&7,세트구성!$G$3:$G$302,0)),""),발주접수!$D8)) | N62: =IF($J62=FALSE(),"",IF(발주접수!$F8="세트",발주접수!$G8*IFERROR(INDEX(세트구성!$E$3:$E$302,MATCH(발주접수!$D8&"|"&7,세트구성!$G$3:$G$302,0)),0),발주접수!$G8)) | O62: =IF($J62=FALSE(),"",발주접수!$B8) | P62: =IF($J62=FALSE(),"",발주접수!$C8) | Q62: =IF($J62=FALSE(),"",IF(발주접수!$F8="세트",발주접수!$E8&" 전개","직접 발주"))
A63: =IF($D63="","",58) | B63: =IFERROR(INDEX(전개결과!$O$6:$O$1205,MATCH("R"&58,전개결과!$L$6:$L$1205,0)),"") | C63: =IF($D63="","",IFERROR(INDEX(전개결과!$P$6:$P$1205,MATCH("R"&58,전개결과!$L$6:$L$1205,0)),"")) | D63: =IFERROR(INDEX(전개결과!$M$6:$M$1205,MATCH("R"&58,전개결과!$L$6:$L$1205,0)),"") | E63: =IF($D63="","",IFERROR(INDEX(품목목록!$B$3:$B$302,MATCH($D63,품목목록!$A$3:$A$302,0)),"")) | F63: =IF($D63="","",IFERROR(INDEX(품목목록!$D$3:$D$302,MATCH($D63,품목목록!$A$3:$A$302,0)),"")) | G63: =IFERROR(INDEX(전개결과!$N$6:$N$1205,MATCH("R"&58,전개결과!$L$6:$L$1205,0)),"") | H63: =IF($D63="","",IFERROR(INDEX(전개결과!$Q$6:$Q$1205,MATCH("R"&58,전개결과!$L$6:$L$1205,0)),"")) | J63: =IF(발주접수!$D8="",FALSE(),IF(발주접수!$F8="세트",COUNTIF(세트구성!$G$3:$G$302,발주접수!$D8&"|"&8)>0,7=0)) -> FALSE | K63: =IF($J63=FALSE(),"",COUNTIF($J$6:$J63,TRUE())) | L63: =IF($K63="","","R"&$K63) | M63: =IF($J63=FALSE(),"",IF(발주접수!$F8="세트",IFERROR(INDEX(세트구성!$C$3:$C$302,MATCH(발주접수!$D8&"|"&8,세트구성!$G$3:$G$302,0)),""),발주접수!$D8)) | N63: =IF($J63=FALSE(),"",IF(발주접수!$F8="세트",발주접수!$G8*IFERROR(INDEX(세트구성!$E$3:$E$302,MATCH(발주접수!$D8&"|"&8,세트구성!$G$3:$G$302,0)),0),발주접수!$G8)) | O63: =IF($J63=FALSE(),"",발주접수!$B8) | P63: =IF($J63=FALSE(),"",발주접수!$C8) | Q63: =IF($J63=FALSE(),"",IF(발주접수!$F8="세트",발주접수!$E8&" 전개","직접 발주"))
A64: =IF($D64="","",59) | B64: =IFERROR(INDEX(전개결과!$O$6:$O$1205,MATCH("R"&59,전개결과!$L$6:$L$1205,0)),"") | C64: =IF($D64="","",IFERROR(INDEX(전개결과!$P$6:$P$1205,MATCH("R"&59,전개결과!$L$6:$L$1205,0)),"")) | D64: =IFERROR(INDEX(전개결과!$M$6:$M$1205,MATCH("R"&59,전개결과!$L$6:$L$1205,0)),"") | E64: =IF($D64="","",IFERROR(INDEX(품목목록!$B$3:$B$302,MATCH($D64,품목목록!$A$3:$A$302,0)),"")) | F64: =IF($D64="","",IFERROR(INDEX(품목목록!$D$3:$D$302,MATCH($D64,품목목록!$A$3:$A$302,0)),"")) | G64: =IFERROR(INDEX(전개결과!$N$6:$N$1205,MATCH("R"&59,전개결과!$L$6:$L$1205,0)),"") | H64: =IF($D64="","",IFERROR(INDEX(전개결과!$Q$6:$Q$1205,MATCH("R"&59,전개결과!$L$6:$L$1205,0)),"")) | J64: =IF(발주접수!$D8="",FALSE(),IF(발주접수!$F8="세트",COUNTIF(세트구성!$G$3:$G$302,발주접수!$D8&"|"&9)>0,8=0)) -> FALSE | K64: =IF($J64=FALSE(),"",COUNTIF($J$6:$J64,TRUE())) | L64: =IF($K64="","","R"&$K64) | M64: =IF($J64=FALSE(),"",IF(발주접수!$F8="세트",IFERROR(INDEX(세트구성!$C$3:$C$302,MATCH(발주접수!$D8&"|"&9,세트구성!$G$3:$G$302,0)),""),발주접수!$D8)) | N64: =IF($J64=FALSE(),"",IF(발주접수!$F8="세트",발주접수!$G8*IFERROR(INDEX(세트구성!$E$3:$E$302,MATCH(발주접수!$D8&"|"&9,세트구성!$G$3:$G$302,0)),0),발주접수!$G8)) | O64: =IF($J64=FALSE(),"",발주접수!$B8) | P64: =IF($J64=FALSE(),"",발주접수!$C8) | Q64: =IF($J64=FALSE(),"",IF(발주접수!$F8="세트",발주접수!$E8&" 전개","직접 발주"))
A65: =IF($D65="","",60) | B65: =IFERROR(INDEX(전개결과!$O$6:$O$1205,MATCH("R"&60,전개결과!$L$6:$L$1205,0)),"") | C65: =IF($D65="","",IFERROR(INDEX(전개결과!$P$6:$P$1205,MATCH("R"&60,전개결과!$L$6:$L$1205,0)),"")) | D65: =IFERROR(INDEX(전개결과!$M$6:$M$1205,MATCH("R"&60,전개결과!$L$6:$L$1205,0)),"") | E65: =IF($D65="","",IFERROR(INDEX(품목목록!$B$3:$B$302,MATCH($D65,품목목록!$A$3:$A$302,0)),"")) | F65: =IF($D65="","",IFERROR(INDEX(품목목록!$D$3:$D$302,MATCH($D65,품목목록!$A$3:$A$302,0)),"")) | G65: =IFERROR(INDEX(전개결과!$N$6:$N$1205,MATCH("R"&60,전개결과!$L$6:$L$1205,0)),"") | H65: =IF($D65="","",IFERROR(INDEX(전개결과!$Q$6:$Q$1205,MATCH("R"&60,전개결과!$L$6:$L$1205,0)),"")) | J65: =IF(발주접수!$D8="",FALSE(),IF(발주접수!$F8="세트",COUNTIF(세트구성!$G$3:$G$302,발주접수!$D8&"|"&10)>0,9=0)) -> FALSE | K65: =IF($J65=FALSE(),"",COUNTIF($J$6:$J65,TRUE())) | L65: =IF($K65="","","R"&$K65) | M65: =IF($J65=FALSE(),"",IF(발주접수!$F8="세트",IFERROR(INDEX(세트구성!$C$3:$C$302,MATCH(발주접수!$D8&"|"&10,세트구성!$G$3:$G$302,0)),""),발주접수!$D8)) | N65: =IF($J65=FALSE(),"",IF(발주접수!$F8="세트",발주접수!$G8*IFERROR(INDEX(세트구성!$E$3:$E$302,MATCH(발주접수!$D8&"|"&10,세트구성!$G$3:$G$302,0)),0),발주접수!$G8)) | O65: =IF($J65=FALSE(),"",발주접수!$B8) | P65: =IF($J65=FALSE(),"",발주접수!$C8) | Q65: =IF($J65=FALSE(),"",IF(발주접수!$F8="세트",발주접수!$E8&" 전개","직접 발주"))
A66: =IF($D66="","",61) | B66: =IFERROR(INDEX(전개결과!$O$6:$O$1205,MATCH("R"&61,전개결과!$L$6:$L$1205,0)),"") | C66: =IF($D66="","",IFERROR(INDEX(전개결과!$P$6:$P$1205,MATCH("R"&61,전개결과!$L$6:$L$1205,0)),"")) | D66: =IFERROR(INDEX(전개결과!$M$6:$M$1205,MATCH("R"&61,전개결과!$L$6:$L$1205,0)),"") | E66: =IF($D66="","",IFERROR(INDEX(품목목록!$B$3:$B$302,MATCH($D66,품목목록!$A$3:$A$302,0)),"")) | F66: =IF($D66="","",IFERROR(INDEX(품목목록!$D$3:$D$302,MATCH($D66,품목목록!$A$3:$A$302,0)),"")) | G66: =IFERROR(INDEX(전개결과!$N$6:$N$1205,MATCH("R"&61,전개결과!$L$6:$L$1205,0)),"") | H66: =IF($D66="","",IFERROR(INDEX(전개결과!$Q$6:$Q$1205,MATCH("R"&61,전개결과!$L$6:$L$1205,0)),"")) | J66: =IF(발주접수!$D9="",FALSE(),IF(발주접수!$F9="세트",COUNTIF(세트구성!$G$3:$G$302,발주접수!$D9&"|"&1)>0,0=0)) -> FALSE | K66: =IF($J66=FALSE(),"",COUNTIF($J$6:$J66,TRUE())) | L66: =IF($K66="","","R"&$K66) | M66: =IF($J66=FALSE(),"",IF(발주접수!$F9="세트",IFERROR(INDEX(세트구성!$C$3:$C$302,MATCH(발주접수!$D9&"|"&1,세트구성!$G$3:$G$302,0)),""),발주접수!$D9)) | N66: =IF($J66=FALSE(),"",IF(발주접수!$F9="세트",발주접수!$G9*IFERROR(INDEX(세트구성!$E$3:$E$302,MATCH(발주접수!$D9&"|"&1,세트구성!$G$3:$G$302,0)),0),발주접수!$G9)) | O66: =IF($J66=FALSE(),"",발주접수!$B9) | P66: =IF($J66=FALSE(),"",발주접수!$C9) | Q66: =IF($J66=FALSE(),"",IF(발주접수!$F9="세트",발주접수!$E9&" 전개","직접 발주"))
A67: =IF($D67="","",62) | B67: =IFERROR(INDEX(전개결과!$O$6:$O$1205,MATCH("R"&62,전개결과!$L$6:$L$1205,0)),"") | C67: =IF($D67="","",IFERROR(INDEX(전개결과!$P$6:$P$1205,MATCH("R"&62,전개결과!$L$6:$L$1205,0)),"")) | D67: =IFERROR(INDEX(전개결과!$M$6:$M$1205,MATCH("R"&62,전개결과!$L$6:$L$1205,0)),"") | E67: =IF($D67="","",IFERROR(INDEX(품목목록!$B$3:$B$302,MATCH($D67,품목목록!$A$3:$A$302,0)),"")) | F67: =IF($D67="","",IFERROR(INDEX(품목목록!$D$3:$D$302,MATCH($D67,품목목록!$A$3:$A$302,0)),"")) | G67: =IFERROR(INDEX(전개결과!$N$6:$N$1205,MATCH("R"&62,전개결과!$L$6:$L$1205,0)),"") | H67: =IF($D67="","",IFERROR(INDEX(전개결과!$Q$6:$Q$1205,MATCH("R"&62,전개결과!$L$6:$L$1205,0)),"")) | J67: =IF(발주접수!$D9="",FALSE(),IF(발주접수!$F9="세트",COUNTIF(세트구성!$G$3:$G$302,발주접수!$D9&"|"&2)>0,1=0)) -> FALSE | K67: =IF($J67=FALSE(),"",COUNTIF($J$6:$J67,TRUE())) | L67: =IF($K67="","","R"&$K67) | M67: =IF($J67=FALSE(),"",IF(발주접수!$F9="세트",IFERROR(INDEX(세트구성!$C$3:$C$302,MATCH(발주접수!$D9&"|"&2,세트구성!$G$3:$G$302,0)),""),발주접수!$D9)) | N67: =IF($J67=FALSE(),"",IF(발주접수!$F9="세트",발주접수!$G9*IFERROR(INDEX(세트구성!$E$3:$E$302,MATCH(발주접수!$D9&"|"&2,세트구성!$G$3:$G$302,0)),0),발주접수!$G9)) | O67: =IF($J67=FALSE(),"",발주접수!$B9) | P67: =IF($J67=FALSE(),"",발주접수!$C9) | Q67: =IF($J67=FALSE(),"",IF(발주접수!$F9="세트",발주접수!$E9&" 전개","직접 발주"))
A68: =IF($D68="","",63) | B68: =IFERROR(INDEX(전개결과!$O$6:$O$1205,MATCH("R"&63,전개결과!$L$6:$L$1205,0)),"") | C68: =IF($D68="","",IFERROR(INDEX(전개결과!$P$6:$P$1205,MATCH("R"&63,전개결과!$L$6:$L$1205,0)),"")) | D68: =IFERROR(INDEX(전개결과!$M$6:$M$1205,MATCH("R"&63,전개결과!$L$6:$L$1205,0)),"") | E68: =IF($D68="","",IFERROR(INDEX(품목목록!$B$3:$B$302,MATCH($D68,품목목록!$A$3:$A$302,0)),"")) | F68: =IF($D68="","",IFERROR(INDEX(품목목록!$D$3:$D$302,MATCH($D68,품목목록!$A$3:$A$302,0)),"")) | G68: =IFERROR(INDEX(전개결과!$N$6:$N$1205,MATCH("R"&63,전개결과!$L$6:$L$1205,0)),"") | H68: =IF($D68="","",IFERROR(INDEX(전개결과!$Q$6:$Q$1205,MATCH("R"&63,전개결과!$L$6:$L$1205,0)),"")) | J68: =IF(발주접수!$D9="",FALSE(),IF(발주접수!$F9="세트",COUNTIF(세트구성!$G$3:$G$302,발주접수!$D9&"|"&3)>0,2=0)) -> FALSE | K68: =IF($J68=FALSE(),"",COUNTIF($J$6:$J68,TRUE())) | L68: =IF($K68="","","R"&$K68) | M68: =IF($J68=FALSE(),"",IF(발주접수!$F9="세트",IFERROR(INDEX(세트구성!$C$3:$C$302,MATCH(발주접수!$D9&"|"&3,세트구성!$G$3:$G$302,0)),""),발주접수!$D9)) | N68: =IF($J68=FALSE(),"",IF(발주접수!$F9="세트",발주접수!$G9*IFERROR(INDEX(세트구성!$E$3:$E$302,MATCH(발주접수!$D9&"|"&3,세트구성!$G$3:$G$302,0)),0),발주접수!$G9)) | O68: =IF($J68=FALSE(),"",발주접수!$B9) | P68: =IF($J68=FALSE(),"",발주접수!$C9) | Q68: =IF($J68=FALSE(),"",IF(발주접수!$F9="세트",발주접수!$E9&" 전개","직접 발주"))
A69: =IF($D69="","",64) | B69: =IFERROR(INDEX(전개결과!$O$6:$O$1205,MATCH("R"&64,전개결과!$L$6:$L$1205,0)),"") | C69: =IF($D69="","",IFERROR(INDEX(전개결과!$P$6:$P$1205,MATCH("R"&64,전개결과!$L$6:$L$1205,0)),"")) | D69: =IFERROR(INDEX(전개결과!$M$6:$M$1205,MATCH("R"&64,전개결과!$L$6:$L$1205,0)),"") | E69: =IF($D69="","",IFERROR(INDEX(품목목록!$B$3:$B$302,MATCH($D69,품목목록!$A$3:$A$302,0)),"")) | F69: =IF($D69="","",IFERROR(INDEX(품목목록!$D$3:$D$302,MATCH($D69,품목목록!$A$3:$A$302,0)),"")) | G69: =IFERROR(INDEX(전개결과!$N$6:$N$1205,MATCH("R"&64,전개결과!$L$6:$L$1205,0)),"") | H69: =IF($D69="","",IFERROR(INDEX(전개결과!$Q$6:$Q$1205,MATCH("R"&64,전개결과!$L$6:$L$1205,0)),"")) | J69: =IF(발주접수!$D9="",FALSE(),IF(발주접수!$F9="세트",COUNTIF(세트구성!$G$3:$G$302,발주접수!$D9&"|"&4)>0,3=0)) -> FALSE | K69: =IF($J69=FALSE(),"",COUNTIF($J$6:$J69,TRUE())) | L69: =IF($K69="","","R"&$K69) | M69: =IF($J69=FALSE(),"",IF(발주접수!$F9="세트",IFERROR(INDEX(세트구성!$C$3:$C$302,MATCH(발주접수!$D9&"|"&4,세트구성!$G$3:$G$302,0)),""),발주접수!$D9)) | N69: =IF($J69=FALSE(),"",IF(발주접수!$F9="세트",발주접수!$G9*IFERROR(INDEX(세트구성!$E$3:$E$302,MATCH(발주접수!$D9&"|"&4,세트구성!$G$3:$G$302,0)),0),발주접수!$G9)) | O69: =IF($J69=FALSE(),"",발주접수!$B9) | P69: =IF($J69=FALSE(),"",발주접수!$C9) | Q69: =IF($J69=FALSE(),"",IF(발주접수!$F9="세트",발주접수!$E9&" 전개","직접 발주"))
A70: =IF($D70="","",65) | B70: =IFERROR(INDEX(전개결과!$O$6:$O$1205,MATCH("R"&65,전개결과!$L$6:$L$1205,0)),"") | C70: =IF($D70="","",IFERROR(INDEX(전개결과!$P$6:$P$1205,MATCH("R"&65,전개결과!$L$6:$L$1205,0)),"")) | D70: =IFERROR(INDEX(전개결과!$M$6:$M$1205,MATCH("R"&65,전개결과!$L$6:$L$1205,0)),"") | E70: =IF($D70="","",IFERROR(INDEX(품목목록!$B$3:$B$302,MATCH($D70,품목목록!$A$3:$A$302,0)),"")) | F70: =IF($D70="","",IFERROR(INDEX(품목목록!$D$3:$D$302,MATCH($D70,품목목록!$A$3:$A$302,0)),"")) | G70: =IFERROR(INDEX(전개결과!$N$6:$N$1205,MATCH("R"&65,전개결과!$L$6:$L$1205,0)),"") | H70: =IF($D70="","",IFERROR(INDEX(전개결과!$Q$6:$Q$1205,MATCH("R"&65,전개결과!$L$6:$L$1205,0)),"")) | J70: =IF(발주접수!$D9="",FALSE(),IF(발주접수!$F9="세트",COUNTIF(세트구성!$G$3:$G$302,발주접수!$D9&"|"&5)>0,4=0)) -> FALSE | K70: =IF($J70=FALSE(),"",COUNTIF($J$6:$J70,TRUE())) | L70: =IF($K70="","","R"&$K70) | M70: =IF($J70=FALSE(),"",IF(발주접수!$F9="세트",IFERROR(INDEX(세트구성!$C$3:$C$302,MATCH(발주접수!$D9&"|"&5,세트구성!$G$3:$G$302,0)),""),발주접수!$D9)) | N70: =IF($J70=FALSE(),"",IF(발주접수!$F9="세트",발주접수!$G9*IFERROR(INDEX(세트구성!$E$3:$E$302,MATCH(발주접수!$D9&"|"&5,세트구성!$G$3:$G$302,0)),0),발주접수!$G9)) | O70: =IF($J70=FALSE(),"",발주접수!$B9) | P70: =IF($J70=FALSE(),"",발주접수!$C9) | Q70: =IF($J70=FALSE(),"",IF(발주접수!$F9="세트",발주접수!$E9&" 전개","직접 발주"))
A71: =IF($D71="","",66) | B71: =IFERROR(INDEX(전개결과!$O$6:$O$1205,MATCH("R"&66,전개결과!$L$6:$L$1205,0)),"") | C71: =IF($D71="","",IFERROR(INDEX(전개결과!$P$6:$P$1205,MATCH("R"&66,전개결과!$L$6:$L$1205,0)),"")) | D71: =IFERROR(INDEX(전개결과!$M$6:$M$1205,MATCH("R"&66,전개결과!$L$6:$L$1205,0)),"") | E71: =IF($D71="","",IFERROR(INDEX(품목목록!$B$3:$B$302,MATCH($D71,품목목록!$A$3:$A$302,0)),"")) | F71: =IF($D71="","",IFERROR(INDEX(품목목록!$D$3:$D$302,MATCH($D71,품목목록!$A$3:$A$302,0)),"")) | G71: =IFERROR(INDEX(전개결과!$N$6:$N$1205,MATCH("R"&66,전개결과!$L$6:$L$1205,0)),"") | H71: =IF($D71="","",IFERROR(INDEX(전개결과!$Q$6:$Q$1205,MATCH("R"&66,전개결과!$L$6:$L$1205,0)),"")) | J71: =IF(발주접수!$D9="",FALSE(),IF(발주접수!$F9="세트",COUNTIF(세트구성!$G$3:$G$302,발주접수!$D9&"|"&6)>0,5=0)) -> FALSE | K71: =IF($J71=FALSE(),"",COUNTIF($J$6:$J71,TRUE())) | L71: =IF($K71="","","R"&$K71) | M71: =IF($J71=FALSE(),"",IF(발주접수!$F9="세트",IFERROR(INDEX(세트구성!$C$3:$C$302,MATCH(발주접수!$D9&"|"&6,세트구성!$G$3:$G$302,0)),""),발주접수!$D9)) | N71: =IF($J71=FALSE(),"",IF(발주접수!$F9="세트",발주접수!$G9*IFERROR(INDEX(세트구성!$E$3:$E$302,MATCH(발주접수!$D9&"|"&6,세트구성!$G$3:$G$302,0)),0),발주접수!$G9)) | O71: =IF($J71=FALSE(),"",발주접수!$B9) | P71: =IF($J71=FALSE(),"",발주접수!$C9) | Q71: =IF($J71=FALSE(),"",IF(발주접수!$F9="세트",발주접수!$E9&" 전개","직접 발주"))
A72: =IF($D72="","",67) | B72: =IFERROR(INDEX(전개결과!$O$6:$O$1205,MATCH("R"&67,전개결과!$L$6:$L$1205,0)),"") | C72: =IF($D72="","",IFERROR(INDEX(전개결과!$P$6:$P$1205,MATCH("R"&67,전개결과!$L$6:$L$1205,0)),"")) | D72: =IFERROR(INDEX(전개결과!$M$6:$M$1205,MATCH("R"&67,전개결과!$L$6:$L$1205,0)),"") | E72: =IF($D72="","",IFERROR(INDEX(품목목록!$B$3:$B$302,MATCH($D72,품목목록!$A$3:$A$302,0)),"")) | F72: =IF($D72="","",IFERROR(INDEX(품목목록!$D$3:$D$302,MATCH($D72,품목목록!$A$3:$A$302,0)),"")) | G72: =IFERROR(INDEX(전개결과!$N$6:$N$1205,MATCH("R"&67,전개결과!$L$6:$L$1205,0)),"") | H72: =IF($D72="","",IFERROR(INDEX(전개결과!$Q$6:$Q$1205,MATCH("R"&67,전개결과!$L$6:$L$1205,0)),"")) | J72: =IF(발주접수!$D9="",FALSE(),IF(발주접수!$F9="세트",COUNTIF(세트구성!$G$3:$G$302,발주접수!$D9&"|"&7)>0,6=0)) -> FALSE | K72: =IF($J72=FALSE(),"",COUNTIF($J$6:$J72,TRUE())) | L72: =IF($K72="","","R"&$K72) | M72: =IF($J72=FALSE(),"",IF(발주접수!$F9="세트",IFERROR(INDEX(세트구성!$C$3:$C$302,MATCH(발주접수!$D9&"|"&7,세트구성!$G$3:$G$302,0)),""),발주접수!$D9)) | N72: =IF($J72=FALSE(),"",IF(발주접수!$F9="세트",발주접수!$G9*IFERROR(INDEX(세트구성!$E$3:$E$302,MATCH(발주접수!$D9&"|"&7,세트구성!$G$3:$G$302,0)),0),발주접수!$G9)) | O72: =IF($J72=FALSE(),"",발주접수!$B9) | P72: =IF($J72=FALSE(),"",발주접수!$C9) | Q72: =IF($J72=FALSE(),"",IF(발주접수!$F9="세트",발주접수!$E9&" 전개","직접 발주"))
A73: =IF($D73="","",68) | B73: =IFERROR(INDEX(전개결과!$O$6:$O$1205,MATCH("R"&68,전개결과!$L$6:$L$1205,0)),"") | C73: =IF($D73="","",IFERROR(INDEX(전개결과!$P$6:$P$1205,MATCH("R"&68,전개결과!$L$6:$L$1205,0)),"")) | D73: =IFERROR(INDEX(전개결과!$M$6:$M$1205,MATCH("R"&68,전개결과!$L$6:$L$1205,0)),"") | E73: =IF($D73="","",IFERROR(INDEX(품목목록!$B$3:$B$302,MATCH($D73,품목목록!$A$3:$A$302,0)),"")) | F73: =IF($D73="","",IFERROR(INDEX(품목목록!$D$3:$D$302,MATCH($D73,품목목록!$A$3:$A$302,0)),"")) | G73: =IFERROR(INDEX(전개결과!$N$6:$N$1205,MATCH("R"&68,전개결과!$L$6:$L$1205,0)),"") | H73: =IF($D73="","",IFERROR(INDEX(전개결과!$Q$6:$Q$1205,MATCH("R"&68,전개결과!$L$6:$L$1205,0)),"")) | J73: =IF(발주접수!$D9="",FALSE(),IF(발주접수!$F9="세트",COUNTIF(세트구성!$G$3:$G$302,발주접수!$D9&"|"&8)>0,7=0)) -> FALSE | K73: =IF($J73=FALSE(),"",COUNTIF($J$6:$J73,TRUE())) | L73: =IF($K73="","","R"&$K73) | M73: =IF($J73=FALSE(),"",IF(발주접수!$F9="세트",IFERROR(INDEX(세트구성!$C$3:$C$302,MATCH(발주접수!$D9&"|"&8,세트구성!$G$3:$G$302,0)),""),발주접수!$D9)) | N73: =IF($J73=FALSE(),"",IF(발주접수!$F9="세트",발주접수!$G9*IFERROR(INDEX(세트구성!$E$3:$E$302,MATCH(발주접수!$D9&"|"&8,세트구성!$G$3:$G$302,0)),0),발주접수!$G9)) | O73: =IF($J73=FALSE(),"",발주접수!$B9) | P73: =IF($J73=FALSE(),"",발주접수!$C9) | Q73: =IF($J73=FALSE(),"",IF(발주접수!$F9="세트",발주접수!$E9&" 전개","직접 발주"))
A74: =IF($D74="","",69) | B74: =IFERROR(INDEX(전개결과!$O$6:$O$1205,MATCH("R"&69,전개결과!$L$6:$L$1205,0)),"") | C74: =IF($D74="","",IFERROR(INDEX(전개결과!$P$6:$P$1205,MATCH("R"&69,전개결과!$L$6:$L$1205,0)),"")) | D74: =IFERROR(INDEX(전개결과!$M$6:$M$1205,MATCH("R"&69,전개결과!$L$6:$L$1205,0)),"") | E74: =IF($D74="","",IFERROR(INDEX(품목목록!$B$3:$B$302,MATCH($D74,품목목록!$A$3:$A$302,0)),"")) | F74: =IF($D74="","",IFERROR(INDEX(품목목록!$D$3:$D$302,MATCH($D74,품목목록!$A$3:$A$302,0)),"")) | G74: =IFERROR(INDEX(전개결과!$N$6:$N$1205,MATCH("R"&69,전개결과!$L$6:$L$1205,0)),"") | H74: =IF($D74="","",IFERROR(INDEX(전개결과!$Q$6:$Q$1205,MATCH("R"&69,전개결과!$L$6:$L$1205,0)),"")) | J74: =IF(발주접수!$D9="",FALSE(),IF(발주접수!$F9="세트",COUNTIF(세트구성!$G$3:$G$302,발주접수!$D9&"|"&9)>0,8=0)) -> FALSE | K74: =IF($J74=FALSE(),"",COUNTIF($J$6:$J74,TRUE())) | L74: =IF($K74="","","R"&$K74) | M74: =IF($J74=FALSE(),"",IF(발주접수!$F9="세트",IFERROR(INDEX(세트구성!$C$3:$C$302,MATCH(발주접수!$D9&"|"&9,세트구성!$G$3:$G$302,0)),""),발주접수!$D9)) | N74: =IF($J74=FALSE(),"",IF(발주접수!$F9="세트",발주접수!$G9*IFERROR(INDEX(세트구성!$E$3:$E$302,MATCH(발주접수!$D9&"|"&9,세트구성!$G$3:$G$302,0)),0),발주접수!$G9)) | O74: =IF($J74=FALSE(),"",발주접수!$B9) | P74: =IF($J74=FALSE(),"",발주접수!$C9) | Q74: =IF($J74=FALSE(),"",IF(발주접수!$F9="세트",발주접수!$E9&" 전개","직접 발주"))
A75: =IF($D75="","",70) | B75: =IFERROR(INDEX(전개결과!$O$6:$O$1205,MATCH("R"&70,전개결과!$L$6:$L$1205,0)),"") | C75: =IF($D75="","",IFERROR(INDEX(전개결과!$P$6:$P$1205,MATCH("R"&70,전개결과!$L$6:$L$1205,0)),"")) | D75: =IFERROR(INDEX(전개결과!$M$6:$M$1205,MATCH("R"&70,전개결과!$L$6:$L$1205,0)),"") | E75: =IF($D75="","",IFERROR(INDEX(품목목록!$B$3:$B$302,MATCH($D75,품목목록!$A$3:$A$302,0)),"")) | F75: =IF($D75="","",IFERROR(INDEX(품목목록!$D$3:$D$302,MATCH($D75,품목목록!$A$3:$A$302,0)),"")) | G75: =IFERROR(INDEX(전개결과!$N$6:$N$1205,MATCH("R"&70,전개결과!$L$6:$L$1205,0)),"") | H75: =IF($D75="","",IFERROR(INDEX(전개결과!$Q$6:$Q$1205,MATCH("R"&70,전개결과!$L$6:$L$1205,0)),"")) | J75: =IF(발주접수!$D9="",FALSE(),IF(발주접수!$F9="세트",COUNTIF(세트구성!$G$3:$G$302,발주접수!$D9&"|"&10)>0,9=0)) -> FALSE | K75: =IF($J75=FALSE(),"",COUNTIF($J$6:$J75,TRUE())) | L75: =IF($K75="","","R"&$K75) | M75: =IF($J75=FALSE(),"",IF(발주접수!$F9="세트",IFERROR(INDEX(세트구성!$C$3:$C$302,MATCH(발주접수!$D9&"|"&10,세트구성!$G$3:$G$302,0)),""),발주접수!$D9)) | N75: =IF($J75=FALSE(),"",IF(발주접수!$F9="세트",발주접수!$G9*IFERROR(INDEX(세트구성!$E$3:$E$302,MATCH(발주접수!$D9&"|"&10,세트구성!$G$3:$G$302,0)),0),발주접수!$G9)) | O75: =IF($J75=FALSE(),"",발주접수!$B9) | P75: =IF($J75=FALSE(),"",발주접수!$C9) | Q75: =IF($J75=FALSE(),"",IF(발주접수!$F9="세트",발주접수!$E9&" 전개","직접 발주"))
A76: =IF($D76="","",71) | B76: =IFERROR(INDEX(전개결과!$O$6:$O$1205,MATCH("R"&71,전개결과!$L$6:$L$1205,0)),"") | C76: =IF($D76="","",IFERROR(INDEX(전개결과!$P$6:$P$1205,MATCH("R"&71,전개결과!$L$6:$L$1205,0)),"")) | D76: =IFERROR(INDEX(전개결과!$M$6:$M$1205,MATCH("R"&71,전개결과!$L$6:$L$1205,0)),"") | E76: =IF($D76="","",IFERROR(INDEX(품목목록!$B$3:$B$302,MATCH($D76,품목목록!$A$3:$A$302,0)),"")) | F76: =IF($D76="","",IFERROR(INDEX(품목목록!$D$3:$D$302,MATCH($D76,품목목록!$A$3:$A$302,0)),"")) | G76: =IFERROR(INDEX(전개결과!$N$6:$N$1205,MATCH("R"&71,전개결과!$L$6:$L$1205,0)),"") | H76: =IF($D76="","",IFERROR(INDEX(전개결과!$Q$6:$Q$1205,MATCH("R"&71,전개결과!$L$6:$L$1205,0)),"")) | J76: =IF(발주접수!$D10="",FALSE(),IF(발주접수!$F10="세트",COUNTIF(세트구성!$G$3:$G$302,발주접수!$D10&"|"&1)>0,0=0)) -> FALSE | K76: =IF($J76=FALSE(),"",COUNTIF($J$6:$J76,TRUE())) | L76: =IF($K76="","","R"&$K76) | M76: =IF($J76=FALSE(),"",IF(발주접수!$F10="세트",IFERROR(INDEX(세트구성!$C$3:$C$302,MATCH(발주접수!$D10&"|"&1,세트구성!$G$3:$G$302,0)),""),발주접수!$D10)) | N76: =IF($J76=FALSE(),"",IF(발주접수!$F10="세트",발주접수!$G10*IFERROR(INDEX(세트구성!$E$3:$E$302,MATCH(발주접수!$D10&"|"&1,세트구성!$G$3:$G$302,0)),0),발주접수!$G10)) | O76: =IF($J76=FALSE(),"",발주접수!$B10) | P76: =IF($J76=FALSE(),"",발주접수!$C10) | Q76: =IF($J76=FALSE(),"",IF(발주접수!$F10="세트",발주접수!$E10&" 전개","직접 발주"))
A77: =IF($D77="","",72) | B77: =IFERROR(INDEX(전개결과!$O$6:$O$1205,MATCH("R"&72,전개결과!$L$6:$L$1205,0)),"") | C77: =IF($D77="","",IFERROR(INDEX(전개결과!$P$6:$P$1205,MATCH("R"&72,전개결과!$L$6:$L$1205,0)),"")) | D77: =IFERROR(INDEX(전개결과!$M$6:$M$1205,MATCH("R"&72,전개결과!$L$6:$L$1205,0)),"") | E77: =IF($D77="","",IFERROR(INDEX(품목목록!$B$3:$B$302,MATCH($D77,품목목록!$A$3:$A$302,0)),"")) | F77: =IF($D77="","",IFERROR(INDEX(품목목록!$D$3:$D$302,MATCH($D77,품목목록!$A$3:$A$302,0)),"")) | G77: =IFERROR(INDEX(전개결과!$N$6:$N$1205,MATCH("R"&72,전개결과!$L$6:$L$1205,0)),"") | H77: =IF($D77="","",IFERROR(INDEX(전개결과!$Q$6:$Q$1205,MATCH("R"&72,전개결과!$L$6:$L$1205,0)),"")) | J77: =IF(발주접수!$D10="",FALSE(),IF(발주접수!$F10="세트",COUNTIF(세트구성!$G$3:$G$302,발주접수!$D10&"|"&2)>0,1=0)) -> FALSE | K77: =IF($J77=FALSE(),"",COUNTIF($J$6:$J77,TRUE())) | L77: =IF($K77="","","R"&$K77) | M77: =IF($J77=FALSE(),"",IF(발주접수!$F10="세트",IFERROR(INDEX(세트구성!$C$3:$C$302,MATCH(발주접수!$D10&"|"&2,세트구성!$G$3:$G$302,0)),""),발주접수!$D10)) | N77: =IF($J77=FALSE(),"",IF(발주접수!$F10="세트",발주접수!$G10*IFERROR(INDEX(세트구성!$E$3:$E$302,MATCH(발주접수!$D10&"|"&2,세트구성!$G$3:$G$302,0)),0),발주접수!$G10)) | O77: =IF($J77=FALSE(),"",발주접수!$B10) | P77: =IF($J77=FALSE(),"",발주접수!$C10) | Q77: =IF($J77=FALSE(),"",IF(발주접수!$F10="세트",발주접수!$E10&" 전개","직접 발주"))
A78: =IF($D78="","",73) | B78: =IFERROR(INDEX(전개결과!$O$6:$O$1205,MATCH("R"&73,전개결과!$L$6:$L$1205,0)),"") | C78: =IF($D78="","",IFERROR(INDEX(전개결과!$P$6:$P$1205,MATCH("R"&73,전개결과!$L$6:$L$1205,0)),"")) | D78: =IFERROR(INDEX(전개결과!$M$6:$M$1205,MATCH("R"&73,전개결과!$L$6:$L$1205,0)),"") | E78: =IF($D78="","",IFERROR(INDEX(품목목록!$B$3:$B$302,MATCH($D78,품목목록!$A$3:$A$302,0)),"")) | F78: =IF($D78="","",IFERROR(INDEX(품목목록!$D$3:$D$302,MATCH($D78,품목목록!$A$3:$A$302,0)),"")) | G78: =IFERROR(INDEX(전개결과!$N$6:$N$1205,MATCH("R"&73,전개결과!$L$6:$L$1205,0)),"") | H78: =IF($D78="","",IFERROR(INDEX(전개결과!$Q$6:$Q$1205,MATCH("R"&73,전개결과!$L$6:$L$1205,0)),"")) | J78: =IF(발주접수!$D10="",FALSE(),IF(발주접수!$F10="세트",COUNTIF(세트구성!$G$3:$G$302,발주접수!$D10&"|"&3)>0,2=0)) -> FALSE | K78: =IF($J78=FALSE(),"",COUNTIF($J$6:$J78,TRUE())) | L78: =IF($K78="","","R"&$K78) | M78: =IF($J78=FALSE(),"",IF(발주접수!$F10="세트",IFERROR(INDEX(세트구성!$C$3:$C$302,MATCH(발주접수!$D10&"|"&3,세트구성!$G$3:$G$302,0)),""),발주접수!$D10)) | N78: =IF($J78=FALSE(),"",IF(발주접수!$F10="세트",발주접수!$G10*IFERROR(INDEX(세트구성!$E$3:$E$302,MATCH(발주접수!$D10&"|"&3,세트구성!$G$3:$G$302,0)),0),발주접수!$G10)) | O78: =IF($J78=FALSE(),"",발주접수!$B10) | P78: =IF($J78=FALSE(),"",발주접수!$C10) | Q78: =IF($J78=FALSE(),"",IF(발주접수!$F10="세트",발주접수!$E10&" 전개","직접 발주"))
A79: =IF($D79="","",74) | B79: =IFERROR(INDEX(전개결과!$O$6:$O$1205,MATCH("R"&74,전개결과!$L$6:$L$1205,0)),"") | C79: =IF($D79="","",IFERROR(INDEX(전개결과!$P$6:$P$1205,MATCH("R"&74,전개결과!$L$6:$L$1205,0)),"")) | D79: =IFERROR(INDEX(전개결과!$M$6:$M$1205,MATCH("R"&74,전개결과!$L$6:$L$1205,0)),"") | E79: =IF($D79="","",IFERROR(INDEX(품목목록!$B$3:$B$302,MATCH($D79,품목목록!$A$3:$A$302,0)),"")) | F79: =IF($D79="","",IFERROR(INDEX(품목목록!$D$3:$D$302,MATCH($D79,품목목록!$A$3:$A$302,0)),"")) | G79: =IFERROR(INDEX(전개결과!$N$6:$N$1205,MATCH("R"&74,전개결과!$L$6:$L$1205,0)),"") | H79: =IF($D79="","",IFERROR(INDEX(전개결과!$Q$6:$Q$1205,MATCH("R"&74,전개결과!$L$6:$L$1205,0)),"")) | J79: =IF(발주접수!$D10="",FALSE(),IF(발주접수!$F10="세트",COUNTIF(세트구성!$G$3:$G$302,발주접수!$D10&"|"&4)>0,3=0)) -> FALSE | K79: =IF($J79=FALSE(),"",COUNTIF($J$6:$J79,TRUE())) | L79: =IF($K79="","","R"&$K79) | M79: =IF($J79=FALSE(),"",IF(발주접수!$F10="세트",IFERROR(INDEX(세트구성!$C$3:$C$302,MATCH(발주접수!$D10&"|"&4,세트구성!$G$3:$G$302,0)),""),발주접수!$D10)) | N79: =IF($J79=FALSE(),"",IF(발주접수!$F10="세트",발주접수!$G10*IFERROR(INDEX(세트구성!$E$3:$E$302,MATCH(발주접수!$D10&"|"&4,세트구성!$G$3:$G$302,0)),0),발주접수!$G10)) | O79: =IF($J79=FALSE(),"",발주접수!$B10) | P79: =IF($J79=FALSE(),"",발주접수!$C10) | Q79: =IF($J79=FALSE(),"",IF(발주접수!$F10="세트",발주접수!$E10&" 전개","직접 발주"))
A80: =IF($D80="","",75) | B80: =IFERROR(INDEX(전개결과!$O$6:$O$1205,MATCH("R"&75,전개결과!$L$6:$L$1205,0)),"") | C80: =IF($D80="","",IFERROR(INDEX(전개결과!$P$6:$P$1205,MATCH("R"&75,전개결과!$L$6:$L$1205,0)),"")) | D80: =IFERROR(INDEX(전개결과!$M$6:$M$1205,MATCH("R"&75,전개결과!$L$6:$L$1205,0)),"") | E80: =IF($D80="","",IFERROR(INDEX(품목목록!$B$3:$B$302,MATCH($D80,품목목록!$A$3:$A$302,0)),"")) | F80: =IF($D80="","",IFERROR(INDEX(품목목록!$D$3:$D$302,MATCH($D80,품목목록!$A$3:$A$302,0)),"")) | G80: =IFERROR(INDEX(전개결과!$N$6:$N$1205,MATCH("R"&75,전개결과!$L$6:$L$1205,0)),"") | H80: =IF($D80="","",IFERROR(INDEX(전개결과!$Q$6:$Q$1205,MATCH("R"&75,전개결과!$L$6:$L$1205,0)),"")) | J80: =IF(발주접수!$D10="",FALSE(),IF(발주접수!$F10="세트",COUNTIF(세트구성!$G$3:$G$302,발주접수!$D10&"|"&5)>0,4=0)) -> FALSE | K80: =IF($J80=FALSE(),"",COUNTIF($J$6:$J80,TRUE())) | L80: =IF($K80="","","R"&$K80) | M80: =IF($J80=FALSE(),"",IF(발주접수!$F10="세트",IFERROR(INDEX(세트구성!$C$3:$C$302,MATCH(발주접수!$D10&"|"&5,세트구성!$G$3:$G$302,0)),""),발주접수!$D10)) | N80: =IF($J80=FALSE(),"",IF(발주접수!$F10="세트",발주접수!$G10*IFERROR(INDEX(세트구성!$E$3:$E$302,MATCH(발주접수!$D10&"|"&5,세트구성!$G$3:$G$302,0)),0),발주접수!$G10)) | O80: =IF($J80=FALSE(),"",발주접수!$B10) | P80: =IF($J80=FALSE(),"",발주접수!$C10) | Q80: =IF($J80=FALSE(),"",IF(발주접수!$F10="세트",발주접수!$E10&" 전개","직접 발주"))
A81: =IF($D81="","",76) | B81: =IFERROR(INDEX(전개결과!$O$6:$O$1205,MATCH("R"&76,전개결과!$L$6:$L$1205,0)),"") | C81: =IF($D81="","",IFERROR(INDEX(전개결과!$P$6:$P$1205,MATCH("R"&76,전개결과!$L$6:$L$1205,0)),"")) | D81: =IFERROR(INDEX(전개결과!$M$6:$M$1205,MATCH("R"&76,전개결과!$L$6:$L$1205,0)),"") | E81: =IF($D81="","",IFERROR(INDEX(품목목록!$B$3:$B$302,MATCH($D81,품목목록!$A$3:$A$302,0)),"")) | F81: =IF($D81="","",IFERROR(INDEX(품목목록!$D$3:$D$302,MATCH($D81,품목목록!$A$3:$A$302,0)),"")) | G81: =IFERROR(INDEX(전개결과!$N$6:$N$1205,MATCH("R"&76,전개결과!$L$6:$L$1205,0)),"") | H81: =IF($D81="","",IFERROR(INDEX(전개결과!$Q$6:$Q$1205,MATCH("R"&76,전개결과!$L$6:$L$1205,0)),"")) | J81: =IF(발주접수!$D10="",FALSE(),IF(발주접수!$F10="세트",COUNTIF(세트구성!$G$3:$G$302,발주접수!$D10&"|"&6)>0,5=0)) -> FALSE | K81: =IF($J81=FALSE(),"",COUNTIF($J$6:$J81,TRUE())) | L81: =IF($K81="","","R"&$K81) | M81: =IF($J81=FALSE(),"",IF(발주접수!$F10="세트",IFERROR(INDEX(세트구성!$C$3:$C$302,MATCH(발주접수!$D10&"|"&6,세트구성!$G$3:$G$302,0)),""),발주접수!$D10)) | N81: =IF($J81=FALSE(),"",IF(발주접수!$F10="세트",발주접수!$G10*IFERROR(INDEX(세트구성!$E$3:$E$302,MATCH(발주접수!$D10&"|"&6,세트구성!$G$3:$G$302,0)),0),발주접수!$G10)) | O81: =IF($J81=FALSE(),"",발주접수!$B10) | P81: =IF($J81=FALSE(),"",발주접수!$C10) | Q81: =IF($J81=FALSE(),"",IF(발주접수!$F10="세트",발주접수!$E10&" 전개","직접 발주"))
A82: =IF($D82="","",77) | B82: =IFERROR(INDEX(전개결과!$O$6:$O$1205,MATCH("R"&77,전개결과!$L$6:$L$1205,0)),"") | C82: =IF($D82="","",IFERROR(INDEX(전개결과!$P$6:$P$1205,MATCH("R"&77,전개결과!$L$6:$L$1205,0)),"")) | D82: =IFERROR(INDEX(전개결과!$M$6:$M$1205,MATCH("R"&77,전개결과!$L$6:$L$1205,0)),"") | E82: =IF($D82="","",IFERROR(INDEX(품목목록!$B$3:$B$302,MATCH($D82,품목목록!$A$3:$A$302,0)),"")) | F82: =IF($D82="","",IFERROR(INDEX(품목목록!$D$3:$D$302,MATCH($D82,품목목록!$A$3:$A$302,0)),"")) | G82: =IFERROR(INDEX(전개결과!$N$6:$N$1205,MATCH("R"&77,전개결과!$L$6:$L$1205,0)),"") | H82: =IF($D82="","",IFERROR(INDEX(전개결과!$Q$6:$Q$1205,MATCH("R"&77,전개결과!$L$6:$L$1205,0)),"")) | J82: =IF(발주접수!$D10="",FALSE(),IF(발주접수!$F10="세트",COUNTIF(세트구성!$G$3:$G$302,발주접수!$D10&"|"&7)>0,6=0)) -> FALSE | K82: =IF($J82=FALSE(),"",COUNTIF($J$6:$J82,TRUE())) | L82: =IF($K82="","","R"&$K82) | M82: =IF($J82=FALSE(),"",IF(발주접수!$F10="세트",IFERROR(INDEX(세트구성!$C$3:$C$302,MATCH(발주접수!$D10&"|"&7,세트구성!$G$3:$G$302,0)),""),발주접수!$D10)) | N82: =IF($J82=FALSE(),"",IF(발주접수!$F10="세트",발주접수!$G10*IFERROR(INDEX(세트구성!$E$3:$E$302,MATCH(발주접수!$D10&"|"&7,세트구성!$G$3:$G$302,0)),0),발주접수!$G10)) | O82: =IF($J82=FALSE(),"",발주접수!$B10) | P82: =IF($J82=FALSE(),"",발주접수!$C10) | Q82: =IF($J82=FALSE(),"",IF(발주접수!$F10="세트",발주접수!$E10&" 전개","직접 발주"))
A83: =IF($D83="","",78) | B83: =IFERROR(INDEX(전개결과!$O$6:$O$1205,MATCH("R"&78,전개결과!$L$6:$L$1205,0)),"") | C83: =IF($D83="","",IFERROR(INDEX(전개결과!$P$6:$P$1205,MATCH("R"&78,전개결과!$L$6:$L$1205,0)),"")) | D83: =IFERROR(INDEX(전개결과!$M$6:$M$1205,MATCH("R"&78,전개결과!$L$6:$L$1205,0)),"") | E83: =IF($D83="","",IFERROR(INDEX(품목목록!$B$3:$B$302,MATCH($D83,품목목록!$A$3:$A$302,0)),"")) | F83: =IF($D83="","",IFERROR(INDEX(품목목록!$D$3:$D$302,MATCH($D83,품목목록!$A$3:$A$302,0)),"")) | G83: =IFERROR(INDEX(전개결과!$N$6:$N$1205,MATCH("R"&78,전개결과!$L$6:$L$1205,0)),"") | H83: =IF($D83="","",IFERROR(INDEX(전개결과!$Q$6:$Q$1205,MATCH("R"&78,전개결과!$L$6:$L$1205,0)),"")) | J83: =IF(발주접수!$D10="",FALSE(),IF(발주접수!$F10="세트",COUNTIF(세트구성!$G$3:$G$302,발주접수!$D10&"|"&8)>0,7=0)) -> FALSE | K83: =IF($J83=FALSE(),"",COUNTIF($J$6:$J83,TRUE())) | L83: =IF($K83="","","R"&$K83) | M83: =IF($J83=FALSE(),"",IF(발주접수!$F10="세트",IFERROR(INDEX(세트구성!$C$3:$C$302,MATCH(발주접수!$D10&"|"&8,세트구성!$G$3:$G$302,0)),""),발주접수!$D10)) | N83: =IF($J83=FALSE(),"",IF(발주접수!$F10="세트",발주접수!$G10*IFERROR(INDEX(세트구성!$E$3:$E$302,MATCH(발주접수!$D10&"|"&8,세트구성!$G$3:$G$302,0)),0),발주접수!$G10)) | O83: =IF($J83=FALSE(),"",발주접수!$B10) | P83: =IF($J83=FALSE(),"",발주접수!$C10) | Q83: =IF($J83=FALSE(),"",IF(발주접수!$F10="세트",발주접수!$E10&" 전개","직접 발주"))
A84: =IF($D84="","",79) | B84: =IFERROR(INDEX(전개결과!$O$6:$O$1205,MATCH("R"&79,전개결과!$L$6:$L$1205,0)),"") | C84: =IF($D84="","",IFERROR(INDEX(전개결과!$P$6:$P$1205,MATCH("R"&79,전개결과!$L$6:$L$1205,0)),"")) | D84: =IFERROR(INDEX(전개결과!$M$6:$M$1205,MATCH("R"&79,전개결과!$L$6:$L$1205,0)),"") | E84: =IF($D84="","",IFERROR(INDEX(품목목록!$B$3:$B$302,MATCH($D84,품목목록!$A$3:$A$302,0)),"")) | F84: =IF($D84="","",IFERROR(INDEX(품목목록!$D$3:$D$302,MATCH($D84,품목목록!$A$3:$A$302,0)),"")) | G84: =IFERROR(INDEX(전개결과!$N$6:$N$1205,MATCH("R"&79,전개결과!$L$6:$L$1205,0)),"") | H84: =IF($D84="","",IFERROR(INDEX(전개결과!$Q$6:$Q$1205,MATCH("R"&79,전개결과!$L$6:$L$1205,0)),"")) | J84: =IF(발주접수!$D10="",FALSE(),IF(발주접수!$F10="세트",COUNTIF(세트구성!$G$3:$G$302,발주접수!$D10&"|"&9)>0,8=0)) -> FALSE | K84: =IF($J84=FALSE(),"",COUNTIF($J$6:$J84,TRUE())) | L84: =IF($K84="","","R"&$K84) | M84: =IF($J84=FALSE(),"",IF(발주접수!$F10="세트",IFERROR(INDEX(세트구성!$C$3:$C$302,MATCH(발주접수!$D10&"|"&9,세트구성!$G$3:$G$302,0)),""),발주접수!$D10)) | N84: =IF($J84=FALSE(),"",IF(발주접수!$F10="세트",발주접수!$G10*IFERROR(INDEX(세트구성!$E$3:$E$302,MATCH(발주접수!$D10&"|"&9,세트구성!$G$3:$G$302,0)),0),발주접수!$G10)) | O84: =IF($J84=FALSE(),"",발주접수!$B10) | P84: =IF($J84=FALSE(),"",발주접수!$C10) | Q84: =IF($J84=FALSE(),"",IF(발주접수!$F10="세트",발주접수!$E10&" 전개","직접 발주"))
A85: =IF($D85="","",80) | B85: =IFERROR(INDEX(전개결과!$O$6:$O$1205,MATCH("R"&80,전개결과!$L$6:$L$1205,0)),"") | C85: =IF($D85="","",IFERROR(INDEX(전개결과!$P$6:$P$1205,MATCH("R"&80,전개결과!$L$6:$L$1205,0)),"")) | D85: =IFERROR(INDEX(전개결과!$M$6:$M$1205,MATCH("R"&80,전개결과!$L$6:$L$1205,0)),"") | E85: =IF($D85="","",IFERROR(INDEX(품목목록!$B$3:$B$302,MATCH($D85,품목목록!$A$3:$A$302,0)),"")) | F85: =IF($D85="","",IFERROR(INDEX(품목목록!$D$3:$D$302,MATCH($D85,품목목록!$A$3:$A$302,0)),"")) | G85: =IFERROR(INDEX(전개결과!$N$6:$N$1205,MATCH("R"&80,전개결과!$L$6:$L$1205,0)),"") | H85: =IF($D85="","",IFERROR(INDEX(전개결과!$Q$6:$Q$1205,MATCH("R"&80,전개결과!$L$6:$L$1205,0)),"")) | J85: =IF(발주접수!$D10="",FALSE(),IF(발주접수!$F10="세트",COUNTIF(세트구성!$G$3:$G$302,발주접수!$D10&"|"&10)>0,9=0)) -> FALSE | K85: =IF($J85=FALSE(),"",COUNTIF($J$6:$J85,TRUE())) | L85: =IF($K85="","","R"&$K85) | M85: =IF($J85=FALSE(),"",IF(발주접수!$F10="세트",IFERROR(INDEX(세트구성!$C$3:$C$302,MATCH(발주접수!$D10&"|"&10,세트구성!$G$3:$G$302,0)),""),발주접수!$D10)) | N85: =IF($J85=FALSE(),"",IF(발주접수!$F10="세트",발주접수!$G10*IFERROR(INDEX(세트구성!$E$3:$E$302,MATCH(발주접수!$D10&"|"&10,세트구성!$G$3:$G$302,0)),0),발주접수!$G10)) | O85: =IF($J85=FALSE(),"",발주접수!$B10) | P85: =IF($J85=FALSE(),"",발주접수!$C10) | Q85: =IF($J85=FALSE(),"",IF(발주접수!$F10="세트",발주접수!$E10&" 전개","직접 발주"))
A86: =IF($D86="","",81) | B86: =IFERROR(INDEX(전개결과!$O$6:$O$1205,MATCH("R"&81,전개결과!$L$6:$L$1205,0)),"") | C86: =IF($D86="","",IFERROR(INDEX(전개결과!$P$6:$P$1205,MATCH("R"&81,전개결과!$L$6:$L$1205,0)),"")) | D86: =IFERROR(INDEX(전개결과!$M$6:$M$1205,MATCH("R"&81,전개결과!$L$6:$L$1205,0)),"") | E86: =IF($D86="","",IFERROR(INDEX(품목목록!$B$3:$B$302,MATCH($D86,품목목록!$A$3:$A$302,0)),"")) | F86: =IF($D86="","",IFERROR(INDEX(품목목록!$D$3:$D$302,MATCH($D86,품목목록!$A$3:$A$302,0)),"")) | G86: =IFERROR(INDEX(전개결과!$N$6:$N$1205,MATCH("R"&81,전개결과!$L$6:$L$1205,0)),"") | H86: =IF($D86="","",IFERROR(INDEX(전개결과!$Q$6:$Q$1205,MATCH("R"&81,전개결과!$L$6:$L$1205,0)),"")) | J86: =IF(발주접수!$D11="",FALSE(),IF(발주접수!$F11="세트",COUNTIF(세트구성!$G$3:$G$302,발주접수!$D11&"|"&1)>0,0=0)) -> FALSE | K86: =IF($J86=FALSE(),"",COUNTIF($J$6:$J86,TRUE())) | L86: =IF($K86="","","R"&$K86) | M86: =IF($J86=FALSE(),"",IF(발주접수!$F11="세트",IFERROR(INDEX(세트구성!$C$3:$C$302,MATCH(발주접수!$D11&"|"&1,세트구성!$G$3:$G$302,0)),""),발주접수!$D11)) | N86: =IF($J86=FALSE(),"",IF(발주접수!$F11="세트",발주접수!$G11*IFERROR(INDEX(세트구성!$E$3:$E$302,MATCH(발주접수!$D11&"|"&1,세트구성!$G$3:$G$302,0)),0),발주접수!$G11)) | O86: =IF($J86=FALSE(),"",발주접수!$B11) | P86: =IF($J86=FALSE(),"",발주접수!$C11) | Q86: =IF($J86=FALSE(),"",IF(발주접수!$F11="세트",발주접수!$E11&" 전개","직접 발주"))
A87: =IF($D87="","",82) | B87: =IFERROR(INDEX(전개결과!$O$6:$O$1205,MATCH("R"&82,전개결과!$L$6:$L$1205,0)),"") | C87: =IF($D87="","",IFERROR(INDEX(전개결과!$P$6:$P$1205,MATCH("R"&82,전개결과!$L$6:$L$1205,0)),"")) | D87: =IFERROR(INDEX(전개결과!$M$6:$M$1205,MATCH("R"&82,전개결과!$L$6:$L$1205,0)),"") | E87: =IF($D87="","",IFERROR(INDEX(품목목록!$B$3:$B$302,MATCH($D87,품목목록!$A$3:$A$302,0)),"")) | F87: =IF($D87="","",IFERROR(INDEX(품목목록!$D$3:$D$302,MATCH($D87,품목목록!$A$3:$A$302,0)),"")) | G87: =IFERROR(INDEX(전개결과!$N$6:$N$1205,MATCH("R"&82,전개결과!$L$6:$L$1205,0)),"") | H87: =IF($D87="","",IFERROR(INDEX(전개결과!$Q$6:$Q$1205,MATCH("R"&82,전개결과!$L$6:$L$1205,0)),"")) | J87: =IF(발주접수!$D11="",FALSE(),IF(발주접수!$F11="세트",COUNTIF(세트구성!$G$3:$G$302,발주접수!$D11&"|"&2)>0,1=0)) -> FALSE | K87: =IF($J87=FALSE(),"",COUNTIF($J$6:$J87,TRUE())) | L87: =IF($K87="","","R"&$K87) | M87: =IF($J87=FALSE(),"",IF(발주접수!$F11="세트",IFERROR(INDEX(세트구성!$C$3:$C$302,MATCH(발주접수!$D11&"|"&2,세트구성!$G$3:$G$302,0)),""),발주접수!$D11)) | N87: =IF($J87=FALSE(),"",IF(발주접수!$F11="세트",발주접수!$G11*IFERROR(INDEX(세트구성!$E$3:$E$302,MATCH(발주접수!$D11&"|"&2,세트구성!$G$3:$G$302,0)),0),발주접수!$G11)) | O87: =IF($J87=FALSE(),"",발주접수!$B11) | P87: =IF($J87=FALSE(),"",발주접수!$C11) | Q87: =IF($J87=FALSE(),"",IF(발주접수!$F11="세트",발주접수!$E11&" 전개","직접 발주"))
A88: =IF($D88="","",83) | B88: =IFERROR(INDEX(전개결과!$O$6:$O$1205,MATCH("R"&83,전개결과!$L$6:$L$1205,0)),"") | C88: =IF($D88="","",IFERROR(INDEX(전개결과!$P$6:$P$1205,MATCH("R"&83,전개결과!$L$6:$L$1205,0)),"")) | D88: =IFERROR(INDEX(전개결과!$M$6:$M$1205,MATCH("R"&83,전개결과!$L$6:$L$1205,0)),"") | E88: =IF($D88="","",IFERROR(INDEX(품목목록!$B$3:$B$302,MATCH($D88,품목목록!$A$3:$A$302,0)),"")) | F88: =IF($D88="","",IFERROR(INDEX(품목목록!$D$3:$D$302,MATCH($D88,품목목록!$A$3:$A$302,0)),"")) | G88: =IFERROR(INDEX(전개결과!$N$6:$N$1205,MATCH("R"&83,전개결과!$L$6:$L$1205,0)),"") | H88: =IF($D88="","",IFERROR(INDEX(전개결과!$Q$6:$Q$1205,MATCH("R"&83,전개결과!$L$6:$L$1205,0)),"")) | J88: =IF(발주접수!$D11="",FALSE(),IF(발주접수!$F11="세트",COUNTIF(세트구성!$G$3:$G$302,발주접수!$D11&"|"&3)>0,2=0)) -> FALSE | K88: =IF($J88=FALSE(),"",COUNTIF($J$6:$J88,TRUE())) | L88: =IF($K88="","","R"&$K88) | M88: =IF($J88=FALSE(),"",IF(발주접수!$F11="세트",IFERROR(INDEX(세트구성!$C$3:$C$302,MATCH(발주접수!$D11&"|"&3,세트구성!$G$3:$G$302,0)),""),발주접수!$D11)) | N88: =IF($J88=FALSE(),"",IF(발주접수!$F11="세트",발주접수!$G11*IFERROR(INDEX(세트구성!$E$3:$E$302,MATCH(발주접수!$D11&"|"&3,세트구성!$G$3:$G$302,0)),0),발주접수!$G11)) | O88: =IF($J88=FALSE(),"",발주접수!$B11) | P88: =IF($J88=FALSE(),"",발주접수!$C11) | Q88: =IF($J88=FALSE(),"",IF(발주접수!$F11="세트",발주접수!$E11&" 전개","직접 발주"))
A89: =IF($D89="","",84) | B89: =IFERROR(INDEX(전개결과!$O$6:$O$1205,MATCH("R"&84,전개결과!$L$6:$L$1205,0)),"") | C89: =IF($D89="","",IFERROR(INDEX(전개결과!$P$6:$P$1205,MATCH("R"&84,전개결과!$L$6:$L$1205,0)),"")) | D89: =IFERROR(INDEX(전개결과!$M$6:$M$1205,MATCH("R"&84,전개결과!$L$6:$L$1205,0)),"") | E89: =IF($D89="","",IFERROR(INDEX(품목목록!$B$3:$B$302,MATCH($D89,품목목록!$A$3:$A$302,0)),"")) | F89: =IF($D89="","",IFERROR(INDEX(품목목록!$D$3:$D$302,MATCH($D89,품목목록!$A$3:$A$302,0)),"")) | G89: =IFERROR(INDEX(전개결과!$N$6:$N$1205,MATCH("R"&84,전개결과!$L$6:$L$1205,0)),"") | H89: =IF($D89="","",IFERROR(INDEX(전개결과!$Q$6:$Q$1205,MATCH("R"&84,전개결과!$L$6:$L$1205,0)),"")) | J89: =IF(발주접수!$D11="",FALSE(),IF(발주접수!$F11="세트",COUNTIF(세트구성!$G$3:$G$302,발주접수!$D11&"|"&4)>0,3=0)) -> FALSE | K89: =IF($J89=FALSE(),"",COUNTIF($J$6:$J89,TRUE())) | L89: =IF($K89="","","R"&$K89) | M89: =IF($J89=FALSE(),"",IF(발주접수!$F11="세트",IFERROR(INDEX(세트구성!$C$3:$C$302,MATCH(발주접수!$D11&"|"&4,세트구성!$G$3:$G$302,0)),""),발주접수!$D11)) | N89: =IF($J89=FALSE(),"",IF(발주접수!$F11="세트",발주접수!$G11*IFERROR(INDEX(세트구성!$E$3:$E$302,MATCH(발주접수!$D11&"|"&4,세트구성!$G$3:$G$302,0)),0),발주접수!$G11)) | O89: =IF($J89=FALSE(),"",발주접수!$B11) | P89: =IF($J89=FALSE(),"",발주접수!$C11) | Q89: =IF($J89=FALSE(),"",IF(발주접수!$F11="세트",발주접수!$E11&" 전개","직접 발주"))
A90: =IF($D90="","",85) | B90: =IFERROR(INDEX(전개결과!$O$6:$O$1205,MATCH("R"&85,전개결과!$L$6:$L$1205,0)),"") | C90: =IF($D90="","",IFERROR(INDEX(전개결과!$P$6:$P$1205,MATCH("R"&85,전개결과!$L$6:$L$1205,0)),"")) | D90: =IFERROR(INDEX(전개결과!$M$6:$M$1205,MATCH("R"&85,전개결과!$L$6:$L$1205,0)),"") | E90: =IF($D90="","",IFERROR(INDEX(품목목록!$B$3:$B$302,MATCH($D90,품목목록!$A$3:$A$302,0)),"")) | F90: =IF($D90="","",IFERROR(INDEX(품목목록!$D$3:$D$302,MATCH($D90,품목목록!$A$3:$A$302,0)),"")) | G90: =IFERROR(INDEX(전개결과!$N$6:$N$1205,MATCH("R"&85,전개결과!$L$6:$L$1205,0)),"") | H90: =IF($D90="","",IFERROR(INDEX(전개결과!$Q$6:$Q$1205,MATCH("R"&85,전개결과!$L$6:$L$1205,0)),"")) | J90: =IF(발주접수!$D11="",FALSE(),IF(발주접수!$F11="세트",COUNTIF(세트구성!$G$3:$G$302,발주접수!$D11&"|"&5)>0,4=0)) -> FALSE | K90: =IF($J90=FALSE(),"",COUNTIF($J$6:$J90,TRUE())) | L90: =IF($K90="","","R"&$K90) | M90: =IF($J90=FALSE(),"",IF(발주접수!$F11="세트",IFERROR(INDEX(세트구성!$C$3:$C$302,MATCH(발주접수!$D11&"|"&5,세트구성!$G$3:$G$302,0)),""),발주접수!$D11)) | N90: =IF($J90=FALSE(),"",IF(발주접수!$F11="세트",발주접수!$G11*IFERROR(INDEX(세트구성!$E$3:$E$302,MATCH(발주접수!$D11&"|"&5,세트구성!$G$3:$G$302,0)),0),발주접수!$G11)) | O90: =IF($J90=FALSE(),"",발주접수!$B11) | P90: =IF($J90=FALSE(),"",발주접수!$C11) | Q90: =IF($J90=FALSE(),"",IF(발주접수!$F11="세트",발주접수!$E11&" 전개","직접 발주"))
A91: =IF($D91="","",86) | B91: =IFERROR(INDEX(전개결과!$O$6:$O$1205,MATCH("R"&86,전개결과!$L$6:$L$1205,0)),"") | C91: =IF($D91="","",IFERROR(INDEX(전개결과!$P$6:$P$1205,MATCH("R"&86,전개결과!$L$6:$L$1205,0)),"")) | D91: =IFERROR(INDEX(전개결과!$M$6:$M$1205,MATCH("R"&86,전개결과!$L$6:$L$1205,0)),"") | E91: =IF($D91="","",IFERROR(INDEX(품목목록!$B$3:$B$302,MATCH($D91,품목목록!$A$3:$A$302,0)),"")) | F91: =IF($D91="","",IFERROR(INDEX(품목목록!$D$3:$D$302,MATCH($D91,품목목록!$A$3:$A$302,0)),"")) | G91: =IFERROR(INDEX(전개결과!$N$6:$N$1205,MATCH("R"&86,전개결과!$L$6:$L$1205,0)),"") | H91: =IF($D91="","",IFERROR(INDEX(전개결과!$Q$6:$Q$1205,MATCH("R"&86,전개결과!$L$6:$L$1205,0)),"")) | J91: =IF(발주접수!$D11="",FALSE(),IF(발주접수!$F11="세트",COUNTIF(세트구성!$G$3:$G$302,발주접수!$D11&"|"&6)>0,5=0)) -> FALSE | K91: =IF($J91=FALSE(),"",COUNTIF($J$6:$J91,TRUE())) | L91: =IF($K91="","","R"&$K91) | M91: =IF($J91=FALSE(),"",IF(발주접수!$F11="세트",IFERROR(INDEX(세트구성!$C$3:$C$302,MATCH(발주접수!$D11&"|"&6,세트구성!$G$3:$G$302,0)),""),발주접수!$D11)) | N91: =IF($J91=FALSE(),"",IF(발주접수!$F11="세트",발주접수!$G11*IFERROR(INDEX(세트구성!$E$3:$E$302,MATCH(발주접수!$D11&"|"&6,세트구성!$G$3:$G$302,0)),0),발주접수!$G11)) | O91: =IF($J91=FALSE(),"",발주접수!$B11) | P91: =IF($J91=FALSE(),"",발주접수!$C11) | Q91: =IF($J91=FALSE(),"",IF(발주접수!$F11="세트",발주접수!$E11&" 전개","직접 발주"))
A92: =IF($D92="","",87) | B92: =IFERROR(INDEX(전개결과!$O$6:$O$1205,MATCH("R"&87,전개결과!$L$6:$L$1205,0)),"") | C92: =IF($D92="","",IFERROR(INDEX(전개결과!$P$6:$P$1205,MATCH("R"&87,전개결과!$L$6:$L$1205,0)),"")) | D92: =IFERROR(INDEX(전개결과!$M$6:$M$1205,MATCH("R"&87,전개결과!$L$6:$L$1205,0)),"") | E92: =IF($D92="","",IFERROR(INDEX(품목목록!$B$3:$B$302,MATCH($D92,품목목록!$A$3:$A$302,0)),"")) | F92: =IF($D92="","",IFERROR(INDEX(품목목록!$D$3:$D$302,MATCH($D92,품목목록!$A$3:$A$302,0)),"")) | G92: =IFERROR(INDEX(전개결과!$N$6:$N$1205,MATCH("R"&87,전개결과!$L$6:$L$1205,0)),"") | H92: =IF($D92="","",IFERROR(INDEX(전개결과!$Q$6:$Q$1205,MATCH("R"&87,전개결과!$L$6:$L$1205,0)),"")) | J92: =IF(발주접수!$D11="",FALSE(),IF(발주접수!$F11="세트",COUNTIF(세트구성!$G$3:$G$302,발주접수!$D11&"|"&7)>0,6=0)) -> FALSE | K92: =IF($J92=FALSE(),"",COUNTIF($J$6:$J92,TRUE())) | L92: =IF($K92="","","R"&$K92) | M92: =IF($J92=FALSE(),"",IF(발주접수!$F11="세트",IFERROR(INDEX(세트구성!$C$3:$C$302,MATCH(발주접수!$D11&"|"&7,세트구성!$G$3:$G$302,0)),""),발주접수!$D11)) | N92: =IF($J92=FALSE(),"",IF(발주접수!$F11="세트",발주접수!$G11*IFERROR(INDEX(세트구성!$E$3:$E$302,MATCH(발주접수!$D11&"|"&7,세트구성!$G$3:$G$302,0)),0),발주접수!$G11)) | O92: =IF($J92=FALSE(),"",발주접수!$B11) | P92: =IF($J92=FALSE(),"",발주접수!$C11) | Q92: =IF($J92=FALSE(),"",IF(발주접수!$F11="세트",발주접수!$E11&" 전개","직접 발주"))
A93: =IF($D93="","",88) | B93: =IFERROR(INDEX(전개결과!$O$6:$O$1205,MATCH("R"&88,전개결과!$L$6:$L$1205,0)),"") | C93: =IF($D93="","",IFERROR(INDEX(전개결과!$P$6:$P$1205,MATCH("R"&88,전개결과!$L$6:$L$1205,0)),"")) | D93: =IFERROR(INDEX(전개결과!$M$6:$M$1205,MATCH("R"&88,전개결과!$L$6:$L$1205,0)),"") | E93: =IF($D93="","",IFERROR(INDEX(품목목록!$B$3:$B$302,MATCH($D93,품목목록!$A$3:$A$302,0)),"")) | F93: =IF($D93="","",IFERROR(INDEX(품목목록!$D$3:$D$302,MATCH($D93,품목목록!$A$3:$A$302,0)),"")) | G93: =IFERROR(INDEX(전개결과!$N$6:$N$1205,MATCH("R"&88,전개결과!$L$6:$L$1205,0)),"") | H93: =IF($D93="","",IFERROR(INDEX(전개결과!$Q$6:$Q$1205,MATCH("R"&88,전개결과!$L$6:$L$1205,0)),"")) | J93: =IF(발주접수!$D11="",FALSE(),IF(발주접수!$F11="세트",COUNTIF(세트구성!$G$3:$G$302,발주접수!$D11&"|"&8)>0,7=0)) -> FALSE | K93: =IF($J93=FALSE(),"",COUNTIF($J$6:$J93,TRUE())) | L93: =IF($K93="","","R"&$K93) | M93: =IF($J93=FALSE(),"",IF(발주접수!$F11="세트",IFERROR(INDEX(세트구성!$C$3:$C$302,MATCH(발주접수!$D11&"|"&8,세트구성!$G$3:$G$302,0)),""),발주접수!$D11)) | N93: =IF($J93=FALSE(),"",IF(발주접수!$F11="세트",발주접수!$G11*IFERROR(INDEX(세트구성!$E$3:$E$302,MATCH(발주접수!$D11&"|"&8,세트구성!$G$3:$G$302,0)),0),발주접수!$G11)) | O93: =IF($J93=FALSE(),"",발주접수!$B11) | P93: =IF($J93=FALSE(),"",발주접수!$C11) | Q93: =IF($J93=FALSE(),"",IF(발주접수!$F11="세트",발주접수!$E11&" 전개","직접 발주"))
A94: =IF($D94="","",89) | B94: =IFERROR(INDEX(전개결과!$O$6:$O$1205,MATCH("R"&89,전개결과!$L$6:$L$1205,0)),"") | C94: =IF($D94="","",IFERROR(INDEX(전개결과!$P$6:$P$1205,MATCH("R"&89,전개결과!$L$6:$L$1205,0)),"")) | D94: =IFERROR(INDEX(전개결과!$M$6:$M$1205,MATCH("R"&89,전개결과!$L$6:$L$1205,0)),"") | E94: =IF($D94="","",IFERROR(INDEX(품목목록!$B$3:$B$302,MATCH($D94,품목목록!$A$3:$A$302,0)),"")) | F94: =IF($D94="","",IFERROR(INDEX(품목목록!$D$3:$D$302,MATCH($D94,품목목록!$A$3:$A$302,0)),"")) | G94: =IFERROR(INDEX(전개결과!$N$6:$N$1205,MATCH("R"&89,전개결과!$L$6:$L$1205,0)),"") | H94: =IF($D94="","",IFERROR(INDEX(전개결과!$Q$6:$Q$1205,MATCH("R"&89,전개결과!$L$6:$L$1205,0)),"")) | J94: =IF(발주접수!$D11="",FALSE(),IF(발주접수!$F11="세트",COUNTIF(세트구성!$G$3:$G$302,발주접수!$D11&"|"&9)>0,8=0)) -> FALSE | K94: =IF($J94=FALSE(),"",COUNTIF($J$6:$J94,TRUE())) | L94: =IF($K94="","","R"&$K94) | M94: =IF($J94=FALSE(),"",IF(발주접수!$F11="세트",IFERROR(INDEX(세트구성!$C$3:$C$302,MATCH(발주접수!$D11&"|"&9,세트구성!$G$3:$G$302,0)),""),발주접수!$D11)) | N94: =IF($J94=FALSE(),"",IF(발주접수!$F11="세트",발주접수!$G11*IFERROR(INDEX(세트구성!$E$3:$E$302,MATCH(발주접수!$D11&"|"&9,세트구성!$G$3:$G$302,0)),0),발주접수!$G11)) | O94: =IF($J94=FALSE(),"",발주접수!$B11) | P94: =IF($J94=FALSE(),"",발주접수!$C11) | Q94: =IF($J94=FALSE(),"",IF(발주접수!$F11="세트",발주접수!$E11&" 전개","직접 발주"))
A95: =IF($D95="","",90) | B95: =IFERROR(INDEX(전개결과!$O$6:$O$1205,MATCH("R"&90,전개결과!$L$6:$L$1205,0)),"") | C95: =IF($D95="","",IFERROR(INDEX(전개결과!$P$6:$P$1205,MATCH("R"&90,전개결과!$L$6:$L$1205,0)),"")) | D95: =IFERROR(INDEX(전개결과!$M$6:$M$1205,MATCH("R"&90,전개결과!$L$6:$L$1205,0)),"") | E95: =IF($D95="","",IFERROR(INDEX(품목목록!$B$3:$B$302,MATCH($D95,품목목록!$A$3:$A$302,0)),"")) | F95: =IF($D95="","",IFERROR(INDEX(품목목록!$D$3:$D$302,MATCH($D95,품목목록!$A$3:$A$302,0)),"")) | G95: =IFERROR(INDEX(전개결과!$N$6:$N$1205,MATCH("R"&90,전개결과!$L$6:$L$1205,0)),"") | H95: =IF($D95="","",IFERROR(INDEX(전개결과!$Q$6:$Q$1205,MATCH("R"&90,전개결과!$L$6:$L$1205,0)),"")) | J95: =IF(발주접수!$D11="",FALSE(),IF(발주접수!$F11="세트",COUNTIF(세트구성!$G$3:$G$302,발주접수!$D11&"|"&10)>0,9=0)) -> FALSE | K95: =IF($J95=FALSE(),"",COUNTIF($J$6:$J95,TRUE())) | L95: =IF($K95="","","R"&$K95) | M95: =IF($J95=FALSE(),"",IF(발주접수!$F11="세트",IFERROR(INDEX(세트구성!$C$3:$C$302,MATCH(발주접수!$D11&"|"&10,세트구성!$G$3:$G$302,0)),""),발주접수!$D11)) | N95: =IF($J95=FALSE(),"",IF(발주접수!$F11="세트",발주접수!$G11*IFERROR(INDEX(세트구성!$E$3:$E$302,MATCH(발주접수!$D11&"|"&10,세트구성!$G$3:$G$302,0)),0),발주접수!$G11)) | O95: =IF($J95=FALSE(),"",발주접수!$B11) | P95: =IF($J95=FALSE(),"",발주접수!$C11) | Q95: =IF($J95=FALSE(),"",IF(발주접수!$F11="세트",발주접수!$E11&" 전개","직접 발주"))
A96: =IF($D96="","",91) | B96: =IFERROR(INDEX(전개결과!$O$6:$O$1205,MATCH("R"&91,전개결과!$L$6:$L$1205,0)),"") | C96: =IF($D96="","",IFERROR(INDEX(전개결과!$P$6:$P$1205,MATCH("R"&91,전개결과!$L$6:$L$1205,0)),"")) | D96: =IFERROR(INDEX(전개결과!$M$6:$M$1205,MATCH("R"&91,전개결과!$L$6:$L$1205,0)),"") | E96: =IF($D96="","",IFERROR(INDEX(품목목록!$B$3:$B$302,MATCH($D96,품목목록!$A$3:$A$302,0)),"")) | F96: =IF($D96="","",IFERROR(INDEX(품목목록!$D$3:$D$302,MATCH($D96,품목목록!$A$3:$A$302,0)),"")) | G96: =IFERROR(INDEX(전개결과!$N$6:$N$1205,MATCH("R"&91,전개결과!$L$6:$L$1205,0)),"") | H96: =IF($D96="","",IFERROR(INDEX(전개결과!$Q$6:$Q$1205,MATCH("R"&91,전개결과!$L$6:$L$1205,0)),"")) | J96: =IF(발주접수!$D12="",FALSE(),IF(발주접수!$F12="세트",COUNTIF(세트구성!$G$3:$G$302,발주접수!$D12&"|"&1)>0,0=0)) -> FALSE | K96: =IF($J96=FALSE(),"",COUNTIF($J$6:$J96,TRUE())) | L96: =IF($K96="","","R"&$K96) | M96: =IF($J96=FALSE(),"",IF(발주접수!$F12="세트",IFERROR(INDEX(세트구성!$C$3:$C$302,MATCH(발주접수!$D12&"|"&1,세트구성!$G$3:$G$302,0)),""),발주접수!$D12)) | N96: =IF($J96=FALSE(),"",IF(발주접수!$F12="세트",발주접수!$G12*IFERROR(INDEX(세트구성!$E$3:$E$302,MATCH(발주접수!$D12&"|"&1,세트구성!$G$3:$G$302,0)),0),발주접수!$G12)) | O96: =IF($J96=FALSE(),"",발주접수!$B12) | P96: =IF($J96=FALSE(),"",발주접수!$C12) | Q96: =IF($J96=FALSE(),"",IF(발주접수!$F12="세트",발주접수!$E12&" 전개","직접 발주"))
A97: =IF($D97="","",92) | B97: =IFERROR(INDEX(전개결과!$O$6:$O$1205,MATCH("R"&92,전개결과!$L$6:$L$1205,0)),"") | C97: =IF($D97="","",IFERROR(INDEX(전개결과!$P$6:$P$1205,MATCH("R"&92,전개결과!$L$6:$L$1205,0)),"")) | D97: =IFERROR(INDEX(전개결과!$M$6:$M$1205,MATCH("R"&92,전개결과!$L$6:$L$1205,0)),"") | E97: =IF($D97="","",IFERROR(INDEX(품목목록!$B$3:$B$302,MATCH($D97,품목목록!$A$3:$A$302,0)),"")) | F97: =IF($D97="","",IFERROR(INDEX(품목목록!$D$3:$D$302,MATCH($D97,품목목록!$A$3:$A$302,0)),"")) | G97: =IFERROR(INDEX(전개결과!$N$6:$N$1205,MATCH("R"&92,전개결과!$L$6:$L$1205,0)),"") | H97: =IF($D97="","",IFERROR(INDEX(전개결과!$Q$6:$Q$1205,MATCH("R"&92,전개결과!$L$6:$L$1205,0)),"")) | J97: =IF(발주접수!$D12="",FALSE(),IF(발주접수!$F12="세트",COUNTIF(세트구성!$G$3:$G$302,발주접수!$D12&"|"&2)>0,1=0)) -> FALSE | K97: =IF($J97=FALSE(),"",COUNTIF($J$6:$J97,TRUE())) | L97: =IF($K97="","","R"&$K97) | M97: =IF($J97=FALSE(),"",IF(발주접수!$F12="세트",IFERROR(INDEX(세트구성!$C$3:$C$302,MATCH(발주접수!$D12&"|"&2,세트구성!$G$3:$G$302,0)),""),발주접수!$D12)) | N97: =IF($J97=FALSE(),"",IF(발주접수!$F12="세트",발주접수!$G12*IFERROR(INDEX(세트구성!$E$3:$E$302,MATCH(발주접수!$D12&"|"&2,세트구성!$G$3:$G$302,0)),0),발주접수!$G12)) | O97: =IF($J97=FALSE(),"",발주접수!$B12) | P97: =IF($J97=FALSE(),"",발주접수!$C12) | Q97: =IF($J97=FALSE(),"",IF(발주접수!$F12="세트",발주접수!$E12&" 전개","직접 발주"))
A98: =IF($D98="","",93) | B98: =IFERROR(INDEX(전개결과!$O$6:$O$1205,MATCH("R"&93,전개결과!$L$6:$L$1205,0)),"") | C98: =IF($D98="","",IFERROR(INDEX(전개결과!$P$6:$P$1205,MATCH("R"&93,전개결과!$L$6:$L$1205,0)),"")) | D98: =IFERROR(INDEX(전개결과!$M$6:$M$1205,MATCH("R"&93,전개결과!$L$6:$L$1205,0)),"") | E98: =IF($D98="","",IFERROR(INDEX(품목목록!$B$3:$B$302,MATCH($D98,품목목록!$A$3:$A$302,0)),"")) | F98: =IF($D98="","",IFERROR(INDEX(품목목록!$D$3:$D$302,MATCH($D98,품목목록!$A$3:$A$302,0)),"")) | G98: =IFERROR(INDEX(전개결과!$N$6:$N$1205,MATCH("R"&93,전개결과!$L$6:$L$1205,0)),"") | H98: =IF($D98="","",IFERROR(INDEX(전개결과!$Q$6:$Q$1205,MATCH("R"&93,전개결과!$L$6:$L$1205,0)),"")) | J98: =IF(발주접수!$D12="",FALSE(),IF(발주접수!$F12="세트",COUNTIF(세트구성!$G$3:$G$302,발주접수!$D12&"|"&3)>0,2=0)) -> FALSE | K98: =IF($J98=FALSE(),"",COUNTIF($J$6:$J98,TRUE())) | L98: =IF($K98="","","R"&$K98) | M98: =IF($J98=FALSE(),"",IF(발주접수!$F12="세트",IFERROR(INDEX(세트구성!$C$3:$C$302,MATCH(발주접수!$D12&"|"&3,세트구성!$G$3:$G$302,0)),""),발주접수!$D12)) | N98: =IF($J98=FALSE(),"",IF(발주접수!$F12="세트",발주접수!$G12*IFERROR(INDEX(세트구성!$E$3:$E$302,MATCH(발주접수!$D12&"|"&3,세트구성!$G$3:$G$302,0)),0),발주접수!$G12)) | O98: =IF($J98=FALSE(),"",발주접수!$B12) | P98: =IF($J98=FALSE(),"",발주접수!$C12) | Q98: =IF($J98=FALSE(),"",IF(발주접수!$F12="세트",발주접수!$E12&" 전개","직접 발주"))
A99: =IF($D99="","",94) | B99: =IFERROR(INDEX(전개결과!$O$6:$O$1205,MATCH("R"&94,전개결과!$L$6:$L$1205,0)),"") | C99: =IF($D99="","",IFERROR(INDEX(전개결과!$P$6:$P$1205,MATCH("R"&94,전개결과!$L$6:$L$1205,0)),"")) | D99: =IFERROR(INDEX(전개결과!$M$6:$M$1205,MATCH("R"&94,전개결과!$L$6:$L$1205,0)),"") | E99: =IF($D99="","",IFERROR(INDEX(품목목록!$B$3:$B$302,MATCH($D99,품목목록!$A$3:$A$302,0)),"")) | F99: =IF($D99="","",IFERROR(INDEX(품목목록!$D$3:$D$302,MATCH($D99,품목목록!$A$3:$A$302,0)),"")) | G99: =IFERROR(INDEX(전개결과!$N$6:$N$1205,MATCH("R"&94,전개결과!$L$6:$L$1205,0)),"") | H99: =IF($D99="","",IFERROR(INDEX(전개결과!$Q$6:$Q$1205,MATCH("R"&94,전개결과!$L$6:$L$1205,0)),"")) | J99: =IF(발주접수!$D12="",FALSE(),IF(발주접수!$F12="세트",COUNTIF(세트구성!$G$3:$G$302,발주접수!$D12&"|"&4)>0,3=0)) -> FALSE | K99: =IF($J99=FALSE(),"",COUNTIF($J$6:$J99,TRUE())) | L99: =IF($K99="","","R"&$K99) | M99: =IF($J99=FALSE(),"",IF(발주접수!$F12="세트",IFERROR(INDEX(세트구성!$C$3:$C$302,MATCH(발주접수!$D12&"|"&4,세트구성!$G$3:$G$302,0)),""),발주접수!$D12)) | N99: =IF($J99=FALSE(),"",IF(발주접수!$F12="세트",발주접수!$G12*IFERROR(INDEX(세트구성!$E$3:$E$302,MATCH(발주접수!$D12&"|"&4,세트구성!$G$3:$G$302,0)),0),발주접수!$G12)) | O99: =IF($J99=FALSE(),"",발주접수!$B12) | P99: =IF($J99=FALSE(),"",발주접수!$C12) | Q99: =IF($J99=FALSE(),"",IF(발주접수!$F12="세트",발주접수!$E12&" 전개","직접 발주"))
A100: =IF($D100="","",95) | B100: =IFERROR(INDEX(전개결과!$O$6:$O$1205,MATCH("R"&95,전개결과!$L$6:$L$1205,0)),"") | C100: =IF($D100="","",IFERROR(INDEX(전개결과!$P$6:$P$1205,MATCH("R"&95,전개결과!$L$6:$L$1205,0)),"")) | D100: =IFERROR(INDEX(전개결과!$M$6:$M$1205,MATCH("R"&95,전개결과!$L$6:$L$1205,0)),"") | E100: =IF($D100="","",IFERROR(INDEX(품목목록!$B$3:$B$302,MATCH($D100,품목목록!$A$3:$A$302,0)),"")) | F100: =IF($D100="","",IFERROR(INDEX(품목목록!$D$3:$D$302,MATCH($D100,품목목록!$A$3:$A$302,0)),"")) | G100: =IFERROR(INDEX(전개결과!$N$6:$N$1205,MATCH("R"&95,전개결과!$L$6:$L$1205,0)),"") | H100: =IF($D100="","",IFERROR(INDEX(전개결과!$Q$6:$Q$1205,MATCH("R"&95,전개결과!$L$6:$L$1205,0)),"")) | J100: =IF(발주접수!$D12="",FALSE(),IF(발주접수!$F12="세트",COUNTIF(세트구성!$G$3:$G$302,발주접수!$D12&"|"&5)>0,4=0)) -> FALSE | K100: =IF($J100=FALSE(),"",COUNTIF($J$6:$J100,TRUE())) | L100: =IF($K100="","","R"&$K100) | M100: =IF($J100=FALSE(),"",IF(발주접수!$F12="세트",IFERROR(INDEX(세트구성!$C$3:$C$302,MATCH(발주접수!$D12&"|"&5,세트구성!$G$3:$G$302,0)),""),발주접수!$D12)) | N100: =IF($J100=FALSE(),"",IF(발주접수!$F12="세트",발주접수!$G12*IFERROR(INDEX(세트구성!$E$3:$E$302,MATCH(발주접수!$D12&"|"&5,세트구성!$G$3:$G$302,0)),0),발주접수!$G12)) | O100: =IF($J100=FALSE(),"",발주접수!$B12) | P100: =IF($J100=FALSE(),"",발주접수!$C12) | Q100: =IF($J100=FALSE(),"",IF(발주접수!$F12="세트",발주접수!$E12&" 전개","직접 발주"))
A101: =IF($D101="","",96) | B101: =IFERROR(INDEX(전개결과!$O$6:$O$1205,MATCH("R"&96,전개결과!$L$6:$L$1205,0)),"") | C101: =IF($D101="","",IFERROR(INDEX(전개결과!$P$6:$P$1205,MATCH("R"&96,전개결과!$L$6:$L$1205,0)),"")) | D101: =IFERROR(INDEX(전개결과!$M$6:$M$1205,MATCH("R"&96,전개결과!$L$6:$L$1205,0)),"") | E101: =IF($D101="","",IFERROR(INDEX(품목목록!$B$3:$B$302,MATCH($D101,품목목록!$A$3:$A$302,0)),"")) | F101: =IF($D101="","",IFERROR(INDEX(품목목록!$D$3:$D$302,MATCH($D101,품목목록!$A$3:$A$302,0)),"")) | G101: =IFERROR(INDEX(전개결과!$N$6:$N$1205,MATCH("R"&96,전개결과!$L$6:$L$1205,0)),"") | H101: =IF($D101="","",IFERROR(INDEX(전개결과!$Q$6:$Q$1205,MATCH("R"&96,전개결과!$L$6:$L$1205,0)),"")) | J101: =IF(발주접수!$D12="",FALSE(),IF(발주접수!$F12="세트",COUNTIF(세트구성!$G$3:$G$302,발주접수!$D12&"|"&6)>0,5=0)) -> FALSE | K101: =IF($J101=FALSE(),"",COUNTIF($J$6:$J101,TRUE())) | L101: =IF($K101="","","R"&$K101) | M101: =IF($J101=FALSE(),"",IF(발주접수!$F12="세트",IFERROR(INDEX(세트구성!$C$3:$C$302,MATCH(발주접수!$D12&"|"&6,세트구성!$G$3:$G$302,0)),""),발주접수!$D12)) | N101: =IF($J101=FALSE(),"",IF(발주접수!$F12="세트",발주접수!$G12*IFERROR(INDEX(세트구성!$E$3:$E$302,MATCH(발주접수!$D12&"|"&6,세트구성!$G$3:$G$302,0)),0),발주접수!$G12)) | O101: =IF($J101=FALSE(),"",발주접수!$B12) | P101: =IF($J101=FALSE(),"",발주접수!$C12) | Q101: =IF($J101=FALSE(),"",IF(발주접수!$F12="세트",발주접수!$E12&" 전개","직접 발주"))
A102: =IF($D102="","",97) | B102: =IFERROR(INDEX(전개결과!$O$6:$O$1205,MATCH("R"&97,전개결과!$L$6:$L$1205,0)),"") | C102: =IF($D102="","",IFERROR(INDEX(전개결과!$P$6:$P$1205,MATCH("R"&97,전개결과!$L$6:$L$1205,0)),"")) | D102: =IFERROR(INDEX(전개결과!$M$6:$M$1205,MATCH("R"&97,전개결과!$L$6:$L$1205,0)),"") | E102: =IF($D102="","",IFERROR(INDEX(품목목록!$B$3:$B$302,MATCH($D102,품목목록!$A$3:$A$302,0)),"")) | F102: =IF($D102="","",IFERROR(INDEX(품목목록!$D$3:$D$302,MATCH($D102,품목목록!$A$3:$A$302,0)),"")) | G102: =IFERROR(INDEX(전개결과!$N$6:$N$1205,MATCH("R"&97,전개결과!$L$6:$L$1205,0)),"") | H102: =IF($D102="","",IFERROR(INDEX(전개결과!$Q$6:$Q$1205,MATCH("R"&97,전개결과!$L$6:$L$1205,0)),"")) | J102: =IF(발주접수!$D12="",FALSE(),IF(발주접수!$F12="세트",COUNTIF(세트구성!$G$3:$G$302,발주접수!$D12&"|"&7)>0,6=0)) -> FALSE | K102: =IF($J102=FALSE(),"",COUNTIF($J$6:$J102,TRUE())) | L102: =IF($K102="","","R"&$K102) | M102: =IF($J102=FALSE(),"",IF(발주접수!$F12="세트",IFERROR(INDEX(세트구성!$C$3:$C$302,MATCH(발주접수!$D12&"|"&7,세트구성!$G$3:$G$302,0)),""),발주접수!$D12)) | N102: =IF($J102=FALSE(),"",IF(발주접수!$F12="세트",발주접수!$G12*IFERROR(INDEX(세트구성!$E$3:$E$302,MATCH(발주접수!$D12&"|"&7,세트구성!$G$3:$G$302,0)),0),발주접수!$G12)) | O102: =IF($J102=FALSE(),"",발주접수!$B12) | P102: =IF($J102=FALSE(),"",발주접수!$C12) | Q102: =IF($J102=FALSE(),"",IF(발주접수!$F12="세트",발주접수!$E12&" 전개","직접 발주"))
...

Sheet 품목별_소요량
A1: 품목별 소요량 (낱개 기준 총 필요 수량)
A3: 대상 발주일 | B3: 전체 | C3: ※ 전개결과 전체를 합산합니다.
A5: 품번 | B5: 품명 | C5: 규격 | D5: 단위 | E5: 총 소요량 | F5: 단가 기준 금액
A6: =IF(품목목록!$A3="","",IF(품목목록!$F3="세트","",품목목록!$A3)) -> P001 | B6: =IF($A6="","",품목목록!$B3) -> 홍삼즙 30포 | C6: =IF($A6="","",품목목록!$C3) -> 3g×30 | D6: =IF($A6="","",품목목록!$D3) -> 박스 | E6: =IF($A6="","",SUMIFS(전개결과!$N$6:$N$1205,전개결과!$M$6:$M$1205,$A6)) -> 40 | F6: =IF($A6="","",ROUND($E6*IF(품목목록!$E3="",0,품목목록!$E3),0)) -> 1120000
A7: =IF(품목목록!$A4="","",IF(품목목록!$F4="세트","",품목목록!$A4)) -> P002 | B7: =IF($A7="","",품목목록!$B4) -> 홍삼정 240g | C7: =IF($A7="","",품목목록!$C4) -> 240g | D7: =IF($A7="","",품목목록!$D4) -> EA | E7: =IF($A7="","",SUMIFS(전개결과!$N$6:$N$1205,전개결과!$M$6:$M$1205,$A7)) -> 13 | F7: =IF($A7="","",ROUND($E7*IF(품목목록!$E4="",0,품목목록!$E4),0)) -> 585000
A8: =IF(품목목록!$A5="","",IF(품목목록!$F5="세트","",품목목록!$A5)) -> P003 | B8: =IF($A8="","",품목목록!$B5) -> 쇼핑백 | C8: =IF($A8="","",품목목록!$C5) -> 대 | D8: =IF($A8="","",품목목록!$D5) -> EA | E8: =IF($A8="","",SUMIFS(전개결과!$N$6:$N$1205,전개결과!$M$6:$M$1205,$A8)) -> 8 | F8: =IF($A8="","",ROUND($E8*IF(품목목록!$E5="",0,품목목록!$E5),0)) -> 4000
A9: =IF(품목목록!$A6="","",IF(품목목록!$F6="세트","",품목목록!$A6)) | B9: =IF($A9="","",품목목록!$B6) | C9: =IF($A9="","",품목목록!$C6) | D9: =IF($A9="","",품목목록!$D6) | E9: =IF($A9="","",SUMIFS(전개결과!$N$6:$N$1205,전개결과!$M$6:$M$1205,$A9)) | F9: =IF($A9="","",ROUND($E9*IF(품목목록!$E6="",0,품목목록!$E6),0))
A10: =IF(품목목록!$A7="","",IF(품목목록!$F7="세트","",품목목록!$A7)) | B10: =IF($A10="","",품목목록!$B7) | C10: =IF($A10="","",품목목록!$C7) | D10: =IF($A10="","",품목목록!$D7) | E10: =IF($A10="","",SUMIFS(전개결과!$N$6:$N$1205,전개결과!$M$6:$M$1205,$A10)) | F10: =IF($A10="","",ROUND($E10*IF(품목목록!$E7="",0,품목목록!$E7),0))
A11: =IF(품목목록!$A8="","",IF(품목목록!$F8="세트","",품목목록!$A8)) | B11: =IF($A11="","",품목목록!$B8) | C11: =IF($A11="","",품목목록!$C8) | D11: =IF($A11="","",품목목록!$D8) | E11: =IF($A11="","",SUMIFS(전개결과!$N$6:$N$1205,전개결과!$M$6:$M$1205,$A11)) | F11: =IF($A11="","",ROUND($E11*IF(품목목록!$E8="",0,품목목록!$E8),0))
A12: =IF(품목목록!$A9="","",IF(품목목록!$F9="세트","",품목목록!$A9)) | B12: =IF($A12="","",품목목록!$B9) | C12: =IF($A12="","",품목목록!$C9) | D12: =IF($A12="","",품목목록!$D9) | E12: =IF($A12="","",SUMIFS(전개결과!$N$6:$N$1205,전개결과!$M$6:$M$1205,$A12)) | F12: =IF($A12="","",ROUND($E12*IF(품목목록!$E9="",0,품목목록!$E9),0))
A13: =IF(품목목록!$A10="","",IF(품목목록!$F10="세트","",품목목록!$A10)) | B13: =IF($A13="","",품목목록!$B10) | C13: =IF($A13="","",품목목록!$C10) | D13: =IF($A13="","",품목목록!$D10) | E13: =IF($A13="","",SUMIFS(전개결과!$N$6:$N$1205,전개결과!$M$6:$M$1205,$A13)) | F13: =IF($A13="","",ROUND($E13*IF(품목목록!$E10="",0,품목목록!$E10),0))
A14: =IF(품목목록!$A11="","",IF(품목목록!$F11="세트","",품목목록!$A11)) | B14: =IF($A14="","",품목목록!$B11) | C14: =IF($A14="","",품목목록!$C11) | D14: =IF($A14="","",품목목록!$D11) | E14: =IF($A14="","",SUMIFS(전개결과!$N$6:$N$1205,전개결과!$M$6:$M$1205,$A14)) | F14: =IF($A14="","",ROUND($E14*IF(품목목록!$E11="",0,품목목록!$E11),0))
A15: =IF(품목목록!$A12="","",IF(품목목록!$F12="세트","",품목목록!$A12)) | B15: =IF($A15="","",품목목록!$B12) | C15: =IF($A15="","",품목목록!$C12) | D15: =IF($A15="","",품목목록!$D12) | E15: =IF($A15="","",SUMIFS(전개결과!$N$6:$N$1205,전개결과!$M$6:$M$1205,$A15)) | F15: =IF($A15="","",ROUND($E15*IF(품목목록!$E12="",0,품목목록!$E12),0))
A16: =IF(품목목록!$A13="","",IF(품목목록!$F13="세트","",품목목록!$A13)) | B16: =IF($A16="","",품목목록!$B13) | C16: =IF($A16="","",품목목록!$C13) | D16: =IF($A16="","",품목목록!$D13) | E16: =IF($A16="","",SUMIFS(전개결과!$N$6:$N$1205,전개결과!$M$6:$M$1205,$A16)) | F16: =IF($A16="","",ROUND($E16*IF(품목목록!$E13="",0,품목목록!$E13),0))
A17: =IF(품목목록!$A14="","",IF(품목목록!$F14="세트","",품목목록!$A14)) | B17: =IF($A17="","",품목목록!$B14) | C17: =IF($A17="","",품목목록!$C14) | D17: =IF($A17="","",품목목록!$D14) | E17: =IF($A17="","",SUMIFS(전개결과!$N$6:$N$1205,전개결과!$M$6:$M$1205,$A17)) | F17: =IF($A17="","",ROUND($E17*IF(품목목록!$E14="",0,품목목록!$E14),0))
... A305: =IF(품목목록!$A302="","",IF(품목목록!$F302="세트","",품목목록!$A302)) | B305: =IF($A305="","",품목목록!$B302) | C305: =IF($A305="","",품목목록!$C302) | D305: =IF($A305="","",품목목록!$D302) | E305: =IF($A305="","",SUMIFS(전개결과!$N$6:$N$1205,전개결과!$M$6:$M$1205,$A305)) | F305: =IF($A305="","",ROUND($E305*IF(품목목록!$E302="",0,품목목록!$E302),0))
B307: 합계 | E307: =SUM(E6:E305) -> 61 | F307: =SUM(F6:F305) -> 1709000

Sheet 거래처별집계
A1: 거래처별집계
A3: 거래처 | B3: 발주 건수 | C3: 세트 건수 | D3: 낱개 건수 | E3: 발주 금액 | G3: 거래처 자동수집
A4: =IF($G4="","",$G4) -> ○○마트 | B4: =IF($A4="","",COUNTIFS(발주접수!$C$3:$C$122,$A4)) -> 2 | C4: =IF($A4="","",COUNTIFS(발주접수!$C$3:$C$122,$A4,발주접수!$F$3:$F$122,"세트")) -> 1 | D4: =IF($A4="","",COUNTIFS(발주접수!$C$3:$C$122,$A4,발주접수!$F$3:$F$122,"낱개")) -> 1 | E4: =IF($A4="","",SUMIFS(발주접수!$I$3:$I$122,발주접수!$C$3:$C$122,$A4)) -> 280000 | G4: =IF(발주접수!$C3="","",IF(COUNTIF(발주접수!$C$3:$C3,발주접수!$C3)=1,발주접수!$C3,"")) -> ○○마트
A5: =IF($G5="","",$G5) | B5: =IF($A5="","",COUNTIFS(발주접수!$C$3:$C$122,$A5)) | C5: =IF($A5="","",COUNTIFS(발주접수!$C$3:$C$122,$A5,발주접수!$F$3:$F$122,"세트")) | D5: =IF($A5="","",COUNTIFS(발주접수!$C$3:$C$122,$A5,발주접수!$F$3:$F$122,"낱개")) | E5: =IF($A5="","",SUMIFS(발주접수!$I$3:$I$122,발주접수!$C$3:$C$122,$A5)) | G5: =IF(발주접수!$C4="","",IF(COUNTIF(발주접수!$C$3:$C4,발주접수!$C4)=1,발주접수!$C4,""))
A6: =IF($G6="","",$G6) -> △△백화점 | B6: =IF($A6="","",COUNTIFS(발주접수!$C$3:$C$122,$A6)) -> 1 | C6: =IF($A6="","",COUNTIFS(발주접수!$C$3:$C$122,$A6,발주접수!$F$3:$F$122,"세트")) -> 1 | D6: =IF($A6="","",COUNTIFS(발주접수!$C$3:$C$122,$A6,발주접수!$F$3:$F$122,"낱개")) -> 0 | E6: =IF($A6="","",SUMIFS(발주접수!$I$3:$I$122,발주접수!$C$3:$C$122,$A6)) -> 0 | G6: =IF(발주접수!$C5="","",IF(COUNTIF(발주접수!$C$3:$C5,발주접수!$C5)=1,발주접수!$C5,"")) -> △△백화점
A7: =IF($G7="","",$G7) | B7: =IF($A7="","",COUNTIFS(발주접수!$C$3:$C$122,$A7)) | C7: =IF($A7="","",COUNTIFS(발주접수!$C$3:$C$122,$A7,발주접수!$F$3:$F$122,"세트")) | D7: =IF($A7="","",COUNTIFS(발주접수!$C$3:$C$122,$A7,발주접수!$F$3:$F$122,"낱개")) | E7: =IF($A7="","",SUMIFS(발주접수!$I$3:$I$122,발주접수!$C$3:$C$122,$A7)) | G7: =IF(발주접수!$C6="","",IF(COUNTIF(발주접수!$C$3:$C6,발주접수!$C6)=1,발주접수!$C6,""))
A8: =IF($G8="","",$G8) | B8: =IF($A8="","",COUNTIFS(발주접수!$C$3:$C$122,$A8)) | C8: =IF($A8="","",COUNTIFS(발주접수!$C$3:$C$122,$A8,발주접수!$F$3:$F$122,"세트")) | D8: =IF($A8="","",COUNTIFS(발주접수!$C$3:$C$122,$A8,발주접수!$F$3:$F$122,"낱개")) | E8: =IF($A8="","",SUMIFS(발주접수!$I$3:$I$122,발주접수!$C$3:$C$122,$A8)) | G8: =IF(발주접수!$C7="","",IF(COUNTIF(발주접수!$C$3:$C7,발주접수!$C7)=1,발주접수!$C7,""))
A9: =IF($G9="","",$G9) | B9: =IF($A9="","",COUNTIFS(발주접수!$C$3:$C$122,$A9)) | C9: =IF($A9="","",COUNTIFS(발주접수!$C$3:$C$122,$A9,발주접수!$F$3:$F$122,"세트")) | D9: =IF($A9="","",COUNTIFS(발주접수!$C$3:$C$122,$A9,발주접수!$F$3:$F$122,"낱개")) | E9: =IF($A9="","",SUMIFS(발주접수!$I$3:$I$122,발주접수!$C$3:$C$122,$A9)) | G9: =IF(발주접수!$C8="","",IF(COUNTIF(발주접수!$C$3:$C8,발주접수!$C8)=1,발주접수!$C8,""))
A10: =IF($G10="","",$G10) | B10: =IF($A10="","",COUNTIFS(발주접수!$C$3:$C$122,$A10)) | C10: =IF($A10="","",COUNTIFS(발주접수!$C$3:$C$122,$A10,발주접수!$F$3:$F$122,"세트")) | D10: =IF($A10="","",COUNTIFS(발주접수!$C$3:$C$122,$A10,발주접수!$F$3:$F$122,"낱개")) | E10: =IF($A10="","",SUMIFS(발주접수!$I$3:$I$122,발주접수!$C$3:$C$122,$A10)) | G10: =IF(발주접수!$C9="","",IF(COUNTIF(발주접수!$C$3:$C9,발주접수!$C9)=1,발주접수!$C9,""))
A11: =IF($G11="","",$G11) | B11: =IF($A11="","",COUNTIFS(발주접수!$C$3:$C$122,$A11)) | C11: =IF($A11="","",COUNTIFS(발주접수!$C$3:$C$122,$A11,발주접수!$F$3:$F$122,"세트")) | D11: =IF($A11="","",COUNTIFS(발주접수!$C$3:$C$122,$A11,발주접수!$F$3:$F$122,"낱개")) | E11: =IF($A11="","",SUMIFS(발주접수!$I$3:$I$122,발주접수!$C$3:$C$122,$A11)) | G11: =IF(발주접수!$C10="","",IF(COUNTIF(발주접수!$C$3:$C10,발주접수!$C10)=1,발주접수!$C10,""))
A12: =IF($G12="","",$G12) | B12: =IF($A12="","",COUNTIFS(발주접수!$C$3:$C$122,$A12)) | C12: =IF($A12="","",COUNTIFS(발주접수!$C$3:$C$122,$A12,발주접수!$F$3:$F$122,"세트")) | D12: =IF($A12="","",COUNTIFS(발주접수!$C$3:$C$122,$A12,발주접수!$F$3:$F$122,"낱개")) | E12: =IF($A12="","",SUMIFS(발주접수!$I$3:$I$122,발주접수!$C$3:$C$122,$A12)) | G12: =IF(발주접수!$C11="","",IF(COUNTIF(발주접수!$C$3:$C11,발주접수!$C11)=1,발주접수!$C11,""))
A13: =IF($G13="","",$G13) | B13: =IF($A13="","",COUNTIFS(발주접수!$C$3:$C$122,$A13)) | C13: =IF($A13="","",COUNTIFS(발주접수!$C$3:$C$122,$A13,발주접수!$F$3:$F$122,"세트")) | D13: =IF($A13="","",COUNTIFS(발주접수!$C$3:$C$122,$A13,발주접수!$F$3:$F$122,"낱개")) | E13: =IF($A13="","",SUMIFS(발주접수!$I$3:$I$122,발주접수!$C$3:$C$122,$A13)) | G13: =IF(발주접수!$C12="","",IF(COUNTIF(발주접수!$C$3:$C12,발주접수!$C12)=1,발주접수!$C12,""))
A14: =IF($G14="","",$G14) | B14: =IF($A14="","",COUNTIFS(발주접수!$C$3:$C$122,$A14)) | C14: =IF($A14="","",COUNTIFS(발주접수!$C$3:$C$122,$A14,발주접수!$F$3:$F$122,"세트")) | D14: =IF($A14="","",COUNTIFS(발주접수!$C$3:$C$122,$A14,발주접수!$F$3:$F$122,"낱개")) | E14: =IF($A14="","",SUMIFS(발주접수!$I$3:$I$122,발주접수!$C$3:$C$122,$A14)) | G14: =IF(발주접수!$C13="","",IF(COUNTIF(발주접수!$C$3:$C13,발주접수!$C13)=1,발주접수!$C13,""))
A15: =IF($G15="","",$G15) | B15: =IF($A15="","",COUNTIFS(발주접수!$C$3:$C$122,$A15)) | C15: =IF($A15="","",COUNTIFS(발주접수!$C$3:$C$122,$A15,발주접수!$F$3:$F$122,"세트")) | D15: =IF($A15="","",COUNTIFS(발주접수!$C$3:$C$122,$A15,발주접수!$F$3:$F$122,"낱개")) | E15: =IF($A15="","",SUMIFS(발주접수!$I$3:$I$122,발주접수!$C$3:$C$122,$A15)) | G15: =IF(발주접수!$C14="","",IF(COUNTIF(발주접수!$C$3:$C14,발주접수!$C14)=1,발주접수!$C14,""))
... A63: =IF($G63="","",$G63) | B63: =IF($A63="","",COUNTIFS(발주접수!$C$3:$C$122,$A63)) | C63: =IF($A63="","",COUNTIFS(발주접수!$C$3:$C$122,$A63,발주접수!$F$3:$F$122,"세트")) | D63: =IF($A63="","",COUNTIFS(발주접수!$C$3:$C$122,$A63,발주접수!$F$3:$F$122,"낱개")) | E63: =IF($A63="","",SUMIFS(발주접수!$I$3:$I$122,발주접수!$C$3:$C$122,$A63)) | G63: =IF(발주접수!$C62="","",IF(COUNTIF(발주접수!$C$3:$C62,발주접수!$C62)=1,발주접수!$C62,""))
A66: ※ 거래처는 발주접수에서 자동으로 모입니다. 60곳까지 표시됩니다.
