Workbook

Sheet 사용안내
B2: 원자재 규격 목록 · 검색 · 비교
B4: 핵심 | C4: 원자재명 옆에 규격을 따로 두어, 이름이 같아도 규격이 다르면 구분해서 찾을 수 있습니다.
B5: 입력 규칙 | C5: 파란색 글씨 칸만 입력하세요. 검은색은 자동 계산입니다.
B6: ① 원자재마스터 | C6: 품번·품명·규격·재질과 치수를 등록합니다. 품번은 중복되면 안 됩니다.
C7: 치수를 넣으면 규격 표기가 자동으로 만들어집니다. 예: 1000×500×3.2
B8: ② 규격검색 | C8: 품명 일부나 규격 일부만 넣어도 찾아냅니다. 재질로도 걸러집니다.
B9: ③ 규격비교 | C9: 비슷한 자재 최대 6개를 나란히 놓고 치수를 비교합니다.
B10: ④ 거래처별목록 | C10: 거래처를 고르면 그 거래처에서 사는 자재만 나옵니다.
B11: ⑤ 규격라벨 | C11: 선반이나 자재함에 붙일 라벨을 한 장에 12개 인쇄합니다.
B12: 중복 품번 확인 | C12: 마스터에 같은 품번이 두 번 들어가면 빨간색으로 표시됩니다.
B13: 단위중량 | C13: 길이·폭·두께와 비중을 넣으면 장당 중량이 자동 계산됩니다.
B15: ※ 중량은 (길이×폭×두께×비중)으로 계산한 이론값입니다. 실측값과 다를 수 있습니다.
B16: ※ 재고 수량은 관리하지 않습니다. 재고는 별도 파일(재고관리)에서 관리하세요.

Sheet 원자재마스터
A1: 원자재마스터 (품번은 중복되면 안 됩니다)
A2: 품번 | B2: 품명 | C2: 재질 | D2: 길이(mm) | E2: 폭(mm) | F2: 두께(mm) | G2: 규격표기(자동) | H2: 비중 | I2: 장당중량kg(자동) | J2: 단위 | K2: 표준단가 | L2: 주거래처 | M2: 중복(자동) | N2: 비고
A3: R001 | B3: 열연강판 | C3: SS400 | D3: 1000 | E3: 500 | F3: 3.2 | G3: =IF($A3="","",IF(AND($D3="",$E3="",$F3=""),"",IF($D3="","",$D3)&IF($E3="",""," × "&$E3)&IF($F3=""," "," × ")&IF($F3="","",$F3)&"t")) -> 1000 × 500 × 3.2t | H3: 7.85 | I3: =IF($A3="","",IF(OR($D3="",$E3="",$F3="",$H3=""),"",ROUND($D3*$E3*$F3*$H3/1000000,2))) -> 12.56 | J3: EA | K3: 18500 | L3: ○○철강 | M3: =IF($A3="","",IF(COUNTIF($A$3:$A$502,$A3)>1,"중복","-")) -> -
A4: R002 | B4: 열연강판 | C4: SS400 | D4: 1200 | E4: 600 | F4: 4.5 | G4: =IF($A4="","",IF(AND($D4="",$E4="",$F4=""),"",IF($D4="","",$D4)&IF($E4="",""," × "&$E4)&IF($F4=""," "," × ")&IF($F4="","",$F4)&"t")) -> 1200 × 600 × 4.5t | H4: 7.85 | I4: =IF($A4="","",IF(OR($D4="",$E4="",$F4="",$H4=""),"",ROUND($D4*$E4*$F4*$H4/1000000,2))) -> 25.43 | J4: EA | K4: 34200 | L4: ○○철강 | M4: =IF($A4="","",IF(COUNTIF($A$3:$A$502,$A4)>1,"중복","-")) -> -
A5: R003 | B5: 알루미늄판 | C5: A5052 | D5: 1000 | E5: 500 | F5: 2 | G5: =IF($A5="","",IF(AND($D5="",$E5="",$F5=""),"",IF($D5="","",$D5)&IF($E5="",""," × "&$E5)&IF($F5=""," "," × ")&IF($F5="","",$F5)&"t")) -> 1000 × 500 × 2t | H5: 2.7 | I5: =IF($A5="","",IF(OR($D5="",$E5="",$F5="",$H5=""),"",ROUND($D5*$E5*$F5*$H5/1000000,2))) -> 2.7 | J5: EA | K5: 26000 | L5: △△금속 | M5: =IF($A5="","",IF(COUNTIF($A$3:$A$502,$A5)>1,"중복","-")) -> -
A6: R004 | B6: 스테인리스판 | C6: STS304 | D6: 1000 | E6: 500 | F6: 1.5 | G6: =IF($A6="","",IF(AND($D6="",$E6="",$F6=""),"",IF($D6="","",$D6)&IF($E6="",""," × "&$E6)&IF($F6=""," "," × ")&IF($F6="","",$F6)&"t")) -> 1000 × 500 × 1.5t | H6: 7.93 | I6: =IF($A6="","",IF(OR($D6="",$E6="",$F6="",$H6=""),"",ROUND($D6*$E6*$F6*$H6/1000000,2))) -> 5.95 | J6: EA | K6: 41000 | L6: △△금속 | M6: =IF($A6="","",IF(COUNTIF($A$3:$A$502,$A6)>1,"중복","-")) -> -
G7: =IF($A7="","",IF(AND($D7="",$E7="",$F7=""),"",IF($D7="","",$D7)&IF($E7="",""," × "&$E7)&IF($F7=""," "," × ")&IF($F7="","",$F7)&"t")) | I7: =IF($A7="","",IF(OR($D7="",$E7="",$F7="",$H7=""),"",ROUND($D7*$E7*$F7*$H7/1000000,2))) | M7: =IF($A7="","",IF(COUNTIF($A$3:$A$502,$A7)>1,"중복","-"))
G8: =IF($A8="","",IF(AND($D8="",$E8="",$F8=""),"",IF($D8="","",$D8)&IF($E8="",""," × "&$E8)&IF($F8=""," "," × ")&IF($F8="","",$F8)&"t")) | I8: =IF($A8="","",IF(OR($D8="",$E8="",$F8="",$H8=""),"",ROUND($D8*$E8*$F8*$H8/1000000,2))) | M8: =IF($A8="","",IF(COUNTIF($A$3:$A$502,$A8)>1,"중복","-"))
G9: =IF($A9="","",IF(AND($D9="",$E9="",$F9=""),"",IF($D9="","",$D9)&IF($E9="",""," × "&$E9)&IF($F9=""," "," × ")&IF($F9="","",$F9)&"t")) | I9: =IF($A9="","",IF(OR($D9="",$E9="",$F9="",$H9=""),"",ROUND($D9*$E9*$F9*$H9/1000000,2))) | M9: =IF($A9="","",IF(COUNTIF($A$3:$A$502,$A9)>1,"중복","-"))
G10: =IF($A10="","",IF(AND($D10="",$E10="",$F10=""),"",IF($D10="","",$D10)&IF($E10="",""," × "&$E10)&IF($F10=""," "," × ")&IF($F10="","",$F10)&"t")) | I10: =IF($A10="","",IF(OR($D10="",$E10="",$F10="",$H10=""),"",ROUND($D10*$E10*$F10*$H10/1000000,2))) | M10: =IF($A10="","",IF(COUNTIF($A$3:$A$502,$A10)>1,"중복","-"))
G11: =IF($A11="","",IF(AND($D11="",$E11="",$F11=""),"",IF($D11="","",$D11)&IF($E11="",""," × "&$E11)&IF($F11=""," "," × ")&IF($F11="","",$F11)&"t")) | I11: =IF($A11="","",IF(OR($D11="",$E11="",$F11="",$H11=""),"",ROUND($D11*$E11*$F11*$H11/1000000,2))) | M11: =IF($A11="","",IF(COUNTIF($A$3:$A$502,$A11)>1,"중복","-"))
G12: =IF($A12="","",IF(AND($D12="",$E12="",$F12=""),"",IF($D12="","",$D12)&IF($E12="",""," × "&$E12)&IF($F12=""," "," × ")&IF($F12="","",$F12)&"t")) | I12: =IF($A12="","",IF(OR($D12="",$E12="",$F12="",$H12=""),"",ROUND($D12*$E12*$F12*$H12/1000000,2))) | M12: =IF($A12="","",IF(COUNTIF($A$3:$A$502,$A12)>1,"중복","-"))
G13: =IF($A13="","",IF(AND($D13="",$E13="",$F13=""),"",IF($D13="","",$D13)&IF($E13="",""," × "&$E13)&IF($F13=""," "," × ")&IF($F13="","",$F13)&"t")) | I13: =IF($A13="","",IF(OR($D13="",$E13="",$F13="",$H13=""),"",ROUND($D13*$E13*$F13*$H13/1000000,2))) | M13: =IF($A13="","",IF(COUNTIF($A$3:$A$502,$A13)>1,"중복","-"))
G14: =IF($A14="","",IF(AND($D14="",$E14="",$F14=""),"",IF($D14="","",$D14)&IF($E14="",""," × "&$E14)&IF($F14=""," "," × ")&IF($F14="","",$F14)&"t")) | I14: =IF($A14="","",IF(OR($D14="",$E14="",$F14="",$H14=""),"",ROUND($D14*$E14*$F14*$H14/1000000,2))) | M14: =IF($A14="","",IF(COUNTIF($A$3:$A$502,$A14)>1,"중복","-"))
G15: =IF($A15="","",IF(AND($D15="",$E15="",$F15=""),"",IF($D15="","",$D15)&IF($E15="",""," × "&$E15)&IF($F15=""," "," × ")&IF($F15="","",$F15)&"t")) | I15: =IF($A15="","",IF(OR($D15="",$E15="",$F15="",$H15=""),"",ROUND($D15*$E15*$F15*$H15/1000000,2))) | M15: =IF($A15="","",IF(COUNTIF($A$3:$A$502,$A15)>1,"중복","-"))
G16: =IF($A16="","",IF(AND($D16="",$E16="",$F16=""),"",IF($D16="","",$D16)&IF($E16="",""," × "&$E16)&IF($F16=""," "," × ")&IF($F16="","",$F16)&"t")) | I16: =IF($A16="","",IF(OR($D16="",$E16="",$F16="",$H16=""),"",ROUND($D16*$E16*$F16*$H16/1000000,2))) | M16: =IF($A16="","",IF(COUNTIF($A$3:$A$502,$A16)>1,"중복","-"))
G17: =IF($A17="","",IF(AND($D17="",$E17="",$F17=""),"",IF($D17="","",$D17)&IF($E17="",""," × "&$E17)&IF($F17=""," "," × ")&IF($F17="","",$F17)&"t")) | I17: =IF($A17="","",IF(OR($D17="",$E17="",$F17="",$H17=""),"",ROUND($D17*$E17*$F17*$H17/1000000,2))) | M17: =IF($A17="","",IF(COUNTIF($A$3:$A$502,$A17)>1,"중복","-"))
G18: =IF($A18="","",IF(AND($D18="",$E18="",$F18=""),"",IF($D18="","",$D18)&IF($E18="",""," × "&$E18)&IF($F18=""," "," × ")&IF($F18="","",$F18)&"t")) | I18: =IF($A18="","",IF(OR($D18="",$E18="",$F18="",$H18=""),"",ROUND($D18*$E18*$F18*$H18/1000000,2))) | M18: =IF($A18="","",IF(COUNTIF($A$3:$A$502,$A18)>1,"중복","-"))
... G502: =IF($A502="","",IF(AND($D502="",$E502="",$F502=""),"",IF($D502="","",$D502)&IF($E502="",""," × "&$E502)&IF($F502=""," "," × ")&IF($F502="","",$F502)&"t")) | I502: =IF($A502="","",IF(OR($D502="",$E502="",$F502="",$H502=""),"",ROUND($D502*$E502*$F502*$H502/1000000,2))) | M502: =IF($A502="","",IF(COUNTIF($A$3:$A$502,$A502)>1,"중복","-"))
A504: ※ 규격표기는 길이·폭·두께로 자동 조합됩니다. 직접 다르게 쓰고 싶으면 덮어쓰세요.

Sheet 규격검색
A1: 규격검색 (품명·규격·재질 중 아무거나 일부만 넣으세요)
A3: 검색어 | B3: 강판 | D3: 재질 필터 | F3: ← 비우면 전체 | G3: 검색 결과 | H3: =COUNTIF($L$6:$L$505,TRUE())&" 건" -> 2 건
A5: 순번 | B5: 품번 | C5: 품명 | D5: 재질 | E5: 규격 | F5: 장당중량kg | G5: 단위 | H5: 표준단가 | I5: 주거래처 | L5: 대상(자동) | M5: 순번(자동) | N5: 키(자동)
A6: =IF($B6="","",1) -> 1 | B6: =IFERROR(INDEX(원자재마스터!$A$3:$A$502,MATCH("R"&1,규격검색!$N$6:$N$505,0)),"") -> R001 | C6: =IF($B6="","",IFERROR(INDEX(원자재마스터!$B$3:$B$502,MATCH("R"&1,규격검색!$N$6:$N$505,0)),"")) -> 열연강판 | D6: =IF($B6="","",IFERROR(INDEX(원자재마스터!$C$3:$C$502,MATCH("R"&1,규격검색!$N$6:$N$505,0)),"")) -> SS400 | E6: =IF($B6="","",IFERROR(INDEX(원자재마스터!$G$3:$G$502,MATCH("R"&1,규격검색!$N$6:$N$505,0)),"")) -> 1000 × 500 × 3.2t | F6: =IF($B6="","",IFERROR(INDEX(원자재마스터!$I$3:$I$502,MATCH("R"&1,규격검색!$N$6:$N$505,0)),"")) -> 12.56 | G6: =IF($B6="","",IFERROR(INDEX(원자재마스터!$J$3:$J$502,MATCH("R"&1,규격검색!$N$6:$N$505,0)),"")) -> EA | H6: =IF($B6="","",IFERROR(INDEX(원자재마스터!$K$3:$K$502,MATCH("R"&1,규격검색!$N$6:$N$505,0)),"")) -> 18500 | I6: =IF($B6="","",IFERROR(INDEX(원자재마스터!$L$3:$L$502,MATCH("R"&1,규격검색!$N$6:$N$505,0)),"")) -> ○○철강 | L6: =IF(원자재마스터!$A3="",FALSE(),AND(IF($B$3="",TRUE(),ISNUMBER(SEARCH($B$3,원자재마스터!$B3&" "&원자재마스터!$C3&" "&원자재마스터!$G3&" "&원자재마스터!$A3))),IF($E$3="",TRUE(),ISNUMBER(SEARCH($E$3,원자재마스터!$C3))))) -> TRUE | M6: =IF($L6=FALSE(),"",COUNTIF($L$6:$L6,TRUE())) -> 1 | N6: =IF($M6="","","R"&$M6) -> R1
A7: =IF($B7="","",2) -> 2 | B7: =IFERROR(INDEX(원자재마스터!$A$3:$A$502,MATCH("R"&2,규격검색!$N$6:$N$505,0)),"") -> R002 | C7: =IF($B7="","",IFERROR(INDEX(원자재마스터!$B$3:$B$502,MATCH("R"&2,규격검색!$N$6:$N$505,0)),"")) -> 열연강판 | D7: =IF($B7="","",IFERROR(INDEX(원자재마스터!$C$3:$C$502,MATCH("R"&2,규격검색!$N$6:$N$505,0)),"")) -> SS400 | E7: =IF($B7="","",IFERROR(INDEX(원자재마스터!$G$3:$G$502,MATCH("R"&2,규격검색!$N$6:$N$505,0)),"")) -> 1200 × 600 × 4.5t | F7: =IF($B7="","",IFERROR(INDEX(원자재마스터!$I$3:$I$502,MATCH("R"&2,규격검색!$N$6:$N$505,0)),"")) -> 25.43 | G7: =IF($B7="","",IFERROR(INDEX(원자재마스터!$J$3:$J$502,MATCH("R"&2,규격검색!$N$6:$N$505,0)),"")) -> EA | H7: =IF($B7="","",IFERROR(INDEX(원자재마스터!$K$3:$K$502,MATCH("R"&2,규격검색!$N$6:$N$505,0)),"")) -> 34200 | I7: =IF($B7="","",IFERROR(INDEX(원자재마스터!$L$3:$L$502,MATCH("R"&2,규격검색!$N$6:$N$505,0)),"")) -> ○○철강 | L7: =IF(원자재마스터!$A4="",FALSE(),AND(IF($B$3="",TRUE(),ISNUMBER(SEARCH($B$3,원자재마스터!$B4&" "&원자재마스터!$C4&" "&원자재마스터!$G4&" "&원자재마스터!$A4))),IF($E$3="",TRUE(),ISNUMBER(SEARCH($E$3,원자재마스터!$C4))))) -> TRUE | M7: =IF($L7=FALSE(),"",COUNTIF($L$6:$L7,TRUE())) -> 2 | N7: =IF($M7="","","R"&$M7) -> R2
A8: =IF($B8="","",3) | B8: =IFERROR(INDEX(원자재마스터!$A$3:$A$502,MATCH("R"&3,규격검색!$N$6:$N$505,0)),"") | C8: =IF($B8="","",IFERROR(INDEX(원자재마스터!$B$3:$B$502,MATCH("R"&3,규격검색!$N$6:$N$505,0)),"")) | D8: =IF($B8="","",IFERROR(INDEX(원자재마스터!$C$3:$C$502,MATCH("R"&3,규격검색!$N$6:$N$505,0)),"")) | E8: =IF($B8="","",IFERROR(INDEX(원자재마스터!$G$3:$G$502,MATCH("R"&3,규격검색!$N$6:$N$505,0)),"")) | F8: =IF($B8="","",IFERROR(INDEX(원자재마스터!$I$3:$I$502,MATCH("R"&3,규격검색!$N$6:$N$505,0)),"")) | G8: =IF($B8="","",IFERROR(INDEX(원자재마스터!$J$3:$J$502,MATCH("R"&3,규격검색!$N$6:$N$505,0)),"")) | H8: =IF($B8="","",IFERROR(INDEX(원자재마스터!$K$3:$K$502,MATCH("R"&3,규격검색!$N$6:$N$505,0)),"")) | I8: =IF($B8="","",IFERROR(INDEX(원자재마스터!$L$3:$L$502,MATCH("R"&3,규격검색!$N$6:$N$505,0)),"")) | L8: =IF(원자재마스터!$A5="",FALSE(),AND(IF($B$3="",TRUE(),ISNUMBER(SEARCH($B$3,원자재마스터!$B5&" "&원자재마스터!$C5&" "&원자재마스터!$G5&" "&원자재마스터!$A5))),IF($E$3="",TRUE(),ISNUMBER(SEARCH($E$3,원자재마스터!$C5))))) -> FALSE | M8: =IF($L8=FALSE(),"",COUNTIF($L$6:$L8,TRUE())) | N8: =IF($M8="","","R"&$M8)
A9: =IF($B9="","",4) | B9: =IFERROR(INDEX(원자재마스터!$A$3:$A$502,MATCH("R"&4,규격검색!$N$6:$N$505,0)),"") | C9: =IF($B9="","",IFERROR(INDEX(원자재마스터!$B$3:$B$502,MATCH("R"&4,규격검색!$N$6:$N$505,0)),"")) | D9: =IF($B9="","",IFERROR(INDEX(원자재마스터!$C$3:$C$502,MATCH("R"&4,규격검색!$N$6:$N$505,0)),"")) | E9: =IF($B9="","",IFERROR(INDEX(원자재마스터!$G$3:$G$502,MATCH("R"&4,규격검색!$N$6:$N$505,0)),"")) | F9: =IF($B9="","",IFERROR(INDEX(원자재마스터!$I$3:$I$502,MATCH("R"&4,규격검색!$N$6:$N$505,0)),"")) | G9: =IF($B9="","",IFERROR(INDEX(원자재마스터!$J$3:$J$502,MATCH("R"&4,규격검색!$N$6:$N$505,0)),"")) | H9: =IF($B9="","",IFERROR(INDEX(원자재마스터!$K$3:$K$502,MATCH("R"&4,규격검색!$N$6:$N$505,0)),"")) | I9: =IF($B9="","",IFERROR(INDEX(원자재마스터!$L$3:$L$502,MATCH("R"&4,규격검색!$N$6:$N$505,0)),"")) | L9: =IF(원자재마스터!$A6="",FALSE(),AND(IF($B$3="",TRUE(),ISNUMBER(SEARCH($B$3,원자재마스터!$B6&" "&원자재마스터!$C6&" "&원자재마스터!$G6&" "&원자재마스터!$A6))),IF($E$3="",TRUE(),ISNUMBER(SEARCH($E$3,원자재마스터!$C6))))) -> FALSE | M9: =IF($L9=FALSE(),"",COUNTIF($L$6:$L9,TRUE())) | N9: =IF($M9="","","R"&$M9)
A10: =IF($B10="","",5) | B10: =IFERROR(INDEX(원자재마스터!$A$3:$A$502,MATCH("R"&5,규격검색!$N$6:$N$505,0)),"") | C10: =IF($B10="","",IFERROR(INDEX(원자재마스터!$B$3:$B$502,MATCH("R"&5,규격검색!$N$6:$N$505,0)),"")) | D10: =IF($B10="","",IFERROR(INDEX(원자재마스터!$C$3:$C$502,MATCH("R"&5,규격검색!$N$6:$N$505,0)),"")) | E10: =IF($B10="","",IFERROR(INDEX(원자재마스터!$G$3:$G$502,MATCH("R"&5,규격검색!$N$6:$N$505,0)),"")) | F10: =IF($B10="","",IFERROR(INDEX(원자재마스터!$I$3:$I$502,MATCH("R"&5,규격검색!$N$6:$N$505,0)),"")) | G10: =IF($B10="","",IFERROR(INDEX(원자재마스터!$J$3:$J$502,MATCH("R"&5,규격검색!$N$6:$N$505,0)),"")) | H10: =IF($B10="","",IFERROR(INDEX(원자재마스터!$K$3:$K$502,MATCH("R"&5,규격검색!$N$6:$N$505,0)),"")) | I10: =IF($B10="","",IFERROR(INDEX(원자재마스터!$L$3:$L$502,MATCH("R"&5,규격검색!$N$6:$N$505,0)),"")) | L10: =IF(원자재마스터!$A7="",FALSE(),AND(IF($B$3="",TRUE(),ISNUMBER(SEARCH($B$3,원자재마스터!$B7&" "&원자재마스터!$C7&" "&원자재마스터!$G7&" "&원자재마스터!$A7))),IF($E$3="",TRUE(),ISNUMBER(SEARCH($E$3,원자재마스터!$C7))))) -> FALSE | M10: =IF($L10=FALSE(),"",COUNTIF($L$6:$L10,TRUE())) | N10: =IF($M10="","","R"&$M10)
A11: =IF($B11="","",6) | B11: =IFERROR(INDEX(원자재마스터!$A$3:$A$502,MATCH("R"&6,규격검색!$N$6:$N$505,0)),"") | C11: =IF($B11="","",IFERROR(INDEX(원자재마스터!$B$3:$B$502,MATCH("R"&6,규격검색!$N$6:$N$505,0)),"")) | D11: =IF($B11="","",IFERROR(INDEX(원자재마스터!$C$3:$C$502,MATCH("R"&6,규격검색!$N$6:$N$505,0)),"")) | E11: =IF($B11="","",IFERROR(INDEX(원자재마스터!$G$3:$G$502,MATCH("R"&6,규격검색!$N$6:$N$505,0)),"")) | F11: =IF($B11="","",IFERROR(INDEX(원자재마스터!$I$3:$I$502,MATCH("R"&6,규격검색!$N$6:$N$505,0)),"")) | G11: =IF($B11="","",IFERROR(INDEX(원자재마스터!$J$3:$J$502,MATCH("R"&6,규격검색!$N$6:$N$505,0)),"")) | H11: =IF($B11="","",IFERROR(INDEX(원자재마스터!$K$3:$K$502,MATCH("R"&6,규격검색!$N$6:$N$505,0)),"")) | I11: =IF($B11="","",IFERROR(INDEX(원자재마스터!$L$3:$L$502,MATCH("R"&6,규격검색!$N$6:$N$505,0)),"")) | L11: =IF(원자재마스터!$A8="",FALSE(),AND(IF($B$3="",TRUE(),ISNUMBER(SEARCH($B$3,원자재마스터!$B8&" "&원자재마스터!$C8&" "&원자재마스터!$G8&" "&원자재마스터!$A8))),IF($E$3="",TRUE(),ISNUMBER(SEARCH($E$3,원자재마스터!$C8))))) -> FALSE | M11: =IF($L11=FALSE(),"",COUNTIF($L$6:$L11,TRUE())) | N11: =IF($M11="","","R"&$M11)
A12: =IF($B12="","",7) | B12: =IFERROR(INDEX(원자재마스터!$A$3:$A$502,MATCH("R"&7,규격검색!$N$6:$N$505,0)),"") | C12: =IF($B12="","",IFERROR(INDEX(원자재마스터!$B$3:$B$502,MATCH("R"&7,규격검색!$N$6:$N$505,0)),"")) | D12: =IF($B12="","",IFERROR(INDEX(원자재마스터!$C$3:$C$502,MATCH("R"&7,규격검색!$N$6:$N$505,0)),"")) | E12: =IF($B12="","",IFERROR(INDEX(원자재마스터!$G$3:$G$502,MATCH("R"&7,규격검색!$N$6:$N$505,0)),"")) | F12: =IF($B12="","",IFERROR(INDEX(원자재마스터!$I$3:$I$502,MATCH("R"&7,규격검색!$N$6:$N$505,0)),"")) | G12: =IF($B12="","",IFERROR(INDEX(원자재마스터!$J$3:$J$502,MATCH("R"&7,규격검색!$N$6:$N$505,0)),"")) | H12: =IF($B12="","",IFERROR(INDEX(원자재마스터!$K$3:$K$502,MATCH("R"&7,규격검색!$N$6:$N$505,0)),"")) | I12: =IF($B12="","",IFERROR(INDEX(원자재마스터!$L$3:$L$502,MATCH("R"&7,규격검색!$N$6:$N$505,0)),"")) | L12: =IF(원자재마스터!$A9="",FALSE(),AND(IF($B$3="",TRUE(),ISNUMBER(SEARCH($B$3,원자재마스터!$B9&" "&원자재마스터!$C9&" "&원자재마스터!$G9&" "&원자재마스터!$A9))),IF($E$3="",TRUE(),ISNUMBER(SEARCH($E$3,원자재마스터!$C9))))) -> FALSE | M12: =IF($L12=FALSE(),"",COUNTIF($L$6:$L12,TRUE())) | N12: =IF($M12="","","R"&$M12)
A13: =IF($B13="","",8) | B13: =IFERROR(INDEX(원자재마스터!$A$3:$A$502,MATCH("R"&8,규격검색!$N$6:$N$505,0)),"") | C13: =IF($B13="","",IFERROR(INDEX(원자재마스터!$B$3:$B$502,MATCH("R"&8,규격검색!$N$6:$N$505,0)),"")) | D13: =IF($B13="","",IFERROR(INDEX(원자재마스터!$C$3:$C$502,MATCH("R"&8,규격검색!$N$6:$N$505,0)),"")) | E13: =IF($B13="","",IFERROR(INDEX(원자재마스터!$G$3:$G$502,MATCH("R"&8,규격검색!$N$6:$N$505,0)),"")) | F13: =IF($B13="","",IFERROR(INDEX(원자재마스터!$I$3:$I$502,MATCH("R"&8,규격검색!$N$6:$N$505,0)),"")) | G13: =IF($B13="","",IFERROR(INDEX(원자재마스터!$J$3:$J$502,MATCH("R"&8,규격검색!$N$6:$N$505,0)),"")) | H13: =IF($B13="","",IFERROR(INDEX(원자재마스터!$K$3:$K$502,MATCH("R"&8,규격검색!$N$6:$N$505,0)),"")) | I13: =IF($B13="","",IFERROR(INDEX(원자재마스터!$L$3:$L$502,MATCH("R"&8,규격검색!$N$6:$N$505,0)),"")) | L13: =IF(원자재마스터!$A10="",FALSE(),AND(IF($B$3="",TRUE(),ISNUMBER(SEARCH($B$3,원자재마스터!$B10&" "&원자재마스터!$C10&" "&원자재마스터!$G10&" "&원자재마스터!$A10))),IF($E$3="",TRUE(),ISNUMBER(SEARCH($E$3,원자재마스터!$C10))))) -> FALSE | M13: =IF($L13=FALSE(),"",COUNTIF($L$6:$L13,TRUE())) | N13: =IF($M13="","","R"&$M13)
A14: =IF($B14="","",9) | B14: =IFERROR(INDEX(원자재마스터!$A$3:$A$502,MATCH("R"&9,규격검색!$N$6:$N$505,0)),"") | C14: =IF($B14="","",IFERROR(INDEX(원자재마스터!$B$3:$B$502,MATCH("R"&9,규격검색!$N$6:$N$505,0)),"")) | D14: =IF($B14="","",IFERROR(INDEX(원자재마스터!$C$3:$C$502,MATCH("R"&9,규격검색!$N$6:$N$505,0)),"")) | E14: =IF($B14="","",IFERROR(INDEX(원자재마스터!$G$3:$G$502,MATCH("R"&9,규격검색!$N$6:$N$505,0)),"")) | F14: =IF($B14="","",IFERROR(INDEX(원자재마스터!$I$3:$I$502,MATCH("R"&9,규격검색!$N$6:$N$505,0)),"")) | G14: =IF($B14="","",IFERROR(INDEX(원자재마스터!$J$3:$J$502,MATCH("R"&9,규격검색!$N$6:$N$505,0)),"")) | H14: =IF($B14="","",IFERROR(INDEX(원자재마스터!$K$3:$K$502,MATCH("R"&9,규격검색!$N$6:$N$505,0)),"")) | I14: =IF($B14="","",IFERROR(INDEX(원자재마스터!$L$3:$L$502,MATCH("R"&9,규격검색!$N$6:$N$505,0)),"")) | L14: =IF(원자재마스터!$A11="",FALSE(),AND(IF($B$3="",TRUE(),ISNUMBER(SEARCH($B$3,원자재마스터!$B11&" "&원자재마스터!$C11&" "&원자재마스터!$G11&" "&원자재마스터!$A11))),IF($E$3="",TRUE(),ISNUMBER(SEARCH($E$3,원자재마스터!$C11))))) -> FALSE | M14: =IF($L14=FALSE(),"",COUNTIF($L$6:$L14,TRUE())) | N14: =IF($M14="","","R"&$M14)
A15: =IF($B15="","",10) | B15: =IFERROR(INDEX(원자재마스터!$A$3:$A$502,MATCH("R"&10,규격검색!$N$6:$N$505,0)),"") | C15: =IF($B15="","",IFERROR(INDEX(원자재마스터!$B$3:$B$502,MATCH("R"&10,규격검색!$N$6:$N$505,0)),"")) | D15: =IF($B15="","",IFERROR(INDEX(원자재마스터!$C$3:$C$502,MATCH("R"&10,규격검색!$N$6:$N$505,0)),"")) | E15: =IF($B15="","",IFERROR(INDEX(원자재마스터!$G$3:$G$502,MATCH("R"&10,규격검색!$N$6:$N$505,0)),"")) | F15: =IF($B15="","",IFERROR(INDEX(원자재마스터!$I$3:$I$502,MATCH("R"&10,규격검색!$N$6:$N$505,0)),"")) | G15: =IF($B15="","",IFERROR(INDEX(원자재마스터!$J$3:$J$502,MATCH("R"&10,규격검색!$N$6:$N$505,0)),"")) | H15: =IF($B15="","",IFERROR(INDEX(원자재마스터!$K$3:$K$502,MATCH("R"&10,규격검색!$N$6:$N$505,0)),"")) | I15: =IF($B15="","",IFERROR(INDEX(원자재마스터!$L$3:$L$502,MATCH("R"&10,규격검색!$N$6:$N$505,0)),"")) | L15: =IF(원자재마스터!$A12="",FALSE(),AND(IF($B$3="",TRUE(),ISNUMBER(SEARCH($B$3,원자재마스터!$B12&" "&원자재마스터!$C12&" "&원자재마스터!$G12&" "&원자재마스터!$A12))),IF($E$3="",TRUE(),ISNUMBER(SEARCH($E$3,원자재마스터!$C12))))) -> FALSE | M15: =IF($L15=FALSE(),"",COUNTIF($L$6:$L15,TRUE())) | N15: =IF($M15="","","R"&$M15)
A16: =IF($B16="","",11) | B16: =IFERROR(INDEX(원자재마스터!$A$3:$A$502,MATCH("R"&11,규격검색!$N$6:$N$505,0)),"") | C16: =IF($B16="","",IFERROR(INDEX(원자재마스터!$B$3:$B$502,MATCH("R"&11,규격검색!$N$6:$N$505,0)),"")) | D16: =IF($B16="","",IFERROR(INDEX(원자재마스터!$C$3:$C$502,MATCH("R"&11,규격검색!$N$6:$N$505,0)),"")) | E16: =IF($B16="","",IFERROR(INDEX(원자재마스터!$G$3:$G$502,MATCH("R"&11,규격검색!$N$6:$N$505,0)),"")) | F16: =IF($B16="","",IFERROR(INDEX(원자재마스터!$I$3:$I$502,MATCH("R"&11,규격검색!$N$6:$N$505,0)),"")) | G16: =IF($B16="","",IFERROR(INDEX(원자재마스터!$J$3:$J$502,MATCH("R"&11,규격검색!$N$6:$N$505,0)),"")) | H16: =IF($B16="","",IFERROR(INDEX(원자재마스터!$K$3:$K$502,MATCH("R"&11,규격검색!$N$6:$N$505,0)),"")) | I16: =IF($B16="","",IFERROR(INDEX(원자재마스터!$L$3:$L$502,MATCH("R"&11,규격검색!$N$6:$N$505,0)),"")) | L16: =IF(원자재마스터!$A13="",FALSE(),AND(IF($B$3="",TRUE(),ISNUMBER(SEARCH($B$3,원자재마스터!$B13&" "&원자재마스터!$C13&" "&원자재마스터!$G13&" "&원자재마스터!$A13))),IF($E$3="",TRUE(),ISNUMBER(SEARCH($E$3,원자재마스터!$C13))))) -> FALSE | M16: =IF($L16=FALSE(),"",COUNTIF($L$6:$L16,TRUE())) | N16: =IF($M16="","","R"&$M16)
A17: =IF($B17="","",12) | B17: =IFERROR(INDEX(원자재마스터!$A$3:$A$502,MATCH("R"&12,규격검색!$N$6:$N$505,0)),"") | C17: =IF($B17="","",IFERROR(INDEX(원자재마스터!$B$3:$B$502,MATCH("R"&12,규격검색!$N$6:$N$505,0)),"")) | D17: =IF($B17="","",IFERROR(INDEX(원자재마스터!$C$3:$C$502,MATCH("R"&12,규격검색!$N$6:$N$505,0)),"")) | E17: =IF($B17="","",IFERROR(INDEX(원자재마스터!$G$3:$G$502,MATCH("R"&12,규격검색!$N$6:$N$505,0)),"")) | F17: =IF($B17="","",IFERROR(INDEX(원자재마스터!$I$3:$I$502,MATCH("R"&12,규격검색!$N$6:$N$505,0)),"")) | G17: =IF($B17="","",IFERROR(INDEX(원자재마스터!$J$3:$J$502,MATCH("R"&12,규격검색!$N$6:$N$505,0)),"")) | H17: =IF($B17="","",IFERROR(INDEX(원자재마스터!$K$3:$K$502,MATCH("R"&12,규격검색!$N$6:$N$505,0)),"")) | I17: =IF($B17="","",IFERROR(INDEX(원자재마스터!$L$3:$L$502,MATCH("R"&12,규격검색!$N$6:$N$505,0)),"")) | L17: =IF(원자재마스터!$A14="",FALSE(),AND(IF($B$3="",TRUE(),ISNUMBER(SEARCH($B$3,원자재마스터!$B14&" "&원자재마스터!$C14&" "&원자재마스터!$G14&" "&원자재마스터!$A14))),IF($E$3="",TRUE(),ISNUMBER(SEARCH($E$3,원자재마스터!$C14))))) -> FALSE | M17: =IF($L17=FALSE(),"",COUNTIF($L$6:$L17,TRUE())) | N17: =IF($M17="","","R"&$M17)
A18: =IF($B18="","",13) | B18: =IFERROR(INDEX(원자재마스터!$A$3:$A$502,MATCH("R"&13,규격검색!$N$6:$N$505,0)),"") | C18: =IF($B18="","",IFERROR(INDEX(원자재마스터!$B$3:$B$502,MATCH("R"&13,규격검색!$N$6:$N$505,0)),"")) | D18: =IF($B18="","",IFERROR(INDEX(원자재마스터!$C$3:$C$502,MATCH("R"&13,규격검색!$N$6:$N$505,0)),"")) | E18: =IF($B18="","",IFERROR(INDEX(원자재마스터!$G$3:$G$502,MATCH("R"&13,규격검색!$N$6:$N$505,0)),"")) | F18: =IF($B18="","",IFERROR(INDEX(원자재마스터!$I$3:$I$502,MATCH("R"&13,규격검색!$N$6:$N$505,0)),"")) | G18: =IF($B18="","",IFERROR(INDEX(원자재마스터!$J$3:$J$502,MATCH("R"&13,규격검색!$N$6:$N$505,0)),"")) | H18: =IF($B18="","",IFERROR(INDEX(원자재마스터!$K$3:$K$502,MATCH("R"&13,규격검색!$N$6:$N$505,0)),"")) | I18: =IF($B18="","",IFERROR(INDEX(원자재마스터!$L$3:$L$502,MATCH("R"&13,규격검색!$N$6:$N$505,0)),"")) | L18: =IF(원자재마스터!$A15="",FALSE(),AND(IF($B$3="",TRUE(),ISNUMBER(SEARCH($B$3,원자재마스터!$B15&" "&원자재마스터!$C15&" "&원자재마스터!$G15&" "&원자재마스터!$A15))),IF($E$3="",TRUE(),ISNUMBER(SEARCH($E$3,원자재마스터!$C15))))) -> FALSE | M18: =IF($L18=FALSE(),"",COUNTIF($L$6:$L18,TRUE())) | N18: =IF($M18="","","R"&$M18)
A19: =IF($B19="","",14) | B19: =IFERROR(INDEX(원자재마스터!$A$3:$A$502,MATCH("R"&14,규격검색!$N$6:$N$505,0)),"") | C19: =IF($B19="","",IFERROR(INDEX(원자재마스터!$B$3:$B$502,MATCH("R"&14,규격검색!$N$6:$N$505,0)),"")) | D19: =IF($B19="","",IFERROR(INDEX(원자재마스터!$C$3:$C$502,MATCH("R"&14,규격검색!$N$6:$N$505,0)),"")) | E19: =IF($B19="","",IFERROR(INDEX(원자재마스터!$G$3:$G$502,MATCH("R"&14,규격검색!$N$6:$N$505,0)),"")) | F19: =IF($B19="","",IFERROR(INDEX(원자재마스터!$I$3:$I$502,MATCH("R"&14,규격검색!$N$6:$N$505,0)),"")) | G19: =IF($B19="","",IFERROR(INDEX(원자재마스터!$J$3:$J$502,MATCH("R"&14,규격검색!$N$6:$N$505,0)),"")) | H19: =IF($B19="","",IFERROR(INDEX(원자재마스터!$K$3:$K$502,MATCH("R"&14,규격검색!$N$6:$N$505,0)),"")) | I19: =IF($B19="","",IFERROR(INDEX(원자재마스터!$L$3:$L$502,MATCH("R"&14,규격검색!$N$6:$N$505,0)),"")) | L19: =IF(원자재마스터!$A16="",FALSE(),AND(IF($B$3="",TRUE(),ISNUMBER(SEARCH($B$3,원자재마스터!$B16&" "&원자재마스터!$C16&" "&원자재마스터!$G16&" "&원자재마스터!$A16))),IF($E$3="",TRUE(),ISNUMBER(SEARCH($E$3,원자재마스터!$C16))))) -> FALSE | M19: =IF($L19=FALSE(),"",COUNTIF($L$6:$L19,TRUE())) | N19: =IF($M19="","","R"&$M19)
A20: =IF($B20="","",15) | B20: =IFERROR(INDEX(원자재마스터!$A$3:$A$502,MATCH("R"&15,규격검색!$N$6:$N$505,0)),"") | C20: =IF($B20="","",IFERROR(INDEX(원자재마스터!$B$3:$B$502,MATCH("R"&15,규격검색!$N$6:$N$505,0)),"")) | D20: =IF($B20="","",IFERROR(INDEX(원자재마스터!$C$3:$C$502,MATCH("R"&15,규격검색!$N$6:$N$505,0)),"")) | E20: =IF($B20="","",IFERROR(INDEX(원자재마스터!$G$3:$G$502,MATCH("R"&15,규격검색!$N$6:$N$505,0)),"")) | F20: =IF($B20="","",IFERROR(INDEX(원자재마스터!$I$3:$I$502,MATCH("R"&15,규격검색!$N$6:$N$505,0)),"")) | G20: =IF($B20="","",IFERROR(INDEX(원자재마스터!$J$3:$J$502,MATCH("R"&15,규격검색!$N$6:$N$505,0)),"")) | H20: =IF($B20="","",IFERROR(INDEX(원자재마스터!$K$3:$K$502,MATCH("R"&15,규격검색!$N$6:$N$505,0)),"")) | I20: =IF($B20="","",IFERROR(INDEX(원자재마스터!$L$3:$L$502,MATCH("R"&15,규격검색!$N$6:$N$505,0)),"")) | L20: =IF(원자재마스터!$A17="",FALSE(),AND(IF($B$3="",TRUE(),ISNUMBER(SEARCH($B$3,원자재마스터!$B17&" "&원자재마스터!$C17&" "&원자재마스터!$G17&" "&원자재마스터!$A17))),IF($E$3="",TRUE(),ISNUMBER(SEARCH($E$3,원자재마스터!$C17))))) -> FALSE | M20: =IF($L20=FALSE(),"",COUNTIF($L$6:$L20,TRUE())) | N20: =IF($M20="","","R"&$M20)
A21: =IF($B21="","",16) | B21: =IFERROR(INDEX(원자재마스터!$A$3:$A$502,MATCH("R"&16,규격검색!$N$6:$N$505,0)),"") | C21: =IF($B21="","",IFERROR(INDEX(원자재마스터!$B$3:$B$502,MATCH("R"&16,규격검색!$N$6:$N$505,0)),"")) | D21: =IF($B21="","",IFERROR(INDEX(원자재마스터!$C$3:$C$502,MATCH("R"&16,규격검색!$N$6:$N$505,0)),"")) | E21: =IF($B21="","",IFERROR(INDEX(원자재마스터!$G$3:$G$502,MATCH("R"&16,규격검색!$N$6:$N$505,0)),"")) | F21: =IF($B21="","",IFERROR(INDEX(원자재마스터!$I$3:$I$502,MATCH("R"&16,규격검색!$N$6:$N$505,0)),"")) | G21: =IF($B21="","",IFERROR(INDEX(원자재마스터!$J$3:$J$502,MATCH("R"&16,규격검색!$N$6:$N$505,0)),"")) | H21: =IF($B21="","",IFERROR(INDEX(원자재마스터!$K$3:$K$502,MATCH("R"&16,규격검색!$N$6:$N$505,0)),"")) | I21: =IF($B21="","",IFERROR(INDEX(원자재마스터!$L$3:$L$502,MATCH("R"&16,규격검색!$N$6:$N$505,0)),"")) | L21: =IF(원자재마스터!$A18="",FALSE(),AND(IF($B$3="",TRUE(),ISNUMBER(SEARCH($B$3,원자재마스터!$B18&" "&원자재마스터!$C18&" "&원자재마스터!$G18&" "&원자재마스터!$A18))),IF($E$3="",TRUE(),ISNUMBER(SEARCH($E$3,원자재마스터!$C18))))) -> FALSE | M21: =IF($L21=FALSE(),"",COUNTIF($L$6:$L21,TRUE())) | N21: =IF($M21="","","R"&$M21)
A22: =IF($B22="","",17) | B22: =IFERROR(INDEX(원자재마스터!$A$3:$A$502,MATCH("R"&17,규격검색!$N$6:$N$505,0)),"") | C22: =IF($B22="","",IFERROR(INDEX(원자재마스터!$B$3:$B$502,MATCH("R"&17,규격검색!$N$6:$N$505,0)),"")) | D22: =IF($B22="","",IFERROR(INDEX(원자재마스터!$C$3:$C$502,MATCH("R"&17,규격검색!$N$6:$N$505,0)),"")) | E22: =IF($B22="","",IFERROR(INDEX(원자재마스터!$G$3:$G$502,MATCH("R"&17,규격검색!$N$6:$N$505,0)),"")) | F22: =IF($B22="","",IFERROR(INDEX(원자재마스터!$I$3:$I$502,MATCH("R"&17,규격검색!$N$6:$N$505,0)),"")) | G22: =IF($B22="","",IFERROR(INDEX(원자재마스터!$J$3:$J$502,MATCH("R"&17,규격검색!$N$6:$N$505,0)),"")) | H22: =IF($B22="","",IFERROR(INDEX(원자재마스터!$K$3:$K$502,MATCH("R"&17,규격검색!$N$6:$N$505,0)),"")) | I22: =IF($B22="","",IFERROR(INDEX(원자재마스터!$L$3:$L$502,MATCH("R"&17,규격검색!$N$6:$N$505,0)),"")) | L22: =IF(원자재마스터!$A19="",FALSE(),AND(IF($B$3="",TRUE(),ISNUMBER(SEARCH($B$3,원자재마스터!$B19&" "&원자재마스터!$C19&" "&원자재마스터!$G19&" "&원자재마스터!$A19))),IF($E$3="",TRUE(),ISNUMBER(SEARCH($E$3,원자재마스터!$C19))))) -> FALSE | M22: =IF($L22=FALSE(),"",COUNTIF($L$6:$L22,TRUE())) | N22: =IF($M22="","","R"&$M22)
A23: =IF($B23="","",18) | B23: =IFERROR(INDEX(원자재마스터!$A$3:$A$502,MATCH("R"&18,규격검색!$N$6:$N$505,0)),"") | C23: =IF($B23="","",IFERROR(INDEX(원자재마스터!$B$3:$B$502,MATCH("R"&18,규격검색!$N$6:$N$505,0)),"")) | D23: =IF($B23="","",IFERROR(INDEX(원자재마스터!$C$3:$C$502,MATCH("R"&18,규격검색!$N$6:$N$505,0)),"")) | E23: =IF($B23="","",IFERROR(INDEX(원자재마스터!$G$3:$G$502,MATCH("R"&18,규격검색!$N$6:$N$505,0)),"")) | F23: =IF($B23="","",IFERROR(INDEX(원자재마스터!$I$3:$I$502,MATCH("R"&18,규격검색!$N$6:$N$505,0)),"")) | G23: =IF($B23="","",IFERROR(INDEX(원자재마스터!$J$3:$J$502,MATCH("R"&18,규격검색!$N$6:$N$505,0)),"")) | H23: =IF($B23="","",IFERROR(INDEX(원자재마스터!$K$3:$K$502,MATCH("R"&18,규격검색!$N$6:$N$505,0)),"")) | I23: =IF($B23="","",IFERROR(INDEX(원자재마스터!$L$3:$L$502,MATCH("R"&18,규격검색!$N$6:$N$505,0)),"")) | L23: =IF(원자재마스터!$A20="",FALSE(),AND(IF($B$3="",TRUE(),ISNUMBER(SEARCH($B$3,원자재마스터!$B20&" "&원자재마스터!$C20&" "&원자재마스터!$G20&" "&원자재마스터!$A20))),IF($E$3="",TRUE(),ISNUMBER(SEARCH($E$3,원자재마스터!$C20))))) -> FALSE | M23: =IF($L23=FALSE(),"",COUNTIF($L$6:$L23,TRUE())) | N23: =IF($M23="","","R"&$M23)
A24: =IF($B24="","",19) | B24: =IFERROR(INDEX(원자재마스터!$A$3:$A$502,MATCH("R"&19,규격검색!$N$6:$N$505,0)),"") | C24: =IF($B24="","",IFERROR(INDEX(원자재마스터!$B$3:$B$502,MATCH("R"&19,규격검색!$N$6:$N$505,0)),"")) | D24: =IF($B24="","",IFERROR(INDEX(원자재마스터!$C$3:$C$502,MATCH("R"&19,규격검색!$N$6:$N$505,0)),"")) | E24: =IF($B24="","",IFERROR(INDEX(원자재마스터!$G$3:$G$502,MATCH("R"&19,규격검색!$N$6:$N$505,0)),"")) | F24: =IF($B24="","",IFERROR(INDEX(원자재마스터!$I$3:$I$502,MATCH("R"&19,규격검색!$N$6:$N$505,0)),"")) | G24: =IF($B24="","",IFERROR(INDEX(원자재마스터!$J$3:$J$502,MATCH("R"&19,규격검색!$N$6:$N$505,0)),"")) | H24: =IF($B24="","",IFERROR(INDEX(원자재마스터!$K$3:$K$502,MATCH("R"&19,규격검색!$N$6:$N$505,0)),"")) | I24: =IF($B24="","",IFERROR(INDEX(원자재마스터!$L$3:$L$502,MATCH("R"&19,규격검색!$N$6:$N$505,0)),"")) | L24: =IF(원자재마스터!$A21="",FALSE(),AND(IF($B$3="",TRUE(),ISNUMBER(SEARCH($B$3,원자재마스터!$B21&" "&원자재마스터!$C21&" "&원자재마스터!$G21&" "&원자재마스터!$A21))),IF($E$3="",TRUE(),ISNUMBER(SEARCH($E$3,원자재마스터!$C21))))) -> FALSE | M24: =IF($L24=FALSE(),"",COUNTIF($L$6:$L24,TRUE())) | N24: =IF($M24="","","R"&$M24)
A25: =IF($B25="","",20) | B25: =IFERROR(INDEX(원자재마스터!$A$3:$A$502,MATCH("R"&20,규격검색!$N$6:$N$505,0)),"") | C25: =IF($B25="","",IFERROR(INDEX(원자재마스터!$B$3:$B$502,MATCH("R"&20,규격검색!$N$6:$N$505,0)),"")) | D25: =IF($B25="","",IFERROR(INDEX(원자재마스터!$C$3:$C$502,MATCH("R"&20,규격검색!$N$6:$N$505,0)),"")) | E25: =IF($B25="","",IFERROR(INDEX(원자재마스터!$G$3:$G$502,MATCH("R"&20,규격검색!$N$6:$N$505,0)),"")) | F25: =IF($B25="","",IFERROR(INDEX(원자재마스터!$I$3:$I$502,MATCH("R"&20,규격검색!$N$6:$N$505,0)),"")) | G25: =IF($B25="","",IFERROR(INDEX(원자재마스터!$J$3:$J$502,MATCH("R"&20,규격검색!$N$6:$N$505,0)),"")) | H25: =IF($B25="","",IFERROR(INDEX(원자재마스터!$K$3:$K$502,MATCH("R"&20,규격검색!$N$6:$N$505,0)),"")) | I25: =IF($B25="","",IFERROR(INDEX(원자재마스터!$L$3:$L$502,MATCH("R"&20,규격검색!$N$6:$N$505,0)),"")) | L25: =IF(원자재마스터!$A22="",FALSE(),AND(IF($B$3="",TRUE(),ISNUMBER(SEARCH($B$3,원자재마스터!$B22&" "&원자재마스터!$C22&" "&원자재마스터!$G22&" "&원자재마스터!$A22))),IF($E$3="",TRUE(),ISNUMBER(SEARCH($E$3,원자재마스터!$C22))))) -> FALSE | M25: =IF($L25=FALSE(),"",COUNTIF($L$6:$L25,TRUE())) | N25: =IF($M25="","","R"&$M25)
A26: =IF($B26="","",21) | B26: =IFERROR(INDEX(원자재마스터!$A$3:$A$502,MATCH("R"&21,규격검색!$N$6:$N$505,0)),"") | C26: =IF($B26="","",IFERROR(INDEX(원자재마스터!$B$3:$B$502,MATCH("R"&21,규격검색!$N$6:$N$505,0)),"")) | D26: =IF($B26="","",IFERROR(INDEX(원자재마스터!$C$3:$C$502,MATCH("R"&21,규격검색!$N$6:$N$505,0)),"")) | E26: =IF($B26="","",IFERROR(INDEX(원자재마스터!$G$3:$G$502,MATCH("R"&21,규격검색!$N$6:$N$505,0)),"")) | F26: =IF($B26="","",IFERROR(INDEX(원자재마스터!$I$3:$I$502,MATCH("R"&21,규격검색!$N$6:$N$505,0)),"")) | G26: =IF($B26="","",IFERROR(INDEX(원자재마스터!$J$3:$J$502,MATCH("R"&21,규격검색!$N$6:$N$505,0)),"")) | H26: =IF($B26="","",IFERROR(INDEX(원자재마스터!$K$3:$K$502,MATCH("R"&21,규격검색!$N$6:$N$505,0)),"")) | I26: =IF($B26="","",IFERROR(INDEX(원자재마스터!$L$3:$L$502,MATCH("R"&21,규격검색!$N$6:$N$505,0)),"")) | L26: =IF(원자재마스터!$A23="",FALSE(),AND(IF($B$3="",TRUE(),ISNUMBER(SEARCH($B$3,원자재마스터!$B23&" "&원자재마스터!$C23&" "&원자재마스터!$G23&" "&원자재마스터!$A23))),IF($E$3="",TRUE(),ISNUMBER(SEARCH($E$3,원자재마스터!$C23))))) -> FALSE | M26: =IF($L26=FALSE(),"",COUNTIF($L$6:$L26,TRUE())) | N26: =IF($M26="","","R"&$M26)
A27: =IF($B27="","",22) | B27: =IFERROR(INDEX(원자재마스터!$A$3:$A$502,MATCH("R"&22,규격검색!$N$6:$N$505,0)),"") | C27: =IF($B27="","",IFERROR(INDEX(원자재마스터!$B$3:$B$502,MATCH("R"&22,규격검색!$N$6:$N$505,0)),"")) | D27: =IF($B27="","",IFERROR(INDEX(원자재마스터!$C$3:$C$502,MATCH("R"&22,규격검색!$N$6:$N$505,0)),"")) | E27: =IF($B27="","",IFERROR(INDEX(원자재마스터!$G$3:$G$502,MATCH("R"&22,규격검색!$N$6:$N$505,0)),"")) | F27: =IF($B27="","",IFERROR(INDEX(원자재마스터!$I$3:$I$502,MATCH("R"&22,규격검색!$N$6:$N$505,0)),"")) | G27: =IF($B27="","",IFERROR(INDEX(원자재마스터!$J$3:$J$502,MATCH("R"&22,규격검색!$N$6:$N$505,0)),"")) | H27: =IF($B27="","",IFERROR(INDEX(원자재마스터!$K$3:$K$502,MATCH("R"&22,규격검색!$N$6:$N$505,0)),"")) | I27: =IF($B27="","",IFERROR(INDEX(원자재마스터!$L$3:$L$502,MATCH("R"&22,규격검색!$N$6:$N$505,0)),"")) | L27: =IF(원자재마스터!$A24="",FALSE(),AND(IF($B$3="",TRUE(),ISNUMBER(SEARCH($B$3,원자재마스터!$B24&" "&원자재마스터!$C24&" "&원자재마스터!$G24&" "&원자재마스터!$A24))),IF($E$3="",TRUE(),ISNUMBER(SEARCH($E$3,원자재마스터!$C24))))) -> FALSE | M27: =IF($L27=FALSE(),"",COUNTIF($L$6:$L27,TRUE())) | N27: =IF($M27="","","R"&$M27)
A28: =IF($B28="","",23) | B28: =IFERROR(INDEX(원자재마스터!$A$3:$A$502,MATCH("R"&23,규격검색!$N$6:$N$505,0)),"") | C28: =IF($B28="","",IFERROR(INDEX(원자재마스터!$B$3:$B$502,MATCH("R"&23,규격검색!$N$6:$N$505,0)),"")) | D28: =IF($B28="","",IFERROR(INDEX(원자재마스터!$C$3:$C$502,MATCH("R"&23,규격검색!$N$6:$N$505,0)),"")) | E28: =IF($B28="","",IFERROR(INDEX(원자재마스터!$G$3:$G$502,MATCH("R"&23,규격검색!$N$6:$N$505,0)),"")) | F28: =IF($B28="","",IFERROR(INDEX(원자재마스터!$I$3:$I$502,MATCH("R"&23,규격검색!$N$6:$N$505,0)),"")) | G28: =IF($B28="","",IFERROR(INDEX(원자재마스터!$J$3:$J$502,MATCH("R"&23,규격검색!$N$6:$N$505,0)),"")) | H28: =IF($B28="","",IFERROR(INDEX(원자재마스터!$K$3:$K$502,MATCH("R"&23,규격검색!$N$6:$N$505,0)),"")) | I28: =IF($B28="","",IFERROR(INDEX(원자재마스터!$L$3:$L$502,MATCH("R"&23,규격검색!$N$6:$N$505,0)),"")) | L28: =IF(원자재마스터!$A25="",FALSE(),AND(IF($B$3="",TRUE(),ISNUMBER(SEARCH($B$3,원자재마스터!$B25&" "&원자재마스터!$C25&" "&원자재마스터!$G25&" "&원자재마스터!$A25))),IF($E$3="",TRUE(),ISNUMBER(SEARCH($E$3,원자재마스터!$C25))))) -> FALSE | M28: =IF($L28=FALSE(),"",COUNTIF($L$6:$L28,TRUE())) | N28: =IF($M28="","","R"&$M28)
A29: =IF($B29="","",24) | B29: =IFERROR(INDEX(원자재마스터!$A$3:$A$502,MATCH("R"&24,규격검색!$N$6:$N$505,0)),"") | C29: =IF($B29="","",IFERROR(INDEX(원자재마스터!$B$3:$B$502,MATCH("R"&24,규격검색!$N$6:$N$505,0)),"")) | D29: =IF($B29="","",IFERROR(INDEX(원자재마스터!$C$3:$C$502,MATCH("R"&24,규격검색!$N$6:$N$505,0)),"")) | E29: =IF($B29="","",IFERROR(INDEX(원자재마스터!$G$3:$G$502,MATCH("R"&24,규격검색!$N$6:$N$505,0)),"")) | F29: =IF($B29="","",IFERROR(INDEX(원자재마스터!$I$3:$I$502,MATCH("R"&24,규격검색!$N$6:$N$505,0)),"")) | G29: =IF($B29="","",IFERROR(INDEX(원자재마스터!$J$3:$J$502,MATCH("R"&24,규격검색!$N$6:$N$505,0)),"")) | H29: =IF($B29="","",IFERROR(INDEX(원자재마스터!$K$3:$K$502,MATCH("R"&24,규격검색!$N$6:$N$505,0)),"")) | I29: =IF($B29="","",IFERROR(INDEX(원자재마스터!$L$3:$L$502,MATCH("R"&24,규격검색!$N$6:$N$505,0)),"")) | L29: =IF(원자재마스터!$A26="",FALSE(),AND(IF($B$3="",TRUE(),ISNUMBER(SEARCH($B$3,원자재마스터!$B26&" "&원자재마스터!$C26&" "&원자재마스터!$G26&" "&원자재마스터!$A26))),IF($E$3="",TRUE(),ISNUMBER(SEARCH($E$3,원자재마스터!$C26))))) -> FALSE | M29: =IF($L29=FALSE(),"",COUNTIF($L$6:$L29,TRUE())) | N29: =IF($M29="","","R"&$M29)
A30: =IF($B30="","",25) | B30: =IFERROR(INDEX(원자재마스터!$A$3:$A$502,MATCH("R"&25,규격검색!$N$6:$N$505,0)),"") | C30: =IF($B30="","",IFERROR(INDEX(원자재마스터!$B$3:$B$502,MATCH("R"&25,규격검색!$N$6:$N$505,0)),"")) | D30: =IF($B30="","",IFERROR(INDEX(원자재마스터!$C$3:$C$502,MATCH("R"&25,규격검색!$N$6:$N$505,0)),"")) | E30: =IF($B30="","",IFERROR(INDEX(원자재마스터!$G$3:$G$502,MATCH("R"&25,규격검색!$N$6:$N$505,0)),"")) | F30: =IF($B30="","",IFERROR(INDEX(원자재마스터!$I$3:$I$502,MATCH("R"&25,규격검색!$N$6:$N$505,0)),"")) | G30: =IF($B30="","",IFERROR(INDEX(원자재마스터!$J$3:$J$502,MATCH("R"&25,규격검색!$N$6:$N$505,0)),"")) | H30: =IF($B30="","",IFERROR(INDEX(원자재마스터!$K$3:$K$502,MATCH("R"&25,규격검색!$N$6:$N$505,0)),"")) | I30: =IF($B30="","",IFERROR(INDEX(원자재마스터!$L$3:$L$502,MATCH("R"&25,규격검색!$N$6:$N$505,0)),"")) | L30: =IF(원자재마스터!$A27="",FALSE(),AND(IF($B$3="",TRUE(),ISNUMBER(SEARCH($B$3,원자재마스터!$B27&" "&원자재마스터!$C27&" "&원자재마스터!$G27&" "&원자재마스터!$A27))),IF($E$3="",TRUE(),ISNUMBER(SEARCH($E$3,원자재마스터!$C27))))) -> FALSE | M30: =IF($L30=FALSE(),"",COUNTIF($L$6:$L30,TRUE())) | N30: =IF($M30="","","R"&$M30)
A31: =IF($B31="","",26) | B31: =IFERROR(INDEX(원자재마스터!$A$3:$A$502,MATCH("R"&26,규격검색!$N$6:$N$505,0)),"") | C31: =IF($B31="","",IFERROR(INDEX(원자재마스터!$B$3:$B$502,MATCH("R"&26,규격검색!$N$6:$N$505,0)),"")) | D31: =IF($B31="","",IFERROR(INDEX(원자재마스터!$C$3:$C$502,MATCH("R"&26,규격검색!$N$6:$N$505,0)),"")) | E31: =IF($B31="","",IFERROR(INDEX(원자재마스터!$G$3:$G$502,MATCH("R"&26,규격검색!$N$6:$N$505,0)),"")) | F31: =IF($B31="","",IFERROR(INDEX(원자재마스터!$I$3:$I$502,MATCH("R"&26,규격검색!$N$6:$N$505,0)),"")) | G31: =IF($B31="","",IFERROR(INDEX(원자재마스터!$J$3:$J$502,MATCH("R"&26,규격검색!$N$6:$N$505,0)),"")) | H31: =IF($B31="","",IFERROR(INDEX(원자재마스터!$K$3:$K$502,MATCH("R"&26,규격검색!$N$6:$N$505,0)),"")) | I31: =IF($B31="","",IFERROR(INDEX(원자재마스터!$L$3:$L$502,MATCH("R"&26,규격검색!$N$6:$N$505,0)),"")) | L31: =IF(원자재마스터!$A28="",FALSE(),AND(IF($B$3="",TRUE(),ISNUMBER(SEARCH($B$3,원자재마스터!$B28&" "&원자재마스터!$C28&" "&원자재마스터!$G28&" "&원자재마스터!$A28))),IF($E$3="",TRUE(),ISNUMBER(SEARCH($E$3,원자재마스터!$C28))))) -> FALSE | M31: =IF($L31=FALSE(),"",COUNTIF($L$6:$L31,TRUE())) | N31: =IF($M31="","","R"&$M31)
A32: =IF($B32="","",27) | B32: =IFERROR(INDEX(원자재마스터!$A$3:$A$502,MATCH("R"&27,규격검색!$N$6:$N$505,0)),"") | C32: =IF($B32="","",IFERROR(INDEX(원자재마스터!$B$3:$B$502,MATCH("R"&27,규격검색!$N$6:$N$505,0)),"")) | D32: =IF($B32="","",IFERROR(INDEX(원자재마스터!$C$3:$C$502,MATCH("R"&27,규격검색!$N$6:$N$505,0)),"")) | E32: =IF($B32="","",IFERROR(INDEX(원자재마스터!$G$3:$G$502,MATCH("R"&27,규격검색!$N$6:$N$505,0)),"")) | F32: =IF($B32="","",IFERROR(INDEX(원자재마스터!$I$3:$I$502,MATCH("R"&27,규격검색!$N$6:$N$505,0)),"")) | G32: =IF($B32="","",IFERROR(INDEX(원자재마스터!$J$3:$J$502,MATCH("R"&27,규격검색!$N$6:$N$505,0)),"")) | H32: =IF($B32="","",IFERROR(INDEX(원자재마스터!$K$3:$K$502,MATCH("R"&27,규격검색!$N$6:$N$505,0)),"")) | I32: =IF($B32="","",IFERROR(INDEX(원자재마스터!$L$3:$L$502,MATCH("R"&27,규격검색!$N$6:$N$505,0)),"")) | L32: =IF(원자재마스터!$A29="",FALSE(),AND(IF($B$3="",TRUE(),ISNUMBER(SEARCH($B$3,원자재마스터!$B29&" "&원자재마스터!$C29&" "&원자재마스터!$G29&" "&원자재마스터!$A29))),IF($E$3="",TRUE(),ISNUMBER(SEARCH($E$3,원자재마스터!$C29))))) -> FALSE | M32: =IF($L32=FALSE(),"",COUNTIF($L$6:$L32,TRUE())) | N32: =IF($M32="","","R"&$M32)
A33: =IF($B33="","",28) | B33: =IFERROR(INDEX(원자재마스터!$A$3:$A$502,MATCH("R"&28,규격검색!$N$6:$N$505,0)),"") | C33: =IF($B33="","",IFERROR(INDEX(원자재마스터!$B$3:$B$502,MATCH("R"&28,규격검색!$N$6:$N$505,0)),"")) | D33: =IF($B33="","",IFERROR(INDEX(원자재마스터!$C$3:$C$502,MATCH("R"&28,규격검색!$N$6:$N$505,0)),"")) | E33: =IF($B33="","",IFERROR(INDEX(원자재마스터!$G$3:$G$502,MATCH("R"&28,규격검색!$N$6:$N$505,0)),"")) | F33: =IF($B33="","",IFERROR(INDEX(원자재마스터!$I$3:$I$502,MATCH("R"&28,규격검색!$N$6:$N$505,0)),"")) | G33: =IF($B33="","",IFERROR(INDEX(원자재마스터!$J$3:$J$502,MATCH("R"&28,규격검색!$N$6:$N$505,0)),"")) | H33: =IF($B33="","",IFERROR(INDEX(원자재마스터!$K$3:$K$502,MATCH("R"&28,규격검색!$N$6:$N$505,0)),"")) | I33: =IF($B33="","",IFERROR(INDEX(원자재마스터!$L$3:$L$502,MATCH("R"&28,규격검색!$N$6:$N$505,0)),"")) | L33: =IF(원자재마스터!$A30="",FALSE(),AND(IF($B$3="",TRUE(),ISNUMBER(SEARCH($B$3,원자재마스터!$B30&" "&원자재마스터!$C30&" "&원자재마스터!$G30&" "&원자재마스터!$A30))),IF($E$3="",TRUE(),ISNUMBER(SEARCH($E$3,원자재마스터!$C30))))) -> FALSE | M33: =IF($L33=FALSE(),"",COUNTIF($L$6:$L33,TRUE())) | N33: =IF($M33="","","R"&$M33)
A34: =IF($B34="","",29) | B34: =IFERROR(INDEX(원자재마스터!$A$3:$A$502,MATCH("R"&29,규격검색!$N$6:$N$505,0)),"") | C34: =IF($B34="","",IFERROR(INDEX(원자재마스터!$B$3:$B$502,MATCH("R"&29,규격검색!$N$6:$N$505,0)),"")) | D34: =IF($B34="","",IFERROR(INDEX(원자재마스터!$C$3:$C$502,MATCH("R"&29,규격검색!$N$6:$N$505,0)),"")) | E34: =IF($B34="","",IFERROR(INDEX(원자재마스터!$G$3:$G$502,MATCH("R"&29,규격검색!$N$6:$N$505,0)),"")) | F34: =IF($B34="","",IFERROR(INDEX(원자재마스터!$I$3:$I$502,MATCH("R"&29,규격검색!$N$6:$N$505,0)),"")) | G34: =IF($B34="","",IFERROR(INDEX(원자재마스터!$J$3:$J$502,MATCH("R"&29,규격검색!$N$6:$N$505,0)),"")) | H34: =IF($B34="","",IFERROR(INDEX(원자재마스터!$K$3:$K$502,MATCH("R"&29,규격검색!$N$6:$N$505,0)),"")) | I34: =IF($B34="","",IFERROR(INDEX(원자재마스터!$L$3:$L$502,MATCH("R"&29,규격검색!$N$6:$N$505,0)),"")) | L34: =IF(원자재마스터!$A31="",FALSE(),AND(IF($B$3="",TRUE(),ISNUMBER(SEARCH($B$3,원자재마스터!$B31&" "&원자재마스터!$C31&" "&원자재마스터!$G31&" "&원자재마스터!$A31))),IF($E$3="",TRUE(),ISNUMBER(SEARCH($E$3,원자재마스터!$C31))))) -> FALSE | M34: =IF($L34=FALSE(),"",COUNTIF($L$6:$L34,TRUE())) | N34: =IF($M34="","","R"&$M34)
A35: =IF($B35="","",30) | B35: =IFERROR(INDEX(원자재마스터!$A$3:$A$502,MATCH("R"&30,규격검색!$N$6:$N$505,0)),"") | C35: =IF($B35="","",IFERROR(INDEX(원자재마스터!$B$3:$B$502,MATCH("R"&30,규격검색!$N$6:$N$505,0)),"")) | D35: =IF($B35="","",IFERROR(INDEX(원자재마스터!$C$3:$C$502,MATCH("R"&30,규격검색!$N$6:$N$505,0)),"")) | E35: =IF($B35="","",IFERROR(INDEX(원자재마스터!$G$3:$G$502,MATCH("R"&30,규격검색!$N$6:$N$505,0)),"")) | F35: =IF($B35="","",IFERROR(INDEX(원자재마스터!$I$3:$I$502,MATCH("R"&30,규격검색!$N$6:$N$505,0)),"")) | G35: =IF($B35="","",IFERROR(INDEX(원자재마스터!$J$3:$J$502,MATCH("R"&30,규격검색!$N$6:$N$505,0)),"")) | H35: =IF($B35="","",IFERROR(INDEX(원자재마스터!$K$3:$K$502,MATCH("R"&30,규격검색!$N$6:$N$505,0)),"")) | I35: =IF($B35="","",IFERROR(INDEX(원자재마스터!$L$3:$L$502,MATCH("R"&30,규격검색!$N$6:$N$505,0)),"")) | L35: =IF(원자재마스터!$A32="",FALSE(),AND(IF($B$3="",TRUE(),ISNUMBER(SEARCH($B$3,원자재마스터!$B32&" "&원자재마스터!$C32&" "&원자재마스터!$G32&" "&원자재마스터!$A32))),IF($E$3="",TRUE(),ISNUMBER(SEARCH($E$3,원자재마스터!$C32))))) -> FALSE | M35: =IF($L35=FALSE(),"",COUNTIF($L$6:$L35,TRUE())) | N35: =IF($M35="","","R"&$M35)
A36: =IF($B36="","",31) | B36: =IFERROR(INDEX(원자재마스터!$A$3:$A$502,MATCH("R"&31,규격검색!$N$6:$N$505,0)),"") | C36: =IF($B36="","",IFERROR(INDEX(원자재마스터!$B$3:$B$502,MATCH("R"&31,규격검색!$N$6:$N$505,0)),"")) | D36: =IF($B36="","",IFERROR(INDEX(원자재마스터!$C$3:$C$502,MATCH("R"&31,규격검색!$N$6:$N$505,0)),"")) | E36: =IF($B36="","",IFERROR(INDEX(원자재마스터!$G$3:$G$502,MATCH("R"&31,규격검색!$N$6:$N$505,0)),"")) | F36: =IF($B36="","",IFERROR(INDEX(원자재마스터!$I$3:$I$502,MATCH("R"&31,규격검색!$N$6:$N$505,0)),"")) | G36: =IF($B36="","",IFERROR(INDEX(원자재마스터!$J$3:$J$502,MATCH("R"&31,규격검색!$N$6:$N$505,0)),"")) | H36: =IF($B36="","",IFERROR(INDEX(원자재마스터!$K$3:$K$502,MATCH("R"&31,규격검색!$N$6:$N$505,0)),"")) | I36: =IF($B36="","",IFERROR(INDEX(원자재마스터!$L$3:$L$502,MATCH("R"&31,규격검색!$N$6:$N$505,0)),"")) | L36: =IF(원자재마스터!$A33="",FALSE(),AND(IF($B$3="",TRUE(),ISNUMBER(SEARCH($B$3,원자재마스터!$B33&" "&원자재마스터!$C33&" "&원자재마스터!$G33&" "&원자재마스터!$A33))),IF($E$3="",TRUE(),ISNUMBER(SEARCH($E$3,원자재마스터!$C33))))) -> FALSE | M36: =IF($L36=FALSE(),"",COUNTIF($L$6:$L36,TRUE())) | N36: =IF($M36="","","R"&$M36)
A37: =IF($B37="","",32) | B37: =IFERROR(INDEX(원자재마스터!$A$3:$A$502,MATCH("R"&32,규격검색!$N$6:$N$505,0)),"") | C37: =IF($B37="","",IFERROR(INDEX(원자재마스터!$B$3:$B$502,MATCH("R"&32,규격검색!$N$6:$N$505,0)),"")) | D37: =IF($B37="","",IFERROR(INDEX(원자재마스터!$C$3:$C$502,MATCH("R"&32,규격검색!$N$6:$N$505,0)),"")) | E37: =IF($B37="","",IFERROR(INDEX(원자재마스터!$G$3:$G$502,MATCH("R"&32,규격검색!$N$6:$N$505,0)),"")) | F37: =IF($B37="","",IFERROR(INDEX(원자재마스터!$I$3:$I$502,MATCH("R"&32,규격검색!$N$6:$N$505,0)),"")) | G37: =IF($B37="","",IFERROR(INDEX(원자재마스터!$J$3:$J$502,MATCH("R"&32,규격검색!$N$6:$N$505,0)),"")) | H37: =IF($B37="","",IFERROR(INDEX(원자재마스터!$K$3:$K$502,MATCH("R"&32,규격검색!$N$6:$N$505,0)),"")) | I37: =IF($B37="","",IFERROR(INDEX(원자재마스터!$L$3:$L$502,MATCH("R"&32,규격검색!$N$6:$N$505,0)),"")) | L37: =IF(원자재마스터!$A34="",FALSE(),AND(IF($B$3="",TRUE(),ISNUMBER(SEARCH($B$3,원자재마스터!$B34&" "&원자재마스터!$C34&" "&원자재마스터!$G34&" "&원자재마스터!$A34))),IF($E$3="",TRUE(),ISNUMBER(SEARCH($E$3,원자재마스터!$C34))))) -> FALSE | M37: =IF($L37=FALSE(),"",COUNTIF($L$6:$L37,TRUE())) | N37: =IF($M37="","","R"&$M37)
A38: =IF($B38="","",33) | B38: =IFERROR(INDEX(원자재마스터!$A$3:$A$502,MATCH("R"&33,규격검색!$N$6:$N$505,0)),"") | C38: =IF($B38="","",IFERROR(INDEX(원자재마스터!$B$3:$B$502,MATCH("R"&33,규격검색!$N$6:$N$505,0)),"")) | D38: =IF($B38="","",IFERROR(INDEX(원자재마스터!$C$3:$C$502,MATCH("R"&33,규격검색!$N$6:$N$505,0)),"")) | E38: =IF($B38="","",IFERROR(INDEX(원자재마스터!$G$3:$G$502,MATCH("R"&33,규격검색!$N$6:$N$505,0)),"")) | F38: =IF($B38="","",IFERROR(INDEX(원자재마스터!$I$3:$I$502,MATCH("R"&33,규격검색!$N$6:$N$505,0)),"")) | G38: =IF($B38="","",IFERROR(INDEX(원자재마스터!$J$3:$J$502,MATCH("R"&33,규격검색!$N$6:$N$505,0)),"")) | H38: =IF($B38="","",IFERROR(INDEX(원자재마스터!$K$3:$K$502,MATCH("R"&33,규격검색!$N$6:$N$505,0)),"")) | I38: =IF($B38="","",IFERROR(INDEX(원자재마스터!$L$3:$L$502,MATCH("R"&33,규격검색!$N$6:$N$505,0)),"")) | L38: =IF(원자재마스터!$A35="",FALSE(),AND(IF($B$3="",TRUE(),ISNUMBER(SEARCH($B$3,원자재마스터!$B35&" "&원자재마스터!$C35&" "&원자재마스터!$G35&" "&원자재마스터!$A35))),IF($E$3="",TRUE(),ISNUMBER(SEARCH($E$3,원자재마스터!$C35))))) -> FALSE | M38: =IF($L38=FALSE(),"",COUNTIF($L$6:$L38,TRUE())) | N38: =IF($M38="","","R"&$M38)
A39: =IF($B39="","",34) | B39: =IFERROR(INDEX(원자재마스터!$A$3:$A$502,MATCH("R"&34,규격검색!$N$6:$N$505,0)),"") | C39: =IF($B39="","",IFERROR(INDEX(원자재마스터!$B$3:$B$502,MATCH("R"&34,규격검색!$N$6:$N$505,0)),"")) | D39: =IF($B39="","",IFERROR(INDEX(원자재마스터!$C$3:$C$502,MATCH("R"&34,규격검색!$N$6:$N$505,0)),"")) | E39: =IF($B39="","",IFERROR(INDEX(원자재마스터!$G$3:$G$502,MATCH("R"&34,규격검색!$N$6:$N$505,0)),"")) | F39: =IF($B39="","",IFERROR(INDEX(원자재마스터!$I$3:$I$502,MATCH("R"&34,규격검색!$N$6:$N$505,0)),"")) | G39: =IF($B39="","",IFERROR(INDEX(원자재마스터!$J$3:$J$502,MATCH("R"&34,규격검색!$N$6:$N$505,0)),"")) | H39: =IF($B39="","",IFERROR(INDEX(원자재마스터!$K$3:$K$502,MATCH("R"&34,규격검색!$N$6:$N$505,0)),"")) | I39: =IF($B39="","",IFERROR(INDEX(원자재마스터!$L$3:$L$502,MATCH("R"&34,규격검색!$N$6:$N$505,0)),"")) | L39: =IF(원자재마스터!$A36="",FALSE(),AND(IF($B$3="",TRUE(),ISNUMBER(SEARCH($B$3,원자재마스터!$B36&" "&원자재마스터!$C36&" "&원자재마스터!$G36&" "&원자재마스터!$A36))),IF($E$3="",TRUE(),ISNUMBER(SEARCH($E$3,원자재마스터!$C36))))) -> FALSE | M39: =IF($L39=FALSE(),"",COUNTIF($L$6:$L39,TRUE())) | N39: =IF($M39="","","R"&$M39)
A40: =IF($B40="","",35) | B40: =IFERROR(INDEX(원자재마스터!$A$3:$A$502,MATCH("R"&35,규격검색!$N$6:$N$505,0)),"") | C40: =IF($B40="","",IFERROR(INDEX(원자재마스터!$B$3:$B$502,MATCH("R"&35,규격검색!$N$6:$N$505,0)),"")) | D40: =IF($B40="","",IFERROR(INDEX(원자재마스터!$C$3:$C$502,MATCH("R"&35,규격검색!$N$6:$N$505,0)),"")) | E40: =IF($B40="","",IFERROR(INDEX(원자재마스터!$G$3:$G$502,MATCH("R"&35,규격검색!$N$6:$N$505,0)),"")) | F40: =IF($B40="","",IFERROR(INDEX(원자재마스터!$I$3:$I$502,MATCH("R"&35,규격검색!$N$6:$N$505,0)),"")) | G40: =IF($B40="","",IFERROR(INDEX(원자재마스터!$J$3:$J$502,MATCH("R"&35,규격검색!$N$6:$N$505,0)),"")) | H40: =IF($B40="","",IFERROR(INDEX(원자재마스터!$K$3:$K$502,MATCH("R"&35,규격검색!$N$6:$N$505,0)),"")) | I40: =IF($B40="","",IFERROR(INDEX(원자재마스터!$L$3:$L$502,MATCH("R"&35,규격검색!$N$6:$N$505,0)),"")) | L40: =IF(원자재마스터!$A37="",FALSE(),AND(IF($B$3="",TRUE(),ISNUMBER(SEARCH($B$3,원자재마스터!$B37&" "&원자재마스터!$C37&" "&원자재마스터!$G37&" "&원자재마스터!$A37))),IF($E$3="",TRUE(),ISNUMBER(SEARCH($E$3,원자재마스터!$C37))))) -> FALSE | M40: =IF($L40=FALSE(),"",COUNTIF($L$6:$L40,TRUE())) | N40: =IF($M40="","","R"&$M40)
A41: =IF($B41="","",36) | B41: =IFERROR(INDEX(원자재마스터!$A$3:$A$502,MATCH("R"&36,규격검색!$N$6:$N$505,0)),"") | C41: =IF($B41="","",IFERROR(INDEX(원자재마스터!$B$3:$B$502,MATCH("R"&36,규격검색!$N$6:$N$505,0)),"")) | D41: =IF($B41="","",IFERROR(INDEX(원자재마스터!$C$3:$C$502,MATCH("R"&36,규격검색!$N$6:$N$505,0)),"")) | E41: =IF($B41="","",IFERROR(INDEX(원자재마스터!$G$3:$G$502,MATCH("R"&36,규격검색!$N$6:$N$505,0)),"")) | F41: =IF($B41="","",IFERROR(INDEX(원자재마스터!$I$3:$I$502,MATCH("R"&36,규격검색!$N$6:$N$505,0)),"")) | G41: =IF($B41="","",IFERROR(INDEX(원자재마스터!$J$3:$J$502,MATCH("R"&36,규격검색!$N$6:$N$505,0)),"")) | H41: =IF($B41="","",IFERROR(INDEX(원자재마스터!$K$3:$K$502,MATCH("R"&36,규격검색!$N$6:$N$505,0)),"")) | I41: =IF($B41="","",IFERROR(INDEX(원자재마스터!$L$3:$L$502,MATCH("R"&36,규격검색!$N$6:$N$505,0)),"")) | L41: =IF(원자재마스터!$A38="",FALSE(),AND(IF($B$3="",TRUE(),ISNUMBER(SEARCH($B$3,원자재마스터!$B38&" "&원자재마스터!$C38&" "&원자재마스터!$G38&" "&원자재마스터!$A38))),IF($E$3="",TRUE(),ISNUMBER(SEARCH($E$3,원자재마스터!$C38))))) -> FALSE | M41: =IF($L41=FALSE(),"",COUNTIF($L$6:$L41,TRUE())) | N41: =IF($M41="","","R"&$M41)
A42: =IF($B42="","",37) | B42: =IFERROR(INDEX(원자재마스터!$A$3:$A$502,MATCH("R"&37,규격검색!$N$6:$N$505,0)),"") | C42: =IF($B42="","",IFERROR(INDEX(원자재마스터!$B$3:$B$502,MATCH("R"&37,규격검색!$N$6:$N$505,0)),"")) | D42: =IF($B42="","",IFERROR(INDEX(원자재마스터!$C$3:$C$502,MATCH("R"&37,규격검색!$N$6:$N$505,0)),"")) | E42: =IF($B42="","",IFERROR(INDEX(원자재마스터!$G$3:$G$502,MATCH("R"&37,규격검색!$N$6:$N$505,0)),"")) | F42: =IF($B42="","",IFERROR(INDEX(원자재마스터!$I$3:$I$502,MATCH("R"&37,규격검색!$N$6:$N$505,0)),"")) | G42: =IF($B42="","",IFERROR(INDEX(원자재마스터!$J$3:$J$502,MATCH("R"&37,규격검색!$N$6:$N$505,0)),"")) | H42: =IF($B42="","",IFERROR(INDEX(원자재마스터!$K$3:$K$502,MATCH("R"&37,규격검색!$N$6:$N$505,0)),"")) | I42: =IF($B42="","",IFERROR(INDEX(원자재마스터!$L$3:$L$502,MATCH("R"&37,규격검색!$N$6:$N$505,0)),"")) | L42: =IF(원자재마스터!$A39="",FALSE(),AND(IF($B$3="",TRUE(),ISNUMBER(SEARCH($B$3,원자재마스터!$B39&" "&원자재마스터!$C39&" "&원자재마스터!$G39&" "&원자재마스터!$A39))),IF($E$3="",TRUE(),ISNUMBER(SEARCH($E$3,원자재마스터!$C39))))) -> FALSE | M42: =IF($L42=FALSE(),"",COUNTIF($L$6:$L42,TRUE())) | N42: =IF($M42="","","R"&$M42)
A43: =IF($B43="","",38) | B43: =IFERROR(INDEX(원자재마스터!$A$3:$A$502,MATCH("R"&38,규격검색!$N$6:$N$505,0)),"") | C43: =IF($B43="","",IFERROR(INDEX(원자재마스터!$B$3:$B$502,MATCH("R"&38,규격검색!$N$6:$N$505,0)),"")) | D43: =IF($B43="","",IFERROR(INDEX(원자재마스터!$C$3:$C$502,MATCH("R"&38,규격검색!$N$6:$N$505,0)),"")) | E43: =IF($B43="","",IFERROR(INDEX(원자재마스터!$G$3:$G$502,MATCH("R"&38,규격검색!$N$6:$N$505,0)),"")) | F43: =IF($B43="","",IFERROR(INDEX(원자재마스터!$I$3:$I$502,MATCH("R"&38,규격검색!$N$6:$N$505,0)),"")) | G43: =IF($B43="","",IFERROR(INDEX(원자재마스터!$J$3:$J$502,MATCH("R"&38,규격검색!$N$6:$N$505,0)),"")) | H43: =IF($B43="","",IFERROR(INDEX(원자재마스터!$K$3:$K$502,MATCH("R"&38,규격검색!$N$6:$N$505,0)),"")) | I43: =IF($B43="","",IFERROR(INDEX(원자재마스터!$L$3:$L$502,MATCH("R"&38,규격검색!$N$6:$N$505,0)),"")) | L43: =IF(원자재마스터!$A40="",FALSE(),AND(IF($B$3="",TRUE(),ISNUMBER(SEARCH($B$3,원자재마스터!$B40&" "&원자재마스터!$C40&" "&원자재마스터!$G40&" "&원자재마스터!$A40))),IF($E$3="",TRUE(),ISNUMBER(SEARCH($E$3,원자재마스터!$C40))))) -> FALSE | M43: =IF($L43=FALSE(),"",COUNTIF($L$6:$L43,TRUE())) | N43: =IF($M43="","","R"&$M43)
A44: =IF($B44="","",39) | B44: =IFERROR(INDEX(원자재마스터!$A$3:$A$502,MATCH("R"&39,규격검색!$N$6:$N$505,0)),"") | C44: =IF($B44="","",IFERROR(INDEX(원자재마스터!$B$3:$B$502,MATCH("R"&39,규격검색!$N$6:$N$505,0)),"")) | D44: =IF($B44="","",IFERROR(INDEX(원자재마스터!$C$3:$C$502,MATCH("R"&39,규격검색!$N$6:$N$505,0)),"")) | E44: =IF($B44="","",IFERROR(INDEX(원자재마스터!$G$3:$G$502,MATCH("R"&39,규격검색!$N$6:$N$505,0)),"")) | F44: =IF($B44="","",IFERROR(INDEX(원자재마스터!$I$3:$I$502,MATCH("R"&39,규격검색!$N$6:$N$505,0)),"")) | G44: =IF($B44="","",IFERROR(INDEX(원자재마스터!$J$3:$J$502,MATCH("R"&39,규격검색!$N$6:$N$505,0)),"")) | H44: =IF($B44="","",IFERROR(INDEX(원자재마스터!$K$3:$K$502,MATCH("R"&39,규격검색!$N$6:$N$505,0)),"")) | I44: =IF($B44="","",IFERROR(INDEX(원자재마스터!$L$3:$L$502,MATCH("R"&39,규격검색!$N$6:$N$505,0)),"")) | L44: =IF(원자재마스터!$A41="",FALSE(),AND(IF($B$3="",TRUE(),ISNUMBER(SEARCH($B$3,원자재마스터!$B41&" "&원자재마스터!$C41&" "&원자재마스터!$G41&" "&원자재마스터!$A41))),IF($E$3="",TRUE(),ISNUMBER(SEARCH($E$3,원자재마스터!$C41))))) -> FALSE | M44: =IF($L44=FALSE(),"",COUNTIF($L$6:$L44,TRUE())) | N44: =IF($M44="","","R"&$M44)
A45: =IF($B45="","",40) | B45: =IFERROR(INDEX(원자재마스터!$A$3:$A$502,MATCH("R"&40,규격검색!$N$6:$N$505,0)),"") | C45: =IF($B45="","",IFERROR(INDEX(원자재마스터!$B$3:$B$502,MATCH("R"&40,규격검색!$N$6:$N$505,0)),"")) | D45: =IF($B45="","",IFERROR(INDEX(원자재마스터!$C$3:$C$502,MATCH("R"&40,규격검색!$N$6:$N$505,0)),"")) | E45: =IF($B45="","",IFERROR(INDEX(원자재마스터!$G$3:$G$502,MATCH("R"&40,규격검색!$N$6:$N$505,0)),"")) | F45: =IF($B45="","",IFERROR(INDEX(원자재마스터!$I$3:$I$502,MATCH("R"&40,규격검색!$N$6:$N$505,0)),"")) | G45: =IF($B45="","",IFERROR(INDEX(원자재마스터!$J$3:$J$502,MATCH("R"&40,규격검색!$N$6:$N$505,0)),"")) | H45: =IF($B45="","",IFERROR(INDEX(원자재마스터!$K$3:$K$502,MATCH("R"&40,규격검색!$N$6:$N$505,0)),"")) | I45: =IF($B45="","",IFERROR(INDEX(원자재마스터!$L$3:$L$502,MATCH("R"&40,규격검색!$N$6:$N$505,0)),"")) | L45: =IF(원자재마스터!$A42="",FALSE(),AND(IF($B$3="",TRUE(),ISNUMBER(SEARCH($B$3,원자재마스터!$B42&" "&원자재마스터!$C42&" "&원자재마스터!$G42&" "&원자재마스터!$A42))),IF($E$3="",TRUE(),ISNUMBER(SEARCH($E$3,원자재마스터!$C42))))) -> FALSE | M45: =IF($L45=FALSE(),"",COUNTIF($L$6:$L45,TRUE())) | N45: =IF($M45="","","R"&$M45)
A46: =IF($B46="","",41) | B46: =IFERROR(INDEX(원자재마스터!$A$3:$A$502,MATCH("R"&41,규격검색!$N$6:$N$505,0)),"") | C46: =IF($B46="","",IFERROR(INDEX(원자재마스터!$B$3:$B$502,MATCH("R"&41,규격검색!$N$6:$N$505,0)),"")) | D46: =IF($B46="","",IFERROR(INDEX(원자재마스터!$C$3:$C$502,MATCH("R"&41,규격검색!$N$6:$N$505,0)),"")) | E46: =IF($B46="","",IFERROR(INDEX(원자재마스터!$G$3:$G$502,MATCH("R"&41,규격검색!$N$6:$N$505,0)),"")) | F46: =IF($B46="","",IFERROR(INDEX(원자재마스터!$I$3:$I$502,MATCH("R"&41,규격검색!$N$6:$N$505,0)),"")) | G46: =IF($B46="","",IFERROR(INDEX(원자재마스터!$J$3:$J$502,MATCH("R"&41,규격검색!$N$6:$N$505,0)),"")) | H46: =IF($B46="","",IFERROR(INDEX(원자재마스터!$K$3:$K$502,MATCH("R"&41,규격검색!$N$6:$N$505,0)),"")) | I46: =IF($B46="","",IFERROR(INDEX(원자재마스터!$L$3:$L$502,MATCH("R"&41,규격검색!$N$6:$N$505,0)),"")) | L46: =IF(원자재마스터!$A43="",FALSE(),AND(IF($B$3="",TRUE(),ISNUMBER(SEARCH($B$3,원자재마스터!$B43&" "&원자재마스터!$C43&" "&원자재마스터!$G43&" "&원자재마스터!$A43))),IF($E$3="",TRUE(),ISNUMBER(SEARCH($E$3,원자재마스터!$C43))))) -> FALSE | M46: =IF($L46=FALSE(),"",COUNTIF($L$6:$L46,TRUE())) | N46: =IF($M46="","","R"&$M46)
A47: =IF($B47="","",42) | B47: =IFERROR(INDEX(원자재마스터!$A$3:$A$502,MATCH("R"&42,규격검색!$N$6:$N$505,0)),"") | C47: =IF($B47="","",IFERROR(INDEX(원자재마스터!$B$3:$B$502,MATCH("R"&42,규격검색!$N$6:$N$505,0)),"")) | D47: =IF($B47="","",IFERROR(INDEX(원자재마스터!$C$3:$C$502,MATCH("R"&42,규격검색!$N$6:$N$505,0)),"")) | E47: =IF($B47="","",IFERROR(INDEX(원자재마스터!$G$3:$G$502,MATCH("R"&42,규격검색!$N$6:$N$505,0)),"")) | F47: =IF($B47="","",IFERROR(INDEX(원자재마스터!$I$3:$I$502,MATCH("R"&42,규격검색!$N$6:$N$505,0)),"")) | G47: =IF($B47="","",IFERROR(INDEX(원자재마스터!$J$3:$J$502,MATCH("R"&42,규격검색!$N$6:$N$505,0)),"")) | H47: =IF($B47="","",IFERROR(INDEX(원자재마스터!$K$3:$K$502,MATCH("R"&42,규격검색!$N$6:$N$505,0)),"")) | I47: =IF($B47="","",IFERROR(INDEX(원자재마스터!$L$3:$L$502,MATCH("R"&42,규격검색!$N$6:$N$505,0)),"")) | L47: =IF(원자재마스터!$A44="",FALSE(),AND(IF($B$3="",TRUE(),ISNUMBER(SEARCH($B$3,원자재마스터!$B44&" "&원자재마스터!$C44&" "&원자재마스터!$G44&" "&원자재마스터!$A44))),IF($E$3="",TRUE(),ISNUMBER(SEARCH($E$3,원자재마스터!$C44))))) -> FALSE | M47: =IF($L47=FALSE(),"",COUNTIF($L$6:$L47,TRUE())) | N47: =IF($M47="","","R"&$M47)
A48: =IF($B48="","",43) | B48: =IFERROR(INDEX(원자재마스터!$A$3:$A$502,MATCH("R"&43,규격검색!$N$6:$N$505,0)),"") | C48: =IF($B48="","",IFERROR(INDEX(원자재마스터!$B$3:$B$502,MATCH("R"&43,규격검색!$N$6:$N$505,0)),"")) | D48: =IF($B48="","",IFERROR(INDEX(원자재마스터!$C$3:$C$502,MATCH("R"&43,규격검색!$N$6:$N$505,0)),"")) | E48: =IF($B48="","",IFERROR(INDEX(원자재마스터!$G$3:$G$502,MATCH("R"&43,규격검색!$N$6:$N$505,0)),"")) | F48: =IF($B48="","",IFERROR(INDEX(원자재마스터!$I$3:$I$502,MATCH("R"&43,규격검색!$N$6:$N$505,0)),"")) | G48: =IF($B48="","",IFERROR(INDEX(원자재마스터!$J$3:$J$502,MATCH("R"&43,규격검색!$N$6:$N$505,0)),"")) | H48: =IF($B48="","",IFERROR(INDEX(원자재마스터!$K$3:$K$502,MATCH("R"&43,규격검색!$N$6:$N$505,0)),"")) | I48: =IF($B48="","",IFERROR(INDEX(원자재마스터!$L$3:$L$502,MATCH("R"&43,규격검색!$N$6:$N$505,0)),"")) | L48: =IF(원자재마스터!$A45="",FALSE(),AND(IF($B$3="",TRUE(),ISNUMBER(SEARCH($B$3,원자재마스터!$B45&" "&원자재마스터!$C45&" "&원자재마스터!$G45&" "&원자재마스터!$A45))),IF($E$3="",TRUE(),ISNUMBER(SEARCH($E$3,원자재마스터!$C45))))) -> FALSE | M48: =IF($L48=FALSE(),"",COUNTIF($L$6:$L48,TRUE())) | N48: =IF($M48="","","R"&$M48)
A49: =IF($B49="","",44) | B49: =IFERROR(INDEX(원자재마스터!$A$3:$A$502,MATCH("R"&44,규격검색!$N$6:$N$505,0)),"") | C49: =IF($B49="","",IFERROR(INDEX(원자재마스터!$B$3:$B$502,MATCH("R"&44,규격검색!$N$6:$N$505,0)),"")) | D49: =IF($B49="","",IFERROR(INDEX(원자재마스터!$C$3:$C$502,MATCH("R"&44,규격검색!$N$6:$N$505,0)),"")) | E49: =IF($B49="","",IFERROR(INDEX(원자재마스터!$G$3:$G$502,MATCH("R"&44,규격검색!$N$6:$N$505,0)),"")) | F49: =IF($B49="","",IFERROR(INDEX(원자재마스터!$I$3:$I$502,MATCH("R"&44,규격검색!$N$6:$N$505,0)),"")) | G49: =IF($B49="","",IFERROR(INDEX(원자재마스터!$J$3:$J$502,MATCH("R"&44,규격검색!$N$6:$N$505,0)),"")) | H49: =IF($B49="","",IFERROR(INDEX(원자재마스터!$K$3:$K$502,MATCH("R"&44,규격검색!$N$6:$N$505,0)),"")) | I49: =IF($B49="","",IFERROR(INDEX(원자재마스터!$L$3:$L$502,MATCH("R"&44,규격검색!$N$6:$N$505,0)),"")) | L49: =IF(원자재마스터!$A46="",FALSE(),AND(IF($B$3="",TRUE(),ISNUMBER(SEARCH($B$3,원자재마스터!$B46&" "&원자재마스터!$C46&" "&원자재마스터!$G46&" "&원자재마스터!$A46))),IF($E$3="",TRUE(),ISNUMBER(SEARCH($E$3,원자재마스터!$C46))))) -> FALSE | M49: =IF($L49=FALSE(),"",COUNTIF($L$6:$L49,TRUE())) | N49: =IF($M49="","","R"&$M49)
A50: =IF($B50="","",45) | B50: =IFERROR(INDEX(원자재마스터!$A$3:$A$502,MATCH("R"&45,규격검색!$N$6:$N$505,0)),"") | C50: =IF($B50="","",IFERROR(INDEX(원자재마스터!$B$3:$B$502,MATCH("R"&45,규격검색!$N$6:$N$505,0)),"")) | D50: =IF($B50="","",IFERROR(INDEX(원자재마스터!$C$3:$C$502,MATCH("R"&45,규격검색!$N$6:$N$505,0)),"")) | E50: =IF($B50="","",IFERROR(INDEX(원자재마스터!$G$3:$G$502,MATCH("R"&45,규격검색!$N$6:$N$505,0)),"")) | F50: =IF($B50="","",IFERROR(INDEX(원자재마스터!$I$3:$I$502,MATCH("R"&45,규격검색!$N$6:$N$505,0)),"")) | G50: =IF($B50="","",IFERROR(INDEX(원자재마스터!$J$3:$J$502,MATCH("R"&45,규격검색!$N$6:$N$505,0)),"")) | H50: =IF($B50="","",IFERROR(INDEX(원자재마스터!$K$3:$K$502,MATCH("R"&45,규격검색!$N$6:$N$505,0)),"")) | I50: =IF($B50="","",IFERROR(INDEX(원자재마스터!$L$3:$L$502,MATCH("R"&45,규격검색!$N$6:$N$505,0)),"")) | L50: =IF(원자재마스터!$A47="",FALSE(),AND(IF($B$3="",TRUE(),ISNUMBER(SEARCH($B$3,원자재마스터!$B47&" "&원자재마스터!$C47&" "&원자재마스터!$G47&" "&원자재마스터!$A47))),IF($E$3="",TRUE(),ISNUMBER(SEARCH($E$3,원자재마스터!$C47))))) -> FALSE | M50: =IF($L50=FALSE(),"",COUNTIF($L$6:$L50,TRUE())) | N50: =IF($M50="","","R"&$M50)
A51: =IF($B51="","",46) | B51: =IFERROR(INDEX(원자재마스터!$A$3:$A$502,MATCH("R"&46,규격검색!$N$6:$N$505,0)),"") | C51: =IF($B51="","",IFERROR(INDEX(원자재마스터!$B$3:$B$502,MATCH("R"&46,규격검색!$N$6:$N$505,0)),"")) | D51: =IF($B51="","",IFERROR(INDEX(원자재마스터!$C$3:$C$502,MATCH("R"&46,규격검색!$N$6:$N$505,0)),"")) | E51: =IF($B51="","",IFERROR(INDEX(원자재마스터!$G$3:$G$502,MATCH("R"&46,규격검색!$N$6:$N$505,0)),"")) | F51: =IF($B51="","",IFERROR(INDEX(원자재마스터!$I$3:$I$502,MATCH("R"&46,규격검색!$N$6:$N$505,0)),"")) | G51: =IF($B51="","",IFERROR(INDEX(원자재마스터!$J$3:$J$502,MATCH("R"&46,규격검색!$N$6:$N$505,0)),"")) | H51: =IF($B51="","",IFERROR(INDEX(원자재마스터!$K$3:$K$502,MATCH("R"&46,규격검색!$N$6:$N$505,0)),"")) | I51: =IF($B51="","",IFERROR(INDEX(원자재마스터!$L$3:$L$502,MATCH("R"&46,규격검색!$N$6:$N$505,0)),"")) | L51: =IF(원자재마스터!$A48="",FALSE(),AND(IF($B$3="",TRUE(),ISNUMBER(SEARCH($B$3,원자재마스터!$B48&" "&원자재마스터!$C48&" "&원자재마스터!$G48&" "&원자재마스터!$A48))),IF($E$3="",TRUE(),ISNUMBER(SEARCH($E$3,원자재마스터!$C48))))) -> FALSE | M51: =IF($L51=FALSE(),"",COUNTIF($L$6:$L51,TRUE())) | N51: =IF($M51="","","R"&$M51)
A52: =IF($B52="","",47) | B52: =IFERROR(INDEX(원자재마스터!$A$3:$A$502,MATCH("R"&47,규격검색!$N$6:$N$505,0)),"") | C52: =IF($B52="","",IFERROR(INDEX(원자재마스터!$B$3:$B$502,MATCH("R"&47,규격검색!$N$6:$N$505,0)),"")) | D52: =IF($B52="","",IFERROR(INDEX(원자재마스터!$C$3:$C$502,MATCH("R"&47,규격검색!$N$6:$N$505,0)),"")) | E52: =IF($B52="","",IFERROR(INDEX(원자재마스터!$G$3:$G$502,MATCH("R"&47,규격검색!$N$6:$N$505,0)),"")) | F52: =IF($B52="","",IFERROR(INDEX(원자재마스터!$I$3:$I$502,MATCH("R"&47,규격검색!$N$6:$N$505,0)),"")) | G52: =IF($B52="","",IFERROR(INDEX(원자재마스터!$J$3:$J$502,MATCH("R"&47,규격검색!$N$6:$N$505,0)),"")) | H52: =IF($B52="","",IFERROR(INDEX(원자재마스터!$K$3:$K$502,MATCH("R"&47,규격검색!$N$6:$N$505,0)),"")) | I52: =IF($B52="","",IFERROR(INDEX(원자재마스터!$L$3:$L$502,MATCH("R"&47,규격검색!$N$6:$N$505,0)),"")) | L52: =IF(원자재마스터!$A49="",FALSE(),AND(IF($B$3="",TRUE(),ISNUMBER(SEARCH($B$3,원자재마스터!$B49&" "&원자재마스터!$C49&" "&원자재마스터!$G49&" "&원자재마스터!$A49))),IF($E$3="",TRUE(),ISNUMBER(SEARCH($E$3,원자재마스터!$C49))))) -> FALSE | M52: =IF($L52=FALSE(),"",COUNTIF($L$6:$L52,TRUE())) | N52: =IF($M52="","","R"&$M52)
A53: =IF($B53="","",48) | B53: =IFERROR(INDEX(원자재마스터!$A$3:$A$502,MATCH("R"&48,규격검색!$N$6:$N$505,0)),"") | C53: =IF($B53="","",IFERROR(INDEX(원자재마스터!$B$3:$B$502,MATCH("R"&48,규격검색!$N$6:$N$505,0)),"")) | D53: =IF($B53="","",IFERROR(INDEX(원자재마스터!$C$3:$C$502,MATCH("R"&48,규격검색!$N$6:$N$505,0)),"")) | E53: =IF($B53="","",IFERROR(INDEX(원자재마스터!$G$3:$G$502,MATCH("R"&48,규격검색!$N$6:$N$505,0)),"")) | F53: =IF($B53="","",IFERROR(INDEX(원자재마스터!$I$3:$I$502,MATCH("R"&48,규격검색!$N$6:$N$505,0)),"")) | G53: =IF($B53="","",IFERROR(INDEX(원자재마스터!$J$3:$J$502,MATCH("R"&48,규격검색!$N$6:$N$505,0)),"")) | H53: =IF($B53="","",IFERROR(INDEX(원자재마스터!$K$3:$K$502,MATCH("R"&48,규격검색!$N$6:$N$505,0)),"")) | I53: =IF($B53="","",IFERROR(INDEX(원자재마스터!$L$3:$L$502,MATCH("R"&48,규격검색!$N$6:$N$505,0)),"")) | L53: =IF(원자재마스터!$A50="",FALSE(),AND(IF($B$3="",TRUE(),ISNUMBER(SEARCH($B$3,원자재마스터!$B50&" "&원자재마스터!$C50&" "&원자재마스터!$G50&" "&원자재마스터!$A50))),IF($E$3="",TRUE(),ISNUMBER(SEARCH($E$3,원자재마스터!$C50))))) -> FALSE | M53: =IF($L53=FALSE(),"",COUNTIF($L$6:$L53,TRUE())) | N53: =IF($M53="","","R"&$M53)
A54: =IF($B54="","",49) | B54: =IFERROR(INDEX(원자재마스터!$A$3:$A$502,MATCH("R"&49,규격검색!$N$6:$N$505,0)),"") | C54: =IF($B54="","",IFERROR(INDEX(원자재마스터!$B$3:$B$502,MATCH("R"&49,규격검색!$N$6:$N$505,0)),"")) | D54: =IF($B54="","",IFERROR(INDEX(원자재마스터!$C$3:$C$502,MATCH("R"&49,규격검색!$N$6:$N$505,0)),"")) | E54: =IF($B54="","",IFERROR(INDEX(원자재마스터!$G$3:$G$502,MATCH("R"&49,규격검색!$N$6:$N$505,0)),"")) | F54: =IF($B54="","",IFERROR(INDEX(원자재마스터!$I$3:$I$502,MATCH("R"&49,규격검색!$N$6:$N$505,0)),"")) | G54: =IF($B54="","",IFERROR(INDEX(원자재마스터!$J$3:$J$502,MATCH("R"&49,규격검색!$N$6:$N$505,0)),"")) | H54: =IF($B54="","",IFERROR(INDEX(원자재마스터!$K$3:$K$502,MATCH("R"&49,규격검색!$N$6:$N$505,0)),"")) | I54: =IF($B54="","",IFERROR(INDEX(원자재마스터!$L$3:$L$502,MATCH("R"&49,규격검색!$N$6:$N$505,0)),"")) | L54: =IF(원자재마스터!$A51="",FALSE(),AND(IF($B$3="",TRUE(),ISNUMBER(SEARCH($B$3,원자재마스터!$B51&" "&원자재마스터!$C51&" "&원자재마스터!$G51&" "&원자재마스터!$A51))),IF($E$3="",TRUE(),ISNUMBER(SEARCH($E$3,원자재마스터!$C51))))) -> FALSE | M54: =IF($L54=FALSE(),"",COUNTIF($L$6:$L54,TRUE())) | N54: =IF($M54="","","R"&$M54)
A55: =IF($B55="","",50) | B55: =IFERROR(INDEX(원자재마스터!$A$3:$A$502,MATCH("R"&50,규격검색!$N$6:$N$505,0)),"") | C55: =IF($B55="","",IFERROR(INDEX(원자재마스터!$B$3:$B$502,MATCH("R"&50,규격검색!$N$6:$N$505,0)),"")) | D55: =IF($B55="","",IFERROR(INDEX(원자재마스터!$C$3:$C$502,MATCH("R"&50,규격검색!$N$6:$N$505,0)),"")) | E55: =IF($B55="","",IFERROR(INDEX(원자재마스터!$G$3:$G$502,MATCH("R"&50,규격검색!$N$6:$N$505,0)),"")) | F55: =IF($B55="","",IFERROR(INDEX(원자재마스터!$I$3:$I$502,MATCH("R"&50,규격검색!$N$6:$N$505,0)),"")) | G55: =IF($B55="","",IFERROR(INDEX(원자재마스터!$J$3:$J$502,MATCH("R"&50,규격검색!$N$6:$N$505,0)),"")) | H55: =IF($B55="","",IFERROR(INDEX(원자재마스터!$K$3:$K$502,MATCH("R"&50,규격검색!$N$6:$N$505,0)),"")) | I55: =IF($B55="","",IFERROR(INDEX(원자재마스터!$L$3:$L$502,MATCH("R"&50,규격검색!$N$6:$N$505,0)),"")) | L55: =IF(원자재마스터!$A52="",FALSE(),AND(IF($B$3="",TRUE(),ISNUMBER(SEARCH($B$3,원자재마스터!$B52&" "&원자재마스터!$C52&" "&원자재마스터!$G52&" "&원자재마스터!$A52))),IF($E$3="",TRUE(),ISNUMBER(SEARCH($E$3,원자재마스터!$C52))))) -> FALSE | M55: =IF($L55=FALSE(),"",COUNTIF($L$6:$L55,TRUE())) | N55: =IF($M55="","","R"&$M55)
A56: =IF($B56="","",51) | B56: =IFERROR(INDEX(원자재마스터!$A$3:$A$502,MATCH("R"&51,규격검색!$N$6:$N$505,0)),"") | C56: =IF($B56="","",IFERROR(INDEX(원자재마스터!$B$3:$B$502,MATCH("R"&51,규격검색!$N$6:$N$505,0)),"")) | D56: =IF($B56="","",IFERROR(INDEX(원자재마스터!$C$3:$C$502,MATCH("R"&51,규격검색!$N$6:$N$505,0)),"")) | E56: =IF($B56="","",IFERROR(INDEX(원자재마스터!$G$3:$G$502,MATCH("R"&51,규격검색!$N$6:$N$505,0)),"")) | F56: =IF($B56="","",IFERROR(INDEX(원자재마스터!$I$3:$I$502,MATCH("R"&51,규격검색!$N$6:$N$505,0)),"")) | G56: =IF($B56="","",IFERROR(INDEX(원자재마스터!$J$3:$J$502,MATCH("R"&51,규격검색!$N$6:$N$505,0)),"")) | H56: =IF($B56="","",IFERROR(INDEX(원자재마스터!$K$3:$K$502,MATCH("R"&51,규격검색!$N$6:$N$505,0)),"")) | I56: =IF($B56="","",IFERROR(INDEX(원자재마스터!$L$3:$L$502,MATCH("R"&51,규격검색!$N$6:$N$505,0)),"")) | L56: =IF(원자재마스터!$A53="",FALSE(),AND(IF($B$3="",TRUE(),ISNUMBER(SEARCH($B$3,원자재마스터!$B53&" "&원자재마스터!$C53&" "&원자재마스터!$G53&" "&원자재마스터!$A53))),IF($E$3="",TRUE(),ISNUMBER(SEARCH($E$3,원자재마스터!$C53))))) -> FALSE | M56: =IF($L56=FALSE(),"",COUNTIF($L$6:$L56,TRUE())) | N56: =IF($M56="","","R"&$M56)
A57: =IF($B57="","",52) | B57: =IFERROR(INDEX(원자재마스터!$A$3:$A$502,MATCH("R"&52,규격검색!$N$6:$N$505,0)),"") | C57: =IF($B57="","",IFERROR(INDEX(원자재마스터!$B$3:$B$502,MATCH("R"&52,규격검색!$N$6:$N$505,0)),"")) | D57: =IF($B57="","",IFERROR(INDEX(원자재마스터!$C$3:$C$502,MATCH("R"&52,규격검색!$N$6:$N$505,0)),"")) | E57: =IF($B57="","",IFERROR(INDEX(원자재마스터!$G$3:$G$502,MATCH("R"&52,규격검색!$N$6:$N$505,0)),"")) | F57: =IF($B57="","",IFERROR(INDEX(원자재마스터!$I$3:$I$502,MATCH("R"&52,규격검색!$N$6:$N$505,0)),"")) | G57: =IF($B57="","",IFERROR(INDEX(원자재마스터!$J$3:$J$502,MATCH("R"&52,규격검색!$N$6:$N$505,0)),"")) | H57: =IF($B57="","",IFERROR(INDEX(원자재마스터!$K$3:$K$502,MATCH("R"&52,규격검색!$N$6:$N$505,0)),"")) | I57: =IF($B57="","",IFERROR(INDEX(원자재마스터!$L$3:$L$502,MATCH("R"&52,규격검색!$N$6:$N$505,0)),"")) | L57: =IF(원자재마스터!$A54="",FALSE(),AND(IF($B$3="",TRUE(),ISNUMBER(SEARCH($B$3,원자재마스터!$B54&" "&원자재마스터!$C54&" "&원자재마스터!$G54&" "&원자재마스터!$A54))),IF($E$3="",TRUE(),ISNUMBER(SEARCH($E$3,원자재마스터!$C54))))) -> FALSE | M57: =IF($L57=FALSE(),"",COUNTIF($L$6:$L57,TRUE())) | N57: =IF($M57="","","R"&$M57)
A58: =IF($B58="","",53) | B58: =IFERROR(INDEX(원자재마스터!$A$3:$A$502,MATCH("R"&53,규격검색!$N$6:$N$505,0)),"") | C58: =IF($B58="","",IFERROR(INDEX(원자재마스터!$B$3:$B$502,MATCH("R"&53,규격검색!$N$6:$N$505,0)),"")) | D58: =IF($B58="","",IFERROR(INDEX(원자재마스터!$C$3:$C$502,MATCH("R"&53,규격검색!$N$6:$N$505,0)),"")) | E58: =IF($B58="","",IFERROR(INDEX(원자재마스터!$G$3:$G$502,MATCH("R"&53,규격검색!$N$6:$N$505,0)),"")) | F58: =IF($B58="","",IFERROR(INDEX(원자재마스터!$I$3:$I$502,MATCH("R"&53,규격검색!$N$6:$N$505,0)),"")) | G58: =IF($B58="","",IFERROR(INDEX(원자재마스터!$J$3:$J$502,MATCH("R"&53,규격검색!$N$6:$N$505,0)),"")) | H58: =IF($B58="","",IFERROR(INDEX(원자재마스터!$K$3:$K$502,MATCH("R"&53,규격검색!$N$6:$N$505,0)),"")) | I58: =IF($B58="","",IFERROR(INDEX(원자재마스터!$L$3:$L$502,MATCH("R"&53,규격검색!$N$6:$N$505,0)),"")) | L58: =IF(원자재마스터!$A55="",FALSE(),AND(IF($B$3="",TRUE(),ISNUMBER(SEARCH($B$3,원자재마스터!$B55&" "&원자재마스터!$C55&" "&원자재마스터!$G55&" "&원자재마스터!$A55))),IF($E$3="",TRUE(),ISNUMBER(SEARCH($E$3,원자재마스터!$C55))))) -> FALSE | M58: =IF($L58=FALSE(),"",COUNTIF($L$6:$L58,TRUE())) | N58: =IF($M58="","","R"&$M58)
A59: =IF($B59="","",54) | B59: =IFERROR(INDEX(원자재마스터!$A$3:$A$502,MATCH("R"&54,규격검색!$N$6:$N$505,0)),"") | C59: =IF($B59="","",IFERROR(INDEX(원자재마스터!$B$3:$B$502,MATCH("R"&54,규격검색!$N$6:$N$505,0)),"")) | D59: =IF($B59="","",IFERROR(INDEX(원자재마스터!$C$3:$C$502,MATCH("R"&54,규격검색!$N$6:$N$505,0)),"")) | E59: =IF($B59="","",IFERROR(INDEX(원자재마스터!$G$3:$G$502,MATCH("R"&54,규격검색!$N$6:$N$505,0)),"")) | F59: =IF($B59="","",IFERROR(INDEX(원자재마스터!$I$3:$I$502,MATCH("R"&54,규격검색!$N$6:$N$505,0)),"")) | G59: =IF($B59="","",IFERROR(INDEX(원자재마스터!$J$3:$J$502,MATCH("R"&54,규격검색!$N$6:$N$505,0)),"")) | H59: =IF($B59="","",IFERROR(INDEX(원자재마스터!$K$3:$K$502,MATCH("R"&54,규격검색!$N$6:$N$505,0)),"")) | I59: =IF($B59="","",IFERROR(INDEX(원자재마스터!$L$3:$L$502,MATCH("R"&54,규격검색!$N$6:$N$505,0)),"")) | L59: =IF(원자재마스터!$A56="",FALSE(),AND(IF($B$3="",TRUE(),ISNUMBER(SEARCH($B$3,원자재마스터!$B56&" "&원자재마스터!$C56&" "&원자재마스터!$G56&" "&원자재마스터!$A56))),IF($E$3="",TRUE(),ISNUMBER(SEARCH($E$3,원자재마스터!$C56))))) -> FALSE | M59: =IF($L59=FALSE(),"",COUNTIF($L$6:$L59,TRUE())) | N59: =IF($M59="","","R"&$M59)
A60: =IF($B60="","",55) | B60: =IFERROR(INDEX(원자재마스터!$A$3:$A$502,MATCH("R"&55,규격검색!$N$6:$N$505,0)),"") | C60: =IF($B60="","",IFERROR(INDEX(원자재마스터!$B$3:$B$502,MATCH("R"&55,규격검색!$N$6:$N$505,0)),"")) | D60: =IF($B60="","",IFERROR(INDEX(원자재마스터!$C$3:$C$502,MATCH("R"&55,규격검색!$N$6:$N$505,0)),"")) | E60: =IF($B60="","",IFERROR(INDEX(원자재마스터!$G$3:$G$502,MATCH("R"&55,규격검색!$N$6:$N$505,0)),"")) | F60: =IF($B60="","",IFERROR(INDEX(원자재마스터!$I$3:$I$502,MATCH("R"&55,규격검색!$N$6:$N$505,0)),"")) | G60: =IF($B60="","",IFERROR(INDEX(원자재마스터!$J$3:$J$502,MATCH("R"&55,규격검색!$N$6:$N$505,0)),"")) | H60: =IF($B60="","",IFERROR(INDEX(원자재마스터!$K$3:$K$502,MATCH("R"&55,규격검색!$N$6:$N$505,0)),"")) | I60: =IF($B60="","",IFERROR(INDEX(원자재마스터!$L$3:$L$502,MATCH("R"&55,규격검색!$N$6:$N$505,0)),"")) | L60: =IF(원자재마스터!$A57="",FALSE(),AND(IF($B$3="",TRUE(),ISNUMBER(SEARCH($B$3,원자재마스터!$B57&" "&원자재마스터!$C57&" "&원자재마스터!$G57&" "&원자재마스터!$A57))),IF($E$3="",TRUE(),ISNUMBER(SEARCH($E$3,원자재마스터!$C57))))) -> FALSE | M60: =IF($L60=FALSE(),"",COUNTIF($L$6:$L60,TRUE())) | N60: =IF($M60="","","R"&$M60)
A61: =IF($B61="","",56) | B61: =IFERROR(INDEX(원자재마스터!$A$3:$A$502,MATCH("R"&56,규격검색!$N$6:$N$505,0)),"") | C61: =IF($B61="","",IFERROR(INDEX(원자재마스터!$B$3:$B$502,MATCH("R"&56,규격검색!$N$6:$N$505,0)),"")) | D61: =IF($B61="","",IFERROR(INDEX(원자재마스터!$C$3:$C$502,MATCH("R"&56,규격검색!$N$6:$N$505,0)),"")) | E61: =IF($B61="","",IFERROR(INDEX(원자재마스터!$G$3:$G$502,MATCH("R"&56,규격검색!$N$6:$N$505,0)),"")) | F61: =IF($B61="","",IFERROR(INDEX(원자재마스터!$I$3:$I$502,MATCH("R"&56,규격검색!$N$6:$N$505,0)),"")) | G61: =IF($B61="","",IFERROR(INDEX(원자재마스터!$J$3:$J$502,MATCH("R"&56,규격검색!$N$6:$N$505,0)),"")) | H61: =IF($B61="","",IFERROR(INDEX(원자재마스터!$K$3:$K$502,MATCH("R"&56,규격검색!$N$6:$N$505,0)),"")) | I61: =IF($B61="","",IFERROR(INDEX(원자재마스터!$L$3:$L$502,MATCH("R"&56,규격검색!$N$6:$N$505,0)),"")) | L61: =IF(원자재마스터!$A58="",FALSE(),AND(IF($B$3="",TRUE(),ISNUMBER(SEARCH($B$3,원자재마스터!$B58&" "&원자재마스터!$C58&" "&원자재마스터!$G58&" "&원자재마스터!$A58))),IF($E$3="",TRUE(),ISNUMBER(SEARCH($E$3,원자재마스터!$C58))))) -> FALSE | M61: =IF($L61=FALSE(),"",COUNTIF($L$6:$L61,TRUE())) | N61: =IF($M61="","","R"&$M61)
A62: =IF($B62="","",57) | B62: =IFERROR(INDEX(원자재마스터!$A$3:$A$502,MATCH("R"&57,규격검색!$N$6:$N$505,0)),"") | C62: =IF($B62="","",IFERROR(INDEX(원자재마스터!$B$3:$B$502,MATCH("R"&57,규격검색!$N$6:$N$505,0)),"")) | D62: =IF($B62="","",IFERROR(INDEX(원자재마스터!$C$3:$C$502,MATCH("R"&57,규격검색!$N$6:$N$505,0)),"")) | E62: =IF($B62="","",IFERROR(INDEX(원자재마스터!$G$3:$G$502,MATCH("R"&57,규격검색!$N$6:$N$505,0)),"")) | F62: =IF($B62="","",IFERROR(INDEX(원자재마스터!$I$3:$I$502,MATCH("R"&57,규격검색!$N$6:$N$505,0)),"")) | G62: =IF($B62="","",IFERROR(INDEX(원자재마스터!$J$3:$J$502,MATCH("R"&57,규격검색!$N$6:$N$505,0)),"")) | H62: =IF($B62="","",IFERROR(INDEX(원자재마스터!$K$3:$K$502,MATCH("R"&57,규격검색!$N$6:$N$505,0)),"")) | I62: =IF($B62="","",IFERROR(INDEX(원자재마스터!$L$3:$L$502,MATCH("R"&57,규격검색!$N$6:$N$505,0)),"")) | L62: =IF(원자재마스터!$A59="",FALSE(),AND(IF($B$3="",TRUE(),ISNUMBER(SEARCH($B$3,원자재마스터!$B59&" "&원자재마스터!$C59&" "&원자재마스터!$G59&" "&원자재마스터!$A59))),IF($E$3="",TRUE(),ISNUMBER(SEARCH($E$3,원자재마스터!$C59))))) -> FALSE | M62: =IF($L62=FALSE(),"",COUNTIF($L$6:$L62,TRUE())) | N62: =IF($M62="","","R"&$M62)
A63: =IF($B63="","",58) | B63: =IFERROR(INDEX(원자재마스터!$A$3:$A$502,MATCH("R"&58,규격검색!$N$6:$N$505,0)),"") | C63: =IF($B63="","",IFERROR(INDEX(원자재마스터!$B$3:$B$502,MATCH("R"&58,규격검색!$N$6:$N$505,0)),"")) | D63: =IF($B63="","",IFERROR(INDEX(원자재마스터!$C$3:$C$502,MATCH("R"&58,규격검색!$N$6:$N$505,0)),"")) | E63: =IF($B63="","",IFERROR(INDEX(원자재마스터!$G$3:$G$502,MATCH("R"&58,규격검색!$N$6:$N$505,0)),"")) | F63: =IF($B63="","",IFERROR(INDEX(원자재마스터!$I$3:$I$502,MATCH("R"&58,규격검색!$N$6:$N$505,0)),"")) | G63: =IF($B63="","",IFERROR(INDEX(원자재마스터!$J$3:$J$502,MATCH("R"&58,규격검색!$N$6:$N$505,0)),"")) | H63: =IF($B63="","",IFERROR(INDEX(원자재마스터!$K$3:$K$502,MATCH("R"&58,규격검색!$N$6:$N$505,0)),"")) | I63: =IF($B63="","",IFERROR(INDEX(원자재마스터!$L$3:$L$502,MATCH("R"&58,규격검색!$N$6:$N$505,0)),"")) | L63: =IF(원자재마스터!$A60="",FALSE(),AND(IF($B$3="",TRUE(),ISNUMBER(SEARCH($B$3,원자재마스터!$B60&" "&원자재마스터!$C60&" "&원자재마스터!$G60&" "&원자재마스터!$A60))),IF($E$3="",TRUE(),ISNUMBER(SEARCH($E$3,원자재마스터!$C60))))) -> FALSE | M63: =IF($L63=FALSE(),"",COUNTIF($L$6:$L63,TRUE())) | N63: =IF($M63="","","R"&$M63)
A64: =IF($B64="","",59) | B64: =IFERROR(INDEX(원자재마스터!$A$3:$A$502,MATCH("R"&59,규격검색!$N$6:$N$505,0)),"") | C64: =IF($B64="","",IFERROR(INDEX(원자재마스터!$B$3:$B$502,MATCH("R"&59,규격검색!$N$6:$N$505,0)),"")) | D64: =IF($B64="","",IFERROR(INDEX(원자재마스터!$C$3:$C$502,MATCH("R"&59,규격검색!$N$6:$N$505,0)),"")) | E64: =IF($B64="","",IFERROR(INDEX(원자재마스터!$G$3:$G$502,MATCH("R"&59,규격검색!$N$6:$N$505,0)),"")) | F64: =IF($B64="","",IFERROR(INDEX(원자재마스터!$I$3:$I$502,MATCH("R"&59,규격검색!$N$6:$N$505,0)),"")) | G64: =IF($B64="","",IFERROR(INDEX(원자재마스터!$J$3:$J$502,MATCH("R"&59,규격검색!$N$6:$N$505,0)),"")) | H64: =IF($B64="","",IFERROR(INDEX(원자재마스터!$K$3:$K$502,MATCH("R"&59,규격검색!$N$6:$N$505,0)),"")) | I64: =IF($B64="","",IFERROR(INDEX(원자재마스터!$L$3:$L$502,MATCH("R"&59,규격검색!$N$6:$N$505,0)),"")) | L64: =IF(원자재마스터!$A61="",FALSE(),AND(IF($B$3="",TRUE(),ISNUMBER(SEARCH($B$3,원자재마스터!$B61&" "&원자재마스터!$C61&" "&원자재마스터!$G61&" "&원자재마스터!$A61))),IF($E$3="",TRUE(),ISNUMBER(SEARCH($E$3,원자재마스터!$C61))))) -> FALSE | M64: =IF($L64=FALSE(),"",COUNTIF($L$6:$L64,TRUE())) | N64: =IF($M64="","","R"&$M64)
A65: =IF($B65="","",60) | B65: =IFERROR(INDEX(원자재마스터!$A$3:$A$502,MATCH("R"&60,규격검색!$N$6:$N$505,0)),"") | C65: =IF($B65="","",IFERROR(INDEX(원자재마스터!$B$3:$B$502,MATCH("R"&60,규격검색!$N$6:$N$505,0)),"")) | D65: =IF($B65="","",IFERROR(INDEX(원자재마스터!$C$3:$C$502,MATCH("R"&60,규격검색!$N$6:$N$505,0)),"")) | E65: =IF($B65="","",IFERROR(INDEX(원자재마스터!$G$3:$G$502,MATCH("R"&60,규격검색!$N$6:$N$505,0)),"")) | F65: =IF($B65="","",IFERROR(INDEX(원자재마스터!$I$3:$I$502,MATCH("R"&60,규격검색!$N$6:$N$505,0)),"")) | G65: =IF($B65="","",IFERROR(INDEX(원자재마스터!$J$3:$J$502,MATCH("R"&60,규격검색!$N$6:$N$505,0)),"")) | H65: =IF($B65="","",IFERROR(INDEX(원자재마스터!$K$3:$K$502,MATCH("R"&60,규격검색!$N$6:$N$505,0)),"")) | I65: =IF($B65="","",IFERROR(INDEX(원자재마스터!$L$3:$L$502,MATCH("R"&60,규격검색!$N$6:$N$505,0)),"")) | L65: =IF(원자재마스터!$A62="",FALSE(),AND(IF($B$3="",TRUE(),ISNUMBER(SEARCH($B$3,원자재마스터!$B62&" "&원자재마스터!$C62&" "&원자재마스터!$G62&" "&원자재마스터!$A62))),IF($E$3="",TRUE(),ISNUMBER(SEARCH($E$3,원자재마스터!$C62))))) -> FALSE | M65: =IF($L65=FALSE(),"",COUNTIF($L$6:$L65,TRUE())) | N65: =IF($M65="","","R"&$M65)
L66: =IF(원자재마스터!$A63="",FALSE(),AND(IF($B$3="",TRUE(),ISNUMBER(SEARCH($B$3,원자재마스터!$B63&" "&원자재마스터!$C63&" "&원자재마스터!$G63&" "&원자재마스터!$A63))),IF($E$3="",TRUE(),ISNUMBER(SEARCH($E$3,원자재마스터!$C63))))) -> FALSE | M66: =IF($L66=FALSE(),"",COUNTIF($L$6:$L66,TRUE())) | N66: =IF($M66="","","R"&$M66)
L67: =IF(원자재마스터!$A64="",FALSE(),AND(IF($B$3="",TRUE(),ISNUMBER(SEARCH($B$3,원자재마스터!$B64&" "&원자재마스터!$C64&" "&원자재마스터!$G64&" "&원자재마스터!$A64))),IF($E$3="",TRUE(),ISNUMBER(SEARCH($E$3,원자재마스터!$C64))))) -> FALSE | M67: =IF($L67=FALSE(),"",COUNTIF($L$6:$L67,TRUE())) | N67: =IF($M67="","","R"&$M67)
A68: ※ 60건까지 표시됩니다. 검색어를 더 구체적으로 넣으세요. | L68: =IF(원자재마스터!$A65="",FALSE(),AND(IF($B$3="",TRUE(),ISNUMBER(SEARCH($B$3,원자재마스터!$B65&" "&원자재마스터!$C65&" "&원자재마스터!$G65&" "&원자재마스터!$A65))),IF($E$3="",TRUE(),ISNUMBER(SEARCH($E$3,원자재마스터!$C65))))) -> FALSE | M68: =IF($L68=FALSE(),"",COUNTIF($L$6:$L68,TRUE())) | N68: =IF($M68="","","R"&$M68)
L69: =IF(원자재마스터!$A66="",FALSE(),AND(IF($B$3="",TRUE(),ISNUMBER(SEARCH($B$3,원자재마스터!$B66&" "&원자재마스터!$C66&" "&원자재마스터!$G66&" "&원자재마스터!$A66))),IF($E$3="",TRUE(),ISNUMBER(SEARCH($E$3,원자재마스터!$C66))))) -> FALSE | M69: =IF($L69=FALSE(),"",COUNTIF($L$6:$L69,TRUE())) | N69: =IF($M69="","","R"&$M69)
L70: =IF(원자재마스터!$A67="",FALSE(),AND(IF($B$3="",TRUE(),ISNUMBER(SEARCH($B$3,원자재마스터!$B67&" "&원자재마스터!$C67&" "&원자재마스터!$G67&" "&원자재마스터!$A67))),IF($E$3="",TRUE(),ISNUMBER(SEARCH($E$3,원자재마스터!$C67))))) -> FALSE | M70: =IF($L70=FALSE(),"",COUNTIF($L$6:$L70,TRUE())) | N70: =IF($M70="","","R"&$M70)
L71: =IF(원자재마스터!$A68="",FALSE(),AND(IF($B$3="",TRUE(),ISNUMBER(SEARCH($B$3,원자재마스터!$B68&" "&원자재마스터!$C68&" "&원자재마스터!$G68&" "&원자재마스터!$A68))),IF($E$3="",TRUE(),ISNUMBER(SEARCH($E$3,원자재마스터!$C68))))) -> FALSE | M71: =IF($L71=FALSE(),"",COUNTIF($L$6:$L71,TRUE())) | N71: =IF($M71="","","R"&$M71)
L72: =IF(원자재마스터!$A69="",FALSE(),AND(IF($B$3="",TRUE(),ISNUMBER(SEARCH($B$3,원자재마스터!$B69&" "&원자재마스터!$C69&" "&원자재마스터!$G69&" "&원자재마스터!$A69))),IF($E$3="",TRUE(),ISNUMBER(SEARCH($E$3,원자재마스터!$C69))))) -> FALSE | M72: =IF($L72=FALSE(),"",COUNTIF($L$6:$L72,TRUE())) | N72: =IF($M72="","","R"&$M72)
L73: =IF(원자재마스터!$A70="",FALSE(),AND(IF($B$3="",TRUE(),ISNUMBER(SEARCH($B$3,원자재마스터!$B70&" "&원자재마스터!$C70&" "&원자재마스터!$G70&" "&원자재마스터!$A70))),IF($E$3="",TRUE(),ISNUMBER(SEARCH($E$3,원자재마스터!$C70))))) -> FALSE | M73: =IF($L73=FALSE(),"",COUNTIF($L$6:$L73,TRUE())) | N73: =IF($M73="","","R"&$M73)
L74: =IF(원자재마스터!$A71="",FALSE(),AND(IF($B$3="",TRUE(),ISNUMBER(SEARCH($B$3,원자재마스터!$B71&" "&원자재마스터!$C71&" "&원자재마스터!$G71&" "&원자재마스터!$A71))),IF($E$3="",TRUE(),ISNUMBER(SEARCH($E$3,원자재마스터!$C71))))) -> FALSE | M74: =IF($L74=FALSE(),"",COUNTIF($L$6:$L74,TRUE())) | N74: =IF($M74="","","R"&$M74)
L75: =IF(원자재마스터!$A72="",FALSE(),AND(IF($B$3="",TRUE(),ISNUMBER(SEARCH($B$3,원자재마스터!$B72&" "&원자재마스터!$C72&" "&원자재마스터!$G72&" "&원자재마스터!$A72))),IF($E$3="",TRUE(),ISNUMBER(SEARCH($E$3,원자재마스터!$C72))))) -> FALSE | M75: =IF($L75=FALSE(),"",COUNTIF($L$6:$L75,TRUE())) | N75: =IF($M75="","","R"&$M75)
L76: =IF(원자재마스터!$A73="",FALSE(),AND(IF($B$3="",TRUE(),ISNUMBER(SEARCH($B$3,원자재마스터!$B73&" "&원자재마스터!$C73&" "&원자재마스터!$G73&" "&원자재마스터!$A73))),IF($E$3="",TRUE(),ISNUMBER(SEARCH($E$3,원자재마스터!$C73))))) -> FALSE | M76: =IF($L76=FALSE(),"",COUNTIF($L$6:$L76,TRUE())) | N76: =IF($M76="","","R"&$M76)
L77: =IF(원자재마스터!$A74="",FALSE(),AND(IF($B$3="",TRUE(),ISNUMBER(SEARCH($B$3,원자재마스터!$B74&" "&원자재마스터!$C74&" "&원자재마스터!$G74&" "&원자재마스터!$A74))),IF($E$3="",TRUE(),ISNUMBER(SEARCH($E$3,원자재마스터!$C74))))) -> FALSE | M77: =IF($L77=FALSE(),"",COUNTIF($L$6:$L77,TRUE())) | N77: =IF($M77="","","R"&$M77)
L78: =IF(원자재마스터!$A75="",FALSE(),AND(IF($B$3="",TRUE(),ISNUMBER(SEARCH($B$3,원자재마스터!$B75&" "&원자재마스터!$C75&" "&원자재마스터!$G75&" "&원자재마스터!$A75))),IF($E$3="",TRUE(),ISNUMBER(SEARCH($E$3,원자재마스터!$C75))))) -> FALSE | M78: =IF($L78=FALSE(),"",COUNTIF($L$6:$L78,TRUE())) | N78: =IF($M78="","","R"&$M78)
L79: =IF(원자재마스터!$A76="",FALSE(),AND(IF($B$3="",TRUE(),ISNUMBER(SEARCH($B$3,원자재마스터!$B76&" "&원자재마스터!$C76&" "&원자재마스터!$G76&" "&원자재마스터!$A76))),IF($E$3="",TRUE(),ISNUMBER(SEARCH($E$3,원자재마스터!$C76))))) -> FALSE | M79: =IF($L79=FALSE(),"",COUNTIF($L$6:$L79,TRUE())) | N79: =IF($M79="","","R"&$M79)
L80: =IF(원자재마스터!$A77="",FALSE(),AND(IF($B$3="",TRUE(),ISNUMBER(SEARCH($B$3,원자재마스터!$B77&" "&원자재마스터!$C77&" "&원자재마스터!$G77&" "&원자재마스터!$A77))),IF($E$3="",TRUE(),ISNUMBER(SEARCH($E$3,원자재마스터!$C77))))) -> FALSE | M80: =IF($L80=FALSE(),"",COUNTIF($L$6:$L80,TRUE())) | N80: =IF($M80="","","R"&$M80)
... L505: =IF(원자재마스터!$A502="",FALSE(),AND(IF($B$3="",TRUE(),ISNUMBER(SEARCH($B$3,원자재마스터!$B502&" "&원자재마스터!$C502&" "&원자재마스터!$G502&" "&원자재마스터!$A502))),IF($E$3="",TRUE(),ISNUMBER(SEARCH($E$3,원자재마스터!$C502))))) -> FALSE | M505: =IF($L505=FALSE(),"",COUNTIF($L$6:$L505,TRUE())) | N505: =IF($M505="","","R"&$M505)

Sheet 규격비교
A1: 규격비교 (최대 6개를 나란히 비교)
A3: 품번 선택 → | B3: R001 | C3: R002 | D3: R003
A5: 품명 | B5: =IF($B$3="","",IFERROR(INDEX(원자재마스터!$B$3:$B$502,MATCH($B$3,원자재마스터!$A$3:$A$502,0)),"")) -> 열연강판 | C5: =IF($C$3="","",IFERROR(INDEX(원자재마스터!$B$3:$B$502,MATCH($C$3,원자재마스터!$A$3:$A$502,0)),"")) -> 열연강판 | D5: =IF($D$3="","",IFERROR(INDEX(원자재마스터!$B$3:$B$502,MATCH($D$3,원자재마스터!$A$3:$A$502,0)),"")) -> 알루미늄판 | E5: =IF($E$3="","",IFERROR(INDEX(원자재마스터!$B$3:$B$502,MATCH($E$3,원자재마스터!$A$3:$A$502,0)),"")) | F5: =IF($F$3="","",IFERROR(INDEX(원자재마스터!$B$3:$B$502,MATCH($F$3,원자재마스터!$A$3:$A$502,0)),"")) | G5: =IF($G$3="","",IFERROR(INDEX(원자재마스터!$B$3:$B$502,MATCH($G$3,원자재마스터!$A$3:$A$502,0)),""))
A6: 재질 | B6: =IF($B$3="","",IFERROR(INDEX(원자재마스터!$C$3:$C$502,MATCH($B$3,원자재마스터!$A$3:$A$502,0)),"")) -> SS400 | C6: =IF($C$3="","",IFERROR(INDEX(원자재마스터!$C$3:$C$502,MATCH($C$3,원자재마스터!$A$3:$A$502,0)),"")) -> SS400 | D6: =IF($D$3="","",IFERROR(INDEX(원자재마스터!$C$3:$C$502,MATCH($D$3,원자재마스터!$A$3:$A$502,0)),"")) -> A5052 | E6: =IF($E$3="","",IFERROR(INDEX(원자재마스터!$C$3:$C$502,MATCH($E$3,원자재마스터!$A$3:$A$502,0)),"")) | F6: =IF($F$3="","",IFERROR(INDEX(원자재마스터!$C$3:$C$502,MATCH($F$3,원자재마스터!$A$3:$A$502,0)),"")) | G6: =IF($G$3="","",IFERROR(INDEX(원자재마스터!$C$3:$C$502,MATCH($G$3,원자재마스터!$A$3:$A$502,0)),""))
A7: 규격 | B7: =IF($B$3="","",IFERROR(INDEX(원자재마스터!$G$3:$G$502,MATCH($B$3,원자재마스터!$A$3:$A$502,0)),"")) -> 1000 × 500 × 3.2t | C7: =IF($C$3="","",IFERROR(INDEX(원자재마스터!$G$3:$G$502,MATCH($C$3,원자재마스터!$A$3:$A$502,0)),"")) -> 1200 × 600 × 4.5t | D7: =IF($D$3="","",IFERROR(INDEX(원자재마스터!$G$3:$G$502,MATCH($D$3,원자재마스터!$A$3:$A$502,0)),"")) -> 1000 × 500 × 2t | E7: =IF($E$3="","",IFERROR(INDEX(원자재마스터!$G$3:$G$502,MATCH($E$3,원자재마스터!$A$3:$A$502,0)),"")) | F7: =IF($F$3="","",IFERROR(INDEX(원자재마스터!$G$3:$G$502,MATCH($F$3,원자재마스터!$A$3:$A$502,0)),"")) | G7: =IF($G$3="","",IFERROR(INDEX(원자재마스터!$G$3:$G$502,MATCH($G$3,원자재마스터!$A$3:$A$502,0)),""))
A8: 길이(mm) | B8: =IF($B$3="","",IFERROR(INDEX(원자재마스터!$D$3:$D$502,MATCH($B$3,원자재마스터!$A$3:$A$502,0)),"")) -> 1000 | C8: =IF($C$3="","",IFERROR(INDEX(원자재마스터!$D$3:$D$502,MATCH($C$3,원자재마스터!$A$3:$A$502,0)),"")) -> 1200 | D8: =IF($D$3="","",IFERROR(INDEX(원자재마스터!$D$3:$D$502,MATCH($D$3,원자재마스터!$A$3:$A$502,0)),"")) -> 1000 | E8: =IF($E$3="","",IFERROR(INDEX(원자재마스터!$D$3:$D$502,MATCH($E$3,원자재마스터!$A$3:$A$502,0)),"")) | F8: =IF($F$3="","",IFERROR(INDEX(원자재마스터!$D$3:$D$502,MATCH($F$3,원자재마스터!$A$3:$A$502,0)),"")) | G8: =IF($G$3="","",IFERROR(INDEX(원자재마스터!$D$3:$D$502,MATCH($G$3,원자재마스터!$A$3:$A$502,0)),""))
A9: 폭(mm) | B9: =IF($B$3="","",IFERROR(INDEX(원자재마스터!$E$3:$E$502,MATCH($B$3,원자재마스터!$A$3:$A$502,0)),"")) -> 500 | C9: =IF($C$3="","",IFERROR(INDEX(원자재마스터!$E$3:$E$502,MATCH($C$3,원자재마스터!$A$3:$A$502,0)),"")) -> 600 | D9: =IF($D$3="","",IFERROR(INDEX(원자재마스터!$E$3:$E$502,MATCH($D$3,원자재마스터!$A$3:$A$502,0)),"")) -> 500 | E9: =IF($E$3="","",IFERROR(INDEX(원자재마스터!$E$3:$E$502,MATCH($E$3,원자재마스터!$A$3:$A$502,0)),"")) | F9: =IF($F$3="","",IFERROR(INDEX(원자재마스터!$E$3:$E$502,MATCH($F$3,원자재마스터!$A$3:$A$502,0)),"")) | G9: =IF($G$3="","",IFERROR(INDEX(원자재마스터!$E$3:$E$502,MATCH($G$3,원자재마스터!$A$3:$A$502,0)),""))
A10: 두께(mm) | B10: =IF($B$3="","",IFERROR(INDEX(원자재마스터!$F$3:$F$502,MATCH($B$3,원자재마스터!$A$3:$A$502,0)),"")) -> 3.2 | C10: =IF($C$3="","",IFERROR(INDEX(원자재마스터!$F$3:$F$502,MATCH($C$3,원자재마스터!$A$3:$A$502,0)),"")) -> 4.5 | D10: =IF($D$3="","",IFERROR(INDEX(원자재마스터!$F$3:$F$502,MATCH($D$3,원자재마스터!$A$3:$A$502,0)),"")) -> 2 | E10: =IF($E$3="","",IFERROR(INDEX(원자재마스터!$F$3:$F$502,MATCH($E$3,원자재마스터!$A$3:$A$502,0)),"")) | F10: =IF($F$3="","",IFERROR(INDEX(원자재마스터!$F$3:$F$502,MATCH($F$3,원자재마스터!$A$3:$A$502,0)),"")) | G10: =IF($G$3="","",IFERROR(INDEX(원자재마스터!$F$3:$F$502,MATCH($G$3,원자재마스터!$A$3:$A$502,0)),""))
A11: 장당중량kg | B11: =IF($B$3="","",IFERROR(INDEX(원자재마스터!$I$3:$I$502,MATCH($B$3,원자재마스터!$A$3:$A$502,0)),"")) -> 12.56 | C11: =IF($C$3="","",IFERROR(INDEX(원자재마스터!$I$3:$I$502,MATCH($C$3,원자재마스터!$A$3:$A$502,0)),"")) -> 25.43 | D11: =IF($D$3="","",IFERROR(INDEX(원자재마스터!$I$3:$I$502,MATCH($D$3,원자재마스터!$A$3:$A$502,0)),"")) -> 2.7 | E11: =IF($E$3="","",IFERROR(INDEX(원자재마스터!$I$3:$I$502,MATCH($E$3,원자재마스터!$A$3:$A$502,0)),"")) | F11: =IF($F$3="","",IFERROR(INDEX(원자재마스터!$I$3:$I$502,MATCH($F$3,원자재마스터!$A$3:$A$502,0)),"")) | G11: =IF($G$3="","",IFERROR(INDEX(원자재마스터!$I$3:$I$502,MATCH($G$3,원자재마스터!$A$3:$A$502,0)),""))
A12: 단위 | B12: =IF($B$3="","",IFERROR(INDEX(원자재마스터!$J$3:$J$502,MATCH($B$3,원자재마스터!$A$3:$A$502,0)),"")) -> EA | C12: =IF($C$3="","",IFERROR(INDEX(원자재마스터!$J$3:$J$502,MATCH($C$3,원자재마스터!$A$3:$A$502,0)),"")) -> EA | D12: =IF($D$3="","",IFERROR(INDEX(원자재마스터!$J$3:$J$502,MATCH($D$3,원자재마스터!$A$3:$A$502,0)),"")) -> EA | E12: =IF($E$3="","",IFERROR(INDEX(원자재마스터!$J$3:$J$502,MATCH($E$3,원자재마스터!$A$3:$A$502,0)),"")) | F12: =IF($F$3="","",IFERROR(INDEX(원자재마스터!$J$3:$J$502,MATCH($F$3,원자재마스터!$A$3:$A$502,0)),"")) | G12: =IF($G$3="","",IFERROR(INDEX(원자재마스터!$J$3:$J$502,MATCH($G$3,원자재마스터!$A$3:$A$502,0)),""))
A13: 표준단가 | B13: =IF($B$3="","",IFERROR(INDEX(원자재마스터!$K$3:$K$502,MATCH($B$3,원자재마스터!$A$3:$A$502,0)),"")) -> 18500 | C13: =IF($C$3="","",IFERROR(INDEX(원자재마스터!$K$3:$K$502,MATCH($C$3,원자재마스터!$A$3:$A$502,0)),"")) -> 34200 | D13: =IF($D$3="","",IFERROR(INDEX(원자재마스터!$K$3:$K$502,MATCH($D$3,원자재마스터!$A$3:$A$502,0)),"")) -> 26000 | E13: =IF($E$3="","",IFERROR(INDEX(원자재마스터!$K$3:$K$502,MATCH($E$3,원자재마스터!$A$3:$A$502,0)),"")) | F13: =IF($F$3="","",IFERROR(INDEX(원자재마스터!$K$3:$K$502,MATCH($F$3,원자재마스터!$A$3:$A$502,0)),"")) | G13: =IF($G$3="","",IFERROR(INDEX(원자재마스터!$K$3:$K$502,MATCH($G$3,원자재마스터!$A$3:$A$502,0)),""))
A14: 주거래처 | B14: =IF($B$3="","",IFERROR(INDEX(원자재마스터!$L$3:$L$502,MATCH($B$3,원자재마스터!$A$3:$A$502,0)),"")) -> ○○철강 | C14: =IF($C$3="","",IFERROR(INDEX(원자재마스터!$L$3:$L$502,MATCH($C$3,원자재마스터!$A$3:$A$502,0)),"")) -> ○○철강 | D14: =IF($D$3="","",IFERROR(INDEX(원자재마스터!$L$3:$L$502,MATCH($D$3,원자재마스터!$A$3:$A$502,0)),"")) -> △△금속 | E14: =IF($E$3="","",IFERROR(INDEX(원자재마스터!$L$3:$L$502,MATCH($E$3,원자재마스터!$A$3:$A$502,0)),"")) | F14: =IF($F$3="","",IFERROR(INDEX(원자재마스터!$L$3:$L$502,MATCH($F$3,원자재마스터!$A$3:$A$502,0)),"")) | G14: =IF($G$3="","",IFERROR(INDEX(원자재마스터!$L$3:$L$502,MATCH($G$3,원자재마스터!$A$3:$A$502,0)),""))
A16: kg당 단가 | B16: =IF(OR($B$3="",B11="",B11=0),"",ROUND(B13/B11,0)) -> 1473 | C16: =IF(OR($C$3="",C11="",C11=0),"",ROUND(C13/C11,0)) -> 1345 | D16: =IF(OR($D$3="",D11="",D11=0),"",ROUND(D13/D11,0)) -> 9630 | E16: =IF(OR($E$3="",E11="",E11=0),"",ROUND(E13/E11,0)) | F16: =IF(OR($F$3="",F11="",F11=0),"",ROUND(F13/F11,0)) | G16: =IF(OR($G$3="",G11="",G11=0),"",ROUND(G13/G11,0))
A18: ※ kg당 단가 = 표준단가 ÷ 장당중량. 어느 쪽이 싼지 비교할 때 씁니다.

Sheet 거래처별목록
A1: 거래처별목록
A3: 거래처 | B3: ○○철강 | D3: 품목 수 | E3: =COUNTIF($J$6:$J$505,TRUE()) -> 2 | F3: ← 거래처명을 정확히 넣으세요
A5: 순번 | B5: 품번 | C5: 품명 | D5: 재질 | E5: 규격 | F5: 단위 | G5: 표준단가
A6: =IF($B6="","",1) -> 1 | B6: =IFERROR(INDEX(원자재마스터!$A$3:$A$502,MATCH("R"&1,거래처별목록!$L$6:$L$505,0)),"") -> R001 | C6: =IF($B6="","",IFERROR(INDEX(원자재마스터!$B$3:$B$502,MATCH("R"&1,거래처별목록!$L$6:$L$505,0)),"")) -> 열연강판 | D6: =IF($B6="","",IFERROR(INDEX(원자재마스터!$C$3:$C$502,MATCH("R"&1,거래처별목록!$L$6:$L$505,0)),"")) -> SS400 | E6: =IF($B6="","",IFERROR(INDEX(원자재마스터!$G$3:$G$502,MATCH("R"&1,거래처별목록!$L$6:$L$505,0)),"")) -> 1000 × 500 × 3.2t | F6: =IF($B6="","",IFERROR(INDEX(원자재마스터!$J$3:$J$502,MATCH("R"&1,거래처별목록!$L$6:$L$505,0)),"")) -> EA | G6: =IF($B6="","",IFERROR(INDEX(원자재마스터!$K$3:$K$502,MATCH("R"&1,거래처별목록!$L$6:$L$505,0)),"")) -> 18500 | J6: =IF(원자재마스터!$A3="",FALSE(),원자재마스터!$L3=$B$3) -> TRUE | K6: =IF($J6=FALSE(),"",COUNTIF($J$6:$J6,TRUE())) -> 1 | L6: =IF($K6="","","R"&$K6) -> R1
A7: =IF($B7="","",2) -> 2 | B7: =IFERROR(INDEX(원자재마스터!$A$3:$A$502,MATCH("R"&2,거래처별목록!$L$6:$L$505,0)),"") -> R002 | C7: =IF($B7="","",IFERROR(INDEX(원자재마스터!$B$3:$B$502,MATCH("R"&2,거래처별목록!$L$6:$L$505,0)),"")) -> 열연강판 | D7: =IF($B7="","",IFERROR(INDEX(원자재마스터!$C$3:$C$502,MATCH("R"&2,거래처별목록!$L$6:$L$505,0)),"")) -> SS400 | E7: =IF($B7="","",IFERROR(INDEX(원자재마스터!$G$3:$G$502,MATCH("R"&2,거래처별목록!$L$6:$L$505,0)),"")) -> 1200 × 600 × 4.5t | F7: =IF($B7="","",IFERROR(INDEX(원자재마스터!$J$3:$J$502,MATCH("R"&2,거래처별목록!$L$6:$L$505,0)),"")) -> EA | G7: =IF($B7="","",IFERROR(INDEX(원자재마스터!$K$3:$K$502,MATCH("R"&2,거래처별목록!$L$6:$L$505,0)),"")) -> 34200 | J7: =IF(원자재마스터!$A4="",FALSE(),원자재마스터!$L4=$B$3) -> TRUE | K7: =IF($J7=FALSE(),"",COUNTIF($J$6:$J7,TRUE())) -> 2 | L7: =IF($K7="","","R"&$K7) -> R2
A8: =IF($B8="","",3) | B8: =IFERROR(INDEX(원자재마스터!$A$3:$A$502,MATCH("R"&3,거래처별목록!$L$6:$L$505,0)),"") | C8: =IF($B8="","",IFERROR(INDEX(원자재마스터!$B$3:$B$502,MATCH("R"&3,거래처별목록!$L$6:$L$505,0)),"")) | D8: =IF($B8="","",IFERROR(INDEX(원자재마스터!$C$3:$C$502,MATCH("R"&3,거래처별목록!$L$6:$L$505,0)),"")) | E8: =IF($B8="","",IFERROR(INDEX(원자재마스터!$G$3:$G$502,MATCH("R"&3,거래처별목록!$L$6:$L$505,0)),"")) | F8: =IF($B8="","",IFERROR(INDEX(원자재마스터!$J$3:$J$502,MATCH("R"&3,거래처별목록!$L$6:$L$505,0)),"")) | G8: =IF($B8="","",IFERROR(INDEX(원자재마스터!$K$3:$K$502,MATCH("R"&3,거래처별목록!$L$6:$L$505,0)),"")) | J8: =IF(원자재마스터!$A5="",FALSE(),원자재마스터!$L5=$B$3) -> FALSE | K8: =IF($J8=FALSE(),"",COUNTIF($J$6:$J8,TRUE())) | L8: =IF($K8="","","R"&$K8)
A9: =IF($B9="","",4) | B9: =IFERROR(INDEX(원자재마스터!$A$3:$A$502,MATCH("R"&4,거래처별목록!$L$6:$L$505,0)),"") | C9: =IF($B9="","",IFERROR(INDEX(원자재마스터!$B$3:$B$502,MATCH("R"&4,거래처별목록!$L$6:$L$505,0)),"")) | D9: =IF($B9="","",IFERROR(INDEX(원자재마스터!$C$3:$C$502,MATCH("R"&4,거래처별목록!$L$6:$L$505,0)),"")) | E9: =IF($B9="","",IFERROR(INDEX(원자재마스터!$G$3:$G$502,MATCH("R"&4,거래처별목록!$L$6:$L$505,0)),"")) | F9: =IF($B9="","",IFERROR(INDEX(원자재마스터!$J$3:$J$502,MATCH("R"&4,거래처별목록!$L$6:$L$505,0)),"")) | G9: =IF($B9="","",IFERROR(INDEX(원자재마스터!$K$3:$K$502,MATCH("R"&4,거래처별목록!$L$6:$L$505,0)),"")) | J9: =IF(원자재마스터!$A6="",FALSE(),원자재마스터!$L6=$B$3) -> FALSE | K9: =IF($J9=FALSE(),"",COUNTIF($J$6:$J9,TRUE())) | L9: =IF($K9="","","R"&$K9)
A10: =IF($B10="","",5) | B10: =IFERROR(INDEX(원자재마스터!$A$3:$A$502,MATCH("R"&5,거래처별목록!$L$6:$L$505,0)),"") | C10: =IF($B10="","",IFERROR(INDEX(원자재마스터!$B$3:$B$502,MATCH("R"&5,거래처별목록!$L$6:$L$505,0)),"")) | D10: =IF($B10="","",IFERROR(INDEX(원자재마스터!$C$3:$C$502,MATCH("R"&5,거래처별목록!$L$6:$L$505,0)),"")) | E10: =IF($B10="","",IFERROR(INDEX(원자재마스터!$G$3:$G$502,MATCH("R"&5,거래처별목록!$L$6:$L$505,0)),"")) | F10: =IF($B10="","",IFERROR(INDEX(원자재마스터!$J$3:$J$502,MATCH("R"&5,거래처별목록!$L$6:$L$505,0)),"")) | G10: =IF($B10="","",IFERROR(INDEX(원자재마스터!$K$3:$K$502,MATCH("R"&5,거래처별목록!$L$6:$L$505,0)),"")) | J10: =IF(원자재마스터!$A7="",FALSE(),원자재마스터!$L7=$B$3) -> FALSE | K10: =IF($J10=FALSE(),"",COUNTIF($J$6:$J10,TRUE())) | L10: =IF($K10="","","R"&$K10)
A11: =IF($B11="","",6) | B11: =IFERROR(INDEX(원자재마스터!$A$3:$A$502,MATCH("R"&6,거래처별목록!$L$6:$L$505,0)),"") | C11: =IF($B11="","",IFERROR(INDEX(원자재마스터!$B$3:$B$502,MATCH("R"&6,거래처별목록!$L$6:$L$505,0)),"")) | D11: =IF($B11="","",IFERROR(INDEX(원자재마스터!$C$3:$C$502,MATCH("R"&6,거래처별목록!$L$6:$L$505,0)),"")) | E11: =IF($B11="","",IFERROR(INDEX(원자재마스터!$G$3:$G$502,MATCH("R"&6,거래처별목록!$L$6:$L$505,0)),"")) | F11: =IF($B11="","",IFERROR(INDEX(원자재마스터!$J$3:$J$502,MATCH("R"&6,거래처별목록!$L$6:$L$505,0)),"")) | G11: =IF($B11="","",IFERROR(INDEX(원자재마스터!$K$3:$K$502,MATCH("R"&6,거래처별목록!$L$6:$L$505,0)),"")) | J11: =IF(원자재마스터!$A8="",FALSE(),원자재마스터!$L8=$B$3) -> FALSE | K11: =IF($J11=FALSE(),"",COUNTIF($J$6:$J11,TRUE())) | L11: =IF($K11="","","R"&$K11)
A12: =IF($B12="","",7) | B12: =IFERROR(INDEX(원자재마스터!$A$3:$A$502,MATCH("R"&7,거래처별목록!$L$6:$L$505,0)),"") | C12: =IF($B12="","",IFERROR(INDEX(원자재마스터!$B$3:$B$502,MATCH("R"&7,거래처별목록!$L$6:$L$505,0)),"")) | D12: =IF($B12="","",IFERROR(INDEX(원자재마스터!$C$3:$C$502,MATCH("R"&7,거래처별목록!$L$6:$L$505,0)),"")) | E12: =IF($B12="","",IFERROR(INDEX(원자재마스터!$G$3:$G$502,MATCH("R"&7,거래처별목록!$L$6:$L$505,0)),"")) | F12: =IF($B12="","",IFERROR(INDEX(원자재마스터!$J$3:$J$502,MATCH("R"&7,거래처별목록!$L$6:$L$505,0)),"")) | G12: =IF($B12="","",IFERROR(INDEX(원자재마스터!$K$3:$K$502,MATCH("R"&7,거래처별목록!$L$6:$L$505,0)),"")) | J12: =IF(원자재마스터!$A9="",FALSE(),원자재마스터!$L9=$B$3) -> FALSE | K12: =IF($J12=FALSE(),"",COUNTIF($J$6:$J12,TRUE())) | L12: =IF($K12="","","R"&$K12)
A13: =IF($B13="","",8) | B13: =IFERROR(INDEX(원자재마스터!$A$3:$A$502,MATCH("R"&8,거래처별목록!$L$6:$L$505,0)),"") | C13: =IF($B13="","",IFERROR(INDEX(원자재마스터!$B$3:$B$502,MATCH("R"&8,거래처별목록!$L$6:$L$505,0)),"")) | D13: =IF($B13="","",IFERROR(INDEX(원자재마스터!$C$3:$C$502,MATCH("R"&8,거래처별목록!$L$6:$L$505,0)),"")) | E13: =IF($B13="","",IFERROR(INDEX(원자재마스터!$G$3:$G$502,MATCH("R"&8,거래처별목록!$L$6:$L$505,0)),"")) | F13: =IF($B13="","",IFERROR(INDEX(원자재마스터!$J$3:$J$502,MATCH("R"&8,거래처별목록!$L$6:$L$505,0)),"")) | G13: =IF($B13="","",IFERROR(INDEX(원자재마스터!$K$3:$K$502,MATCH("R"&8,거래처별목록!$L$6:$L$505,0)),"")) | J13: =IF(원자재마스터!$A10="",FALSE(),원자재마스터!$L10=$B$3) -> FALSE | K13: =IF($J13=FALSE(),"",COUNTIF($J$6:$J13,TRUE())) | L13: =IF($K13="","","R"&$K13)
A14: =IF($B14="","",9) | B14: =IFERROR(INDEX(원자재마스터!$A$3:$A$502,MATCH("R"&9,거래처별목록!$L$6:$L$505,0)),"") | C14: =IF($B14="","",IFERROR(INDEX(원자재마스터!$B$3:$B$502,MATCH("R"&9,거래처별목록!$L$6:$L$505,0)),"")) | D14: =IF($B14="","",IFERROR(INDEX(원자재마스터!$C$3:$C$502,MATCH("R"&9,거래처별목록!$L$6:$L$505,0)),"")) | E14: =IF($B14="","",IFERROR(INDEX(원자재마스터!$G$3:$G$502,MATCH("R"&9,거래처별목록!$L$6:$L$505,0)),"")) | F14: =IF($B14="","",IFERROR(INDEX(원자재마스터!$J$3:$J$502,MATCH("R"&9,거래처별목록!$L$6:$L$505,0)),"")) | G14: =IF($B14="","",IFERROR(INDEX(원자재마스터!$K$3:$K$502,MATCH("R"&9,거래처별목록!$L$6:$L$505,0)),"")) | J14: =IF(원자재마스터!$A11="",FALSE(),원자재마스터!$L11=$B$3) -> FALSE | K14: =IF($J14=FALSE(),"",COUNTIF($J$6:$J14,TRUE())) | L14: =IF($K14="","","R"&$K14)
A15: =IF($B15="","",10) | B15: =IFERROR(INDEX(원자재마스터!$A$3:$A$502,MATCH("R"&10,거래처별목록!$L$6:$L$505,0)),"") | C15: =IF($B15="","",IFERROR(INDEX(원자재마스터!$B$3:$B$502,MATCH("R"&10,거래처별목록!$L$6:$L$505,0)),"")) | D15: =IF($B15="","",IFERROR(INDEX(원자재마스터!$C$3:$C$502,MATCH("R"&10,거래처별목록!$L$6:$L$505,0)),"")) | E15: =IF($B15="","",IFERROR(INDEX(원자재마스터!$G$3:$G$502,MATCH("R"&10,거래처별목록!$L$6:$L$505,0)),"")) | F15: =IF($B15="","",IFERROR(INDEX(원자재마스터!$J$3:$J$502,MATCH("R"&10,거래처별목록!$L$6:$L$505,0)),"")) | G15: =IF($B15="","",IFERROR(INDEX(원자재마스터!$K$3:$K$502,MATCH("R"&10,거래처별목록!$L$6:$L$505,0)),"")) | J15: =IF(원자재마스터!$A12="",FALSE(),원자재마스터!$L12=$B$3) -> FALSE | K15: =IF($J15=FALSE(),"",COUNTIF($J$6:$J15,TRUE())) | L15: =IF($K15="","","R"&$K15)
A16: =IF($B16="","",11) | B16: =IFERROR(INDEX(원자재마스터!$A$3:$A$502,MATCH("R"&11,거래처별목록!$L$6:$L$505,0)),"") | C16: =IF($B16="","",IFERROR(INDEX(원자재마스터!$B$3:$B$502,MATCH("R"&11,거래처별목록!$L$6:$L$505,0)),"")) | D16: =IF($B16="","",IFERROR(INDEX(원자재마스터!$C$3:$C$502,MATCH("R"&11,거래처별목록!$L$6:$L$505,0)),"")) | E16: =IF($B16="","",IFERROR(INDEX(원자재마스터!$G$3:$G$502,MATCH("R"&11,거래처별목록!$L$6:$L$505,0)),"")) | F16: =IF($B16="","",IFERROR(INDEX(원자재마스터!$J$3:$J$502,MATCH("R"&11,거래처별목록!$L$6:$L$505,0)),"")) | G16: =IF($B16="","",IFERROR(INDEX(원자재마스터!$K$3:$K$502,MATCH("R"&11,거래처별목록!$L$6:$L$505,0)),"")) | J16: =IF(원자재마스터!$A13="",FALSE(),원자재마스터!$L13=$B$3) -> FALSE | K16: =IF($J16=FALSE(),"",COUNTIF($J$6:$J16,TRUE())) | L16: =IF($K16="","","R"&$K16)
A17: =IF($B17="","",12) | B17: =IFERROR(INDEX(원자재마스터!$A$3:$A$502,MATCH("R"&12,거래처별목록!$L$6:$L$505,0)),"") | C17: =IF($B17="","",IFERROR(INDEX(원자재마스터!$B$3:$B$502,MATCH("R"&12,거래처별목록!$L$6:$L$505,0)),"")) | D17: =IF($B17="","",IFERROR(INDEX(원자재마스터!$C$3:$C$502,MATCH("R"&12,거래처별목록!$L$6:$L$505,0)),"")) | E17: =IF($B17="","",IFERROR(INDEX(원자재마스터!$G$3:$G$502,MATCH("R"&12,거래처별목록!$L$6:$L$505,0)),"")) | F17: =IF($B17="","",IFERROR(INDEX(원자재마스터!$J$3:$J$502,MATCH("R"&12,거래처별목록!$L$6:$L$505,0)),"")) | G17: =IF($B17="","",IFERROR(INDEX(원자재마스터!$K$3:$K$502,MATCH("R"&12,거래처별목록!$L$6:$L$505,0)),"")) | J17: =IF(원자재마스터!$A14="",FALSE(),원자재마스터!$L14=$B$3) -> FALSE | K17: =IF($J17=FALSE(),"",COUNTIF($J$6:$J17,TRUE())) | L17: =IF($K17="","","R"&$K17)
A18: =IF($B18="","",13) | B18: =IFERROR(INDEX(원자재마스터!$A$3:$A$502,MATCH("R"&13,거래처별목록!$L$6:$L$505,0)),"") | C18: =IF($B18="","",IFERROR(INDEX(원자재마스터!$B$3:$B$502,MATCH("R"&13,거래처별목록!$L$6:$L$505,0)),"")) | D18: =IF($B18="","",IFERROR(INDEX(원자재마스터!$C$3:$C$502,MATCH("R"&13,거래처별목록!$L$6:$L$505,0)),"")) | E18: =IF($B18="","",IFERROR(INDEX(원자재마스터!$G$3:$G$502,MATCH("R"&13,거래처별목록!$L$6:$L$505,0)),"")) | F18: =IF($B18="","",IFERROR(INDEX(원자재마스터!$J$3:$J$502,MATCH("R"&13,거래처별목록!$L$6:$L$505,0)),"")) | G18: =IF($B18="","",IFERROR(INDEX(원자재마스터!$K$3:$K$502,MATCH("R"&13,거래처별목록!$L$6:$L$505,0)),"")) | J18: =IF(원자재마스터!$A15="",FALSE(),원자재마스터!$L15=$B$3) -> FALSE | K18: =IF($J18=FALSE(),"",COUNTIF($J$6:$J18,TRUE())) | L18: =IF($K18="","","R"&$K18)
A19: =IF($B19="","",14) | B19: =IFERROR(INDEX(원자재마스터!$A$3:$A$502,MATCH("R"&14,거래처별목록!$L$6:$L$505,0)),"") | C19: =IF($B19="","",IFERROR(INDEX(원자재마스터!$B$3:$B$502,MATCH("R"&14,거래처별목록!$L$6:$L$505,0)),"")) | D19: =IF($B19="","",IFERROR(INDEX(원자재마스터!$C$3:$C$502,MATCH("R"&14,거래처별목록!$L$6:$L$505,0)),"")) | E19: =IF($B19="","",IFERROR(INDEX(원자재마스터!$G$3:$G$502,MATCH("R"&14,거래처별목록!$L$6:$L$505,0)),"")) | F19: =IF($B19="","",IFERROR(INDEX(원자재마스터!$J$3:$J$502,MATCH("R"&14,거래처별목록!$L$6:$L$505,0)),"")) | G19: =IF($B19="","",IFERROR(INDEX(원자재마스터!$K$3:$K$502,MATCH("R"&14,거래처별목록!$L$6:$L$505,0)),"")) | J19: =IF(원자재마스터!$A16="",FALSE(),원자재마스터!$L16=$B$3) -> FALSE | K19: =IF($J19=FALSE(),"",COUNTIF($J$6:$J19,TRUE())) | L19: =IF($K19="","","R"&$K19)
A20: =IF($B20="","",15) | B20: =IFERROR(INDEX(원자재마스터!$A$3:$A$502,MATCH("R"&15,거래처별목록!$L$6:$L$505,0)),"") | C20: =IF($B20="","",IFERROR(INDEX(원자재마스터!$B$3:$B$502,MATCH("R"&15,거래처별목록!$L$6:$L$505,0)),"")) | D20: =IF($B20="","",IFERROR(INDEX(원자재마스터!$C$3:$C$502,MATCH("R"&15,거래처별목록!$L$6:$L$505,0)),"")) | E20: =IF($B20="","",IFERROR(INDEX(원자재마스터!$G$3:$G$502,MATCH("R"&15,거래처별목록!$L$6:$L$505,0)),"")) | F20: =IF($B20="","",IFERROR(INDEX(원자재마스터!$J$3:$J$502,MATCH("R"&15,거래처별목록!$L$6:$L$505,0)),"")) | G20: =IF($B20="","",IFERROR(INDEX(원자재마스터!$K$3:$K$502,MATCH("R"&15,거래처별목록!$L$6:$L$505,0)),"")) | J20: =IF(원자재마스터!$A17="",FALSE(),원자재마스터!$L17=$B$3) -> FALSE | K20: =IF($J20=FALSE(),"",COUNTIF($J$6:$J20,TRUE())) | L20: =IF($K20="","","R"&$K20)
A21: =IF($B21="","",16) | B21: =IFERROR(INDEX(원자재마스터!$A$3:$A$502,MATCH("R"&16,거래처별목록!$L$6:$L$505,0)),"") | C21: =IF($B21="","",IFERROR(INDEX(원자재마스터!$B$3:$B$502,MATCH("R"&16,거래처별목록!$L$6:$L$505,0)),"")) | D21: =IF($B21="","",IFERROR(INDEX(원자재마스터!$C$3:$C$502,MATCH("R"&16,거래처별목록!$L$6:$L$505,0)),"")) | E21: =IF($B21="","",IFERROR(INDEX(원자재마스터!$G$3:$G$502,MATCH("R"&16,거래처별목록!$L$6:$L$505,0)),"")) | F21: =IF($B21="","",IFERROR(INDEX(원자재마스터!$J$3:$J$502,MATCH("R"&16,거래처별목록!$L$6:$L$505,0)),"")) | G21: =IF($B21="","",IFERROR(INDEX(원자재마스터!$K$3:$K$502,MATCH("R"&16,거래처별목록!$L$6:$L$505,0)),"")) | J21: =IF(원자재마스터!$A18="",FALSE(),원자재마스터!$L18=$B$3) -> FALSE | K21: =IF($J21=FALSE(),"",COUNTIF($J$6:$J21,TRUE())) | L21: =IF($K21="","","R"&$K21)
A22: =IF($B22="","",17) | B22: =IFERROR(INDEX(원자재마스터!$A$3:$A$502,MATCH("R"&17,거래처별목록!$L$6:$L$505,0)),"") | C22: =IF($B22="","",IFERROR(INDEX(원자재마스터!$B$3:$B$502,MATCH("R"&17,거래처별목록!$L$6:$L$505,0)),"")) | D22: =IF($B22="","",IFERROR(INDEX(원자재마스터!$C$3:$C$502,MATCH("R"&17,거래처별목록!$L$6:$L$505,0)),"")) | E22: =IF($B22="","",IFERROR(INDEX(원자재마스터!$G$3:$G$502,MATCH("R"&17,거래처별목록!$L$6:$L$505,0)),"")) | F22: =IF($B22="","",IFERROR(INDEX(원자재마스터!$J$3:$J$502,MATCH("R"&17,거래처별목록!$L$6:$L$505,0)),"")) | G22: =IF($B22="","",IFERROR(INDEX(원자재마스터!$K$3:$K$502,MATCH("R"&17,거래처별목록!$L$6:$L$505,0)),"")) | J22: =IF(원자재마스터!$A19="",FALSE(),원자재마스터!$L19=$B$3) -> FALSE | K22: =IF($J22=FALSE(),"",COUNTIF($J$6:$J22,TRUE())) | L22: =IF($K22="","","R"&$K22)
A23: =IF($B23="","",18) | B23: =IFERROR(INDEX(원자재마스터!$A$3:$A$502,MATCH("R"&18,거래처별목록!$L$6:$L$505,0)),"") | C23: =IF($B23="","",IFERROR(INDEX(원자재마스터!$B$3:$B$502,MATCH("R"&18,거래처별목록!$L$6:$L$505,0)),"")) | D23: =IF($B23="","",IFERROR(INDEX(원자재마스터!$C$3:$C$502,MATCH("R"&18,거래처별목록!$L$6:$L$505,0)),"")) | E23: =IF($B23="","",IFERROR(INDEX(원자재마스터!$G$3:$G$502,MATCH("R"&18,거래처별목록!$L$6:$L$505,0)),"")) | F23: =IF($B23="","",IFERROR(INDEX(원자재마스터!$J$3:$J$502,MATCH("R"&18,거래처별목록!$L$6:$L$505,0)),"")) | G23: =IF($B23="","",IFERROR(INDEX(원자재마스터!$K$3:$K$502,MATCH("R"&18,거래처별목록!$L$6:$L$505,0)),"")) | J23: =IF(원자재마스터!$A20="",FALSE(),원자재마스터!$L20=$B$3) -> FALSE | K23: =IF($J23=FALSE(),"",COUNTIF($J$6:$J23,TRUE())) | L23: =IF($K23="","","R"&$K23)
A24: =IF($B24="","",19) | B24: =IFERROR(INDEX(원자재마스터!$A$3:$A$502,MATCH("R"&19,거래처별목록!$L$6:$L$505,0)),"") | C24: =IF($B24="","",IFERROR(INDEX(원자재마스터!$B$3:$B$502,MATCH("R"&19,거래처별목록!$L$6:$L$505,0)),"")) | D24: =IF($B24="","",IFERROR(INDEX(원자재마스터!$C$3:$C$502,MATCH("R"&19,거래처별목록!$L$6:$L$505,0)),"")) | E24: =IF($B24="","",IFERROR(INDEX(원자재마스터!$G$3:$G$502,MATCH("R"&19,거래처별목록!$L$6:$L$505,0)),"")) | F24: =IF($B24="","",IFERROR(INDEX(원자재마스터!$J$3:$J$502,MATCH("R"&19,거래처별목록!$L$6:$L$505,0)),"")) | G24: =IF($B24="","",IFERROR(INDEX(원자재마스터!$K$3:$K$502,MATCH("R"&19,거래처별목록!$L$6:$L$505,0)),"")) | J24: =IF(원자재마스터!$A21="",FALSE(),원자재마스터!$L21=$B$3) -> FALSE | K24: =IF($J24=FALSE(),"",COUNTIF($J$6:$J24,TRUE())) | L24: =IF($K24="","","R"&$K24)
A25: =IF($B25="","",20) | B25: =IFERROR(INDEX(원자재마스터!$A$3:$A$502,MATCH("R"&20,거래처별목록!$L$6:$L$505,0)),"") | C25: =IF($B25="","",IFERROR(INDEX(원자재마스터!$B$3:$B$502,MATCH("R"&20,거래처별목록!$L$6:$L$505,0)),"")) | D25: =IF($B25="","",IFERROR(INDEX(원자재마스터!$C$3:$C$502,MATCH("R"&20,거래처별목록!$L$6:$L$505,0)),"")) | E25: =IF($B25="","",IFERROR(INDEX(원자재마스터!$G$3:$G$502,MATCH("R"&20,거래처별목록!$L$6:$L$505,0)),"")) | F25: =IF($B25="","",IFERROR(INDEX(원자재마스터!$J$3:$J$502,MATCH("R"&20,거래처별목록!$L$6:$L$505,0)),"")) | G25: =IF($B25="","",IFERROR(INDEX(원자재마스터!$K$3:$K$502,MATCH("R"&20,거래처별목록!$L$6:$L$505,0)),"")) | J25: =IF(원자재마스터!$A22="",FALSE(),원자재마스터!$L22=$B$3) -> FALSE | K25: =IF($J25=FALSE(),"",COUNTIF($J$6:$J25,TRUE())) | L25: =IF($K25="","","R"&$K25)
A26: =IF($B26="","",21) | B26: =IFERROR(INDEX(원자재마스터!$A$3:$A$502,MATCH("R"&21,거래처별목록!$L$6:$L$505,0)),"") | C26: =IF($B26="","",IFERROR(INDEX(원자재마스터!$B$3:$B$502,MATCH("R"&21,거래처별목록!$L$6:$L$505,0)),"")) | D26: =IF($B26="","",IFERROR(INDEX(원자재마스터!$C$3:$C$502,MATCH("R"&21,거래처별목록!$L$6:$L$505,0)),"")) | E26: =IF($B26="","",IFERROR(INDEX(원자재마스터!$G$3:$G$502,MATCH("R"&21,거래처별목록!$L$6:$L$505,0)),"")) | F26: =IF($B26="","",IFERROR(INDEX(원자재마스터!$J$3:$J$502,MATCH("R"&21,거래처별목록!$L$6:$L$505,0)),"")) | G26: =IF($B26="","",IFERROR(INDEX(원자재마스터!$K$3:$K$502,MATCH("R"&21,거래처별목록!$L$6:$L$505,0)),"")) | J26: =IF(원자재마스터!$A23="",FALSE(),원자재마스터!$L23=$B$3) -> FALSE | K26: =IF($J26=FALSE(),"",COUNTIF($J$6:$J26,TRUE())) | L26: =IF($K26="","","R"&$K26)
A27: =IF($B27="","",22) | B27: =IFERROR(INDEX(원자재마스터!$A$3:$A$502,MATCH("R"&22,거래처별목록!$L$6:$L$505,0)),"") | C27: =IF($B27="","",IFERROR(INDEX(원자재마스터!$B$3:$B$502,MATCH("R"&22,거래처별목록!$L$6:$L$505,0)),"")) | D27: =IF($B27="","",IFERROR(INDEX(원자재마스터!$C$3:$C$502,MATCH("R"&22,거래처별목록!$L$6:$L$505,0)),"")) | E27: =IF($B27="","",IFERROR(INDEX(원자재마스터!$G$3:$G$502,MATCH("R"&22,거래처별목록!$L$6:$L$505,0)),"")) | F27: =IF($B27="","",IFERROR(INDEX(원자재마스터!$J$3:$J$502,MATCH("R"&22,거래처별목록!$L$6:$L$505,0)),"")) | G27: =IF($B27="","",IFERROR(INDEX(원자재마스터!$K$3:$K$502,MATCH("R"&22,거래처별목록!$L$6:$L$505,0)),"")) | J27: =IF(원자재마스터!$A24="",FALSE(),원자재마스터!$L24=$B$3) -> FALSE | K27: =IF($J27=FALSE(),"",COUNTIF($J$6:$J27,TRUE())) | L27: =IF($K27="","","R"&$K27)
A28: =IF($B28="","",23) | B28: =IFERROR(INDEX(원자재마스터!$A$3:$A$502,MATCH("R"&23,거래처별목록!$L$6:$L$505,0)),"") | C28: =IF($B28="","",IFERROR(INDEX(원자재마스터!$B$3:$B$502,MATCH("R"&23,거래처별목록!$L$6:$L$505,0)),"")) | D28: =IF($B28="","",IFERROR(INDEX(원자재마스터!$C$3:$C$502,MATCH("R"&23,거래처별목록!$L$6:$L$505,0)),"")) | E28: =IF($B28="","",IFERROR(INDEX(원자재마스터!$G$3:$G$502,MATCH("R"&23,거래처별목록!$L$6:$L$505,0)),"")) | F28: =IF($B28="","",IFERROR(INDEX(원자재마스터!$J$3:$J$502,MATCH("R"&23,거래처별목록!$L$6:$L$505,0)),"")) | G28: =IF($B28="","",IFERROR(INDEX(원자재마스터!$K$3:$K$502,MATCH("R"&23,거래처별목록!$L$6:$L$505,0)),"")) | J28: =IF(원자재마스터!$A25="",FALSE(),원자재마스터!$L25=$B$3) -> FALSE | K28: =IF($J28=FALSE(),"",COUNTIF($J$6:$J28,TRUE())) | L28: =IF($K28="","","R"&$K28)
A29: =IF($B29="","",24) | B29: =IFERROR(INDEX(원자재마스터!$A$3:$A$502,MATCH("R"&24,거래처별목록!$L$6:$L$505,0)),"") | C29: =IF($B29="","",IFERROR(INDEX(원자재마스터!$B$3:$B$502,MATCH("R"&24,거래처별목록!$L$6:$L$505,0)),"")) | D29: =IF($B29="","",IFERROR(INDEX(원자재마스터!$C$3:$C$502,MATCH("R"&24,거래처별목록!$L$6:$L$505,0)),"")) | E29: =IF($B29="","",IFERROR(INDEX(원자재마스터!$G$3:$G$502,MATCH("R"&24,거래처별목록!$L$6:$L$505,0)),"")) | F29: =IF($B29="","",IFERROR(INDEX(원자재마스터!$J$3:$J$502,MATCH("R"&24,거래처별목록!$L$6:$L$505,0)),"")) | G29: =IF($B29="","",IFERROR(INDEX(원자재마스터!$K$3:$K$502,MATCH("R"&24,거래처별목록!$L$6:$L$505,0)),"")) | J29: =IF(원자재마스터!$A26="",FALSE(),원자재마스터!$L26=$B$3) -> FALSE | K29: =IF($J29=FALSE(),"",COUNTIF($J$6:$J29,TRUE())) | L29: =IF($K29="","","R"&$K29)
A30: =IF($B30="","",25) | B30: =IFERROR(INDEX(원자재마스터!$A$3:$A$502,MATCH("R"&25,거래처별목록!$L$6:$L$505,0)),"") | C30: =IF($B30="","",IFERROR(INDEX(원자재마스터!$B$3:$B$502,MATCH("R"&25,거래처별목록!$L$6:$L$505,0)),"")) | D30: =IF($B30="","",IFERROR(INDEX(원자재마스터!$C$3:$C$502,MATCH("R"&25,거래처별목록!$L$6:$L$505,0)),"")) | E30: =IF($B30="","",IFERROR(INDEX(원자재마스터!$G$3:$G$502,MATCH("R"&25,거래처별목록!$L$6:$L$505,0)),"")) | F30: =IF($B30="","",IFERROR(INDEX(원자재마스터!$J$3:$J$502,MATCH("R"&25,거래처별목록!$L$6:$L$505,0)),"")) | G30: =IF($B30="","",IFERROR(INDEX(원자재마스터!$K$3:$K$502,MATCH("R"&25,거래처별목록!$L$6:$L$505,0)),"")) | J30: =IF(원자재마스터!$A27="",FALSE(),원자재마스터!$L27=$B$3) -> FALSE | K30: =IF($J30=FALSE(),"",COUNTIF($J$6:$J30,TRUE())) | L30: =IF($K30="","","R"&$K30)
A31: =IF($B31="","",26) | B31: =IFERROR(INDEX(원자재마스터!$A$3:$A$502,MATCH("R"&26,거래처별목록!$L$6:$L$505,0)),"") | C31: =IF($B31="","",IFERROR(INDEX(원자재마스터!$B$3:$B$502,MATCH("R"&26,거래처별목록!$L$6:$L$505,0)),"")) | D31: =IF($B31="","",IFERROR(INDEX(원자재마스터!$C$3:$C$502,MATCH("R"&26,거래처별목록!$L$6:$L$505,0)),"")) | E31: =IF($B31="","",IFERROR(INDEX(원자재마스터!$G$3:$G$502,MATCH("R"&26,거래처별목록!$L$6:$L$505,0)),"")) | F31: =IF($B31="","",IFERROR(INDEX(원자재마스터!$J$3:$J$502,MATCH("R"&26,거래처별목록!$L$6:$L$505,0)),"")) | G31: =IF($B31="","",IFERROR(INDEX(원자재마스터!$K$3:$K$502,MATCH("R"&26,거래처별목록!$L$6:$L$505,0)),"")) | J31: =IF(원자재마스터!$A28="",FALSE(),원자재마스터!$L28=$B$3) -> FALSE | K31: =IF($J31=FALSE(),"",COUNTIF($J$6:$J31,TRUE())) | L31: =IF($K31="","","R"&$K31)
A32: =IF($B32="","",27) | B32: =IFERROR(INDEX(원자재마스터!$A$3:$A$502,MATCH("R"&27,거래처별목록!$L$6:$L$505,0)),"") | C32: =IF($B32="","",IFERROR(INDEX(원자재마스터!$B$3:$B$502,MATCH("R"&27,거래처별목록!$L$6:$L$505,0)),"")) | D32: =IF($B32="","",IFERROR(INDEX(원자재마스터!$C$3:$C$502,MATCH("R"&27,거래처별목록!$L$6:$L$505,0)),"")) | E32: =IF($B32="","",IFERROR(INDEX(원자재마스터!$G$3:$G$502,MATCH("R"&27,거래처별목록!$L$6:$L$505,0)),"")) | F32: =IF($B32="","",IFERROR(INDEX(원자재마스터!$J$3:$J$502,MATCH("R"&27,거래처별목록!$L$6:$L$505,0)),"")) | G32: =IF($B32="","",IFERROR(INDEX(원자재마스터!$K$3:$K$502,MATCH("R"&27,거래처별목록!$L$6:$L$505,0)),"")) | J32: =IF(원자재마스터!$A29="",FALSE(),원자재마스터!$L29=$B$3) -> FALSE | K32: =IF($J32=FALSE(),"",COUNTIF($J$6:$J32,TRUE())) | L32: =IF($K32="","","R"&$K32)
A33: =IF($B33="","",28) | B33: =IFERROR(INDEX(원자재마스터!$A$3:$A$502,MATCH("R"&28,거래처별목록!$L$6:$L$505,0)),"") | C33: =IF($B33="","",IFERROR(INDEX(원자재마스터!$B$3:$B$502,MATCH("R"&28,거래처별목록!$L$6:$L$505,0)),"")) | D33: =IF($B33="","",IFERROR(INDEX(원자재마스터!$C$3:$C$502,MATCH("R"&28,거래처별목록!$L$6:$L$505,0)),"")) | E33: =IF($B33="","",IFERROR(INDEX(원자재마스터!$G$3:$G$502,MATCH("R"&28,거래처별목록!$L$6:$L$505,0)),"")) | F33: =IF($B33="","",IFERROR(INDEX(원자재마스터!$J$3:$J$502,MATCH("R"&28,거래처별목록!$L$6:$L$505,0)),"")) | G33: =IF($B33="","",IFERROR(INDEX(원자재마스터!$K$3:$K$502,MATCH("R"&28,거래처별목록!$L$6:$L$505,0)),"")) | J33: =IF(원자재마스터!$A30="",FALSE(),원자재마스터!$L30=$B$3) -> FALSE | K33: =IF($J33=FALSE(),"",COUNTIF($J$6:$J33,TRUE())) | L33: =IF($K33="","","R"&$K33)
A34: =IF($B34="","",29) | B34: =IFERROR(INDEX(원자재마스터!$A$3:$A$502,MATCH("R"&29,거래처별목록!$L$6:$L$505,0)),"") | C34: =IF($B34="","",IFERROR(INDEX(원자재마스터!$B$3:$B$502,MATCH("R"&29,거래처별목록!$L$6:$L$505,0)),"")) | D34: =IF($B34="","",IFERROR(INDEX(원자재마스터!$C$3:$C$502,MATCH("R"&29,거래처별목록!$L$6:$L$505,0)),"")) | E34: =IF($B34="","",IFERROR(INDEX(원자재마스터!$G$3:$G$502,MATCH("R"&29,거래처별목록!$L$6:$L$505,0)),"")) | F34: =IF($B34="","",IFERROR(INDEX(원자재마스터!$J$3:$J$502,MATCH("R"&29,거래처별목록!$L$6:$L$505,0)),"")) | G34: =IF($B34="","",IFERROR(INDEX(원자재마스터!$K$3:$K$502,MATCH("R"&29,거래처별목록!$L$6:$L$505,0)),"")) | J34: =IF(원자재마스터!$A31="",FALSE(),원자재마스터!$L31=$B$3) -> FALSE | K34: =IF($J34=FALSE(),"",COUNTIF($J$6:$J34,TRUE())) | L34: =IF($K34="","","R"&$K34)
A35: =IF($B35="","",30) | B35: =IFERROR(INDEX(원자재마스터!$A$3:$A$502,MATCH("R"&30,거래처별목록!$L$6:$L$505,0)),"") | C35: =IF($B35="","",IFERROR(INDEX(원자재마스터!$B$3:$B$502,MATCH("R"&30,거래처별목록!$L$6:$L$505,0)),"")) | D35: =IF($B35="","",IFERROR(INDEX(원자재마스터!$C$3:$C$502,MATCH("R"&30,거래처별목록!$L$6:$L$505,0)),"")) | E35: =IF($B35="","",IFERROR(INDEX(원자재마스터!$G$3:$G$502,MATCH("R"&30,거래처별목록!$L$6:$L$505,0)),"")) | F35: =IF($B35="","",IFERROR(INDEX(원자재마스터!$J$3:$J$502,MATCH("R"&30,거래처별목록!$L$6:$L$505,0)),"")) | G35: =IF($B35="","",IFERROR(INDEX(원자재마스터!$K$3:$K$502,MATCH("R"&30,거래처별목록!$L$6:$L$505,0)),"")) | J35: =IF(원자재마스터!$A32="",FALSE(),원자재마스터!$L32=$B$3) -> FALSE | K35: =IF($J35=FALSE(),"",COUNTIF($J$6:$J35,TRUE())) | L35: =IF($K35="","","R"&$K35)
A36: =IF($B36="","",31) | B36: =IFERROR(INDEX(원자재마스터!$A$3:$A$502,MATCH("R"&31,거래처별목록!$L$6:$L$505,0)),"") | C36: =IF($B36="","",IFERROR(INDEX(원자재마스터!$B$3:$B$502,MATCH("R"&31,거래처별목록!$L$6:$L$505,0)),"")) | D36: =IF($B36="","",IFERROR(INDEX(원자재마스터!$C$3:$C$502,MATCH("R"&31,거래처별목록!$L$6:$L$505,0)),"")) | E36: =IF($B36="","",IFERROR(INDEX(원자재마스터!$G$3:$G$502,MATCH("R"&31,거래처별목록!$L$6:$L$505,0)),"")) | F36: =IF($B36="","",IFERROR(INDEX(원자재마스터!$J$3:$J$502,MATCH("R"&31,거래처별목록!$L$6:$L$505,0)),"")) | G36: =IF($B36="","",IFERROR(INDEX(원자재마스터!$K$3:$K$502,MATCH("R"&31,거래처별목록!$L$6:$L$505,0)),"")) | J36: =IF(원자재마스터!$A33="",FALSE(),원자재마스터!$L33=$B$3) -> FALSE | K36: =IF($J36=FALSE(),"",COUNTIF($J$6:$J36,TRUE())) | L36: =IF($K36="","","R"&$K36)
A37: =IF($B37="","",32) | B37: =IFERROR(INDEX(원자재마스터!$A$3:$A$502,MATCH("R"&32,거래처별목록!$L$6:$L$505,0)),"") | C37: =IF($B37="","",IFERROR(INDEX(원자재마스터!$B$3:$B$502,MATCH("R"&32,거래처별목록!$L$6:$L$505,0)),"")) | D37: =IF($B37="","",IFERROR(INDEX(원자재마스터!$C$3:$C$502,MATCH("R"&32,거래처별목록!$L$6:$L$505,0)),"")) | E37: =IF($B37="","",IFERROR(INDEX(원자재마스터!$G$3:$G$502,MATCH("R"&32,거래처별목록!$L$6:$L$505,0)),"")) | F37: =IF($B37="","",IFERROR(INDEX(원자재마스터!$J$3:$J$502,MATCH("R"&32,거래처별목록!$L$6:$L$505,0)),"")) | G37: =IF($B37="","",IFERROR(INDEX(원자재마스터!$K$3:$K$502,MATCH("R"&32,거래처별목록!$L$6:$L$505,0)),"")) | J37: =IF(원자재마스터!$A34="",FALSE(),원자재마스터!$L34=$B$3) -> FALSE | K37: =IF($J37=FALSE(),"",COUNTIF($J$6:$J37,TRUE())) | L37: =IF($K37="","","R"&$K37)
A38: =IF($B38="","",33) | B38: =IFERROR(INDEX(원자재마스터!$A$3:$A$502,MATCH("R"&33,거래처별목록!$L$6:$L$505,0)),"") | C38: =IF($B38="","",IFERROR(INDEX(원자재마스터!$B$3:$B$502,MATCH("R"&33,거래처별목록!$L$6:$L$505,0)),"")) | D38: =IF($B38="","",IFERROR(INDEX(원자재마스터!$C$3:$C$502,MATCH("R"&33,거래처별목록!$L$6:$L$505,0)),"")) | E38: =IF($B38="","",IFERROR(INDEX(원자재마스터!$G$3:$G$502,MATCH("R"&33,거래처별목록!$L$6:$L$505,0)),"")) | F38: =IF($B38="","",IFERROR(INDEX(원자재마스터!$J$3:$J$502,MATCH("R"&33,거래처별목록!$L$6:$L$505,0)),"")) | G38: =IF($B38="","",IFERROR(INDEX(원자재마스터!$K$3:$K$502,MATCH("R"&33,거래처별목록!$L$6:$L$505,0)),"")) | J38: =IF(원자재마스터!$A35="",FALSE(),원자재마스터!$L35=$B$3) -> FALSE | K38: =IF($J38=FALSE(),"",COUNTIF($J$6:$J38,TRUE())) | L38: =IF($K38="","","R"&$K38)
A39: =IF($B39="","",34) | B39: =IFERROR(INDEX(원자재마스터!$A$3:$A$502,MATCH("R"&34,거래처별목록!$L$6:$L$505,0)),"") | C39: =IF($B39="","",IFERROR(INDEX(원자재마스터!$B$3:$B$502,MATCH("R"&34,거래처별목록!$L$6:$L$505,0)),"")) | D39: =IF($B39="","",IFERROR(INDEX(원자재마스터!$C$3:$C$502,MATCH("R"&34,거래처별목록!$L$6:$L$505,0)),"")) | E39: =IF($B39="","",IFERROR(INDEX(원자재마스터!$G$3:$G$502,MATCH("R"&34,거래처별목록!$L$6:$L$505,0)),"")) | F39: =IF($B39="","",IFERROR(INDEX(원자재마스터!$J$3:$J$502,MATCH("R"&34,거래처별목록!$L$6:$L$505,0)),"")) | G39: =IF($B39="","",IFERROR(INDEX(원자재마스터!$K$3:$K$502,MATCH("R"&34,거래처별목록!$L$6:$L$505,0)),"")) | J39: =IF(원자재마스터!$A36="",FALSE(),원자재마스터!$L36=$B$3) -> FALSE | K39: =IF($J39=FALSE(),"",COUNTIF($J$6:$J39,TRUE())) | L39: =IF($K39="","","R"&$K39)
A40: =IF($B40="","",35) | B40: =IFERROR(INDEX(원자재마스터!$A$3:$A$502,MATCH("R"&35,거래처별목록!$L$6:$L$505,0)),"") | C40: =IF($B40="","",IFERROR(INDEX(원자재마스터!$B$3:$B$502,MATCH("R"&35,거래처별목록!$L$6:$L$505,0)),"")) | D40: =IF($B40="","",IFERROR(INDEX(원자재마스터!$C$3:$C$502,MATCH("R"&35,거래처별목록!$L$6:$L$505,0)),"")) | E40: =IF($B40="","",IFERROR(INDEX(원자재마스터!$G$3:$G$502,MATCH("R"&35,거래처별목록!$L$6:$L$505,0)),"")) | F40: =IF($B40="","",IFERROR(INDEX(원자재마스터!$J$3:$J$502,MATCH("R"&35,거래처별목록!$L$6:$L$505,0)),"")) | G40: =IF($B40="","",IFERROR(INDEX(원자재마스터!$K$3:$K$502,MATCH("R"&35,거래처별목록!$L$6:$L$505,0)),"")) | J40: =IF(원자재마스터!$A37="",FALSE(),원자재마스터!$L37=$B$3) -> FALSE | K40: =IF($J40=FALSE(),"",COUNTIF($J$6:$J40,TRUE())) | L40: =IF($K40="","","R"&$K40)
A41: =IF($B41="","",36) | B41: =IFERROR(INDEX(원자재마스터!$A$3:$A$502,MATCH("R"&36,거래처별목록!$L$6:$L$505,0)),"") | C41: =IF($B41="","",IFERROR(INDEX(원자재마스터!$B$3:$B$502,MATCH("R"&36,거래처별목록!$L$6:$L$505,0)),"")) | D41: =IF($B41="","",IFERROR(INDEX(원자재마스터!$C$3:$C$502,MATCH("R"&36,거래처별목록!$L$6:$L$505,0)),"")) | E41: =IF($B41="","",IFERROR(INDEX(원자재마스터!$G$3:$G$502,MATCH("R"&36,거래처별목록!$L$6:$L$505,0)),"")) | F41: =IF($B41="","",IFERROR(INDEX(원자재마스터!$J$3:$J$502,MATCH("R"&36,거래처별목록!$L$6:$L$505,0)),"")) | G41: =IF($B41="","",IFERROR(INDEX(원자재마스터!$K$3:$K$502,MATCH("R"&36,거래처별목록!$L$6:$L$505,0)),"")) | J41: =IF(원자재마스터!$A38="",FALSE(),원자재마스터!$L38=$B$3) -> FALSE | K41: =IF($J41=FALSE(),"",COUNTIF($J$6:$J41,TRUE())) | L41: =IF($K41="","","R"&$K41)
A42: =IF($B42="","",37) | B42: =IFERROR(INDEX(원자재마스터!$A$3:$A$502,MATCH("R"&37,거래처별목록!$L$6:$L$505,0)),"") | C42: =IF($B42="","",IFERROR(INDEX(원자재마스터!$B$3:$B$502,MATCH("R"&37,거래처별목록!$L$6:$L$505,0)),"")) | D42: =IF($B42="","",IFERROR(INDEX(원자재마스터!$C$3:$C$502,MATCH("R"&37,거래처별목록!$L$6:$L$505,0)),"")) | E42: =IF($B42="","",IFERROR(INDEX(원자재마스터!$G$3:$G$502,MATCH("R"&37,거래처별목록!$L$6:$L$505,0)),"")) | F42: =IF($B42="","",IFERROR(INDEX(원자재마스터!$J$3:$J$502,MATCH("R"&37,거래처별목록!$L$6:$L$505,0)),"")) | G42: =IF($B42="","",IFERROR(INDEX(원자재마스터!$K$3:$K$502,MATCH("R"&37,거래처별목록!$L$6:$L$505,0)),"")) | J42: =IF(원자재마스터!$A39="",FALSE(),원자재마스터!$L39=$B$3) -> FALSE | K42: =IF($J42=FALSE(),"",COUNTIF($J$6:$J42,TRUE())) | L42: =IF($K42="","","R"&$K42)
A43: =IF($B43="","",38) | B43: =IFERROR(INDEX(원자재마스터!$A$3:$A$502,MATCH("R"&38,거래처별목록!$L$6:$L$505,0)),"") | C43: =IF($B43="","",IFERROR(INDEX(원자재마스터!$B$3:$B$502,MATCH("R"&38,거래처별목록!$L$6:$L$505,0)),"")) | D43: =IF($B43="","",IFERROR(INDEX(원자재마스터!$C$3:$C$502,MATCH("R"&38,거래처별목록!$L$6:$L$505,0)),"")) | E43: =IF($B43="","",IFERROR(INDEX(원자재마스터!$G$3:$G$502,MATCH("R"&38,거래처별목록!$L$6:$L$505,0)),"")) | F43: =IF($B43="","",IFERROR(INDEX(원자재마스터!$J$3:$J$502,MATCH("R"&38,거래처별목록!$L$6:$L$505,0)),"")) | G43: =IF($B43="","",IFERROR(INDEX(원자재마스터!$K$3:$K$502,MATCH("R"&38,거래처별목록!$L$6:$L$505,0)),"")) | J43: =IF(원자재마스터!$A40="",FALSE(),원자재마스터!$L40=$B$3) -> FALSE | K43: =IF($J43=FALSE(),"",COUNTIF($J$6:$J43,TRUE())) | L43: =IF($K43="","","R"&$K43)
A44: =IF($B44="","",39) | B44: =IFERROR(INDEX(원자재마스터!$A$3:$A$502,MATCH("R"&39,거래처별목록!$L$6:$L$505,0)),"") | C44: =IF($B44="","",IFERROR(INDEX(원자재마스터!$B$3:$B$502,MATCH("R"&39,거래처별목록!$L$6:$L$505,0)),"")) | D44: =IF($B44="","",IFERROR(INDEX(원자재마스터!$C$3:$C$502,MATCH("R"&39,거래처별목록!$L$6:$L$505,0)),"")) | E44: =IF($B44="","",IFERROR(INDEX(원자재마스터!$G$3:$G$502,MATCH("R"&39,거래처별목록!$L$6:$L$505,0)),"")) | F44: =IF($B44="","",IFERROR(INDEX(원자재마스터!$J$3:$J$502,MATCH("R"&39,거래처별목록!$L$6:$L$505,0)),"")) | G44: =IF($B44="","",IFERROR(INDEX(원자재마스터!$K$3:$K$502,MATCH("R"&39,거래처별목록!$L$6:$L$505,0)),"")) | J44: =IF(원자재마스터!$A41="",FALSE(),원자재마스터!$L41=$B$3) -> FALSE | K44: =IF($J44=FALSE(),"",COUNTIF($J$6:$J44,TRUE())) | L44: =IF($K44="","","R"&$K44)
A45: =IF($B45="","",40) | B45: =IFERROR(INDEX(원자재마스터!$A$3:$A$502,MATCH("R"&40,거래처별목록!$L$6:$L$505,0)),"") | C45: =IF($B45="","",IFERROR(INDEX(원자재마스터!$B$3:$B$502,MATCH("R"&40,거래처별목록!$L$6:$L$505,0)),"")) | D45: =IF($B45="","",IFERROR(INDEX(원자재마스터!$C$3:$C$502,MATCH("R"&40,거래처별목록!$L$6:$L$505,0)),"")) | E45: =IF($B45="","",IFERROR(INDEX(원자재마스터!$G$3:$G$502,MATCH("R"&40,거래처별목록!$L$6:$L$505,0)),"")) | F45: =IF($B45="","",IFERROR(INDEX(원자재마스터!$J$3:$J$502,MATCH("R"&40,거래처별목록!$L$6:$L$505,0)),"")) | G45: =IF($B45="","",IFERROR(INDEX(원자재마스터!$K$3:$K$502,MATCH("R"&40,거래처별목록!$L$6:$L$505,0)),"")) | J45: =IF(원자재마스터!$A42="",FALSE(),원자재마스터!$L42=$B$3) -> FALSE | K45: =IF($J45=FALSE(),"",COUNTIF($J$6:$J45,TRUE())) | L45: =IF($K45="","","R"&$K45)
A46: =IF($B46="","",41) | B46: =IFERROR(INDEX(원자재마스터!$A$3:$A$502,MATCH("R"&41,거래처별목록!$L$6:$L$505,0)),"") | C46: =IF($B46="","",IFERROR(INDEX(원자재마스터!$B$3:$B$502,MATCH("R"&41,거래처별목록!$L$6:$L$505,0)),"")) | D46: =IF($B46="","",IFERROR(INDEX(원자재마스터!$C$3:$C$502,MATCH("R"&41,거래처별목록!$L$6:$L$505,0)),"")) | E46: =IF($B46="","",IFERROR(INDEX(원자재마스터!$G$3:$G$502,MATCH("R"&41,거래처별목록!$L$6:$L$505,0)),"")) | F46: =IF($B46="","",IFERROR(INDEX(원자재마스터!$J$3:$J$502,MATCH("R"&41,거래처별목록!$L$6:$L$505,0)),"")) | G46: =IF($B46="","",IFERROR(INDEX(원자재마스터!$K$3:$K$502,MATCH("R"&41,거래처별목록!$L$6:$L$505,0)),"")) | J46: =IF(원자재마스터!$A43="",FALSE(),원자재마스터!$L43=$B$3) -> FALSE | K46: =IF($J46=FALSE(),"",COUNTIF($J$6:$J46,TRUE())) | L46: =IF($K46="","","R"&$K46)
A47: =IF($B47="","",42) | B47: =IFERROR(INDEX(원자재마스터!$A$3:$A$502,MATCH("R"&42,거래처별목록!$L$6:$L$505,0)),"") | C47: =IF($B47="","",IFERROR(INDEX(원자재마스터!$B$3:$B$502,MATCH("R"&42,거래처별목록!$L$6:$L$505,0)),"")) | D47: =IF($B47="","",IFERROR(INDEX(원자재마스터!$C$3:$C$502,MATCH("R"&42,거래처별목록!$L$6:$L$505,0)),"")) | E47: =IF($B47="","",IFERROR(INDEX(원자재마스터!$G$3:$G$502,MATCH("R"&42,거래처별목록!$L$6:$L$505,0)),"")) | F47: =IF($B47="","",IFERROR(INDEX(원자재마스터!$J$3:$J$502,MATCH("R"&42,거래처별목록!$L$6:$L$505,0)),"")) | G47: =IF($B47="","",IFERROR(INDEX(원자재마스터!$K$3:$K$502,MATCH("R"&42,거래처별목록!$L$6:$L$505,0)),"")) | J47: =IF(원자재마스터!$A44="",FALSE(),원자재마스터!$L44=$B$3) -> FALSE | K47: =IF($J47=FALSE(),"",COUNTIF($J$6:$J47,TRUE())) | L47: =IF($K47="","","R"&$K47)
A48: =IF($B48="","",43) | B48: =IFERROR(INDEX(원자재마스터!$A$3:$A$502,MATCH("R"&43,거래처별목록!$L$6:$L$505,0)),"") | C48: =IF($B48="","",IFERROR(INDEX(원자재마스터!$B$3:$B$502,MATCH("R"&43,거래처별목록!$L$6:$L$505,0)),"")) | D48: =IF($B48="","",IFERROR(INDEX(원자재마스터!$C$3:$C$502,MATCH("R"&43,거래처별목록!$L$6:$L$505,0)),"")) | E48: =IF($B48="","",IFERROR(INDEX(원자재마스터!$G$3:$G$502,MATCH("R"&43,거래처별목록!$L$6:$L$505,0)),"")) | F48: =IF($B48="","",IFERROR(INDEX(원자재마스터!$J$3:$J$502,MATCH("R"&43,거래처별목록!$L$6:$L$505,0)),"")) | G48: =IF($B48="","",IFERROR(INDEX(원자재마스터!$K$3:$K$502,MATCH("R"&43,거래처별목록!$L$6:$L$505,0)),"")) | J48: =IF(원자재마스터!$A45="",FALSE(),원자재마스터!$L45=$B$3) -> FALSE | K48: =IF($J48=FALSE(),"",COUNTIF($J$6:$J48,TRUE())) | L48: =IF($K48="","","R"&$K48)
A49: =IF($B49="","",44) | B49: =IFERROR(INDEX(원자재마스터!$A$3:$A$502,MATCH("R"&44,거래처별목록!$L$6:$L$505,0)),"") | C49: =IF($B49="","",IFERROR(INDEX(원자재마스터!$B$3:$B$502,MATCH("R"&44,거래처별목록!$L$6:$L$505,0)),"")) | D49: =IF($B49="","",IFERROR(INDEX(원자재마스터!$C$3:$C$502,MATCH("R"&44,거래처별목록!$L$6:$L$505,0)),"")) | E49: =IF($B49="","",IFERROR(INDEX(원자재마스터!$G$3:$G$502,MATCH("R"&44,거래처별목록!$L$6:$L$505,0)),"")) | F49: =IF($B49="","",IFERROR(INDEX(원자재마스터!$J$3:$J$502,MATCH("R"&44,거래처별목록!$L$6:$L$505,0)),"")) | G49: =IF($B49="","",IFERROR(INDEX(원자재마스터!$K$3:$K$502,MATCH("R"&44,거래처별목록!$L$6:$L$505,0)),"")) | J49: =IF(원자재마스터!$A46="",FALSE(),원자재마스터!$L46=$B$3) -> FALSE | K49: =IF($J49=FALSE(),"",COUNTIF($J$6:$J49,TRUE())) | L49: =IF($K49="","","R"&$K49)
A50: =IF($B50="","",45) | B50: =IFERROR(INDEX(원자재마스터!$A$3:$A$502,MATCH("R"&45,거래처별목록!$L$6:$L$505,0)),"") | C50: =IF($B50="","",IFERROR(INDEX(원자재마스터!$B$3:$B$502,MATCH("R"&45,거래처별목록!$L$6:$L$505,0)),"")) | D50: =IF($B50="","",IFERROR(INDEX(원자재마스터!$C$3:$C$502,MATCH("R"&45,거래처별목록!$L$6:$L$505,0)),"")) | E50: =IF($B50="","",IFERROR(INDEX(원자재마스터!$G$3:$G$502,MATCH("R"&45,거래처별목록!$L$6:$L$505,0)),"")) | F50: =IF($B50="","",IFERROR(INDEX(원자재마스터!$J$3:$J$502,MATCH("R"&45,거래처별목록!$L$6:$L$505,0)),"")) | G50: =IF($B50="","",IFERROR(INDEX(원자재마스터!$K$3:$K$502,MATCH("R"&45,거래처별목록!$L$6:$L$505,0)),"")) | J50: =IF(원자재마스터!$A47="",FALSE(),원자재마스터!$L47=$B$3) -> FALSE | K50: =IF($J50=FALSE(),"",COUNTIF($J$6:$J50,TRUE())) | L50: =IF($K50="","","R"&$K50)
A51: =IF($B51="","",46) | B51: =IFERROR(INDEX(원자재마스터!$A$3:$A$502,MATCH("R"&46,거래처별목록!$L$6:$L$505,0)),"") | C51: =IF($B51="","",IFERROR(INDEX(원자재마스터!$B$3:$B$502,MATCH("R"&46,거래처별목록!$L$6:$L$505,0)),"")) | D51: =IF($B51="","",IFERROR(INDEX(원자재마스터!$C$3:$C$502,MATCH("R"&46,거래처별목록!$L$6:$L$505,0)),"")) | E51: =IF($B51="","",IFERROR(INDEX(원자재마스터!$G$3:$G$502,MATCH("R"&46,거래처별목록!$L$6:$L$505,0)),"")) | F51: =IF($B51="","",IFERROR(INDEX(원자재마스터!$J$3:$J$502,MATCH("R"&46,거래처별목록!$L$6:$L$505,0)),"")) | G51: =IF($B51="","",IFERROR(INDEX(원자재마스터!$K$3:$K$502,MATCH("R"&46,거래처별목록!$L$6:$L$505,0)),"")) | J51: =IF(원자재마스터!$A48="",FALSE(),원자재마스터!$L48=$B$3) -> FALSE | K51: =IF($J51=FALSE(),"",COUNTIF($J$6:$J51,TRUE())) | L51: =IF($K51="","","R"&$K51)
A52: =IF($B52="","",47) | B52: =IFERROR(INDEX(원자재마스터!$A$3:$A$502,MATCH("R"&47,거래처별목록!$L$6:$L$505,0)),"") | C52: =IF($B52="","",IFERROR(INDEX(원자재마스터!$B$3:$B$502,MATCH("R"&47,거래처별목록!$L$6:$L$505,0)),"")) | D52: =IF($B52="","",IFERROR(INDEX(원자재마스터!$C$3:$C$502,MATCH("R"&47,거래처별목록!$L$6:$L$505,0)),"")) | E52: =IF($B52="","",IFERROR(INDEX(원자재마스터!$G$3:$G$502,MATCH("R"&47,거래처별목록!$L$6:$L$505,0)),"")) | F52: =IF($B52="","",IFERROR(INDEX(원자재마스터!$J$3:$J$502,MATCH("R"&47,거래처별목록!$L$6:$L$505,0)),"")) | G52: =IF($B52="","",IFERROR(INDEX(원자재마스터!$K$3:$K$502,MATCH("R"&47,거래처별목록!$L$6:$L$505,0)),"")) | J52: =IF(원자재마스터!$A49="",FALSE(),원자재마스터!$L49=$B$3) -> FALSE | K52: =IF($J52=FALSE(),"",COUNTIF($J$6:$J52,TRUE())) | L52: =IF($K52="","","R"&$K52)
A53: =IF($B53="","",48) | B53: =IFERROR(INDEX(원자재마스터!$A$3:$A$502,MATCH("R"&48,거래처별목록!$L$6:$L$505,0)),"") | C53: =IF($B53="","",IFERROR(INDEX(원자재마스터!$B$3:$B$502,MATCH("R"&48,거래처별목록!$L$6:$L$505,0)),"")) | D53: =IF($B53="","",IFERROR(INDEX(원자재마스터!$C$3:$C$502,MATCH("R"&48,거래처별목록!$L$6:$L$505,0)),"")) | E53: =IF($B53="","",IFERROR(INDEX(원자재마스터!$G$3:$G$502,MATCH("R"&48,거래처별목록!$L$6:$L$505,0)),"")) | F53: =IF($B53="","",IFERROR(INDEX(원자재마스터!$J$3:$J$502,MATCH("R"&48,거래처별목록!$L$6:$L$505,0)),"")) | G53: =IF($B53="","",IFERROR(INDEX(원자재마스터!$K$3:$K$502,MATCH("R"&48,거래처별목록!$L$6:$L$505,0)),"")) | J53: =IF(원자재마스터!$A50="",FALSE(),원자재마스터!$L50=$B$3) -> FALSE | K53: =IF($J53=FALSE(),"",COUNTIF($J$6:$J53,TRUE())) | L53: =IF($K53="","","R"&$K53)
A54: =IF($B54="","",49) | B54: =IFERROR(INDEX(원자재마스터!$A$3:$A$502,MATCH("R"&49,거래처별목록!$L$6:$L$505,0)),"") | C54: =IF($B54="","",IFERROR(INDEX(원자재마스터!$B$3:$B$502,MATCH("R"&49,거래처별목록!$L$6:$L$505,0)),"")) | D54: =IF($B54="","",IFERROR(INDEX(원자재마스터!$C$3:$C$502,MATCH("R"&49,거래처별목록!$L$6:$L$505,0)),"")) | E54: =IF($B54="","",IFERROR(INDEX(원자재마스터!$G$3:$G$502,MATCH("R"&49,거래처별목록!$L$6:$L$505,0)),"")) | F54: =IF($B54="","",IFERROR(INDEX(원자재마스터!$J$3:$J$502,MATCH("R"&49,거래처별목록!$L$6:$L$505,0)),"")) | G54: =IF($B54="","",IFERROR(INDEX(원자재마스터!$K$3:$K$502,MATCH("R"&49,거래처별목록!$L$6:$L$505,0)),"")) | J54: =IF(원자재마스터!$A51="",FALSE(),원자재마스터!$L51=$B$3) -> FALSE | K54: =IF($J54=FALSE(),"",COUNTIF($J$6:$J54,TRUE())) | L54: =IF($K54="","","R"&$K54)
A55: =IF($B55="","",50) | B55: =IFERROR(INDEX(원자재마스터!$A$3:$A$502,MATCH("R"&50,거래처별목록!$L$6:$L$505,0)),"") | C55: =IF($B55="","",IFERROR(INDEX(원자재마스터!$B$3:$B$502,MATCH("R"&50,거래처별목록!$L$6:$L$505,0)),"")) | D55: =IF($B55="","",IFERROR(INDEX(원자재마스터!$C$3:$C$502,MATCH("R"&50,거래처별목록!$L$6:$L$505,0)),"")) | E55: =IF($B55="","",IFERROR(INDEX(원자재마스터!$G$3:$G$502,MATCH("R"&50,거래처별목록!$L$6:$L$505,0)),"")) | F55: =IF($B55="","",IFERROR(INDEX(원자재마스터!$J$3:$J$502,MATCH("R"&50,거래처별목록!$L$6:$L$505,0)),"")) | G55: =IF($B55="","",IFERROR(INDEX(원자재마스터!$K$3:$K$502,MATCH("R"&50,거래처별목록!$L$6:$L$505,0)),"")) | J55: =IF(원자재마스터!$A52="",FALSE(),원자재마스터!$L52=$B$3) -> FALSE | K55: =IF($J55=FALSE(),"",COUNTIF($J$6:$J55,TRUE())) | L55: =IF($K55="","","R"&$K55)
A56: =IF($B56="","",51) | B56: =IFERROR(INDEX(원자재마스터!$A$3:$A$502,MATCH("R"&51,거래처별목록!$L$6:$L$505,0)),"") | C56: =IF($B56="","",IFERROR(INDEX(원자재마스터!$B$3:$B$502,MATCH("R"&51,거래처별목록!$L$6:$L$505,0)),"")) | D56: =IF($B56="","",IFERROR(INDEX(원자재마스터!$C$3:$C$502,MATCH("R"&51,거래처별목록!$L$6:$L$505,0)),"")) | E56: =IF($B56="","",IFERROR(INDEX(원자재마스터!$G$3:$G$502,MATCH("R"&51,거래처별목록!$L$6:$L$505,0)),"")) | F56: =IF($B56="","",IFERROR(INDEX(원자재마스터!$J$3:$J$502,MATCH("R"&51,거래처별목록!$L$6:$L$505,0)),"")) | G56: =IF($B56="","",IFERROR(INDEX(원자재마스터!$K$3:$K$502,MATCH("R"&51,거래처별목록!$L$6:$L$505,0)),"")) | J56: =IF(원자재마스터!$A53="",FALSE(),원자재마스터!$L53=$B$3) -> FALSE | K56: =IF($J56=FALSE(),"",COUNTIF($J$6:$J56,TRUE())) | L56: =IF($K56="","","R"&$K56)
A57: =IF($B57="","",52) | B57: =IFERROR(INDEX(원자재마스터!$A$3:$A$502,MATCH("R"&52,거래처별목록!$L$6:$L$505,0)),"") | C57: =IF($B57="","",IFERROR(INDEX(원자재마스터!$B$3:$B$502,MATCH("R"&52,거래처별목록!$L$6:$L$505,0)),"")) | D57: =IF($B57="","",IFERROR(INDEX(원자재마스터!$C$3:$C$502,MATCH("R"&52,거래처별목록!$L$6:$L$505,0)),"")) | E57: =IF($B57="","",IFERROR(INDEX(원자재마스터!$G$3:$G$502,MATCH("R"&52,거래처별목록!$L$6:$L$505,0)),"")) | F57: =IF($B57="","",IFERROR(INDEX(원자재마스터!$J$3:$J$502,MATCH("R"&52,거래처별목록!$L$6:$L$505,0)),"")) | G57: =IF($B57="","",IFERROR(INDEX(원자재마스터!$K$3:$K$502,MATCH("R"&52,거래처별목록!$L$6:$L$505,0)),"")) | J57: =IF(원자재마스터!$A54="",FALSE(),원자재마스터!$L54=$B$3) -> FALSE | K57: =IF($J57=FALSE(),"",COUNTIF($J$6:$J57,TRUE())) | L57: =IF($K57="","","R"&$K57)
A58: =IF($B58="","",53) | B58: =IFERROR(INDEX(원자재마스터!$A$3:$A$502,MATCH("R"&53,거래처별목록!$L$6:$L$505,0)),"") | C58: =IF($B58="","",IFERROR(INDEX(원자재마스터!$B$3:$B$502,MATCH("R"&53,거래처별목록!$L$6:$L$505,0)),"")) | D58: =IF($B58="","",IFERROR(INDEX(원자재마스터!$C$3:$C$502,MATCH("R"&53,거래처별목록!$L$6:$L$505,0)),"")) | E58: =IF($B58="","",IFERROR(INDEX(원자재마스터!$G$3:$G$502,MATCH("R"&53,거래처별목록!$L$6:$L$505,0)),"")) | F58: =IF($B58="","",IFERROR(INDEX(원자재마스터!$J$3:$J$502,MATCH("R"&53,거래처별목록!$L$6:$L$505,0)),"")) | G58: =IF($B58="","",IFERROR(INDEX(원자재마스터!$K$3:$K$502,MATCH("R"&53,거래처별목록!$L$6:$L$505,0)),"")) | J58: =IF(원자재마스터!$A55="",FALSE(),원자재마스터!$L55=$B$3) -> FALSE | K58: =IF($J58=FALSE(),"",COUNTIF($J$6:$J58,TRUE())) | L58: =IF($K58="","","R"&$K58)
A59: =IF($B59="","",54) | B59: =IFERROR(INDEX(원자재마스터!$A$3:$A$502,MATCH("R"&54,거래처별목록!$L$6:$L$505,0)),"") | C59: =IF($B59="","",IFERROR(INDEX(원자재마스터!$B$3:$B$502,MATCH("R"&54,거래처별목록!$L$6:$L$505,0)),"")) | D59: =IF($B59="","",IFERROR(INDEX(원자재마스터!$C$3:$C$502,MATCH("R"&54,거래처별목록!$L$6:$L$505,0)),"")) | E59: =IF($B59="","",IFERROR(INDEX(원자재마스터!$G$3:$G$502,MATCH("R"&54,거래처별목록!$L$6:$L$505,0)),"")) | F59: =IF($B59="","",IFERROR(INDEX(원자재마스터!$J$3:$J$502,MATCH("R"&54,거래처별목록!$L$6:$L$505,0)),"")) | G59: =IF($B59="","",IFERROR(INDEX(원자재마스터!$K$3:$K$502,MATCH("R"&54,거래처별목록!$L$6:$L$505,0)),"")) | J59: =IF(원자재마스터!$A56="",FALSE(),원자재마스터!$L56=$B$3) -> FALSE | K59: =IF($J59=FALSE(),"",COUNTIF($J$6:$J59,TRUE())) | L59: =IF($K59="","","R"&$K59)
A60: =IF($B60="","",55) | B60: =IFERROR(INDEX(원자재마스터!$A$3:$A$502,MATCH("R"&55,거래처별목록!$L$6:$L$505,0)),"") | C60: =IF($B60="","",IFERROR(INDEX(원자재마스터!$B$3:$B$502,MATCH("R"&55,거래처별목록!$L$6:$L$505,0)),"")) | D60: =IF($B60="","",IFERROR(INDEX(원자재마스터!$C$3:$C$502,MATCH("R"&55,거래처별목록!$L$6:$L$505,0)),"")) | E60: =IF($B60="","",IFERROR(INDEX(원자재마스터!$G$3:$G$502,MATCH("R"&55,거래처별목록!$L$6:$L$505,0)),"")) | F60: =IF($B60="","",IFERROR(INDEX(원자재마스터!$J$3:$J$502,MATCH("R"&55,거래처별목록!$L$6:$L$505,0)),"")) | G60: =IF($B60="","",IFERROR(INDEX(원자재마스터!$K$3:$K$502,MATCH("R"&55,거래처별목록!$L$6:$L$505,0)),"")) | J60: =IF(원자재마스터!$A57="",FALSE(),원자재마스터!$L57=$B$3) -> FALSE | K60: =IF($J60=FALSE(),"",COUNTIF($J$6:$J60,TRUE())) | L60: =IF($K60="","","R"&$K60)
A61: =IF($B61="","",56) | B61: =IFERROR(INDEX(원자재마스터!$A$3:$A$502,MATCH("R"&56,거래처별목록!$L$6:$L$505,0)),"") | C61: =IF($B61="","",IFERROR(INDEX(원자재마스터!$B$3:$B$502,MATCH("R"&56,거래처별목록!$L$6:$L$505,0)),"")) | D61: =IF($B61="","",IFERROR(INDEX(원자재마스터!$C$3:$C$502,MATCH("R"&56,거래처별목록!$L$6:$L$505,0)),"")) | E61: =IF($B61="","",IFERROR(INDEX(원자재마스터!$G$3:$G$502,MATCH("R"&56,거래처별목록!$L$6:$L$505,0)),"")) | F61: =IF($B61="","",IFERROR(INDEX(원자재마스터!$J$3:$J$502,MATCH("R"&56,거래처별목록!$L$6:$L$505,0)),"")) | G61: =IF($B61="","",IFERROR(INDEX(원자재마스터!$K$3:$K$502,MATCH("R"&56,거래처별목록!$L$6:$L$505,0)),"")) | J61: =IF(원자재마스터!$A58="",FALSE(),원자재마스터!$L58=$B$3) -> FALSE | K61: =IF($J61=FALSE(),"",COUNTIF($J$6:$J61,TRUE())) | L61: =IF($K61="","","R"&$K61)
A62: =IF($B62="","",57) | B62: =IFERROR(INDEX(원자재마스터!$A$3:$A$502,MATCH("R"&57,거래처별목록!$L$6:$L$505,0)),"") | C62: =IF($B62="","",IFERROR(INDEX(원자재마스터!$B$3:$B$502,MATCH("R"&57,거래처별목록!$L$6:$L$505,0)),"")) | D62: =IF($B62="","",IFERROR(INDEX(원자재마스터!$C$3:$C$502,MATCH("R"&57,거래처별목록!$L$6:$L$505,0)),"")) | E62: =IF($B62="","",IFERROR(INDEX(원자재마스터!$G$3:$G$502,MATCH("R"&57,거래처별목록!$L$6:$L$505,0)),"")) | F62: =IF($B62="","",IFERROR(INDEX(원자재마스터!$J$3:$J$502,MATCH("R"&57,거래처별목록!$L$6:$L$505,0)),"")) | G62: =IF($B62="","",IFERROR(INDEX(원자재마스터!$K$3:$K$502,MATCH("R"&57,거래처별목록!$L$6:$L$505,0)),"")) | J62: =IF(원자재마스터!$A59="",FALSE(),원자재마스터!$L59=$B$3) -> FALSE | K62: =IF($J62=FALSE(),"",COUNTIF($J$6:$J62,TRUE())) | L62: =IF($K62="","","R"&$K62)
A63: =IF($B63="","",58) | B63: =IFERROR(INDEX(원자재마스터!$A$3:$A$502,MATCH("R"&58,거래처별목록!$L$6:$L$505,0)),"") | C63: =IF($B63="","",IFERROR(INDEX(원자재마스터!$B$3:$B$502,MATCH("R"&58,거래처별목록!$L$6:$L$505,0)),"")) | D63: =IF($B63="","",IFERROR(INDEX(원자재마스터!$C$3:$C$502,MATCH("R"&58,거래처별목록!$L$6:$L$505,0)),"")) | E63: =IF($B63="","",IFERROR(INDEX(원자재마스터!$G$3:$G$502,MATCH("R"&58,거래처별목록!$L$6:$L$505,0)),"")) | F63: =IF($B63="","",IFERROR(INDEX(원자재마스터!$J$3:$J$502,MATCH("R"&58,거래처별목록!$L$6:$L$505,0)),"")) | G63: =IF($B63="","",IFERROR(INDEX(원자재마스터!$K$3:$K$502,MATCH("R"&58,거래처별목록!$L$6:$L$505,0)),"")) | J63: =IF(원자재마스터!$A60="",FALSE(),원자재마스터!$L60=$B$3) -> FALSE | K63: =IF($J63=FALSE(),"",COUNTIF($J$6:$J63,TRUE())) | L63: =IF($K63="","","R"&$K63)
A64: =IF($B64="","",59) | B64: =IFERROR(INDEX(원자재마스터!$A$3:$A$502,MATCH("R"&59,거래처별목록!$L$6:$L$505,0)),"") | C64: =IF($B64="","",IFERROR(INDEX(원자재마스터!$B$3:$B$502,MATCH("R"&59,거래처별목록!$L$6:$L$505,0)),"")) | D64: =IF($B64="","",IFERROR(INDEX(원자재마스터!$C$3:$C$502,MATCH("R"&59,거래처별목록!$L$6:$L$505,0)),"")) | E64: =IF($B64="","",IFERROR(INDEX(원자재마스터!$G$3:$G$502,MATCH("R"&59,거래처별목록!$L$6:$L$505,0)),"")) | F64: =IF($B64="","",IFERROR(INDEX(원자재마스터!$J$3:$J$502,MATCH("R"&59,거래처별목록!$L$6:$L$505,0)),"")) | G64: =IF($B64="","",IFERROR(INDEX(원자재마스터!$K$3:$K$502,MATCH("R"&59,거래처별목록!$L$6:$L$505,0)),"")) | J64: =IF(원자재마스터!$A61="",FALSE(),원자재마스터!$L61=$B$3) -> FALSE | K64: =IF($J64=FALSE(),"",COUNTIF($J$6:$J64,TRUE())) | L64: =IF($K64="","","R"&$K64)
A65: =IF($B65="","",60) | B65: =IFERROR(INDEX(원자재마스터!$A$3:$A$502,MATCH("R"&60,거래처별목록!$L$6:$L$505,0)),"") | C65: =IF($B65="","",IFERROR(INDEX(원자재마스터!$B$3:$B$502,MATCH("R"&60,거래처별목록!$L$6:$L$505,0)),"")) | D65: =IF($B65="","",IFERROR(INDEX(원자재마스터!$C$3:$C$502,MATCH("R"&60,거래처별목록!$L$6:$L$505,0)),"")) | E65: =IF($B65="","",IFERROR(INDEX(원자재마스터!$G$3:$G$502,MATCH("R"&60,거래처별목록!$L$6:$L$505,0)),"")) | F65: =IF($B65="","",IFERROR(INDEX(원자재마스터!$J$3:$J$502,MATCH("R"&60,거래처별목록!$L$6:$L$505,0)),"")) | G65: =IF($B65="","",IFERROR(INDEX(원자재마스터!$K$3:$K$502,MATCH("R"&60,거래처별목록!$L$6:$L$505,0)),"")) | J65: =IF(원자재마스터!$A62="",FALSE(),원자재마스터!$L62=$B$3) -> FALSE | K65: =IF($J65=FALSE(),"",COUNTIF($J$6:$J65,TRUE())) | L65: =IF($K65="","","R"&$K65)
A66: =IF($B66="","",61) | B66: =IFERROR(INDEX(원자재마스터!$A$3:$A$502,MATCH("R"&61,거래처별목록!$L$6:$L$505,0)),"") | C66: =IF($B66="","",IFERROR(INDEX(원자재마스터!$B$3:$B$502,MATCH("R"&61,거래처별목록!$L$6:$L$505,0)),"")) | D66: =IF($B66="","",IFERROR(INDEX(원자재마스터!$C$3:$C$502,MATCH("R"&61,거래처별목록!$L$6:$L$505,0)),"")) | E66: =IF($B66="","",IFERROR(INDEX(원자재마스터!$G$3:$G$502,MATCH("R"&61,거래처별목록!$L$6:$L$505,0)),"")) | F66: =IF($B66="","",IFERROR(INDEX(원자재마스터!$J$3:$J$502,MATCH("R"&61,거래처별목록!$L$6:$L$505,0)),"")) | G66: =IF($B66="","",IFERROR(INDEX(원자재마스터!$K$3:$K$502,MATCH("R"&61,거래처별목록!$L$6:$L$505,0)),"")) | J66: =IF(원자재마스터!$A63="",FALSE(),원자재마스터!$L63=$B$3) -> FALSE | K66: =IF($J66=FALSE(),"",COUNTIF($J$6:$J66,TRUE())) | L66: =IF($K66="","","R"&$K66)
A67: =IF($B67="","",62) | B67: =IFERROR(INDEX(원자재마스터!$A$3:$A$502,MATCH("R"&62,거래처별목록!$L$6:$L$505,0)),"") | C67: =IF($B67="","",IFERROR(INDEX(원자재마스터!$B$3:$B$502,MATCH("R"&62,거래처별목록!$L$6:$L$505,0)),"")) | D67: =IF($B67="","",IFERROR(INDEX(원자재마스터!$C$3:$C$502,MATCH("R"&62,거래처별목록!$L$6:$L$505,0)),"")) | E67: =IF($B67="","",IFERROR(INDEX(원자재마스터!$G$3:$G$502,MATCH("R"&62,거래처별목록!$L$6:$L$505,0)),"")) | F67: =IF($B67="","",IFERROR(INDEX(원자재마스터!$J$3:$J$502,MATCH("R"&62,거래처별목록!$L$6:$L$505,0)),"")) | G67: =IF($B67="","",IFERROR(INDEX(원자재마스터!$K$3:$K$502,MATCH("R"&62,거래처별목록!$L$6:$L$505,0)),"")) | J67: =IF(원자재마스터!$A64="",FALSE(),원자재마스터!$L64=$B$3) -> FALSE | K67: =IF($J67=FALSE(),"",COUNTIF($J$6:$J67,TRUE())) | L67: =IF($K67="","","R"&$K67)
A68: =IF($B68="","",63) | B68: =IFERROR(INDEX(원자재마스터!$A$3:$A$502,MATCH("R"&63,거래처별목록!$L$6:$L$505,0)),"") | C68: =IF($B68="","",IFERROR(INDEX(원자재마스터!$B$3:$B$502,MATCH("R"&63,거래처별목록!$L$6:$L$505,0)),"")) | D68: =IF($B68="","",IFERROR(INDEX(원자재마스터!$C$3:$C$502,MATCH("R"&63,거래처별목록!$L$6:$L$505,0)),"")) | E68: =IF($B68="","",IFERROR(INDEX(원자재마스터!$G$3:$G$502,MATCH("R"&63,거래처별목록!$L$6:$L$505,0)),"")) | F68: =IF($B68="","",IFERROR(INDEX(원자재마스터!$J$3:$J$502,MATCH("R"&63,거래처별목록!$L$6:$L$505,0)),"")) | G68: =IF($B68="","",IFERROR(INDEX(원자재마스터!$K$3:$K$502,MATCH("R"&63,거래처별목록!$L$6:$L$505,0)),"")) | J68: =IF(원자재마스터!$A65="",FALSE(),원자재마스터!$L65=$B$3) -> FALSE | K68: =IF($J68=FALSE(),"",COUNTIF($J$6:$J68,TRUE())) | L68: =IF($K68="","","R"&$K68)
A69: =IF($B69="","",64) | B69: =IFERROR(INDEX(원자재마스터!$A$3:$A$502,MATCH("R"&64,거래처별목록!$L$6:$L$505,0)),"") | C69: =IF($B69="","",IFERROR(INDEX(원자재마스터!$B$3:$B$502,MATCH("R"&64,거래처별목록!$L$6:$L$505,0)),"")) | D69: =IF($B69="","",IFERROR(INDEX(원자재마스터!$C$3:$C$502,MATCH("R"&64,거래처별목록!$L$6:$L$505,0)),"")) | E69: =IF($B69="","",IFERROR(INDEX(원자재마스터!$G$3:$G$502,MATCH("R"&64,거래처별목록!$L$6:$L$505,0)),"")) | F69: =IF($B69="","",IFERROR(INDEX(원자재마스터!$J$3:$J$502,MATCH("R"&64,거래처별목록!$L$6:$L$505,0)),"")) | G69: =IF($B69="","",IFERROR(INDEX(원자재마스터!$K$3:$K$502,MATCH("R"&64,거래처별목록!$L$6:$L$505,0)),"")) | J69: =IF(원자재마스터!$A66="",FALSE(),원자재마스터!$L66=$B$3) -> FALSE | K69: =IF($J69=FALSE(),"",COUNTIF($J$6:$J69,TRUE())) | L69: =IF($K69="","","R"&$K69)
A70: =IF($B70="","",65) | B70: =IFERROR(INDEX(원자재마스터!$A$3:$A$502,MATCH("R"&65,거래처별목록!$L$6:$L$505,0)),"") | C70: =IF($B70="","",IFERROR(INDEX(원자재마스터!$B$3:$B$502,MATCH("R"&65,거래처별목록!$L$6:$L$505,0)),"")) | D70: =IF($B70="","",IFERROR(INDEX(원자재마스터!$C$3:$C$502,MATCH("R"&65,거래처별목록!$L$6:$L$505,0)),"")) | E70: =IF($B70="","",IFERROR(INDEX(원자재마스터!$G$3:$G$502,MATCH("R"&65,거래처별목록!$L$6:$L$505,0)),"")) | F70: =IF($B70="","",IFERROR(INDEX(원자재마스터!$J$3:$J$502,MATCH("R"&65,거래처별목록!$L$6:$L$505,0)),"")) | G70: =IF($B70="","",IFERROR(INDEX(원자재마스터!$K$3:$K$502,MATCH("R"&65,거래처별목록!$L$6:$L$505,0)),"")) | J70: =IF(원자재마스터!$A67="",FALSE(),원자재마스터!$L67=$B$3) -> FALSE | K70: =IF($J70=FALSE(),"",COUNTIF($J$6:$J70,TRUE())) | L70: =IF($K70="","","R"&$K70)
A71: =IF($B71="","",66) | B71: =IFERROR(INDEX(원자재마스터!$A$3:$A$502,MATCH("R"&66,거래처별목록!$L$6:$L$505,0)),"") | C71: =IF($B71="","",IFERROR(INDEX(원자재마스터!$B$3:$B$502,MATCH("R"&66,거래처별목록!$L$6:$L$505,0)),"")) | D71: =IF($B71="","",IFERROR(INDEX(원자재마스터!$C$3:$C$502,MATCH("R"&66,거래처별목록!$L$6:$L$505,0)),"")) | E71: =IF($B71="","",IFERROR(INDEX(원자재마스터!$G$3:$G$502,MATCH("R"&66,거래처별목록!$L$6:$L$505,0)),"")) | F71: =IF($B71="","",IFERROR(INDEX(원자재마스터!$J$3:$J$502,MATCH("R"&66,거래처별목록!$L$6:$L$505,0)),"")) | G71: =IF($B71="","",IFERROR(INDEX(원자재마스터!$K$3:$K$502,MATCH("R"&66,거래처별목록!$L$6:$L$505,0)),"")) | J71: =IF(원자재마스터!$A68="",FALSE(),원자재마스터!$L68=$B$3) -> FALSE | K71: =IF($J71=FALSE(),"",COUNTIF($J$6:$J71,TRUE())) | L71: =IF($K71="","","R"&$K71)
A72: =IF($B72="","",67) | B72: =IFERROR(INDEX(원자재마스터!$A$3:$A$502,MATCH("R"&67,거래처별목록!$L$6:$L$505,0)),"") | C72: =IF($B72="","",IFERROR(INDEX(원자재마스터!$B$3:$B$502,MATCH("R"&67,거래처별목록!$L$6:$L$505,0)),"")) | D72: =IF($B72="","",IFERROR(INDEX(원자재마스터!$C$3:$C$502,MATCH("R"&67,거래처별목록!$L$6:$L$505,0)),"")) | E72: =IF($B72="","",IFERROR(INDEX(원자재마스터!$G$3:$G$502,MATCH("R"&67,거래처별목록!$L$6:$L$505,0)),"")) | F72: =IF($B72="","",IFERROR(INDEX(원자재마스터!$J$3:$J$502,MATCH("R"&67,거래처별목록!$L$6:$L$505,0)),"")) | G72: =IF($B72="","",IFERROR(INDEX(원자재마스터!$K$3:$K$502,MATCH("R"&67,거래처별목록!$L$6:$L$505,0)),"")) | J72: =IF(원자재마스터!$A69="",FALSE(),원자재마스터!$L69=$B$3) -> FALSE | K72: =IF($J72=FALSE(),"",COUNTIF($J$6:$J72,TRUE())) | L72: =IF($K72="","","R"&$K72)
A73: =IF($B73="","",68) | B73: =IFERROR(INDEX(원자재마스터!$A$3:$A$502,MATCH("R"&68,거래처별목록!$L$6:$L$505,0)),"") | C73: =IF($B73="","",IFERROR(INDEX(원자재마스터!$B$3:$B$502,MATCH("R"&68,거래처별목록!$L$6:$L$505,0)),"")) | D73: =IF($B73="","",IFERROR(INDEX(원자재마스터!$C$3:$C$502,MATCH("R"&68,거래처별목록!$L$6:$L$505,0)),"")) | E73: =IF($B73="","",IFERROR(INDEX(원자재마스터!$G$3:$G$502,MATCH("R"&68,거래처별목록!$L$6:$L$505,0)),"")) | F73: =IF($B73="","",IFERROR(INDEX(원자재마스터!$J$3:$J$502,MATCH("R"&68,거래처별목록!$L$6:$L$505,0)),"")) | G73: =IF($B73="","",IFERROR(INDEX(원자재마스터!$K$3:$K$502,MATCH("R"&68,거래처별목록!$L$6:$L$505,0)),"")) | J73: =IF(원자재마스터!$A70="",FALSE(),원자재마스터!$L70=$B$3) -> FALSE | K73: =IF($J73=FALSE(),"",COUNTIF($J$6:$J73,TRUE())) | L73: =IF($K73="","","R"&$K73)
A74: =IF($B74="","",69) | B74: =IFERROR(INDEX(원자재마스터!$A$3:$A$502,MATCH("R"&69,거래처별목록!$L$6:$L$505,0)),"") | C74: =IF($B74="","",IFERROR(INDEX(원자재마스터!$B$3:$B$502,MATCH("R"&69,거래처별목록!$L$6:$L$505,0)),"")) | D74: =IF($B74="","",IFERROR(INDEX(원자재마스터!$C$3:$C$502,MATCH("R"&69,거래처별목록!$L$6:$L$505,0)),"")) | E74: =IF($B74="","",IFERROR(INDEX(원자재마스터!$G$3:$G$502,MATCH("R"&69,거래처별목록!$L$6:$L$505,0)),"")) | F74: =IF($B74="","",IFERROR(INDEX(원자재마스터!$J$3:$J$502,MATCH("R"&69,거래처별목록!$L$6:$L$505,0)),"")) | G74: =IF($B74="","",IFERROR(INDEX(원자재마스터!$K$3:$K$502,MATCH("R"&69,거래처별목록!$L$6:$L$505,0)),"")) | J74: =IF(원자재마스터!$A71="",FALSE(),원자재마스터!$L71=$B$3) -> FALSE | K74: =IF($J74=FALSE(),"",COUNTIF($J$6:$J74,TRUE())) | L74: =IF($K74="","","R"&$K74)
A75: =IF($B75="","",70) | B75: =IFERROR(INDEX(원자재마스터!$A$3:$A$502,MATCH("R"&70,거래처별목록!$L$6:$L$505,0)),"") | C75: =IF($B75="","",IFERROR(INDEX(원자재마스터!$B$3:$B$502,MATCH("R"&70,거래처별목록!$L$6:$L$505,0)),"")) | D75: =IF($B75="","",IFERROR(INDEX(원자재마스터!$C$3:$C$502,MATCH("R"&70,거래처별목록!$L$6:$L$505,0)),"")) | E75: =IF($B75="","",IFERROR(INDEX(원자재마스터!$G$3:$G$502,MATCH("R"&70,거래처별목록!$L$6:$L$505,0)),"")) | F75: =IF($B75="","",IFERROR(INDEX(원자재마스터!$J$3:$J$502,MATCH("R"&70,거래처별목록!$L$6:$L$505,0)),"")) | G75: =IF($B75="","",IFERROR(INDEX(원자재마스터!$K$3:$K$502,MATCH("R"&70,거래처별목록!$L$6:$L$505,0)),"")) | J75: =IF(원자재마스터!$A72="",FALSE(),원자재마스터!$L72=$B$3) -> FALSE | K75: =IF($J75=FALSE(),"",COUNTIF($J$6:$J75,TRUE())) | L75: =IF($K75="","","R"&$K75)
A76: =IF($B76="","",71) | B76: =IFERROR(INDEX(원자재마스터!$A$3:$A$502,MATCH("R"&71,거래처별목록!$L$6:$L$505,0)),"") | C76: =IF($B76="","",IFERROR(INDEX(원자재마스터!$B$3:$B$502,MATCH("R"&71,거래처별목록!$L$6:$L$505,0)),"")) | D76: =IF($B76="","",IFERROR(INDEX(원자재마스터!$C$3:$C$502,MATCH("R"&71,거래처별목록!$L$6:$L$505,0)),"")) | E76: =IF($B76="","",IFERROR(INDEX(원자재마스터!$G$3:$G$502,MATCH("R"&71,거래처별목록!$L$6:$L$505,0)),"")) | F76: =IF($B76="","",IFERROR(INDEX(원자재마스터!$J$3:$J$502,MATCH("R"&71,거래처별목록!$L$6:$L$505,0)),"")) | G76: =IF($B76="","",IFERROR(INDEX(원자재마스터!$K$3:$K$502,MATCH("R"&71,거래처별목록!$L$6:$L$505,0)),"")) | J76: =IF(원자재마스터!$A73="",FALSE(),원자재마스터!$L73=$B$3) -> FALSE | K76: =IF($J76=FALSE(),"",COUNTIF($J$6:$J76,TRUE())) | L76: =IF($K76="","","R"&$K76)
A77: =IF($B77="","",72) | B77: =IFERROR(INDEX(원자재마스터!$A$3:$A$502,MATCH("R"&72,거래처별목록!$L$6:$L$505,0)),"") | C77: =IF($B77="","",IFERROR(INDEX(원자재마스터!$B$3:$B$502,MATCH("R"&72,거래처별목록!$L$6:$L$505,0)),"")) | D77: =IF($B77="","",IFERROR(INDEX(원자재마스터!$C$3:$C$502,MATCH("R"&72,거래처별목록!$L$6:$L$505,0)),"")) | E77: =IF($B77="","",IFERROR(INDEX(원자재마스터!$G$3:$G$502,MATCH("R"&72,거래처별목록!$L$6:$L$505,0)),"")) | F77: =IF($B77="","",IFERROR(INDEX(원자재마스터!$J$3:$J$502,MATCH("R"&72,거래처별목록!$L$6:$L$505,0)),"")) | G77: =IF($B77="","",IFERROR(INDEX(원자재마스터!$K$3:$K$502,MATCH("R"&72,거래처별목록!$L$6:$L$505,0)),"")) | J77: =IF(원자재마스터!$A74="",FALSE(),원자재마스터!$L74=$B$3) -> FALSE | K77: =IF($J77=FALSE(),"",COUNTIF($J$6:$J77,TRUE())) | L77: =IF($K77="","","R"&$K77)
A78: =IF($B78="","",73) | B78: =IFERROR(INDEX(원자재마스터!$A$3:$A$502,MATCH("R"&73,거래처별목록!$L$6:$L$505,0)),"") | C78: =IF($B78="","",IFERROR(INDEX(원자재마스터!$B$3:$B$502,MATCH("R"&73,거래처별목록!$L$6:$L$505,0)),"")) | D78: =IF($B78="","",IFERROR(INDEX(원자재마스터!$C$3:$C$502,MATCH("R"&73,거래처별목록!$L$6:$L$505,0)),"")) | E78: =IF($B78="","",IFERROR(INDEX(원자재마스터!$G$3:$G$502,MATCH("R"&73,거래처별목록!$L$6:$L$505,0)),"")) | F78: =IF($B78="","",IFERROR(INDEX(원자재마스터!$J$3:$J$502,MATCH("R"&73,거래처별목록!$L$6:$L$505,0)),"")) | G78: =IF($B78="","",IFERROR(INDEX(원자재마스터!$K$3:$K$502,MATCH("R"&73,거래처별목록!$L$6:$L$505,0)),"")) | J78: =IF(원자재마스터!$A75="",FALSE(),원자재마스터!$L75=$B$3) -> FALSE | K78: =IF($J78=FALSE(),"",COUNTIF($J$6:$J78,TRUE())) | L78: =IF($K78="","","R"&$K78)
A79: =IF($B79="","",74) | B79: =IFERROR(INDEX(원자재마스터!$A$3:$A$502,MATCH("R"&74,거래처별목록!$L$6:$L$505,0)),"") | C79: =IF($B79="","",IFERROR(INDEX(원자재마스터!$B$3:$B$502,MATCH("R"&74,거래처별목록!$L$6:$L$505,0)),"")) | D79: =IF($B79="","",IFERROR(INDEX(원자재마스터!$C$3:$C$502,MATCH("R"&74,거래처별목록!$L$6:$L$505,0)),"")) | E79: =IF($B79="","",IFERROR(INDEX(원자재마스터!$G$3:$G$502,MATCH("R"&74,거래처별목록!$L$6:$L$505,0)),"")) | F79: =IF($B79="","",IFERROR(INDEX(원자재마스터!$J$3:$J$502,MATCH("R"&74,거래처별목록!$L$6:$L$505,0)),"")) | G79: =IF($B79="","",IFERROR(INDEX(원자재마스터!$K$3:$K$502,MATCH("R"&74,거래처별목록!$L$6:$L$505,0)),"")) | J79: =IF(원자재마스터!$A76="",FALSE(),원자재마스터!$L76=$B$3) -> FALSE | K79: =IF($J79=FALSE(),"",COUNTIF($J$6:$J79,TRUE())) | L79: =IF($K79="","","R"&$K79)
A80: =IF($B80="","",75) | B80: =IFERROR(INDEX(원자재마스터!$A$3:$A$502,MATCH("R"&75,거래처별목록!$L$6:$L$505,0)),"") | C80: =IF($B80="","",IFERROR(INDEX(원자재마스터!$B$3:$B$502,MATCH("R"&75,거래처별목록!$L$6:$L$505,0)),"")) | D80: =IF($B80="","",IFERROR(INDEX(원자재마스터!$C$3:$C$502,MATCH("R"&75,거래처별목록!$L$6:$L$505,0)),"")) | E80: =IF($B80="","",IFERROR(INDEX(원자재마스터!$G$3:$G$502,MATCH("R"&75,거래처별목록!$L$6:$L$505,0)),"")) | F80: =IF($B80="","",IFERROR(INDEX(원자재마스터!$J$3:$J$502,MATCH("R"&75,거래처별목록!$L$6:$L$505,0)),"")) | G80: =IF($B80="","",IFERROR(INDEX(원자재마스터!$K$3:$K$502,MATCH("R"&75,거래처별목록!$L$6:$L$505,0)),"")) | J80: =IF(원자재마스터!$A77="",FALSE(),원자재마스터!$L77=$B$3) -> FALSE | K80: =IF($J80=FALSE(),"",COUNTIF($J$6:$J80,TRUE())) | L80: =IF($K80="","","R"&$K80)
A81: =IF($B81="","",76) | B81: =IFERROR(INDEX(원자재마스터!$A$3:$A$502,MATCH("R"&76,거래처별목록!$L$6:$L$505,0)),"") | C81: =IF($B81="","",IFERROR(INDEX(원자재마스터!$B$3:$B$502,MATCH("R"&76,거래처별목록!$L$6:$L$505,0)),"")) | D81: =IF($B81="","",IFERROR(INDEX(원자재마스터!$C$3:$C$502,MATCH("R"&76,거래처별목록!$L$6:$L$505,0)),"")) | E81: =IF($B81="","",IFERROR(INDEX(원자재마스터!$G$3:$G$502,MATCH("R"&76,거래처별목록!$L$6:$L$505,0)),"")) | F81: =IF($B81="","",IFERROR(INDEX(원자재마스터!$J$3:$J$502,MATCH("R"&76,거래처별목록!$L$6:$L$505,0)),"")) | G81: =IF($B81="","",IFERROR(INDEX(원자재마스터!$K$3:$K$502,MATCH("R"&76,거래처별목록!$L$6:$L$505,0)),"")) | J81: =IF(원자재마스터!$A78="",FALSE(),원자재마스터!$L78=$B$3) -> FALSE | K81: =IF($J81=FALSE(),"",COUNTIF($J$6:$J81,TRUE())) | L81: =IF($K81="","","R"&$K81)
A82: =IF($B82="","",77) | B82: =IFERROR(INDEX(원자재마스터!$A$3:$A$502,MATCH("R"&77,거래처별목록!$L$6:$L$505,0)),"") | C82: =IF($B82="","",IFERROR(INDEX(원자재마스터!$B$3:$B$502,MATCH("R"&77,거래처별목록!$L$6:$L$505,0)),"")) | D82: =IF($B82="","",IFERROR(INDEX(원자재마스터!$C$3:$C$502,MATCH("R"&77,거래처별목록!$L$6:$L$505,0)),"")) | E82: =IF($B82="","",IFERROR(INDEX(원자재마스터!$G$3:$G$502,MATCH("R"&77,거래처별목록!$L$6:$L$505,0)),"")) | F82: =IF($B82="","",IFERROR(INDEX(원자재마스터!$J$3:$J$502,MATCH("R"&77,거래처별목록!$L$6:$L$505,0)),"")) | G82: =IF($B82="","",IFERROR(INDEX(원자재마스터!$K$3:$K$502,MATCH("R"&77,거래처별목록!$L$6:$L$505,0)),"")) | J82: =IF(원자재마스터!$A79="",FALSE(),원자재마스터!$L79=$B$3) -> FALSE | K82: =IF($J82=FALSE(),"",COUNTIF($J$6:$J82,TRUE())) | L82: =IF($K82="","","R"&$K82)
A83: =IF($B83="","",78) | B83: =IFERROR(INDEX(원자재마스터!$A$3:$A$502,MATCH("R"&78,거래처별목록!$L$6:$L$505,0)),"") | C83: =IF($B83="","",IFERROR(INDEX(원자재마스터!$B$3:$B$502,MATCH("R"&78,거래처별목록!$L$6:$L$505,0)),"")) | D83: =IF($B83="","",IFERROR(INDEX(원자재마스터!$C$3:$C$502,MATCH("R"&78,거래처별목록!$L$6:$L$505,0)),"")) | E83: =IF($B83="","",IFERROR(INDEX(원자재마스터!$G$3:$G$502,MATCH("R"&78,거래처별목록!$L$6:$L$505,0)),"")) | F83: =IF($B83="","",IFERROR(INDEX(원자재마스터!$J$3:$J$502,MATCH("R"&78,거래처별목록!$L$6:$L$505,0)),"")) | G83: =IF($B83="","",IFERROR(INDEX(원자재마스터!$K$3:$K$502,MATCH("R"&78,거래처별목록!$L$6:$L$505,0)),"")) | J83: =IF(원자재마스터!$A80="",FALSE(),원자재마스터!$L80=$B$3) -> FALSE | K83: =IF($J83=FALSE(),"",COUNTIF($J$6:$J83,TRUE())) | L83: =IF($K83="","","R"&$K83)
A84: =IF($B84="","",79) | B84: =IFERROR(INDEX(원자재마스터!$A$3:$A$502,MATCH("R"&79,거래처별목록!$L$6:$L$505,0)),"") | C84: =IF($B84="","",IFERROR(INDEX(원자재마스터!$B$3:$B$502,MATCH("R"&79,거래처별목록!$L$6:$L$505,0)),"")) | D84: =IF($B84="","",IFERROR(INDEX(원자재마스터!$C$3:$C$502,MATCH("R"&79,거래처별목록!$L$6:$L$505,0)),"")) | E84: =IF($B84="","",IFERROR(INDEX(원자재마스터!$G$3:$G$502,MATCH("R"&79,거래처별목록!$L$6:$L$505,0)),"")) | F84: =IF($B84="","",IFERROR(INDEX(원자재마스터!$J$3:$J$502,MATCH("R"&79,거래처별목록!$L$6:$L$505,0)),"")) | G84: =IF($B84="","",IFERROR(INDEX(원자재마스터!$K$3:$K$502,MATCH("R"&79,거래처별목록!$L$6:$L$505,0)),"")) | J84: =IF(원자재마스터!$A81="",FALSE(),원자재마스터!$L81=$B$3) -> FALSE | K84: =IF($J84=FALSE(),"",COUNTIF($J$6:$J84,TRUE())) | L84: =IF($K84="","","R"&$K84)
A85: =IF($B85="","",80) | B85: =IFERROR(INDEX(원자재마스터!$A$3:$A$502,MATCH("R"&80,거래처별목록!$L$6:$L$505,0)),"") | C85: =IF($B85="","",IFERROR(INDEX(원자재마스터!$B$3:$B$502,MATCH("R"&80,거래처별목록!$L$6:$L$505,0)),"")) | D85: =IF($B85="","",IFERROR(INDEX(원자재마스터!$C$3:$C$502,MATCH("R"&80,거래처별목록!$L$6:$L$505,0)),"")) | E85: =IF($B85="","",IFERROR(INDEX(원자재마스터!$G$3:$G$502,MATCH("R"&80,거래처별목록!$L$6:$L$505,0)),"")) | F85: =IF($B85="","",IFERROR(INDEX(원자재마스터!$J$3:$J$502,MATCH("R"&80,거래처별목록!$L$6:$L$505,0)),"")) | G85: =IF($B85="","",IFERROR(INDEX(원자재마스터!$K$3:$K$502,MATCH("R"&80,거래처별목록!$L$6:$L$505,0)),"")) | J85: =IF(원자재마스터!$A82="",FALSE(),원자재마스터!$L82=$B$3) -> FALSE | K85: =IF($J85=FALSE(),"",COUNTIF($J$6:$J85,TRUE())) | L85: =IF($K85="","","R"&$K85)
J86: =IF(원자재마스터!$A83="",FALSE(),원자재마스터!$L83=$B$3) -> FALSE | K86: =IF($J86=FALSE(),"",COUNTIF($J$6:$J86,TRUE())) | L86: =IF($K86="","","R"&$K86)
J87: =IF(원자재마스터!$A84="",FALSE(),원자재마스터!$L84=$B$3) -> FALSE | K87: =IF($J87=FALSE(),"",COUNTIF($J$6:$J87,TRUE())) | L87: =IF($K87="","","R"&$K87)
J88: =IF(원자재마스터!$A85="",FALSE(),원자재마스터!$L85=$B$3) -> FALSE | K88: =IF($J88=FALSE(),"",COUNTIF($J$6:$J88,TRUE())) | L88: =IF($K88="","","R"&$K88)
J89: =IF(원자재마스터!$A86="",FALSE(),원자재마스터!$L86=$B$3) -> FALSE | K89: =IF($J89=FALSE(),"",COUNTIF($J$6:$J89,TRUE())) | L89: =IF($K89="","","R"&$K89)
J90: =IF(원자재마스터!$A87="",FALSE(),원자재마스터!$L87=$B$3) -> FALSE | K90: =IF($J90=FALSE(),"",COUNTIF($J$6:$J90,TRUE())) | L90: =IF($K90="","","R"&$K90)
J91: =IF(원자재마스터!$A88="",FALSE(),원자재마스터!$L88=$B$3) -> FALSE | K91: =IF($J91=FALSE(),"",COUNTIF($J$6:$J91,TRUE())) | L91: =IF($K91="","","R"&$K91)
J92: =IF(원자재마스터!$A89="",FALSE(),원자재마스터!$L89=$B$3) -> FALSE | K92: =IF($J92=FALSE(),"",COUNTIF($J$6:$J92,TRUE())) | L92: =IF($K92="","","R"&$K92)
J93: =IF(원자재마스터!$A90="",FALSE(),원자재마스터!$L90=$B$3) -> FALSE | K93: =IF($J93=FALSE(),"",COUNTIF($J$6:$J93,TRUE())) | L93: =IF($K93="","","R"&$K93)
J94: =IF(원자재마스터!$A91="",FALSE(),원자재마스터!$L91=$B$3) -> FALSE | K94: =IF($J94=FALSE(),"",COUNTIF($J$6:$J94,TRUE())) | L94: =IF($K94="","","R"&$K94)
J95: =IF(원자재마스터!$A92="",FALSE(),원자재마스터!$L92=$B$3) -> FALSE | K95: =IF($J95=FALSE(),"",COUNTIF($J$6:$J95,TRUE())) | L95: =IF($K95="","","R"&$K95)
J96: =IF(원자재마스터!$A93="",FALSE(),원자재마스터!$L93=$B$3) -> FALSE | K96: =IF($J96=FALSE(),"",COUNTIF($J$6:$J96,TRUE())) | L96: =IF($K96="","","R"&$K96)
J97: =IF(원자재마스터!$A94="",FALSE(),원자재마스터!$L94=$B$3) -> FALSE | K97: =IF($J97=FALSE(),"",COUNTIF($J$6:$J97,TRUE())) | L97: =IF($K97="","","R"&$K97)
... J505: =IF(원자재마스터!$A502="",FALSE(),원자재마스터!$L502=$B$3) -> FALSE | K505: =IF($J505=FALSE(),"",COUNTIF($J$6:$J505,TRUE())) | L505: =IF($K505="","","R"&$K505)

Sheet 규격라벨
A1: 규격라벨 (A4 한 장에 12개 · 자재함 부착용)
A3: 시작 순번 | B3: 1 | C3: ← 원자재마스터의 몇 번째 줄부터 12개를 뽑을지
A5: =IFERROR(IF(INDEX(원자재마스터!$B$3:$B$502,$B$3+0)="","",INDEX(원자재마스터!$B$3:$B$502,$B$3+0)),"") -> 열연강판 | C5: =IFERROR(IF(INDEX(원자재마스터!$B$3:$B$502,$B$3+1)="","",INDEX(원자재마스터!$B$3:$B$502,$B$3+1)),"") -> 열연강판 | E5: =IFERROR(IF(INDEX(원자재마스터!$B$3:$B$502,$B$3+2)="","",INDEX(원자재마스터!$B$3:$B$502,$B$3+2)),"") -> 알루미늄판
A6: =IFERROR(IF(INDEX(원자재마스터!$G$3:$G$502,$B$3+0)="","",INDEX(원자재마스터!$G$3:$G$502,$B$3+0)),"") -> 1000 × 500 × 3.2t | C6: =IFERROR(IF(INDEX(원자재마스터!$G$3:$G$502,$B$3+1)="","",INDEX(원자재마스터!$G$3:$G$502,$B$3+1)),"") -> 1200 × 600 × 4.5t | E6: =IFERROR(IF(INDEX(원자재마스터!$G$3:$G$502,$B$3+2)="","",INDEX(원자재마스터!$G$3:$G$502,$B$3+2)),"") -> 1000 × 500 × 2t
A7: =IFERROR(IF(INDEX(원자재마스터!$A$3:$A$502,$B$3+0)="","",INDEX(원자재마스터!$A$3:$A$502,$B$3+0)&" / "&INDEX(원자재마스터!$C$3:$C$502,$B$3+0)),"") -> R001 / SS400 | C7: =IFERROR(IF(INDEX(원자재마스터!$A$3:$A$502,$B$3+1)="","",INDEX(원자재마스터!$A$3:$A$502,$B$3+1)&" / "&INDEX(원자재마스터!$C$3:$C$502,$B$3+1)),"") -> R002 / SS400 | E7: =IFERROR(IF(INDEX(원자재마스터!$A$3:$A$502,$B$3+2)="","",INDEX(원자재마스터!$A$3:$A$502,$B$3+2)&" / "&INDEX(원자재마스터!$C$3:$C$502,$B$3+2)),"") -> R003 / A5052
A9: =IFERROR(IF(INDEX(원자재마스터!$B$3:$B$502,$B$3+3)="","",INDEX(원자재마스터!$B$3:$B$502,$B$3+3)),"") -> 스테인리스판 | C9: =IFERROR(IF(INDEX(원자재마스터!$B$3:$B$502,$B$3+4)="","",INDEX(원자재마스터!$B$3:$B$502,$B$3+4)),"") | E9: =IFERROR(IF(INDEX(원자재마스터!$B$3:$B$502,$B$3+5)="","",INDEX(원자재마스터!$B$3:$B$502,$B$3+5)),"")
A10: =IFERROR(IF(INDEX(원자재마스터!$G$3:$G$502,$B$3+3)="","",INDEX(원자재마스터!$G$3:$G$502,$B$3+3)),"") -> 1000 × 500 × 1.5t | C10: =IFERROR(IF(INDEX(원자재마스터!$G$3:$G$502,$B$3+4)="","",INDEX(원자재마스터!$G$3:$G$502,$B$3+4)),"") | E10: =IFERROR(IF(INDEX(원자재마스터!$G$3:$G$502,$B$3+5)="","",INDEX(원자재마스터!$G$3:$G$502,$B$3+5)),"")
A11: =IFERROR(IF(INDEX(원자재마스터!$A$3:$A$502,$B$3+3)="","",INDEX(원자재마스터!$A$3:$A$502,$B$3+3)&" / "&INDEX(원자재마스터!$C$3:$C$502,$B$3+3)),"") -> R004 / STS304 | C11: =IFERROR(IF(INDEX(원자재마스터!$A$3:$A$502,$B$3+4)="","",INDEX(원자재마스터!$A$3:$A$502,$B$3+4)&" / "&INDEX(원자재마스터!$C$3:$C$502,$B$3+4)),"") | E11: =IFERROR(IF(INDEX(원자재마스터!$A$3:$A$502,$B$3+5)="","",INDEX(원자재마스터!$A$3:$A$502,$B$3+5)&" / "&INDEX(원자재마스터!$C$3:$C$502,$B$3+5)),"")
A13: =IFERROR(IF(INDEX(원자재마스터!$B$3:$B$502,$B$3+6)="","",INDEX(원자재마스터!$B$3:$B$502,$B$3+6)),"") | C13: =IFERROR(IF(INDEX(원자재마스터!$B$3:$B$502,$B$3+7)="","",INDEX(원자재마스터!$B$3:$B$502,$B$3+7)),"") | E13: =IFERROR(IF(INDEX(원자재마스터!$B$3:$B$502,$B$3+8)="","",INDEX(원자재마스터!$B$3:$B$502,$B$3+8)),"")
A14: =IFERROR(IF(INDEX(원자재마스터!$G$3:$G$502,$B$3+6)="","",INDEX(원자재마스터!$G$3:$G$502,$B$3+6)),"") | C14: =IFERROR(IF(INDEX(원자재마스터!$G$3:$G$502,$B$3+7)="","",INDEX(원자재마스터!$G$3:$G$502,$B$3+7)),"") | E14: =IFERROR(IF(INDEX(원자재마스터!$G$3:$G$502,$B$3+8)="","",INDEX(원자재마스터!$G$3:$G$502,$B$3+8)),"")
A15: =IFERROR(IF(INDEX(원자재마스터!$A$3:$A$502,$B$3+6)="","",INDEX(원자재마스터!$A$3:$A$502,$B$3+6)&" / "&INDEX(원자재마스터!$C$3:$C$502,$B$3+6)),"") | C15: =IFERROR(IF(INDEX(원자재마스터!$A$3:$A$502,$B$3+7)="","",INDEX(원자재마스터!$A$3:$A$502,$B$3+7)&" / "&INDEX(원자재마스터!$C$3:$C$502,$B$3+7)),"") | E15: =IFERROR(IF(INDEX(원자재마스터!$A$3:$A$502,$B$3+8)="","",INDEX(원자재마스터!$A$3:$A$502,$B$3+8)&" / "&INDEX(원자재마스터!$C$3:$C$502,$B$3+8)),"")
A17: =IFERROR(IF(INDEX(원자재마스터!$B$3:$B$502,$B$3+9)="","",INDEX(원자재마스터!$B$3:$B$502,$B$3+9)),"") | C17: =IFERROR(IF(INDEX(원자재마스터!$B$3:$B$502,$B$3+10)="","",INDEX(원자재마스터!$B$3:$B$502,$B$3+10)),"") | E17: =IFERROR(IF(INDEX(원자재마스터!$B$3:$B$502,$B$3+11)="","",INDEX(원자재마스터!$B$3:$B$502,$B$3+11)),"")
A18: =IFERROR(IF(INDEX(원자재마스터!$G$3:$G$502,$B$3+9)="","",INDEX(원자재마스터!$G$3:$G$502,$B$3+9)),"") | C18: =IFERROR(IF(INDEX(원자재마스터!$G$3:$G$502,$B$3+10)="","",INDEX(원자재마스터!$G$3:$G$502,$B$3+10)),"") | E18: =IFERROR(IF(INDEX(원자재마스터!$G$3:$G$502,$B$3+11)="","",INDEX(원자재마스터!$G$3:$G$502,$B$3+11)),"")
A19: =IFERROR(IF(INDEX(원자재마스터!$A$3:$A$502,$B$3+9)="","",INDEX(원자재마스터!$A$3:$A$502,$B$3+9)&" / "&INDEX(원자재마스터!$C$3:$C$502,$B$3+9)),"") | C19: =IFERROR(IF(INDEX(원자재마스터!$A$3:$A$502,$B$3+10)="","",INDEX(원자재마스터!$A$3:$A$502,$B$3+10)&" / "&INDEX(원자재마스터!$C$3:$C$502,$B$3+10)),"") | E19: =IFERROR(IF(INDEX(원자재마스터!$A$3:$A$502,$B$3+11)="","",INDEX(원자재마스터!$A$3:$A$502,$B$3+11)&" / "&INDEX(원자재마스터!$C$3:$C$502,$B$3+11)),"")
A23: ※ 원자재마스터의 행 순서대로 12개가 뽑힙니다. 중간에 빈 줄이 있으면 비어 보입니다.
