Workbook

Sheet 사용안내
B2: 직원 교육 · 자격 이수 관리
B4: 핵심 | C4: 이수일과 주기만 넣으면 다음 이수 기한이 자동으로 계산되고, 기한이 다가오면 알려줍니다.
B5: 입력 규칙 | C5: 파란색 글씨 칸만 입력하세요. 검은색은 자동 계산입니다.
B6: ① 직원목록 | C6: 사번·이름·부서·입사일을 등록합니다.
B7: ② 교육과정 | C7: 과정명과 이수 주기(개월)를 등록합니다. 주기는 회사가 정한 값을 넣으세요.
B8: ③ 이수내역 | C8: 교육을 받을 때마다 한 줄. 사번·과정명·이수일만 넣으면 됩니다.
B9: ④ 이수현황 | C9: 직원 × 과정별로 최근 이수일과 다음 기한이 나옵니다.
B10: ⑤ 미이수현황 | C10: 기한이 지났거나 임박한 것만 모아서 보여줍니다.
B11: ⑥ 과정별집계 | C11: 과정별 이수 인원과 이수율입니다.
B12: 다음 기한 계산 | C12: 최근 이수일 + 주기(개월). 한 번도 안 받았으면 입사일 기준입니다.
B13: 주의 | C13: 법정 의무교육의 주기와 대상은 법으로 정해져 있습니다. 이 파일은 주기를 검증하지 않습니다.
B15: 설정 | C15: 값을 바꾸면 모든 계산에 반영됩니다
B16: 기한 임박 기준(일) | C16: 30
B18: ※ 산업안전보건교육·성희롱예방교육 등의 법정 주기는 고용노동부 기준을 직접 확인하고 입력하세요.

Sheet 직원목록
A1: 직원목록
A2: 사번 | B2: 이름 | C2: 부서 | D2: 직위 | E2: 입사일 | F2: 재직상태
A3: E001 | B3: 김직원 | C3: 생산1팀 | D3: 사원 | E3: 45353 | F3: 재직
A4: E002 | B4: 이직원 | C4: 생산1팀 | D4: 주임 | E4: 45061 | F4: 재직
A5: E003 | B5: 박직원 | C5: 관리팀 | D5: 대리 | E5: 44571 | F5: 재직

Sheet 교육과정
A1: 교육과정 (주기는 회사·법령 기준을 확인하고 넣으세요)
A2: 과정코드 | B2: 과정명 | C2: 주기(개월) | D2: 이수시간 | E2: 구분 | F2: 비고
A3: C01 | B3: 산업안전보건교육 | C3: 3 | D3: 6 | E3: 법정
A4: C02 | B4: 성희롱 예방교육 | C4: 12 | D4: 1 | E4: 법정
A5: C03 | B5: 개인정보보호 교육 | C5: 12 | D5: 2 | E5: 법정
A6: C04 | B6: 지게차 운전 자격 | C6: 24 | D6: 0 | E6: 자격

Sheet 이수내역
A1: 이수내역 (교육 받을 때마다 한 줄)
A2: 이수일 | B2: 사번 | C2: 이름(자동) | D2: 과정코드 | E2: 과정명(자동) | F2: 이수시간 | G2: 교육기관 | H2: 비고
A3: 46213 | B3: E001 | C3: =IF($B3="","",IFERROR(INDEX(직원목록!$B$3:$B$302,MATCH($B3,직원목록!$A$3:$A$302,0)),"미등록사번")) -> 김직원 | D3: C01 | E3: =IF($D3="","",IFERROR(INDEX(교육과정!$B$3:$B$102,MATCH($D3,교육과정!$A$3:$A$102,0)),"미등록과정")) -> 산업안전보건교육 | F3: 6 | G3: ○○안전교육원
A4: 46086 | B4: E001 | C4: =IF($B4="","",IFERROR(INDEX(직원목록!$B$3:$B$302,MATCH($B4,직원목록!$A$3:$A$302,0)),"미등록사번")) -> 김직원 | D4: C02 | E4: =IF($D4="","",IFERROR(INDEX(교육과정!$B$3:$B$102,MATCH($D4,교육과정!$A$3:$A$102,0)),"미등록과정")) -> 성희롱 예방교육 | F4: 1 | G4: 사내
A5: 46254 | B5: E002 | C5: =IF($B5="","",IFERROR(INDEX(직원목록!$B$3:$B$302,MATCH($B5,직원목록!$A$3:$A$302,0)),"미등록사번")) -> 이직원 | D5: C01 | E5: =IF($D5="","",IFERROR(INDEX(교육과정!$B$3:$B$102,MATCH($D5,교육과정!$A$3:$A$102,0)),"미등록과정")) -> 산업안전보건교육 | F5: 6 | G5: ○○안전교육원
A6: 45809 | B6: E003 | C6: =IF($B6="","",IFERROR(INDEX(직원목록!$B$3:$B$302,MATCH($B6,직원목록!$A$3:$A$302,0)),"미등록사번")) -> 박직원 | D6: C02 | E6: =IF($D6="","",IFERROR(INDEX(교육과정!$B$3:$B$102,MATCH($D6,교육과정!$A$3:$A$102,0)),"미등록과정")) -> 성희롱 예방교육 | F6: 1 | G6: 사내
C7: =IF($B7="","",IFERROR(INDEX(직원목록!$B$3:$B$302,MATCH($B7,직원목록!$A$3:$A$302,0)),"미등록사번")) | E7: =IF($D7="","",IFERROR(INDEX(교육과정!$B$3:$B$102,MATCH($D7,교육과정!$A$3:$A$102,0)),"미등록과정"))
C8: =IF($B8="","",IFERROR(INDEX(직원목록!$B$3:$B$302,MATCH($B8,직원목록!$A$3:$A$302,0)),"미등록사번")) | E8: =IF($D8="","",IFERROR(INDEX(교육과정!$B$3:$B$102,MATCH($D8,교육과정!$A$3:$A$102,0)),"미등록과정"))
C9: =IF($B9="","",IFERROR(INDEX(직원목록!$B$3:$B$302,MATCH($B9,직원목록!$A$3:$A$302,0)),"미등록사번")) | E9: =IF($D9="","",IFERROR(INDEX(교육과정!$B$3:$B$102,MATCH($D9,교육과정!$A$3:$A$102,0)),"미등록과정"))
C10: =IF($B10="","",IFERROR(INDEX(직원목록!$B$3:$B$302,MATCH($B10,직원목록!$A$3:$A$302,0)),"미등록사번")) | E10: =IF($D10="","",IFERROR(INDEX(교육과정!$B$3:$B$102,MATCH($D10,교육과정!$A$3:$A$102,0)),"미등록과정"))
C11: =IF($B11="","",IFERROR(INDEX(직원목록!$B$3:$B$302,MATCH($B11,직원목록!$A$3:$A$302,0)),"미등록사번")) | E11: =IF($D11="","",IFERROR(INDEX(교육과정!$B$3:$B$102,MATCH($D11,교육과정!$A$3:$A$102,0)),"미등록과정"))
C12: =IF($B12="","",IFERROR(INDEX(직원목록!$B$3:$B$302,MATCH($B12,직원목록!$A$3:$A$302,0)),"미등록사번")) | E12: =IF($D12="","",IFERROR(INDEX(교육과정!$B$3:$B$102,MATCH($D12,교육과정!$A$3:$A$102,0)),"미등록과정"))
C13: =IF($B13="","",IFERROR(INDEX(직원목록!$B$3:$B$302,MATCH($B13,직원목록!$A$3:$A$302,0)),"미등록사번")) | E13: =IF($D13="","",IFERROR(INDEX(교육과정!$B$3:$B$102,MATCH($D13,교육과정!$A$3:$A$102,0)),"미등록과정"))
C14: =IF($B14="","",IFERROR(INDEX(직원목록!$B$3:$B$302,MATCH($B14,직원목록!$A$3:$A$302,0)),"미등록사번")) | E14: =IF($D14="","",IFERROR(INDEX(교육과정!$B$3:$B$102,MATCH($D14,교육과정!$A$3:$A$102,0)),"미등록과정"))
C15: =IF($B15="","",IFERROR(INDEX(직원목록!$B$3:$B$302,MATCH($B15,직원목록!$A$3:$A$302,0)),"미등록사번")) | E15: =IF($D15="","",IFERROR(INDEX(교육과정!$B$3:$B$102,MATCH($D15,교육과정!$A$3:$A$102,0)),"미등록과정"))
C16: =IF($B16="","",IFERROR(INDEX(직원목록!$B$3:$B$302,MATCH($B16,직원목록!$A$3:$A$302,0)),"미등록사번")) | E16: =IF($D16="","",IFERROR(INDEX(교육과정!$B$3:$B$102,MATCH($D16,교육과정!$A$3:$A$102,0)),"미등록과정"))
C17: =IF($B17="","",IFERROR(INDEX(직원목록!$B$3:$B$302,MATCH($B17,직원목록!$A$3:$A$302,0)),"미등록사번")) | E17: =IF($D17="","",IFERROR(INDEX(교육과정!$B$3:$B$102,MATCH($D17,교육과정!$A$3:$A$102,0)),"미등록과정"))
C18: =IF($B18="","",IFERROR(INDEX(직원목록!$B$3:$B$302,MATCH($B18,직원목록!$A$3:$A$302,0)),"미등록사번")) | E18: =IF($D18="","",IFERROR(INDEX(교육과정!$B$3:$B$102,MATCH($D18,교육과정!$A$3:$A$102,0)),"미등록과정"))
... C2002: =IF($B2002="","",IFERROR(INDEX(직원목록!$B$3:$B$302,MATCH($B2002,직원목록!$A$3:$A$302,0)),"미등록사번")) | E2002: =IF($D2002="","",IFERROR(INDEX(교육과정!$B$3:$B$102,MATCH($D2002,교육과정!$A$3:$A$102,0)),"미등록과정"))

Sheet 이수현황
A1: 이수현황 (직원 × 과정)
A3: 오늘 | B3: =TODAY() -> 46279 | D3: 기한초과 | E3: =COUNTIF($J$6:$J$485,"기한초과") -> 9 | G3: 임박 | H3: =COUNTIF($J$6:$J$485,"임박") -> 1
A5: 사번 | B5: 이름 | C5: 부서 | D5: 과정코드 | E5: 과정명 | F5: 주기(개월) | G5: 최근 이수일 | H5: 다음 기한 | I5: D-Day | J5: 상태
A6: =IF(OR(직원목록!$A3="",교육과정!$A3="",직원목록!$F3="퇴사"),"",직원목록!$A3) -> E001 | B6: =IF($A6="","",직원목록!$B3) -> 김직원 | C6: =IF($A6="","",직원목록!$C3) -> 생산1팀 | D6: =IF($A6="","",교육과정!$A3) -> C01 | E6: =IF($A6="","",교육과정!$B3) -> 산업안전보건교육 | F6: =IF($A6="","",교육과정!$C3) -> 3 | G6: =IF($A6="","",IF(COUNTIFS(이수내역!$B$3:$B$2002,$A6,이수내역!$D$3:$D$2002,$D6)=0,"",SUMPRODUCT(MAX((이수내역!$B$3:$B$2002=$A6)*(이수내역!$D$3:$D$2002=$D6)*이수내역!$A$3:$A$2002)))) -> 46213 | H6: =IF($A6="","",IF($F6="","",IF($G6="",EDATE(직원목록!$E3,$F6),EDATE($G6,$F6)))) -> 46305 | I6: =IF($H6="","",$H6-TODAY()) -> 26 | J6: =IF($A6="","",IF($H6="","-",IF($I6<0,"기한초과",IF($I6<=사용안내!$C$16,"임박","정상")))) -> 임박
A7: =IF(OR(직원목록!$A3="",교육과정!$A4="",직원목록!$F3="퇴사"),"",직원목록!$A3) -> E001 | B7: =IF($A7="","",직원목록!$B3) -> 김직원 | C7: =IF($A7="","",직원목록!$C3) -> 생산1팀 | D7: =IF($A7="","",교육과정!$A4) -> C02 | E7: =IF($A7="","",교육과정!$B4) -> 성희롱 예방교육 | F7: =IF($A7="","",교육과정!$C4) -> 12 | G7: =IF($A7="","",IF(COUNTIFS(이수내역!$B$3:$B$2002,$A7,이수내역!$D$3:$D$2002,$D7)=0,"",SUMPRODUCT(MAX((이수내역!$B$3:$B$2002=$A7)*(이수내역!$D$3:$D$2002=$D7)*이수내역!$A$3:$A$2002)))) -> 46086 | H7: =IF($A7="","",IF($F7="","",IF($G7="",EDATE(직원목록!$E3,$F7),EDATE($G7,$F7)))) -> 46451 | I7: =IF($H7="","",$H7-TODAY()) -> 172 | J7: =IF($A7="","",IF($H7="","-",IF($I7<0,"기한초과",IF($I7<=사용안내!$C$16,"임박","정상")))) -> 정상
A8: =IF(OR(직원목록!$A3="",교육과정!$A5="",직원목록!$F3="퇴사"),"",직원목록!$A3) -> E001 | B8: =IF($A8="","",직원목록!$B3) -> 김직원 | C8: =IF($A8="","",직원목록!$C3) -> 생산1팀 | D8: =IF($A8="","",교육과정!$A5) -> C03 | E8: =IF($A8="","",교육과정!$B5) -> 개인정보보호 교육 | F8: =IF($A8="","",교육과정!$C5) -> 12 | G8: =IF($A8="","",IF(COUNTIFS(이수내역!$B$3:$B$2002,$A8,이수내역!$D$3:$D$2002,$D8)=0,"",SUMPRODUCT(MAX((이수내역!$B$3:$B$2002=$A8)*(이수내역!$D$3:$D$2002=$D8)*이수내역!$A$3:$A$2002)))) | H8: =IF($A8="","",IF($F8="","",IF($G8="",EDATE(직원목록!$E3,$F8),EDATE($G8,$F8)))) -> 45718 | I8: =IF($H8="","",$H8-TODAY()) -> -561 | J8: =IF($A8="","",IF($H8="","-",IF($I8<0,"기한초과",IF($I8<=사용안내!$C$16,"임박","정상")))) -> 기한초과
A9: =IF(OR(직원목록!$A3="",교육과정!$A6="",직원목록!$F3="퇴사"),"",직원목록!$A3) -> E001 | B9: =IF($A9="","",직원목록!$B3) -> 김직원 | C9: =IF($A9="","",직원목록!$C3) -> 생산1팀 | D9: =IF($A9="","",교육과정!$A6) -> C04 | E9: =IF($A9="","",교육과정!$B6) -> 지게차 운전 자격 | F9: =IF($A9="","",교육과정!$C6) -> 24 | G9: =IF($A9="","",IF(COUNTIFS(이수내역!$B$3:$B$2002,$A9,이수내역!$D$3:$D$2002,$D9)=0,"",SUMPRODUCT(MAX((이수내역!$B$3:$B$2002=$A9)*(이수내역!$D$3:$D$2002=$D9)*이수내역!$A$3:$A$2002)))) | H9: =IF($A9="","",IF($F9="","",IF($G9="",EDATE(직원목록!$E3,$F9),EDATE($G9,$F9)))) -> 46083 | I9: =IF($H9="","",$H9-TODAY()) -> -196 | J9: =IF($A9="","",IF($H9="","-",IF($I9<0,"기한초과",IF($I9<=사용안내!$C$16,"임박","정상")))) -> 기한초과
A10: =IF(OR(직원목록!$A3="",교육과정!$A7="",직원목록!$F3="퇴사"),"",직원목록!$A3) | B10: =IF($A10="","",직원목록!$B3) | C10: =IF($A10="","",직원목록!$C3) | D10: =IF($A10="","",교육과정!$A7) | E10: =IF($A10="","",교육과정!$B7) | F10: =IF($A10="","",교육과정!$C7) | G10: =IF($A10="","",IF(COUNTIFS(이수내역!$B$3:$B$2002,$A10,이수내역!$D$3:$D$2002,$D10)=0,"",SUMPRODUCT(MAX((이수내역!$B$3:$B$2002=$A10)*(이수내역!$D$3:$D$2002=$D10)*이수내역!$A$3:$A$2002)))) | H10: =IF($A10="","",IF($F10="","",IF($G10="",EDATE(직원목록!$E3,$F10),EDATE($G10,$F10)))) | I10: =IF($H10="","",$H10-TODAY()) | J10: =IF($A10="","",IF($H10="","-",IF($I10<0,"기한초과",IF($I10<=사용안내!$C$16,"임박","정상"))))
A11: =IF(OR(직원목록!$A3="",교육과정!$A8="",직원목록!$F3="퇴사"),"",직원목록!$A3) | B11: =IF($A11="","",직원목록!$B3) | C11: =IF($A11="","",직원목록!$C3) | D11: =IF($A11="","",교육과정!$A8) | E11: =IF($A11="","",교육과정!$B8) | F11: =IF($A11="","",교육과정!$C8) | G11: =IF($A11="","",IF(COUNTIFS(이수내역!$B$3:$B$2002,$A11,이수내역!$D$3:$D$2002,$D11)=0,"",SUMPRODUCT(MAX((이수내역!$B$3:$B$2002=$A11)*(이수내역!$D$3:$D$2002=$D11)*이수내역!$A$3:$A$2002)))) | H11: =IF($A11="","",IF($F11="","",IF($G11="",EDATE(직원목록!$E3,$F11),EDATE($G11,$F11)))) | I11: =IF($H11="","",$H11-TODAY()) | J11: =IF($A11="","",IF($H11="","-",IF($I11<0,"기한초과",IF($I11<=사용안내!$C$16,"임박","정상"))))
A12: =IF(OR(직원목록!$A3="",교육과정!$A9="",직원목록!$F3="퇴사"),"",직원목록!$A3) | B12: =IF($A12="","",직원목록!$B3) | C12: =IF($A12="","",직원목록!$C3) | D12: =IF($A12="","",교육과정!$A9) | E12: =IF($A12="","",교육과정!$B9) | F12: =IF($A12="","",교육과정!$C9) | G12: =IF($A12="","",IF(COUNTIFS(이수내역!$B$3:$B$2002,$A12,이수내역!$D$3:$D$2002,$D12)=0,"",SUMPRODUCT(MAX((이수내역!$B$3:$B$2002=$A12)*(이수내역!$D$3:$D$2002=$D12)*이수내역!$A$3:$A$2002)))) | H12: =IF($A12="","",IF($F12="","",IF($G12="",EDATE(직원목록!$E3,$F12),EDATE($G12,$F12)))) | I12: =IF($H12="","",$H12-TODAY()) | J12: =IF($A12="","",IF($H12="","-",IF($I12<0,"기한초과",IF($I12<=사용안내!$C$16,"임박","정상"))))
A13: =IF(OR(직원목록!$A3="",교육과정!$A10="",직원목록!$F3="퇴사"),"",직원목록!$A3) | B13: =IF($A13="","",직원목록!$B3) | C13: =IF($A13="","",직원목록!$C3) | D13: =IF($A13="","",교육과정!$A10) | E13: =IF($A13="","",교육과정!$B10) | F13: =IF($A13="","",교육과정!$C10) | G13: =IF($A13="","",IF(COUNTIFS(이수내역!$B$3:$B$2002,$A13,이수내역!$D$3:$D$2002,$D13)=0,"",SUMPRODUCT(MAX((이수내역!$B$3:$B$2002=$A13)*(이수내역!$D$3:$D$2002=$D13)*이수내역!$A$3:$A$2002)))) | H13: =IF($A13="","",IF($F13="","",IF($G13="",EDATE(직원목록!$E3,$F13),EDATE($G13,$F13)))) | I13: =IF($H13="","",$H13-TODAY()) | J13: =IF($A13="","",IF($H13="","-",IF($I13<0,"기한초과",IF($I13<=사용안내!$C$16,"임박","정상"))))
A14: =IF(OR(직원목록!$A3="",교육과정!$A11="",직원목록!$F3="퇴사"),"",직원목록!$A3) | B14: =IF($A14="","",직원목록!$B3) | C14: =IF($A14="","",직원목록!$C3) | D14: =IF($A14="","",교육과정!$A11) | E14: =IF($A14="","",교육과정!$B11) | F14: =IF($A14="","",교육과정!$C11) | G14: =IF($A14="","",IF(COUNTIFS(이수내역!$B$3:$B$2002,$A14,이수내역!$D$3:$D$2002,$D14)=0,"",SUMPRODUCT(MAX((이수내역!$B$3:$B$2002=$A14)*(이수내역!$D$3:$D$2002=$D14)*이수내역!$A$3:$A$2002)))) | H14: =IF($A14="","",IF($F14="","",IF($G14="",EDATE(직원목록!$E3,$F14),EDATE($G14,$F14)))) | I14: =IF($H14="","",$H14-TODAY()) | J14: =IF($A14="","",IF($H14="","-",IF($I14<0,"기한초과",IF($I14<=사용안내!$C$16,"임박","정상"))))
A15: =IF(OR(직원목록!$A3="",교육과정!$A12="",직원목록!$F3="퇴사"),"",직원목록!$A3) | B15: =IF($A15="","",직원목록!$B3) | C15: =IF($A15="","",직원목록!$C3) | D15: =IF($A15="","",교육과정!$A12) | E15: =IF($A15="","",교육과정!$B12) | F15: =IF($A15="","",교육과정!$C12) | G15: =IF($A15="","",IF(COUNTIFS(이수내역!$B$3:$B$2002,$A15,이수내역!$D$3:$D$2002,$D15)=0,"",SUMPRODUCT(MAX((이수내역!$B$3:$B$2002=$A15)*(이수내역!$D$3:$D$2002=$D15)*이수내역!$A$3:$A$2002)))) | H15: =IF($A15="","",IF($F15="","",IF($G15="",EDATE(직원목록!$E3,$F15),EDATE($G15,$F15)))) | I15: =IF($H15="","",$H15-TODAY()) | J15: =IF($A15="","",IF($H15="","-",IF($I15<0,"기한초과",IF($I15<=사용안내!$C$16,"임박","정상"))))
A16: =IF(OR(직원목록!$A3="",교육과정!$A13="",직원목록!$F3="퇴사"),"",직원목록!$A3) | B16: =IF($A16="","",직원목록!$B3) | C16: =IF($A16="","",직원목록!$C3) | D16: =IF($A16="","",교육과정!$A13) | E16: =IF($A16="","",교육과정!$B13) | F16: =IF($A16="","",교육과정!$C13) | G16: =IF($A16="","",IF(COUNTIFS(이수내역!$B$3:$B$2002,$A16,이수내역!$D$3:$D$2002,$D16)=0,"",SUMPRODUCT(MAX((이수내역!$B$3:$B$2002=$A16)*(이수내역!$D$3:$D$2002=$D16)*이수내역!$A$3:$A$2002)))) | H16: =IF($A16="","",IF($F16="","",IF($G16="",EDATE(직원목록!$E3,$F16),EDATE($G16,$F16)))) | I16: =IF($H16="","",$H16-TODAY()) | J16: =IF($A16="","",IF($H16="","-",IF($I16<0,"기한초과",IF($I16<=사용안내!$C$16,"임박","정상"))))
A17: =IF(OR(직원목록!$A3="",교육과정!$A14="",직원목록!$F3="퇴사"),"",직원목록!$A3) | B17: =IF($A17="","",직원목록!$B3) | C17: =IF($A17="","",직원목록!$C3) | D17: =IF($A17="","",교육과정!$A14) | E17: =IF($A17="","",교육과정!$B14) | F17: =IF($A17="","",교육과정!$C14) | G17: =IF($A17="","",IF(COUNTIFS(이수내역!$B$3:$B$2002,$A17,이수내역!$D$3:$D$2002,$D17)=0,"",SUMPRODUCT(MAX((이수내역!$B$3:$B$2002=$A17)*(이수내역!$D$3:$D$2002=$D17)*이수내역!$A$3:$A$2002)))) | H17: =IF($A17="","",IF($F17="","",IF($G17="",EDATE(직원목록!$E3,$F17),EDATE($G17,$F17)))) | I17: =IF($H17="","",$H17-TODAY()) | J17: =IF($A17="","",IF($H17="","-",IF($I17<0,"기한초과",IF($I17<=사용안내!$C$16,"임박","정상"))))
A18: =IF(OR(직원목록!$A4="",교육과정!$A3="",직원목록!$F4="퇴사"),"",직원목록!$A4) -> E002 | B18: =IF($A18="","",직원목록!$B4) -> 이직원 | C18: =IF($A18="","",직원목록!$C4) -> 생산1팀 | D18: =IF($A18="","",교육과정!$A3) -> C01 | E18: =IF($A18="","",교육과정!$B3) -> 산업안전보건교육 | F18: =IF($A18="","",교육과정!$C3) -> 3 | G18: =IF($A18="","",IF(COUNTIFS(이수내역!$B$3:$B$2002,$A18,이수내역!$D$3:$D$2002,$D18)=0,"",SUMPRODUCT(MAX((이수내역!$B$3:$B$2002=$A18)*(이수내역!$D$3:$D$2002=$D18)*이수내역!$A$3:$A$2002)))) -> 46254 | H18: =IF($A18="","",IF($F18="","",IF($G18="",EDATE(직원목록!$E4,$F18),EDATE($G18,$F18)))) -> 46346 | I18: =IF($H18="","",$H18-TODAY()) -> 67 | J18: =IF($A18="","",IF($H18="","-",IF($I18<0,"기한초과",IF($I18<=사용안내!$C$16,"임박","정상")))) -> 정상
A19: =IF(OR(직원목록!$A4="",교육과정!$A4="",직원목록!$F4="퇴사"),"",직원목록!$A4) -> E002 | B19: =IF($A19="","",직원목록!$B4) -> 이직원 | C19: =IF($A19="","",직원목록!$C4) -> 생산1팀 | D19: =IF($A19="","",교육과정!$A4) -> C02 | E19: =IF($A19="","",교육과정!$B4) -> 성희롱 예방교육 | F19: =IF($A19="","",교육과정!$C4) -> 12 | G19: =IF($A19="","",IF(COUNTIFS(이수내역!$B$3:$B$2002,$A19,이수내역!$D$3:$D$2002,$D19)=0,"",SUMPRODUCT(MAX((이수내역!$B$3:$B$2002=$A19)*(이수내역!$D$3:$D$2002=$D19)*이수내역!$A$3:$A$2002)))) | H19: =IF($A19="","",IF($F19="","",IF($G19="",EDATE(직원목록!$E4,$F19),EDATE($G19,$F19)))) -> 45427 | I19: =IF($H19="","",$H19-TODAY()) -> -852 | J19: =IF($A19="","",IF($H19="","-",IF($I19<0,"기한초과",IF($I19<=사용안내!$C$16,"임박","정상")))) -> 기한초과
A20: =IF(OR(직원목록!$A4="",교육과정!$A5="",직원목록!$F4="퇴사"),"",직원목록!$A4) -> E002 | B20: =IF($A20="","",직원목록!$B4) -> 이직원 | C20: =IF($A20="","",직원목록!$C4) -> 생산1팀 | D20: =IF($A20="","",교육과정!$A5) -> C03 | E20: =IF($A20="","",교육과정!$B5) -> 개인정보보호 교육 | F20: =IF($A20="","",교육과정!$C5) -> 12 | G20: =IF($A20="","",IF(COUNTIFS(이수내역!$B$3:$B$2002,$A20,이수내역!$D$3:$D$2002,$D20)=0,"",SUMPRODUCT(MAX((이수내역!$B$3:$B$2002=$A20)*(이수내역!$D$3:$D$2002=$D20)*이수내역!$A$3:$A$2002)))) | H20: =IF($A20="","",IF($F20="","",IF($G20="",EDATE(직원목록!$E4,$F20),EDATE($G20,$F20)))) -> 45427 | I20: =IF($H20="","",$H20-TODAY()) -> -852 | J20: =IF($A20="","",IF($H20="","-",IF($I20<0,"기한초과",IF($I20<=사용안내!$C$16,"임박","정상")))) -> 기한초과
A21: =IF(OR(직원목록!$A4="",교육과정!$A6="",직원목록!$F4="퇴사"),"",직원목록!$A4) -> E002 | B21: =IF($A21="","",직원목록!$B4) -> 이직원 | C21: =IF($A21="","",직원목록!$C4) -> 생산1팀 | D21: =IF($A21="","",교육과정!$A6) -> C04 | E21: =IF($A21="","",교육과정!$B6) -> 지게차 운전 자격 | F21: =IF($A21="","",교육과정!$C6) -> 24 | G21: =IF($A21="","",IF(COUNTIFS(이수내역!$B$3:$B$2002,$A21,이수내역!$D$3:$D$2002,$D21)=0,"",SUMPRODUCT(MAX((이수내역!$B$3:$B$2002=$A21)*(이수내역!$D$3:$D$2002=$D21)*이수내역!$A$3:$A$2002)))) | H21: =IF($A21="","",IF($F21="","",IF($G21="",EDATE(직원목록!$E4,$F21),EDATE($G21,$F21)))) -> 45792 | I21: =IF($H21="","",$H21-TODAY()) -> -487 | J21: =IF($A21="","",IF($H21="","-",IF($I21<0,"기한초과",IF($I21<=사용안내!$C$16,"임박","정상")))) -> 기한초과
A22: =IF(OR(직원목록!$A4="",교육과정!$A7="",직원목록!$F4="퇴사"),"",직원목록!$A4) | B22: =IF($A22="","",직원목록!$B4) | C22: =IF($A22="","",직원목록!$C4) | D22: =IF($A22="","",교육과정!$A7) | E22: =IF($A22="","",교육과정!$B7) | F22: =IF($A22="","",교육과정!$C7) | G22: =IF($A22="","",IF(COUNTIFS(이수내역!$B$3:$B$2002,$A22,이수내역!$D$3:$D$2002,$D22)=0,"",SUMPRODUCT(MAX((이수내역!$B$3:$B$2002=$A22)*(이수내역!$D$3:$D$2002=$D22)*이수내역!$A$3:$A$2002)))) | H22: =IF($A22="","",IF($F22="","",IF($G22="",EDATE(직원목록!$E4,$F22),EDATE($G22,$F22)))) | I22: =IF($H22="","",$H22-TODAY()) | J22: =IF($A22="","",IF($H22="","-",IF($I22<0,"기한초과",IF($I22<=사용안내!$C$16,"임박","정상"))))
A23: =IF(OR(직원목록!$A4="",교육과정!$A8="",직원목록!$F4="퇴사"),"",직원목록!$A4) | B23: =IF($A23="","",직원목록!$B4) | C23: =IF($A23="","",직원목록!$C4) | D23: =IF($A23="","",교육과정!$A8) | E23: =IF($A23="","",교육과정!$B8) | F23: =IF($A23="","",교육과정!$C8) | G23: =IF($A23="","",IF(COUNTIFS(이수내역!$B$3:$B$2002,$A23,이수내역!$D$3:$D$2002,$D23)=0,"",SUMPRODUCT(MAX((이수내역!$B$3:$B$2002=$A23)*(이수내역!$D$3:$D$2002=$D23)*이수내역!$A$3:$A$2002)))) | H23: =IF($A23="","",IF($F23="","",IF($G23="",EDATE(직원목록!$E4,$F23),EDATE($G23,$F23)))) | I23: =IF($H23="","",$H23-TODAY()) | J23: =IF($A23="","",IF($H23="","-",IF($I23<0,"기한초과",IF($I23<=사용안내!$C$16,"임박","정상"))))
A24: =IF(OR(직원목록!$A4="",교육과정!$A9="",직원목록!$F4="퇴사"),"",직원목록!$A4) | B24: =IF($A24="","",직원목록!$B4) | C24: =IF($A24="","",직원목록!$C4) | D24: =IF($A24="","",교육과정!$A9) | E24: =IF($A24="","",교육과정!$B9) | F24: =IF($A24="","",교육과정!$C9) | G24: =IF($A24="","",IF(COUNTIFS(이수내역!$B$3:$B$2002,$A24,이수내역!$D$3:$D$2002,$D24)=0,"",SUMPRODUCT(MAX((이수내역!$B$3:$B$2002=$A24)*(이수내역!$D$3:$D$2002=$D24)*이수내역!$A$3:$A$2002)))) | H24: =IF($A24="","",IF($F24="","",IF($G24="",EDATE(직원목록!$E4,$F24),EDATE($G24,$F24)))) | I24: =IF($H24="","",$H24-TODAY()) | J24: =IF($A24="","",IF($H24="","-",IF($I24<0,"기한초과",IF($I24<=사용안내!$C$16,"임박","정상"))))
A25: =IF(OR(직원목록!$A4="",교육과정!$A10="",직원목록!$F4="퇴사"),"",직원목록!$A4) | B25: =IF($A25="","",직원목록!$B4) | C25: =IF($A25="","",직원목록!$C4) | D25: =IF($A25="","",교육과정!$A10) | E25: =IF($A25="","",교육과정!$B10) | F25: =IF($A25="","",교육과정!$C10) | G25: =IF($A25="","",IF(COUNTIFS(이수내역!$B$3:$B$2002,$A25,이수내역!$D$3:$D$2002,$D25)=0,"",SUMPRODUCT(MAX((이수내역!$B$3:$B$2002=$A25)*(이수내역!$D$3:$D$2002=$D25)*이수내역!$A$3:$A$2002)))) | H25: =IF($A25="","",IF($F25="","",IF($G25="",EDATE(직원목록!$E4,$F25),EDATE($G25,$F25)))) | I25: =IF($H25="","",$H25-TODAY()) | J25: =IF($A25="","",IF($H25="","-",IF($I25<0,"기한초과",IF($I25<=사용안내!$C$16,"임박","정상"))))
A26: =IF(OR(직원목록!$A4="",교육과정!$A11="",직원목록!$F4="퇴사"),"",직원목록!$A4) | B26: =IF($A26="","",직원목록!$B4) | C26: =IF($A26="","",직원목록!$C4) | D26: =IF($A26="","",교육과정!$A11) | E26: =IF($A26="","",교육과정!$B11) | F26: =IF($A26="","",교육과정!$C11) | G26: =IF($A26="","",IF(COUNTIFS(이수내역!$B$3:$B$2002,$A26,이수내역!$D$3:$D$2002,$D26)=0,"",SUMPRODUCT(MAX((이수내역!$B$3:$B$2002=$A26)*(이수내역!$D$3:$D$2002=$D26)*이수내역!$A$3:$A$2002)))) | H26: =IF($A26="","",IF($F26="","",IF($G26="",EDATE(직원목록!$E4,$F26),EDATE($G26,$F26)))) | I26: =IF($H26="","",$H26-TODAY()) | J26: =IF($A26="","",IF($H26="","-",IF($I26<0,"기한초과",IF($I26<=사용안내!$C$16,"임박","정상"))))
A27: =IF(OR(직원목록!$A4="",교육과정!$A12="",직원목록!$F4="퇴사"),"",직원목록!$A4) | B27: =IF($A27="","",직원목록!$B4) | C27: =IF($A27="","",직원목록!$C4) | D27: =IF($A27="","",교육과정!$A12) | E27: =IF($A27="","",교육과정!$B12) | F27: =IF($A27="","",교육과정!$C12) | G27: =IF($A27="","",IF(COUNTIFS(이수내역!$B$3:$B$2002,$A27,이수내역!$D$3:$D$2002,$D27)=0,"",SUMPRODUCT(MAX((이수내역!$B$3:$B$2002=$A27)*(이수내역!$D$3:$D$2002=$D27)*이수내역!$A$3:$A$2002)))) | H27: =IF($A27="","",IF($F27="","",IF($G27="",EDATE(직원목록!$E4,$F27),EDATE($G27,$F27)))) | I27: =IF($H27="","",$H27-TODAY()) | J27: =IF($A27="","",IF($H27="","-",IF($I27<0,"기한초과",IF($I27<=사용안내!$C$16,"임박","정상"))))
A28: =IF(OR(직원목록!$A4="",교육과정!$A13="",직원목록!$F4="퇴사"),"",직원목록!$A4) | B28: =IF($A28="","",직원목록!$B4) | C28: =IF($A28="","",직원목록!$C4) | D28: =IF($A28="","",교육과정!$A13) | E28: =IF($A28="","",교육과정!$B13) | F28: =IF($A28="","",교육과정!$C13) | G28: =IF($A28="","",IF(COUNTIFS(이수내역!$B$3:$B$2002,$A28,이수내역!$D$3:$D$2002,$D28)=0,"",SUMPRODUCT(MAX((이수내역!$B$3:$B$2002=$A28)*(이수내역!$D$3:$D$2002=$D28)*이수내역!$A$3:$A$2002)))) | H28: =IF($A28="","",IF($F28="","",IF($G28="",EDATE(직원목록!$E4,$F28),EDATE($G28,$F28)))) | I28: =IF($H28="","",$H28-TODAY()) | J28: =IF($A28="","",IF($H28="","-",IF($I28<0,"기한초과",IF($I28<=사용안내!$C$16,"임박","정상"))))
A29: =IF(OR(직원목록!$A4="",교육과정!$A14="",직원목록!$F4="퇴사"),"",직원목록!$A4) | B29: =IF($A29="","",직원목록!$B4) | C29: =IF($A29="","",직원목록!$C4) | D29: =IF($A29="","",교육과정!$A14) | E29: =IF($A29="","",교육과정!$B14) | F29: =IF($A29="","",교육과정!$C14) | G29: =IF($A29="","",IF(COUNTIFS(이수내역!$B$3:$B$2002,$A29,이수내역!$D$3:$D$2002,$D29)=0,"",SUMPRODUCT(MAX((이수내역!$B$3:$B$2002=$A29)*(이수내역!$D$3:$D$2002=$D29)*이수내역!$A$3:$A$2002)))) | H29: =IF($A29="","",IF($F29="","",IF($G29="",EDATE(직원목록!$E4,$F29),EDATE($G29,$F29)))) | I29: =IF($H29="","",$H29-TODAY()) | J29: =IF($A29="","",IF($H29="","-",IF($I29<0,"기한초과",IF($I29<=사용안내!$C$16,"임박","정상"))))
A30: =IF(OR(직원목록!$A5="",교육과정!$A3="",직원목록!$F5="퇴사"),"",직원목록!$A5) -> E003 | B30: =IF($A30="","",직원목록!$B5) -> 박직원 | C30: =IF($A30="","",직원목록!$C5) -> 관리팀 | D30: =IF($A30="","",교육과정!$A3) -> C01 | E30: =IF($A30="","",교육과정!$B3) -> 산업안전보건교육 | F30: =IF($A30="","",교육과정!$C3) -> 3 | G30: =IF($A30="","",IF(COUNTIFS(이수내역!$B$3:$B$2002,$A30,이수내역!$D$3:$D$2002,$D30)=0,"",SUMPRODUCT(MAX((이수내역!$B$3:$B$2002=$A30)*(이수내역!$D$3:$D$2002=$D30)*이수내역!$A$3:$A$2002)))) | H30: =IF($A30="","",IF($F30="","",IF($G30="",EDATE(직원목록!$E5,$F30),EDATE($G30,$F30)))) -> 44661 | I30: =IF($H30="","",$H30-TODAY()) -> -1618 | J30: =IF($A30="","",IF($H30="","-",IF($I30<0,"기한초과",IF($I30<=사용안내!$C$16,"임박","정상")))) -> 기한초과
A31: =IF(OR(직원목록!$A5="",교육과정!$A4="",직원목록!$F5="퇴사"),"",직원목록!$A5) -> E003 | B31: =IF($A31="","",직원목록!$B5) -> 박직원 | C31: =IF($A31="","",직원목록!$C5) -> 관리팀 | D31: =IF($A31="","",교육과정!$A4) -> C02 | E31: =IF($A31="","",교육과정!$B4) -> 성희롱 예방교육 | F31: =IF($A31="","",교육과정!$C4) -> 12 | G31: =IF($A31="","",IF(COUNTIFS(이수내역!$B$3:$B$2002,$A31,이수내역!$D$3:$D$2002,$D31)=0,"",SUMPRODUCT(MAX((이수내역!$B$3:$B$2002=$A31)*(이수내역!$D$3:$D$2002=$D31)*이수내역!$A$3:$A$2002)))) -> 45809 | H31: =IF($A31="","",IF($F31="","",IF($G31="",EDATE(직원목록!$E5,$F31),EDATE($G31,$F31)))) -> 46174 | I31: =IF($H31="","",$H31-TODAY()) -> -105 | J31: =IF($A31="","",IF($H31="","-",IF($I31<0,"기한초과",IF($I31<=사용안내!$C$16,"임박","정상")))) -> 기한초과
A32: =IF(OR(직원목록!$A5="",교육과정!$A5="",직원목록!$F5="퇴사"),"",직원목록!$A5) -> E003 | B32: =IF($A32="","",직원목록!$B5) -> 박직원 | C32: =IF($A32="","",직원목록!$C5) -> 관리팀 | D32: =IF($A32="","",교육과정!$A5) -> C03 | E32: =IF($A32="","",교육과정!$B5) -> 개인정보보호 교육 | F32: =IF($A32="","",교육과정!$C5) -> 12 | G32: =IF($A32="","",IF(COUNTIFS(이수내역!$B$3:$B$2002,$A32,이수내역!$D$3:$D$2002,$D32)=0,"",SUMPRODUCT(MAX((이수내역!$B$3:$B$2002=$A32)*(이수내역!$D$3:$D$2002=$D32)*이수내역!$A$3:$A$2002)))) | H32: =IF($A32="","",IF($F32="","",IF($G32="",EDATE(직원목록!$E5,$F32),EDATE($G32,$F32)))) -> 44936 | I32: =IF($H32="","",$H32-TODAY()) -> -1343 | J32: =IF($A32="","",IF($H32="","-",IF($I32<0,"기한초과",IF($I32<=사용안내!$C$16,"임박","정상")))) -> 기한초과
A33: =IF(OR(직원목록!$A5="",교육과정!$A6="",직원목록!$F5="퇴사"),"",직원목록!$A5) -> E003 | B33: =IF($A33="","",직원목록!$B5) -> 박직원 | C33: =IF($A33="","",직원목록!$C5) -> 관리팀 | D33: =IF($A33="","",교육과정!$A6) -> C04 | E33: =IF($A33="","",교육과정!$B6) -> 지게차 운전 자격 | F33: =IF($A33="","",교육과정!$C6) -> 24 | G33: =IF($A33="","",IF(COUNTIFS(이수내역!$B$3:$B$2002,$A33,이수내역!$D$3:$D$2002,$D33)=0,"",SUMPRODUCT(MAX((이수내역!$B$3:$B$2002=$A33)*(이수내역!$D$3:$D$2002=$D33)*이수내역!$A$3:$A$2002)))) | H33: =IF($A33="","",IF($F33="","",IF($G33="",EDATE(직원목록!$E5,$F33),EDATE($G33,$F33)))) -> 45301 | I33: =IF($H33="","",$H33-TODAY()) -> -978 | J33: =IF($A33="","",IF($H33="","-",IF($I33<0,"기한초과",IF($I33<=사용안내!$C$16,"임박","정상")))) -> 기한초과
A34: =IF(OR(직원목록!$A5="",교육과정!$A7="",직원목록!$F5="퇴사"),"",직원목록!$A5) | B34: =IF($A34="","",직원목록!$B5) | C34: =IF($A34="","",직원목록!$C5) | D34: =IF($A34="","",교육과정!$A7) | E34: =IF($A34="","",교육과정!$B7) | F34: =IF($A34="","",교육과정!$C7) | G34: =IF($A34="","",IF(COUNTIFS(이수내역!$B$3:$B$2002,$A34,이수내역!$D$3:$D$2002,$D34)=0,"",SUMPRODUCT(MAX((이수내역!$B$3:$B$2002=$A34)*(이수내역!$D$3:$D$2002=$D34)*이수내역!$A$3:$A$2002)))) | H34: =IF($A34="","",IF($F34="","",IF($G34="",EDATE(직원목록!$E5,$F34),EDATE($G34,$F34)))) | I34: =IF($H34="","",$H34-TODAY()) | J34: =IF($A34="","",IF($H34="","-",IF($I34<0,"기한초과",IF($I34<=사용안내!$C$16,"임박","정상"))))
A35: =IF(OR(직원목록!$A5="",교육과정!$A8="",직원목록!$F5="퇴사"),"",직원목록!$A5) | B35: =IF($A35="","",직원목록!$B5) | C35: =IF($A35="","",직원목록!$C5) | D35: =IF($A35="","",교육과정!$A8) | E35: =IF($A35="","",교육과정!$B8) | F35: =IF($A35="","",교육과정!$C8) | G35: =IF($A35="","",IF(COUNTIFS(이수내역!$B$3:$B$2002,$A35,이수내역!$D$3:$D$2002,$D35)=0,"",SUMPRODUCT(MAX((이수내역!$B$3:$B$2002=$A35)*(이수내역!$D$3:$D$2002=$D35)*이수내역!$A$3:$A$2002)))) | H35: =IF($A35="","",IF($F35="","",IF($G35="",EDATE(직원목록!$E5,$F35),EDATE($G35,$F35)))) | I35: =IF($H35="","",$H35-TODAY()) | J35: =IF($A35="","",IF($H35="","-",IF($I35<0,"기한초과",IF($I35<=사용안내!$C$16,"임박","정상"))))
A36: =IF(OR(직원목록!$A5="",교육과정!$A9="",직원목록!$F5="퇴사"),"",직원목록!$A5) | B36: =IF($A36="","",직원목록!$B5) | C36: =IF($A36="","",직원목록!$C5) | D36: =IF($A36="","",교육과정!$A9) | E36: =IF($A36="","",교육과정!$B9) | F36: =IF($A36="","",교육과정!$C9) | G36: =IF($A36="","",IF(COUNTIFS(이수내역!$B$3:$B$2002,$A36,이수내역!$D$3:$D$2002,$D36)=0,"",SUMPRODUCT(MAX((이수내역!$B$3:$B$2002=$A36)*(이수내역!$D$3:$D$2002=$D36)*이수내역!$A$3:$A$2002)))) | H36: =IF($A36="","",IF($F36="","",IF($G36="",EDATE(직원목록!$E5,$F36),EDATE($G36,$F36)))) | I36: =IF($H36="","",$H36-TODAY()) | J36: =IF($A36="","",IF($H36="","-",IF($I36<0,"기한초과",IF($I36<=사용안내!$C$16,"임박","정상"))))
A37: =IF(OR(직원목록!$A5="",교육과정!$A10="",직원목록!$F5="퇴사"),"",직원목록!$A5) | B37: =IF($A37="","",직원목록!$B5) | C37: =IF($A37="","",직원목록!$C5) | D37: =IF($A37="","",교육과정!$A10) | E37: =IF($A37="","",교육과정!$B10) | F37: =IF($A37="","",교육과정!$C10) | G37: =IF($A37="","",IF(COUNTIFS(이수내역!$B$3:$B$2002,$A37,이수내역!$D$3:$D$2002,$D37)=0,"",SUMPRODUCT(MAX((이수내역!$B$3:$B$2002=$A37)*(이수내역!$D$3:$D$2002=$D37)*이수내역!$A$3:$A$2002)))) | H37: =IF($A37="","",IF($F37="","",IF($G37="",EDATE(직원목록!$E5,$F37),EDATE($G37,$F37)))) | I37: =IF($H37="","",$H37-TODAY()) | J37: =IF($A37="","",IF($H37="","-",IF($I37<0,"기한초과",IF($I37<=사용안내!$C$16,"임박","정상"))))
A38: =IF(OR(직원목록!$A5="",교육과정!$A11="",직원목록!$F5="퇴사"),"",직원목록!$A5) | B38: =IF($A38="","",직원목록!$B5) | C38: =IF($A38="","",직원목록!$C5) | D38: =IF($A38="","",교육과정!$A11) | E38: =IF($A38="","",교육과정!$B11) | F38: =IF($A38="","",교육과정!$C11) | G38: =IF($A38="","",IF(COUNTIFS(이수내역!$B$3:$B$2002,$A38,이수내역!$D$3:$D$2002,$D38)=0,"",SUMPRODUCT(MAX((이수내역!$B$3:$B$2002=$A38)*(이수내역!$D$3:$D$2002=$D38)*이수내역!$A$3:$A$2002)))) | H38: =IF($A38="","",IF($F38="","",IF($G38="",EDATE(직원목록!$E5,$F38),EDATE($G38,$F38)))) | I38: =IF($H38="","",$H38-TODAY()) | J38: =IF($A38="","",IF($H38="","-",IF($I38<0,"기한초과",IF($I38<=사용안내!$C$16,"임박","정상"))))
A39: =IF(OR(직원목록!$A5="",교육과정!$A12="",직원목록!$F5="퇴사"),"",직원목록!$A5) | B39: =IF($A39="","",직원목록!$B5) | C39: =IF($A39="","",직원목록!$C5) | D39: =IF($A39="","",교육과정!$A12) | E39: =IF($A39="","",교육과정!$B12) | F39: =IF($A39="","",교육과정!$C12) | G39: =IF($A39="","",IF(COUNTIFS(이수내역!$B$3:$B$2002,$A39,이수내역!$D$3:$D$2002,$D39)=0,"",SUMPRODUCT(MAX((이수내역!$B$3:$B$2002=$A39)*(이수내역!$D$3:$D$2002=$D39)*이수내역!$A$3:$A$2002)))) | H39: =IF($A39="","",IF($F39="","",IF($G39="",EDATE(직원목록!$E5,$F39),EDATE($G39,$F39)))) | I39: =IF($H39="","",$H39-TODAY()) | J39: =IF($A39="","",IF($H39="","-",IF($I39<0,"기한초과",IF($I39<=사용안내!$C$16,"임박","정상"))))
A40: =IF(OR(직원목록!$A5="",교육과정!$A13="",직원목록!$F5="퇴사"),"",직원목록!$A5) | B40: =IF($A40="","",직원목록!$B5) | C40: =IF($A40="","",직원목록!$C5) | D40: =IF($A40="","",교육과정!$A13) | E40: =IF($A40="","",교육과정!$B13) | F40: =IF($A40="","",교육과정!$C13) | G40: =IF($A40="","",IF(COUNTIFS(이수내역!$B$3:$B$2002,$A40,이수내역!$D$3:$D$2002,$D40)=0,"",SUMPRODUCT(MAX((이수내역!$B$3:$B$2002=$A40)*(이수내역!$D$3:$D$2002=$D40)*이수내역!$A$3:$A$2002)))) | H40: =IF($A40="","",IF($F40="","",IF($G40="",EDATE(직원목록!$E5,$F40),EDATE($G40,$F40)))) | I40: =IF($H40="","",$H40-TODAY()) | J40: =IF($A40="","",IF($H40="","-",IF($I40<0,"기한초과",IF($I40<=사용안내!$C$16,"임박","정상"))))
A41: =IF(OR(직원목록!$A5="",교육과정!$A14="",직원목록!$F5="퇴사"),"",직원목록!$A5) | B41: =IF($A41="","",직원목록!$B5) | C41: =IF($A41="","",직원목록!$C5) | D41: =IF($A41="","",교육과정!$A14) | E41: =IF($A41="","",교육과정!$B14) | F41: =IF($A41="","",교육과정!$C14) | G41: =IF($A41="","",IF(COUNTIFS(이수내역!$B$3:$B$2002,$A41,이수내역!$D$3:$D$2002,$D41)=0,"",SUMPRODUCT(MAX((이수내역!$B$3:$B$2002=$A41)*(이수내역!$D$3:$D$2002=$D41)*이수내역!$A$3:$A$2002)))) | H41: =IF($A41="","",IF($F41="","",IF($G41="",EDATE(직원목록!$E5,$F41),EDATE($G41,$F41)))) | I41: =IF($H41="","",$H41-TODAY()) | J41: =IF($A41="","",IF($H41="","-",IF($I41<0,"기한초과",IF($I41<=사용안내!$C$16,"임박","정상"))))
A42: =IF(OR(직원목록!$A6="",교육과정!$A3="",직원목록!$F6="퇴사"),"",직원목록!$A6) | B42: =IF($A42="","",직원목록!$B6) | C42: =IF($A42="","",직원목록!$C6) | D42: =IF($A42="","",교육과정!$A3) | E42: =IF($A42="","",교육과정!$B3) | F42: =IF($A42="","",교육과정!$C3) | G42: =IF($A42="","",IF(COUNTIFS(이수내역!$B$3:$B$2002,$A42,이수내역!$D$3:$D$2002,$D42)=0,"",SUMPRODUCT(MAX((이수내역!$B$3:$B$2002=$A42)*(이수내역!$D$3:$D$2002=$D42)*이수내역!$A$3:$A$2002)))) | H42: =IF($A42="","",IF($F42="","",IF($G42="",EDATE(직원목록!$E6,$F42),EDATE($G42,$F42)))) | I42: =IF($H42="","",$H42-TODAY()) | J42: =IF($A42="","",IF($H42="","-",IF($I42<0,"기한초과",IF($I42<=사용안내!$C$16,"임박","정상"))))
A43: =IF(OR(직원목록!$A6="",교육과정!$A4="",직원목록!$F6="퇴사"),"",직원목록!$A6) | B43: =IF($A43="","",직원목록!$B6) | C43: =IF($A43="","",직원목록!$C6) | D43: =IF($A43="","",교육과정!$A4) | E43: =IF($A43="","",교육과정!$B4) | F43: =IF($A43="","",교육과정!$C4) | G43: =IF($A43="","",IF(COUNTIFS(이수내역!$B$3:$B$2002,$A43,이수내역!$D$3:$D$2002,$D43)=0,"",SUMPRODUCT(MAX((이수내역!$B$3:$B$2002=$A43)*(이수내역!$D$3:$D$2002=$D43)*이수내역!$A$3:$A$2002)))) | H43: =IF($A43="","",IF($F43="","",IF($G43="",EDATE(직원목록!$E6,$F43),EDATE($G43,$F43)))) | I43: =IF($H43="","",$H43-TODAY()) | J43: =IF($A43="","",IF($H43="","-",IF($I43<0,"기한초과",IF($I43<=사용안내!$C$16,"임박","정상"))))
A44: =IF(OR(직원목록!$A6="",교육과정!$A5="",직원목록!$F6="퇴사"),"",직원목록!$A6) | B44: =IF($A44="","",직원목록!$B6) | C44: =IF($A44="","",직원목록!$C6) | D44: =IF($A44="","",교육과정!$A5) | E44: =IF($A44="","",교육과정!$B5) | F44: =IF($A44="","",교육과정!$C5) | G44: =IF($A44="","",IF(COUNTIFS(이수내역!$B$3:$B$2002,$A44,이수내역!$D$3:$D$2002,$D44)=0,"",SUMPRODUCT(MAX((이수내역!$B$3:$B$2002=$A44)*(이수내역!$D$3:$D$2002=$D44)*이수내역!$A$3:$A$2002)))) | H44: =IF($A44="","",IF($F44="","",IF($G44="",EDATE(직원목록!$E6,$F44),EDATE($G44,$F44)))) | I44: =IF($H44="","",$H44-TODAY()) | J44: =IF($A44="","",IF($H44="","-",IF($I44<0,"기한초과",IF($I44<=사용안내!$C$16,"임박","정상"))))
A45: =IF(OR(직원목록!$A6="",교육과정!$A6="",직원목록!$F6="퇴사"),"",직원목록!$A6) | B45: =IF($A45="","",직원목록!$B6) | C45: =IF($A45="","",직원목록!$C6) | D45: =IF($A45="","",교육과정!$A6) | E45: =IF($A45="","",교육과정!$B6) | F45: =IF($A45="","",교육과정!$C6) | G45: =IF($A45="","",IF(COUNTIFS(이수내역!$B$3:$B$2002,$A45,이수내역!$D$3:$D$2002,$D45)=0,"",SUMPRODUCT(MAX((이수내역!$B$3:$B$2002=$A45)*(이수내역!$D$3:$D$2002=$D45)*이수내역!$A$3:$A$2002)))) | H45: =IF($A45="","",IF($F45="","",IF($G45="",EDATE(직원목록!$E6,$F45),EDATE($G45,$F45)))) | I45: =IF($H45="","",$H45-TODAY()) | J45: =IF($A45="","",IF($H45="","-",IF($I45<0,"기한초과",IF($I45<=사용안내!$C$16,"임박","정상"))))
A46: =IF(OR(직원목록!$A6="",교육과정!$A7="",직원목록!$F6="퇴사"),"",직원목록!$A6) | B46: =IF($A46="","",직원목록!$B6) | C46: =IF($A46="","",직원목록!$C6) | D46: =IF($A46="","",교육과정!$A7) | E46: =IF($A46="","",교육과정!$B7) | F46: =IF($A46="","",교육과정!$C7) | G46: =IF($A46="","",IF(COUNTIFS(이수내역!$B$3:$B$2002,$A46,이수내역!$D$3:$D$2002,$D46)=0,"",SUMPRODUCT(MAX((이수내역!$B$3:$B$2002=$A46)*(이수내역!$D$3:$D$2002=$D46)*이수내역!$A$3:$A$2002)))) | H46: =IF($A46="","",IF($F46="","",IF($G46="",EDATE(직원목록!$E6,$F46),EDATE($G46,$F46)))) | I46: =IF($H46="","",$H46-TODAY()) | J46: =IF($A46="","",IF($H46="","-",IF($I46<0,"기한초과",IF($I46<=사용안내!$C$16,"임박","정상"))))
A47: =IF(OR(직원목록!$A6="",교육과정!$A8="",직원목록!$F6="퇴사"),"",직원목록!$A6) | B47: =IF($A47="","",직원목록!$B6) | C47: =IF($A47="","",직원목록!$C6) | D47: =IF($A47="","",교육과정!$A8) | E47: =IF($A47="","",교육과정!$B8) | F47: =IF($A47="","",교육과정!$C8) | G47: =IF($A47="","",IF(COUNTIFS(이수내역!$B$3:$B$2002,$A47,이수내역!$D$3:$D$2002,$D47)=0,"",SUMPRODUCT(MAX((이수내역!$B$3:$B$2002=$A47)*(이수내역!$D$3:$D$2002=$D47)*이수내역!$A$3:$A$2002)))) | H47: =IF($A47="","",IF($F47="","",IF($G47="",EDATE(직원목록!$E6,$F47),EDATE($G47,$F47)))) | I47: =IF($H47="","",$H47-TODAY()) | J47: =IF($A47="","",IF($H47="","-",IF($I47<0,"기한초과",IF($I47<=사용안내!$C$16,"임박","정상"))))
A48: =IF(OR(직원목록!$A6="",교육과정!$A9="",직원목록!$F6="퇴사"),"",직원목록!$A6) | B48: =IF($A48="","",직원목록!$B6) | C48: =IF($A48="","",직원목록!$C6) | D48: =IF($A48="","",교육과정!$A9) | E48: =IF($A48="","",교육과정!$B9) | F48: =IF($A48="","",교육과정!$C9) | G48: =IF($A48="","",IF(COUNTIFS(이수내역!$B$3:$B$2002,$A48,이수내역!$D$3:$D$2002,$D48)=0,"",SUMPRODUCT(MAX((이수내역!$B$3:$B$2002=$A48)*(이수내역!$D$3:$D$2002=$D48)*이수내역!$A$3:$A$2002)))) | H48: =IF($A48="","",IF($F48="","",IF($G48="",EDATE(직원목록!$E6,$F48),EDATE($G48,$F48)))) | I48: =IF($H48="","",$H48-TODAY()) | J48: =IF($A48="","",IF($H48="","-",IF($I48<0,"기한초과",IF($I48<=사용안내!$C$16,"임박","정상"))))
A49: =IF(OR(직원목록!$A6="",교육과정!$A10="",직원목록!$F6="퇴사"),"",직원목록!$A6) | B49: =IF($A49="","",직원목록!$B6) | C49: =IF($A49="","",직원목록!$C6) | D49: =IF($A49="","",교육과정!$A10) | E49: =IF($A49="","",교육과정!$B10) | F49: =IF($A49="","",교육과정!$C10) | G49: =IF($A49="","",IF(COUNTIFS(이수내역!$B$3:$B$2002,$A49,이수내역!$D$3:$D$2002,$D49)=0,"",SUMPRODUCT(MAX((이수내역!$B$3:$B$2002=$A49)*(이수내역!$D$3:$D$2002=$D49)*이수내역!$A$3:$A$2002)))) | H49: =IF($A49="","",IF($F49="","",IF($G49="",EDATE(직원목록!$E6,$F49),EDATE($G49,$F49)))) | I49: =IF($H49="","",$H49-TODAY()) | J49: =IF($A49="","",IF($H49="","-",IF($I49<0,"기한초과",IF($I49<=사용안내!$C$16,"임박","정상"))))
A50: =IF(OR(직원목록!$A6="",교육과정!$A11="",직원목록!$F6="퇴사"),"",직원목록!$A6) | B50: =IF($A50="","",직원목록!$B6) | C50: =IF($A50="","",직원목록!$C6) | D50: =IF($A50="","",교육과정!$A11) | E50: =IF($A50="","",교육과정!$B11) | F50: =IF($A50="","",교육과정!$C11) | G50: =IF($A50="","",IF(COUNTIFS(이수내역!$B$3:$B$2002,$A50,이수내역!$D$3:$D$2002,$D50)=0,"",SUMPRODUCT(MAX((이수내역!$B$3:$B$2002=$A50)*(이수내역!$D$3:$D$2002=$D50)*이수내역!$A$3:$A$2002)))) | H50: =IF($A50="","",IF($F50="","",IF($G50="",EDATE(직원목록!$E6,$F50),EDATE($G50,$F50)))) | I50: =IF($H50="","",$H50-TODAY()) | J50: =IF($A50="","",IF($H50="","-",IF($I50<0,"기한초과",IF($I50<=사용안내!$C$16,"임박","정상"))))
A51: =IF(OR(직원목록!$A6="",교육과정!$A12="",직원목록!$F6="퇴사"),"",직원목록!$A6) | B51: =IF($A51="","",직원목록!$B6) | C51: =IF($A51="","",직원목록!$C6) | D51: =IF($A51="","",교육과정!$A12) | E51: =IF($A51="","",교육과정!$B12) | F51: =IF($A51="","",교육과정!$C12) | G51: =IF($A51="","",IF(COUNTIFS(이수내역!$B$3:$B$2002,$A51,이수내역!$D$3:$D$2002,$D51)=0,"",SUMPRODUCT(MAX((이수내역!$B$3:$B$2002=$A51)*(이수내역!$D$3:$D$2002=$D51)*이수내역!$A$3:$A$2002)))) | H51: =IF($A51="","",IF($F51="","",IF($G51="",EDATE(직원목록!$E6,$F51),EDATE($G51,$F51)))) | I51: =IF($H51="","",$H51-TODAY()) | J51: =IF($A51="","",IF($H51="","-",IF($I51<0,"기한초과",IF($I51<=사용안내!$C$16,"임박","정상"))))
A52: =IF(OR(직원목록!$A6="",교육과정!$A13="",직원목록!$F6="퇴사"),"",직원목록!$A6) | B52: =IF($A52="","",직원목록!$B6) | C52: =IF($A52="","",직원목록!$C6) | D52: =IF($A52="","",교육과정!$A13) | E52: =IF($A52="","",교육과정!$B13) | F52: =IF($A52="","",교육과정!$C13) | G52: =IF($A52="","",IF(COUNTIFS(이수내역!$B$3:$B$2002,$A52,이수내역!$D$3:$D$2002,$D52)=0,"",SUMPRODUCT(MAX((이수내역!$B$3:$B$2002=$A52)*(이수내역!$D$3:$D$2002=$D52)*이수내역!$A$3:$A$2002)))) | H52: =IF($A52="","",IF($F52="","",IF($G52="",EDATE(직원목록!$E6,$F52),EDATE($G52,$F52)))) | I52: =IF($H52="","",$H52-TODAY()) | J52: =IF($A52="","",IF($H52="","-",IF($I52<0,"기한초과",IF($I52<=사용안내!$C$16,"임박","정상"))))
A53: =IF(OR(직원목록!$A6="",교육과정!$A14="",직원목록!$F6="퇴사"),"",직원목록!$A6) | B53: =IF($A53="","",직원목록!$B6) | C53: =IF($A53="","",직원목록!$C6) | D53: =IF($A53="","",교육과정!$A14) | E53: =IF($A53="","",교육과정!$B14) | F53: =IF($A53="","",교육과정!$C14) | G53: =IF($A53="","",IF(COUNTIFS(이수내역!$B$3:$B$2002,$A53,이수내역!$D$3:$D$2002,$D53)=0,"",SUMPRODUCT(MAX((이수내역!$B$3:$B$2002=$A53)*(이수내역!$D$3:$D$2002=$D53)*이수내역!$A$3:$A$2002)))) | H53: =IF($A53="","",IF($F53="","",IF($G53="",EDATE(직원목록!$E6,$F53),EDATE($G53,$F53)))) | I53: =IF($H53="","",$H53-TODAY()) | J53: =IF($A53="","",IF($H53="","-",IF($I53<0,"기한초과",IF($I53<=사용안내!$C$16,"임박","정상"))))
A54: =IF(OR(직원목록!$A7="",교육과정!$A3="",직원목록!$F7="퇴사"),"",직원목록!$A7) | B54: =IF($A54="","",직원목록!$B7) | C54: =IF($A54="","",직원목록!$C7) | D54: =IF($A54="","",교육과정!$A3) | E54: =IF($A54="","",교육과정!$B3) | F54: =IF($A54="","",교육과정!$C3) | G54: =IF($A54="","",IF(COUNTIFS(이수내역!$B$3:$B$2002,$A54,이수내역!$D$3:$D$2002,$D54)=0,"",SUMPRODUCT(MAX((이수내역!$B$3:$B$2002=$A54)*(이수내역!$D$3:$D$2002=$D54)*이수내역!$A$3:$A$2002)))) | H54: =IF($A54="","",IF($F54="","",IF($G54="",EDATE(직원목록!$E7,$F54),EDATE($G54,$F54)))) | I54: =IF($H54="","",$H54-TODAY()) | J54: =IF($A54="","",IF($H54="","-",IF($I54<0,"기한초과",IF($I54<=사용안내!$C$16,"임박","정상"))))
A55: =IF(OR(직원목록!$A7="",교육과정!$A4="",직원목록!$F7="퇴사"),"",직원목록!$A7) | B55: =IF($A55="","",직원목록!$B7) | C55: =IF($A55="","",직원목록!$C7) | D55: =IF($A55="","",교육과정!$A4) | E55: =IF($A55="","",교육과정!$B4) | F55: =IF($A55="","",교육과정!$C4) | G55: =IF($A55="","",IF(COUNTIFS(이수내역!$B$3:$B$2002,$A55,이수내역!$D$3:$D$2002,$D55)=0,"",SUMPRODUCT(MAX((이수내역!$B$3:$B$2002=$A55)*(이수내역!$D$3:$D$2002=$D55)*이수내역!$A$3:$A$2002)))) | H55: =IF($A55="","",IF($F55="","",IF($G55="",EDATE(직원목록!$E7,$F55),EDATE($G55,$F55)))) | I55: =IF($H55="","",$H55-TODAY()) | J55: =IF($A55="","",IF($H55="","-",IF($I55<0,"기한초과",IF($I55<=사용안내!$C$16,"임박","정상"))))
A56: =IF(OR(직원목록!$A7="",교육과정!$A5="",직원목록!$F7="퇴사"),"",직원목록!$A7) | B56: =IF($A56="","",직원목록!$B7) | C56: =IF($A56="","",직원목록!$C7) | D56: =IF($A56="","",교육과정!$A5) | E56: =IF($A56="","",교육과정!$B5) | F56: =IF($A56="","",교육과정!$C5) | G56: =IF($A56="","",IF(COUNTIFS(이수내역!$B$3:$B$2002,$A56,이수내역!$D$3:$D$2002,$D56)=0,"",SUMPRODUCT(MAX((이수내역!$B$3:$B$2002=$A56)*(이수내역!$D$3:$D$2002=$D56)*이수내역!$A$3:$A$2002)))) | H56: =IF($A56="","",IF($F56="","",IF($G56="",EDATE(직원목록!$E7,$F56),EDATE($G56,$F56)))) | I56: =IF($H56="","",$H56-TODAY()) | J56: =IF($A56="","",IF($H56="","-",IF($I56<0,"기한초과",IF($I56<=사용안내!$C$16,"임박","정상"))))
A57: =IF(OR(직원목록!$A7="",교육과정!$A6="",직원목록!$F7="퇴사"),"",직원목록!$A7) | B57: =IF($A57="","",직원목록!$B7) | C57: =IF($A57="","",직원목록!$C7) | D57: =IF($A57="","",교육과정!$A6) | E57: =IF($A57="","",교육과정!$B6) | F57: =IF($A57="","",교육과정!$C6) | G57: =IF($A57="","",IF(COUNTIFS(이수내역!$B$3:$B$2002,$A57,이수내역!$D$3:$D$2002,$D57)=0,"",SUMPRODUCT(MAX((이수내역!$B$3:$B$2002=$A57)*(이수내역!$D$3:$D$2002=$D57)*이수내역!$A$3:$A$2002)))) | H57: =IF($A57="","",IF($F57="","",IF($G57="",EDATE(직원목록!$E7,$F57),EDATE($G57,$F57)))) | I57: =IF($H57="","",$H57-TODAY()) | J57: =IF($A57="","",IF($H57="","-",IF($I57<0,"기한초과",IF($I57<=사용안내!$C$16,"임박","정상"))))
A58: =IF(OR(직원목록!$A7="",교육과정!$A7="",직원목록!$F7="퇴사"),"",직원목록!$A7) | B58: =IF($A58="","",직원목록!$B7) | C58: =IF($A58="","",직원목록!$C7) | D58: =IF($A58="","",교육과정!$A7) | E58: =IF($A58="","",교육과정!$B7) | F58: =IF($A58="","",교육과정!$C7) | G58: =IF($A58="","",IF(COUNTIFS(이수내역!$B$3:$B$2002,$A58,이수내역!$D$3:$D$2002,$D58)=0,"",SUMPRODUCT(MAX((이수내역!$B$3:$B$2002=$A58)*(이수내역!$D$3:$D$2002=$D58)*이수내역!$A$3:$A$2002)))) | H58: =IF($A58="","",IF($F58="","",IF($G58="",EDATE(직원목록!$E7,$F58),EDATE($G58,$F58)))) | I58: =IF($H58="","",$H58-TODAY()) | J58: =IF($A58="","",IF($H58="","-",IF($I58<0,"기한초과",IF($I58<=사용안내!$C$16,"임박","정상"))))
A59: =IF(OR(직원목록!$A7="",교육과정!$A8="",직원목록!$F7="퇴사"),"",직원목록!$A7) | B59: =IF($A59="","",직원목록!$B7) | C59: =IF($A59="","",직원목록!$C7) | D59: =IF($A59="","",교육과정!$A8) | E59: =IF($A59="","",교육과정!$B8) | F59: =IF($A59="","",교육과정!$C8) | G59: =IF($A59="","",IF(COUNTIFS(이수내역!$B$3:$B$2002,$A59,이수내역!$D$3:$D$2002,$D59)=0,"",SUMPRODUCT(MAX((이수내역!$B$3:$B$2002=$A59)*(이수내역!$D$3:$D$2002=$D59)*이수내역!$A$3:$A$2002)))) | H59: =IF($A59="","",IF($F59="","",IF($G59="",EDATE(직원목록!$E7,$F59),EDATE($G59,$F59)))) | I59: =IF($H59="","",$H59-TODAY()) | J59: =IF($A59="","",IF($H59="","-",IF($I59<0,"기한초과",IF($I59<=사용안내!$C$16,"임박","정상"))))
A60: =IF(OR(직원목록!$A7="",교육과정!$A9="",직원목록!$F7="퇴사"),"",직원목록!$A7) | B60: =IF($A60="","",직원목록!$B7) | C60: =IF($A60="","",직원목록!$C7) | D60: =IF($A60="","",교육과정!$A9) | E60: =IF($A60="","",교육과정!$B9) | F60: =IF($A60="","",교육과정!$C9) | G60: =IF($A60="","",IF(COUNTIFS(이수내역!$B$3:$B$2002,$A60,이수내역!$D$3:$D$2002,$D60)=0,"",SUMPRODUCT(MAX((이수내역!$B$3:$B$2002=$A60)*(이수내역!$D$3:$D$2002=$D60)*이수내역!$A$3:$A$2002)))) | H60: =IF($A60="","",IF($F60="","",IF($G60="",EDATE(직원목록!$E7,$F60),EDATE($G60,$F60)))) | I60: =IF($H60="","",$H60-TODAY()) | J60: =IF($A60="","",IF($H60="","-",IF($I60<0,"기한초과",IF($I60<=사용안내!$C$16,"임박","정상"))))
A61: =IF(OR(직원목록!$A7="",교육과정!$A10="",직원목록!$F7="퇴사"),"",직원목록!$A7) | B61: =IF($A61="","",직원목록!$B7) | C61: =IF($A61="","",직원목록!$C7) | D61: =IF($A61="","",교육과정!$A10) | E61: =IF($A61="","",교육과정!$B10) | F61: =IF($A61="","",교육과정!$C10) | G61: =IF($A61="","",IF(COUNTIFS(이수내역!$B$3:$B$2002,$A61,이수내역!$D$3:$D$2002,$D61)=0,"",SUMPRODUCT(MAX((이수내역!$B$3:$B$2002=$A61)*(이수내역!$D$3:$D$2002=$D61)*이수내역!$A$3:$A$2002)))) | H61: =IF($A61="","",IF($F61="","",IF($G61="",EDATE(직원목록!$E7,$F61),EDATE($G61,$F61)))) | I61: =IF($H61="","",$H61-TODAY()) | J61: =IF($A61="","",IF($H61="","-",IF($I61<0,"기한초과",IF($I61<=사용안내!$C$16,"임박","정상"))))
A62: =IF(OR(직원목록!$A7="",교육과정!$A11="",직원목록!$F7="퇴사"),"",직원목록!$A7) | B62: =IF($A62="","",직원목록!$B7) | C62: =IF($A62="","",직원목록!$C7) | D62: =IF($A62="","",교육과정!$A11) | E62: =IF($A62="","",교육과정!$B11) | F62: =IF($A62="","",교육과정!$C11) | G62: =IF($A62="","",IF(COUNTIFS(이수내역!$B$3:$B$2002,$A62,이수내역!$D$3:$D$2002,$D62)=0,"",SUMPRODUCT(MAX((이수내역!$B$3:$B$2002=$A62)*(이수내역!$D$3:$D$2002=$D62)*이수내역!$A$3:$A$2002)))) | H62: =IF($A62="","",IF($F62="","",IF($G62="",EDATE(직원목록!$E7,$F62),EDATE($G62,$F62)))) | I62: =IF($H62="","",$H62-TODAY()) | J62: =IF($A62="","",IF($H62="","-",IF($I62<0,"기한초과",IF($I62<=사용안내!$C$16,"임박","정상"))))
A63: =IF(OR(직원목록!$A7="",교육과정!$A12="",직원목록!$F7="퇴사"),"",직원목록!$A7) | B63: =IF($A63="","",직원목록!$B7) | C63: =IF($A63="","",직원목록!$C7) | D63: =IF($A63="","",교육과정!$A12) | E63: =IF($A63="","",교육과정!$B12) | F63: =IF($A63="","",교육과정!$C12) | G63: =IF($A63="","",IF(COUNTIFS(이수내역!$B$3:$B$2002,$A63,이수내역!$D$3:$D$2002,$D63)=0,"",SUMPRODUCT(MAX((이수내역!$B$3:$B$2002=$A63)*(이수내역!$D$3:$D$2002=$D63)*이수내역!$A$3:$A$2002)))) | H63: =IF($A63="","",IF($F63="","",IF($G63="",EDATE(직원목록!$E7,$F63),EDATE($G63,$F63)))) | I63: =IF($H63="","",$H63-TODAY()) | J63: =IF($A63="","",IF($H63="","-",IF($I63<0,"기한초과",IF($I63<=사용안내!$C$16,"임박","정상"))))
A64: =IF(OR(직원목록!$A7="",교육과정!$A13="",직원목록!$F7="퇴사"),"",직원목록!$A7) | B64: =IF($A64="","",직원목록!$B7) | C64: =IF($A64="","",직원목록!$C7) | D64: =IF($A64="","",교육과정!$A13) | E64: =IF($A64="","",교육과정!$B13) | F64: =IF($A64="","",교육과정!$C13) | G64: =IF($A64="","",IF(COUNTIFS(이수내역!$B$3:$B$2002,$A64,이수내역!$D$3:$D$2002,$D64)=0,"",SUMPRODUCT(MAX((이수내역!$B$3:$B$2002=$A64)*(이수내역!$D$3:$D$2002=$D64)*이수내역!$A$3:$A$2002)))) | H64: =IF($A64="","",IF($F64="","",IF($G64="",EDATE(직원목록!$E7,$F64),EDATE($G64,$F64)))) | I64: =IF($H64="","",$H64-TODAY()) | J64: =IF($A64="","",IF($H64="","-",IF($I64<0,"기한초과",IF($I64<=사용안내!$C$16,"임박","정상"))))
A65: =IF(OR(직원목록!$A7="",교육과정!$A14="",직원목록!$F7="퇴사"),"",직원목록!$A7) | B65: =IF($A65="","",직원목록!$B7) | C65: =IF($A65="","",직원목록!$C7) | D65: =IF($A65="","",교육과정!$A14) | E65: =IF($A65="","",교육과정!$B14) | F65: =IF($A65="","",교육과정!$C14) | G65: =IF($A65="","",IF(COUNTIFS(이수내역!$B$3:$B$2002,$A65,이수내역!$D$3:$D$2002,$D65)=0,"",SUMPRODUCT(MAX((이수내역!$B$3:$B$2002=$A65)*(이수내역!$D$3:$D$2002=$D65)*이수내역!$A$3:$A$2002)))) | H65: =IF($A65="","",IF($F65="","",IF($G65="",EDATE(직원목록!$E7,$F65),EDATE($G65,$F65)))) | I65: =IF($H65="","",$H65-TODAY()) | J65: =IF($A65="","",IF($H65="","-",IF($I65<0,"기한초과",IF($I65<=사용안내!$C$16,"임박","정상"))))
A66: =IF(OR(직원목록!$A8="",교육과정!$A3="",직원목록!$F8="퇴사"),"",직원목록!$A8) | B66: =IF($A66="","",직원목록!$B8) | C66: =IF($A66="","",직원목록!$C8) | D66: =IF($A66="","",교육과정!$A3) | E66: =IF($A66="","",교육과정!$B3) | F66: =IF($A66="","",교육과정!$C3) | G66: =IF($A66="","",IF(COUNTIFS(이수내역!$B$3:$B$2002,$A66,이수내역!$D$3:$D$2002,$D66)=0,"",SUMPRODUCT(MAX((이수내역!$B$3:$B$2002=$A66)*(이수내역!$D$3:$D$2002=$D66)*이수내역!$A$3:$A$2002)))) | H66: =IF($A66="","",IF($F66="","",IF($G66="",EDATE(직원목록!$E8,$F66),EDATE($G66,$F66)))) | I66: =IF($H66="","",$H66-TODAY()) | J66: =IF($A66="","",IF($H66="","-",IF($I66<0,"기한초과",IF($I66<=사용안내!$C$16,"임박","정상"))))
A67: =IF(OR(직원목록!$A8="",교육과정!$A4="",직원목록!$F8="퇴사"),"",직원목록!$A8) | B67: =IF($A67="","",직원목록!$B8) | C67: =IF($A67="","",직원목록!$C8) | D67: =IF($A67="","",교육과정!$A4) | E67: =IF($A67="","",교육과정!$B4) | F67: =IF($A67="","",교육과정!$C4) | G67: =IF($A67="","",IF(COUNTIFS(이수내역!$B$3:$B$2002,$A67,이수내역!$D$3:$D$2002,$D67)=0,"",SUMPRODUCT(MAX((이수내역!$B$3:$B$2002=$A67)*(이수내역!$D$3:$D$2002=$D67)*이수내역!$A$3:$A$2002)))) | H67: =IF($A67="","",IF($F67="","",IF($G67="",EDATE(직원목록!$E8,$F67),EDATE($G67,$F67)))) | I67: =IF($H67="","",$H67-TODAY()) | J67: =IF($A67="","",IF($H67="","-",IF($I67<0,"기한초과",IF($I67<=사용안내!$C$16,"임박","정상"))))
A68: =IF(OR(직원목록!$A8="",교육과정!$A5="",직원목록!$F8="퇴사"),"",직원목록!$A8) | B68: =IF($A68="","",직원목록!$B8) | C68: =IF($A68="","",직원목록!$C8) | D68: =IF($A68="","",교육과정!$A5) | E68: =IF($A68="","",교육과정!$B5) | F68: =IF($A68="","",교육과정!$C5) | G68: =IF($A68="","",IF(COUNTIFS(이수내역!$B$3:$B$2002,$A68,이수내역!$D$3:$D$2002,$D68)=0,"",SUMPRODUCT(MAX((이수내역!$B$3:$B$2002=$A68)*(이수내역!$D$3:$D$2002=$D68)*이수내역!$A$3:$A$2002)))) | H68: =IF($A68="","",IF($F68="","",IF($G68="",EDATE(직원목록!$E8,$F68),EDATE($G68,$F68)))) | I68: =IF($H68="","",$H68-TODAY()) | J68: =IF($A68="","",IF($H68="","-",IF($I68<0,"기한초과",IF($I68<=사용안내!$C$16,"임박","정상"))))
A69: =IF(OR(직원목록!$A8="",교육과정!$A6="",직원목록!$F8="퇴사"),"",직원목록!$A8) | B69: =IF($A69="","",직원목록!$B8) | C69: =IF($A69="","",직원목록!$C8) | D69: =IF($A69="","",교육과정!$A6) | E69: =IF($A69="","",교육과정!$B6) | F69: =IF($A69="","",교육과정!$C6) | G69: =IF($A69="","",IF(COUNTIFS(이수내역!$B$3:$B$2002,$A69,이수내역!$D$3:$D$2002,$D69)=0,"",SUMPRODUCT(MAX((이수내역!$B$3:$B$2002=$A69)*(이수내역!$D$3:$D$2002=$D69)*이수내역!$A$3:$A$2002)))) | H69: =IF($A69="","",IF($F69="","",IF($G69="",EDATE(직원목록!$E8,$F69),EDATE($G69,$F69)))) | I69: =IF($H69="","",$H69-TODAY()) | J69: =IF($A69="","",IF($H69="","-",IF($I69<0,"기한초과",IF($I69<=사용안내!$C$16,"임박","정상"))))
A70: =IF(OR(직원목록!$A8="",교육과정!$A7="",직원목록!$F8="퇴사"),"",직원목록!$A8) | B70: =IF($A70="","",직원목록!$B8) | C70: =IF($A70="","",직원목록!$C8) | D70: =IF($A70="","",교육과정!$A7) | E70: =IF($A70="","",교육과정!$B7) | F70: =IF($A70="","",교육과정!$C7) | G70: =IF($A70="","",IF(COUNTIFS(이수내역!$B$3:$B$2002,$A70,이수내역!$D$3:$D$2002,$D70)=0,"",SUMPRODUCT(MAX((이수내역!$B$3:$B$2002=$A70)*(이수내역!$D$3:$D$2002=$D70)*이수내역!$A$3:$A$2002)))) | H70: =IF($A70="","",IF($F70="","",IF($G70="",EDATE(직원목록!$E8,$F70),EDATE($G70,$F70)))) | I70: =IF($H70="","",$H70-TODAY()) | J70: =IF($A70="","",IF($H70="","-",IF($I70<0,"기한초과",IF($I70<=사용안내!$C$16,"임박","정상"))))
A71: =IF(OR(직원목록!$A8="",교육과정!$A8="",직원목록!$F8="퇴사"),"",직원목록!$A8) | B71: =IF($A71="","",직원목록!$B8) | C71: =IF($A71="","",직원목록!$C8) | D71: =IF($A71="","",교육과정!$A8) | E71: =IF($A71="","",교육과정!$B8) | F71: =IF($A71="","",교육과정!$C8) | G71: =IF($A71="","",IF(COUNTIFS(이수내역!$B$3:$B$2002,$A71,이수내역!$D$3:$D$2002,$D71)=0,"",SUMPRODUCT(MAX((이수내역!$B$3:$B$2002=$A71)*(이수내역!$D$3:$D$2002=$D71)*이수내역!$A$3:$A$2002)))) | H71: =IF($A71="","",IF($F71="","",IF($G71="",EDATE(직원목록!$E8,$F71),EDATE($G71,$F71)))) | I71: =IF($H71="","",$H71-TODAY()) | J71: =IF($A71="","",IF($H71="","-",IF($I71<0,"기한초과",IF($I71<=사용안내!$C$16,"임박","정상"))))
A72: =IF(OR(직원목록!$A8="",교육과정!$A9="",직원목록!$F8="퇴사"),"",직원목록!$A8) | B72: =IF($A72="","",직원목록!$B8) | C72: =IF($A72="","",직원목록!$C8) | D72: =IF($A72="","",교육과정!$A9) | E72: =IF($A72="","",교육과정!$B9) | F72: =IF($A72="","",교육과정!$C9) | G72: =IF($A72="","",IF(COUNTIFS(이수내역!$B$3:$B$2002,$A72,이수내역!$D$3:$D$2002,$D72)=0,"",SUMPRODUCT(MAX((이수내역!$B$3:$B$2002=$A72)*(이수내역!$D$3:$D$2002=$D72)*이수내역!$A$3:$A$2002)))) | H72: =IF($A72="","",IF($F72="","",IF($G72="",EDATE(직원목록!$E8,$F72),EDATE($G72,$F72)))) | I72: =IF($H72="","",$H72-TODAY()) | J72: =IF($A72="","",IF($H72="","-",IF($I72<0,"기한초과",IF($I72<=사용안내!$C$16,"임박","정상"))))
A73: =IF(OR(직원목록!$A8="",교육과정!$A10="",직원목록!$F8="퇴사"),"",직원목록!$A8) | B73: =IF($A73="","",직원목록!$B8) | C73: =IF($A73="","",직원목록!$C8) | D73: =IF($A73="","",교육과정!$A10) | E73: =IF($A73="","",교육과정!$B10) | F73: =IF($A73="","",교육과정!$C10) | G73: =IF($A73="","",IF(COUNTIFS(이수내역!$B$3:$B$2002,$A73,이수내역!$D$3:$D$2002,$D73)=0,"",SUMPRODUCT(MAX((이수내역!$B$3:$B$2002=$A73)*(이수내역!$D$3:$D$2002=$D73)*이수내역!$A$3:$A$2002)))) | H73: =IF($A73="","",IF($F73="","",IF($G73="",EDATE(직원목록!$E8,$F73),EDATE($G73,$F73)))) | I73: =IF($H73="","",$H73-TODAY()) | J73: =IF($A73="","",IF($H73="","-",IF($I73<0,"기한초과",IF($I73<=사용안내!$C$16,"임박","정상"))))
A74: =IF(OR(직원목록!$A8="",교육과정!$A11="",직원목록!$F8="퇴사"),"",직원목록!$A8) | B74: =IF($A74="","",직원목록!$B8) | C74: =IF($A74="","",직원목록!$C8) | D74: =IF($A74="","",교육과정!$A11) | E74: =IF($A74="","",교육과정!$B11) | F74: =IF($A74="","",교육과정!$C11) | G74: =IF($A74="","",IF(COUNTIFS(이수내역!$B$3:$B$2002,$A74,이수내역!$D$3:$D$2002,$D74)=0,"",SUMPRODUCT(MAX((이수내역!$B$3:$B$2002=$A74)*(이수내역!$D$3:$D$2002=$D74)*이수내역!$A$3:$A$2002)))) | H74: =IF($A74="","",IF($F74="","",IF($G74="",EDATE(직원목록!$E8,$F74),EDATE($G74,$F74)))) | I74: =IF($H74="","",$H74-TODAY()) | J74: =IF($A74="","",IF($H74="","-",IF($I74<0,"기한초과",IF($I74<=사용안내!$C$16,"임박","정상"))))
A75: =IF(OR(직원목록!$A8="",교육과정!$A12="",직원목록!$F8="퇴사"),"",직원목록!$A8) | B75: =IF($A75="","",직원목록!$B8) | C75: =IF($A75="","",직원목록!$C8) | D75: =IF($A75="","",교육과정!$A12) | E75: =IF($A75="","",교육과정!$B12) | F75: =IF($A75="","",교육과정!$C12) | G75: =IF($A75="","",IF(COUNTIFS(이수내역!$B$3:$B$2002,$A75,이수내역!$D$3:$D$2002,$D75)=0,"",SUMPRODUCT(MAX((이수내역!$B$3:$B$2002=$A75)*(이수내역!$D$3:$D$2002=$D75)*이수내역!$A$3:$A$2002)))) | H75: =IF($A75="","",IF($F75="","",IF($G75="",EDATE(직원목록!$E8,$F75),EDATE($G75,$F75)))) | I75: =IF($H75="","",$H75-TODAY()) | J75: =IF($A75="","",IF($H75="","-",IF($I75<0,"기한초과",IF($I75<=사용안내!$C$16,"임박","정상"))))
A76: =IF(OR(직원목록!$A8="",교육과정!$A13="",직원목록!$F8="퇴사"),"",직원목록!$A8) | B76: =IF($A76="","",직원목록!$B8) | C76: =IF($A76="","",직원목록!$C8) | D76: =IF($A76="","",교육과정!$A13) | E76: =IF($A76="","",교육과정!$B13) | F76: =IF($A76="","",교육과정!$C13) | G76: =IF($A76="","",IF(COUNTIFS(이수내역!$B$3:$B$2002,$A76,이수내역!$D$3:$D$2002,$D76)=0,"",SUMPRODUCT(MAX((이수내역!$B$3:$B$2002=$A76)*(이수내역!$D$3:$D$2002=$D76)*이수내역!$A$3:$A$2002)))) | H76: =IF($A76="","",IF($F76="","",IF($G76="",EDATE(직원목록!$E8,$F76),EDATE($G76,$F76)))) | I76: =IF($H76="","",$H76-TODAY()) | J76: =IF($A76="","",IF($H76="","-",IF($I76<0,"기한초과",IF($I76<=사용안내!$C$16,"임박","정상"))))
A77: =IF(OR(직원목록!$A8="",교육과정!$A14="",직원목록!$F8="퇴사"),"",직원목록!$A8) | B77: =IF($A77="","",직원목록!$B8) | C77: =IF($A77="","",직원목록!$C8) | D77: =IF($A77="","",교육과정!$A14) | E77: =IF($A77="","",교육과정!$B14) | F77: =IF($A77="","",교육과정!$C14) | G77: =IF($A77="","",IF(COUNTIFS(이수내역!$B$3:$B$2002,$A77,이수내역!$D$3:$D$2002,$D77)=0,"",SUMPRODUCT(MAX((이수내역!$B$3:$B$2002=$A77)*(이수내역!$D$3:$D$2002=$D77)*이수내역!$A$3:$A$2002)))) | H77: =IF($A77="","",IF($F77="","",IF($G77="",EDATE(직원목록!$E8,$F77),EDATE($G77,$F77)))) | I77: =IF($H77="","",$H77-TODAY()) | J77: =IF($A77="","",IF($H77="","-",IF($I77<0,"기한초과",IF($I77<=사용안내!$C$16,"임박","정상"))))
A78: =IF(OR(직원목록!$A9="",교육과정!$A3="",직원목록!$F9="퇴사"),"",직원목록!$A9) | B78: =IF($A78="","",직원목록!$B9) | C78: =IF($A78="","",직원목록!$C9) | D78: =IF($A78="","",교육과정!$A3) | E78: =IF($A78="","",교육과정!$B3) | F78: =IF($A78="","",교육과정!$C3) | G78: =IF($A78="","",IF(COUNTIFS(이수내역!$B$3:$B$2002,$A78,이수내역!$D$3:$D$2002,$D78)=0,"",SUMPRODUCT(MAX((이수내역!$B$3:$B$2002=$A78)*(이수내역!$D$3:$D$2002=$D78)*이수내역!$A$3:$A$2002)))) | H78: =IF($A78="","",IF($F78="","",IF($G78="",EDATE(직원목록!$E9,$F78),EDATE($G78,$F78)))) | I78: =IF($H78="","",$H78-TODAY()) | J78: =IF($A78="","",IF($H78="","-",IF($I78<0,"기한초과",IF($I78<=사용안내!$C$16,"임박","정상"))))
A79: =IF(OR(직원목록!$A9="",교육과정!$A4="",직원목록!$F9="퇴사"),"",직원목록!$A9) | B79: =IF($A79="","",직원목록!$B9) | C79: =IF($A79="","",직원목록!$C9) | D79: =IF($A79="","",교육과정!$A4) | E79: =IF($A79="","",교육과정!$B4) | F79: =IF($A79="","",교육과정!$C4) | G79: =IF($A79="","",IF(COUNTIFS(이수내역!$B$3:$B$2002,$A79,이수내역!$D$3:$D$2002,$D79)=0,"",SUMPRODUCT(MAX((이수내역!$B$3:$B$2002=$A79)*(이수내역!$D$3:$D$2002=$D79)*이수내역!$A$3:$A$2002)))) | H79: =IF($A79="","",IF($F79="","",IF($G79="",EDATE(직원목록!$E9,$F79),EDATE($G79,$F79)))) | I79: =IF($H79="","",$H79-TODAY()) | J79: =IF($A79="","",IF($H79="","-",IF($I79<0,"기한초과",IF($I79<=사용안내!$C$16,"임박","정상"))))
A80: =IF(OR(직원목록!$A9="",교육과정!$A5="",직원목록!$F9="퇴사"),"",직원목록!$A9) | B80: =IF($A80="","",직원목록!$B9) | C80: =IF($A80="","",직원목록!$C9) | D80: =IF($A80="","",교육과정!$A5) | E80: =IF($A80="","",교육과정!$B5) | F80: =IF($A80="","",교육과정!$C5) | G80: =IF($A80="","",IF(COUNTIFS(이수내역!$B$3:$B$2002,$A80,이수내역!$D$3:$D$2002,$D80)=0,"",SUMPRODUCT(MAX((이수내역!$B$3:$B$2002=$A80)*(이수내역!$D$3:$D$2002=$D80)*이수내역!$A$3:$A$2002)))) | H80: =IF($A80="","",IF($F80="","",IF($G80="",EDATE(직원목록!$E9,$F80),EDATE($G80,$F80)))) | I80: =IF($H80="","",$H80-TODAY()) | J80: =IF($A80="","",IF($H80="","-",IF($I80<0,"기한초과",IF($I80<=사용안내!$C$16,"임박","정상"))))
A81: =IF(OR(직원목록!$A9="",교육과정!$A6="",직원목록!$F9="퇴사"),"",직원목록!$A9) | B81: =IF($A81="","",직원목록!$B9) | C81: =IF($A81="","",직원목록!$C9) | D81: =IF($A81="","",교육과정!$A6) | E81: =IF($A81="","",교육과정!$B6) | F81: =IF($A81="","",교육과정!$C6) | G81: =IF($A81="","",IF(COUNTIFS(이수내역!$B$3:$B$2002,$A81,이수내역!$D$3:$D$2002,$D81)=0,"",SUMPRODUCT(MAX((이수내역!$B$3:$B$2002=$A81)*(이수내역!$D$3:$D$2002=$D81)*이수내역!$A$3:$A$2002)))) | H81: =IF($A81="","",IF($F81="","",IF($G81="",EDATE(직원목록!$E9,$F81),EDATE($G81,$F81)))) | I81: =IF($H81="","",$H81-TODAY()) | J81: =IF($A81="","",IF($H81="","-",IF($I81<0,"기한초과",IF($I81<=사용안내!$C$16,"임박","정상"))))
A82: =IF(OR(직원목록!$A9="",교육과정!$A7="",직원목록!$F9="퇴사"),"",직원목록!$A9) | B82: =IF($A82="","",직원목록!$B9) | C82: =IF($A82="","",직원목록!$C9) | D82: =IF($A82="","",교육과정!$A7) | E82: =IF($A82="","",교육과정!$B7) | F82: =IF($A82="","",교육과정!$C7) | G82: =IF($A82="","",IF(COUNTIFS(이수내역!$B$3:$B$2002,$A82,이수내역!$D$3:$D$2002,$D82)=0,"",SUMPRODUCT(MAX((이수내역!$B$3:$B$2002=$A82)*(이수내역!$D$3:$D$2002=$D82)*이수내역!$A$3:$A$2002)))) | H82: =IF($A82="","",IF($F82="","",IF($G82="",EDATE(직원목록!$E9,$F82),EDATE($G82,$F82)))) | I82: =IF($H82="","",$H82-TODAY()) | J82: =IF($A82="","",IF($H82="","-",IF($I82<0,"기한초과",IF($I82<=사용안내!$C$16,"임박","정상"))))
A83: =IF(OR(직원목록!$A9="",교육과정!$A8="",직원목록!$F9="퇴사"),"",직원목록!$A9) | B83: =IF($A83="","",직원목록!$B9) | C83: =IF($A83="","",직원목록!$C9) | D83: =IF($A83="","",교육과정!$A8) | E83: =IF($A83="","",교육과정!$B8) | F83: =IF($A83="","",교육과정!$C8) | G83: =IF($A83="","",IF(COUNTIFS(이수내역!$B$3:$B$2002,$A83,이수내역!$D$3:$D$2002,$D83)=0,"",SUMPRODUCT(MAX((이수내역!$B$3:$B$2002=$A83)*(이수내역!$D$3:$D$2002=$D83)*이수내역!$A$3:$A$2002)))) | H83: =IF($A83="","",IF($F83="","",IF($G83="",EDATE(직원목록!$E9,$F83),EDATE($G83,$F83)))) | I83: =IF($H83="","",$H83-TODAY()) | J83: =IF($A83="","",IF($H83="","-",IF($I83<0,"기한초과",IF($I83<=사용안내!$C$16,"임박","정상"))))
A84: =IF(OR(직원목록!$A9="",교육과정!$A9="",직원목록!$F9="퇴사"),"",직원목록!$A9) | B84: =IF($A84="","",직원목록!$B9) | C84: =IF($A84="","",직원목록!$C9) | D84: =IF($A84="","",교육과정!$A9) | E84: =IF($A84="","",교육과정!$B9) | F84: =IF($A84="","",교육과정!$C9) | G84: =IF($A84="","",IF(COUNTIFS(이수내역!$B$3:$B$2002,$A84,이수내역!$D$3:$D$2002,$D84)=0,"",SUMPRODUCT(MAX((이수내역!$B$3:$B$2002=$A84)*(이수내역!$D$3:$D$2002=$D84)*이수내역!$A$3:$A$2002)))) | H84: =IF($A84="","",IF($F84="","",IF($G84="",EDATE(직원목록!$E9,$F84),EDATE($G84,$F84)))) | I84: =IF($H84="","",$H84-TODAY()) | J84: =IF($A84="","",IF($H84="","-",IF($I84<0,"기한초과",IF($I84<=사용안내!$C$16,"임박","정상"))))
A85: =IF(OR(직원목록!$A9="",교육과정!$A10="",직원목록!$F9="퇴사"),"",직원목록!$A9) | B85: =IF($A85="","",직원목록!$B9) | C85: =IF($A85="","",직원목록!$C9) | D85: =IF($A85="","",교육과정!$A10) | E85: =IF($A85="","",교육과정!$B10) | F85: =IF($A85="","",교육과정!$C10) | G85: =IF($A85="","",IF(COUNTIFS(이수내역!$B$3:$B$2002,$A85,이수내역!$D$3:$D$2002,$D85)=0,"",SUMPRODUCT(MAX((이수내역!$B$3:$B$2002=$A85)*(이수내역!$D$3:$D$2002=$D85)*이수내역!$A$3:$A$2002)))) | H85: =IF($A85="","",IF($F85="","",IF($G85="",EDATE(직원목록!$E9,$F85),EDATE($G85,$F85)))) | I85: =IF($H85="","",$H85-TODAY()) | J85: =IF($A85="","",IF($H85="","-",IF($I85<0,"기한초과",IF($I85<=사용안내!$C$16,"임박","정상"))))
A86: =IF(OR(직원목록!$A9="",교육과정!$A11="",직원목록!$F9="퇴사"),"",직원목록!$A9) | B86: =IF($A86="","",직원목록!$B9) | C86: =IF($A86="","",직원목록!$C9) | D86: =IF($A86="","",교육과정!$A11) | E86: =IF($A86="","",교육과정!$B11) | F86: =IF($A86="","",교육과정!$C11) | G86: =IF($A86="","",IF(COUNTIFS(이수내역!$B$3:$B$2002,$A86,이수내역!$D$3:$D$2002,$D86)=0,"",SUMPRODUCT(MAX((이수내역!$B$3:$B$2002=$A86)*(이수내역!$D$3:$D$2002=$D86)*이수내역!$A$3:$A$2002)))) | H86: =IF($A86="","",IF($F86="","",IF($G86="",EDATE(직원목록!$E9,$F86),EDATE($G86,$F86)))) | I86: =IF($H86="","",$H86-TODAY()) | J86: =IF($A86="","",IF($H86="","-",IF($I86<0,"기한초과",IF($I86<=사용안내!$C$16,"임박","정상"))))
A87: =IF(OR(직원목록!$A9="",교육과정!$A12="",직원목록!$F9="퇴사"),"",직원목록!$A9) | B87: =IF($A87="","",직원목록!$B9) | C87: =IF($A87="","",직원목록!$C9) | D87: =IF($A87="","",교육과정!$A12) | E87: =IF($A87="","",교육과정!$B12) | F87: =IF($A87="","",교육과정!$C12) | G87: =IF($A87="","",IF(COUNTIFS(이수내역!$B$3:$B$2002,$A87,이수내역!$D$3:$D$2002,$D87)=0,"",SUMPRODUCT(MAX((이수내역!$B$3:$B$2002=$A87)*(이수내역!$D$3:$D$2002=$D87)*이수내역!$A$3:$A$2002)))) | H87: =IF($A87="","",IF($F87="","",IF($G87="",EDATE(직원목록!$E9,$F87),EDATE($G87,$F87)))) | I87: =IF($H87="","",$H87-TODAY()) | J87: =IF($A87="","",IF($H87="","-",IF($I87<0,"기한초과",IF($I87<=사용안내!$C$16,"임박","정상"))))
A88: =IF(OR(직원목록!$A9="",교육과정!$A13="",직원목록!$F9="퇴사"),"",직원목록!$A9) | B88: =IF($A88="","",직원목록!$B9) | C88: =IF($A88="","",직원목록!$C9) | D88: =IF($A88="","",교육과정!$A13) | E88: =IF($A88="","",교육과정!$B13) | F88: =IF($A88="","",교육과정!$C13) | G88: =IF($A88="","",IF(COUNTIFS(이수내역!$B$3:$B$2002,$A88,이수내역!$D$3:$D$2002,$D88)=0,"",SUMPRODUCT(MAX((이수내역!$B$3:$B$2002=$A88)*(이수내역!$D$3:$D$2002=$D88)*이수내역!$A$3:$A$2002)))) | H88: =IF($A88="","",IF($F88="","",IF($G88="",EDATE(직원목록!$E9,$F88),EDATE($G88,$F88)))) | I88: =IF($H88="","",$H88-TODAY()) | J88: =IF($A88="","",IF($H88="","-",IF($I88<0,"기한초과",IF($I88<=사용안내!$C$16,"임박","정상"))))
A89: =IF(OR(직원목록!$A9="",교육과정!$A14="",직원목록!$F9="퇴사"),"",직원목록!$A9) | B89: =IF($A89="","",직원목록!$B9) | C89: =IF($A89="","",직원목록!$C9) | D89: =IF($A89="","",교육과정!$A14) | E89: =IF($A89="","",교육과정!$B14) | F89: =IF($A89="","",교육과정!$C14) | G89: =IF($A89="","",IF(COUNTIFS(이수내역!$B$3:$B$2002,$A89,이수내역!$D$3:$D$2002,$D89)=0,"",SUMPRODUCT(MAX((이수내역!$B$3:$B$2002=$A89)*(이수내역!$D$3:$D$2002=$D89)*이수내역!$A$3:$A$2002)))) | H89: =IF($A89="","",IF($F89="","",IF($G89="",EDATE(직원목록!$E9,$F89),EDATE($G89,$F89)))) | I89: =IF($H89="","",$H89-TODAY()) | J89: =IF($A89="","",IF($H89="","-",IF($I89<0,"기한초과",IF($I89<=사용안내!$C$16,"임박","정상"))))
A90: =IF(OR(직원목록!$A10="",교육과정!$A3="",직원목록!$F10="퇴사"),"",직원목록!$A10) | B90: =IF($A90="","",직원목록!$B10) | C90: =IF($A90="","",직원목록!$C10) | D90: =IF($A90="","",교육과정!$A3) | E90: =IF($A90="","",교육과정!$B3) | F90: =IF($A90="","",교육과정!$C3) | G90: =IF($A90="","",IF(COUNTIFS(이수내역!$B$3:$B$2002,$A90,이수내역!$D$3:$D$2002,$D90)=0,"",SUMPRODUCT(MAX((이수내역!$B$3:$B$2002=$A90)*(이수내역!$D$3:$D$2002=$D90)*이수내역!$A$3:$A$2002)))) | H90: =IF($A90="","",IF($F90="","",IF($G90="",EDATE(직원목록!$E10,$F90),EDATE($G90,$F90)))) | I90: =IF($H90="","",$H90-TODAY()) | J90: =IF($A90="","",IF($H90="","-",IF($I90<0,"기한초과",IF($I90<=사용안내!$C$16,"임박","정상"))))
A91: =IF(OR(직원목록!$A10="",교육과정!$A4="",직원목록!$F10="퇴사"),"",직원목록!$A10) | B91: =IF($A91="","",직원목록!$B10) | C91: =IF($A91="","",직원목록!$C10) | D91: =IF($A91="","",교육과정!$A4) | E91: =IF($A91="","",교육과정!$B4) | F91: =IF($A91="","",교육과정!$C4) | G91: =IF($A91="","",IF(COUNTIFS(이수내역!$B$3:$B$2002,$A91,이수내역!$D$3:$D$2002,$D91)=0,"",SUMPRODUCT(MAX((이수내역!$B$3:$B$2002=$A91)*(이수내역!$D$3:$D$2002=$D91)*이수내역!$A$3:$A$2002)))) | H91: =IF($A91="","",IF($F91="","",IF($G91="",EDATE(직원목록!$E10,$F91),EDATE($G91,$F91)))) | I91: =IF($H91="","",$H91-TODAY()) | J91: =IF($A91="","",IF($H91="","-",IF($I91<0,"기한초과",IF($I91<=사용안내!$C$16,"임박","정상"))))
A92: =IF(OR(직원목록!$A10="",교육과정!$A5="",직원목록!$F10="퇴사"),"",직원목록!$A10) | B92: =IF($A92="","",직원목록!$B10) | C92: =IF($A92="","",직원목록!$C10) | D92: =IF($A92="","",교육과정!$A5) | E92: =IF($A92="","",교육과정!$B5) | F92: =IF($A92="","",교육과정!$C5) | G92: =IF($A92="","",IF(COUNTIFS(이수내역!$B$3:$B$2002,$A92,이수내역!$D$3:$D$2002,$D92)=0,"",SUMPRODUCT(MAX((이수내역!$B$3:$B$2002=$A92)*(이수내역!$D$3:$D$2002=$D92)*이수내역!$A$3:$A$2002)))) | H92: =IF($A92="","",IF($F92="","",IF($G92="",EDATE(직원목록!$E10,$F92),EDATE($G92,$F92)))) | I92: =IF($H92="","",$H92-TODAY()) | J92: =IF($A92="","",IF($H92="","-",IF($I92<0,"기한초과",IF($I92<=사용안내!$C$16,"임박","정상"))))
A93: =IF(OR(직원목록!$A10="",교육과정!$A6="",직원목록!$F10="퇴사"),"",직원목록!$A10) | B93: =IF($A93="","",직원목록!$B10) | C93: =IF($A93="","",직원목록!$C10) | D93: =IF($A93="","",교육과정!$A6) | E93: =IF($A93="","",교육과정!$B6) | F93: =IF($A93="","",교육과정!$C6) | G93: =IF($A93="","",IF(COUNTIFS(이수내역!$B$3:$B$2002,$A93,이수내역!$D$3:$D$2002,$D93)=0,"",SUMPRODUCT(MAX((이수내역!$B$3:$B$2002=$A93)*(이수내역!$D$3:$D$2002=$D93)*이수내역!$A$3:$A$2002)))) | H93: =IF($A93="","",IF($F93="","",IF($G93="",EDATE(직원목록!$E10,$F93),EDATE($G93,$F93)))) | I93: =IF($H93="","",$H93-TODAY()) | J93: =IF($A93="","",IF($H93="","-",IF($I93<0,"기한초과",IF($I93<=사용안내!$C$16,"임박","정상"))))
A94: =IF(OR(직원목록!$A10="",교육과정!$A7="",직원목록!$F10="퇴사"),"",직원목록!$A10) | B94: =IF($A94="","",직원목록!$B10) | C94: =IF($A94="","",직원목록!$C10) | D94: =IF($A94="","",교육과정!$A7) | E94: =IF($A94="","",교육과정!$B7) | F94: =IF($A94="","",교육과정!$C7) | G94: =IF($A94="","",IF(COUNTIFS(이수내역!$B$3:$B$2002,$A94,이수내역!$D$3:$D$2002,$D94)=0,"",SUMPRODUCT(MAX((이수내역!$B$3:$B$2002=$A94)*(이수내역!$D$3:$D$2002=$D94)*이수내역!$A$3:$A$2002)))) | H94: =IF($A94="","",IF($F94="","",IF($G94="",EDATE(직원목록!$E10,$F94),EDATE($G94,$F94)))) | I94: =IF($H94="","",$H94-TODAY()) | J94: =IF($A94="","",IF($H94="","-",IF($I94<0,"기한초과",IF($I94<=사용안내!$C$16,"임박","정상"))))
A95: =IF(OR(직원목록!$A10="",교육과정!$A8="",직원목록!$F10="퇴사"),"",직원목록!$A10) | B95: =IF($A95="","",직원목록!$B10) | C95: =IF($A95="","",직원목록!$C10) | D95: =IF($A95="","",교육과정!$A8) | E95: =IF($A95="","",교육과정!$B8) | F95: =IF($A95="","",교육과정!$C8) | G95: =IF($A95="","",IF(COUNTIFS(이수내역!$B$3:$B$2002,$A95,이수내역!$D$3:$D$2002,$D95)=0,"",SUMPRODUCT(MAX((이수내역!$B$3:$B$2002=$A95)*(이수내역!$D$3:$D$2002=$D95)*이수내역!$A$3:$A$2002)))) | H95: =IF($A95="","",IF($F95="","",IF($G95="",EDATE(직원목록!$E10,$F95),EDATE($G95,$F95)))) | I95: =IF($H95="","",$H95-TODAY()) | J95: =IF($A95="","",IF($H95="","-",IF($I95<0,"기한초과",IF($I95<=사용안내!$C$16,"임박","정상"))))
A96: =IF(OR(직원목록!$A10="",교육과정!$A9="",직원목록!$F10="퇴사"),"",직원목록!$A10) | B96: =IF($A96="","",직원목록!$B10) | C96: =IF($A96="","",직원목록!$C10) | D96: =IF($A96="","",교육과정!$A9) | E96: =IF($A96="","",교육과정!$B9) | F96: =IF($A96="","",교육과정!$C9) | G96: =IF($A96="","",IF(COUNTIFS(이수내역!$B$3:$B$2002,$A96,이수내역!$D$3:$D$2002,$D96)=0,"",SUMPRODUCT(MAX((이수내역!$B$3:$B$2002=$A96)*(이수내역!$D$3:$D$2002=$D96)*이수내역!$A$3:$A$2002)))) | H96: =IF($A96="","",IF($F96="","",IF($G96="",EDATE(직원목록!$E10,$F96),EDATE($G96,$F96)))) | I96: =IF($H96="","",$H96-TODAY()) | J96: =IF($A96="","",IF($H96="","-",IF($I96<0,"기한초과",IF($I96<=사용안내!$C$16,"임박","정상"))))
A97: =IF(OR(직원목록!$A10="",교육과정!$A10="",직원목록!$F10="퇴사"),"",직원목록!$A10) | B97: =IF($A97="","",직원목록!$B10) | C97: =IF($A97="","",직원목록!$C10) | D97: =IF($A97="","",교육과정!$A10) | E97: =IF($A97="","",교육과정!$B10) | F97: =IF($A97="","",교육과정!$C10) | G97: =IF($A97="","",IF(COUNTIFS(이수내역!$B$3:$B$2002,$A97,이수내역!$D$3:$D$2002,$D97)=0,"",SUMPRODUCT(MAX((이수내역!$B$3:$B$2002=$A97)*(이수내역!$D$3:$D$2002=$D97)*이수내역!$A$3:$A$2002)))) | H97: =IF($A97="","",IF($F97="","",IF($G97="",EDATE(직원목록!$E10,$F97),EDATE($G97,$F97)))) | I97: =IF($H97="","",$H97-TODAY()) | J97: =IF($A97="","",IF($H97="","-",IF($I97<0,"기한초과",IF($I97<=사용안내!$C$16,"임박","정상"))))
A98: =IF(OR(직원목록!$A10="",교육과정!$A11="",직원목록!$F10="퇴사"),"",직원목록!$A10) | B98: =IF($A98="","",직원목록!$B10) | C98: =IF($A98="","",직원목록!$C10) | D98: =IF($A98="","",교육과정!$A11) | E98: =IF($A98="","",교육과정!$B11) | F98: =IF($A98="","",교육과정!$C11) | G98: =IF($A98="","",IF(COUNTIFS(이수내역!$B$3:$B$2002,$A98,이수내역!$D$3:$D$2002,$D98)=0,"",SUMPRODUCT(MAX((이수내역!$B$3:$B$2002=$A98)*(이수내역!$D$3:$D$2002=$D98)*이수내역!$A$3:$A$2002)))) | H98: =IF($A98="","",IF($F98="","",IF($G98="",EDATE(직원목록!$E10,$F98),EDATE($G98,$F98)))) | I98: =IF($H98="","",$H98-TODAY()) | J98: =IF($A98="","",IF($H98="","-",IF($I98<0,"기한초과",IF($I98<=사용안내!$C$16,"임박","정상"))))
A99: =IF(OR(직원목록!$A10="",교육과정!$A12="",직원목록!$F10="퇴사"),"",직원목록!$A10) | B99: =IF($A99="","",직원목록!$B10) | C99: =IF($A99="","",직원목록!$C10) | D99: =IF($A99="","",교육과정!$A12) | E99: =IF($A99="","",교육과정!$B12) | F99: =IF($A99="","",교육과정!$C12) | G99: =IF($A99="","",IF(COUNTIFS(이수내역!$B$3:$B$2002,$A99,이수내역!$D$3:$D$2002,$D99)=0,"",SUMPRODUCT(MAX((이수내역!$B$3:$B$2002=$A99)*(이수내역!$D$3:$D$2002=$D99)*이수내역!$A$3:$A$2002)))) | H99: =IF($A99="","",IF($F99="","",IF($G99="",EDATE(직원목록!$E10,$F99),EDATE($G99,$F99)))) | I99: =IF($H99="","",$H99-TODAY()) | J99: =IF($A99="","",IF($H99="","-",IF($I99<0,"기한초과",IF($I99<=사용안내!$C$16,"임박","정상"))))
A100: =IF(OR(직원목록!$A10="",교육과정!$A13="",직원목록!$F10="퇴사"),"",직원목록!$A10) | B100: =IF($A100="","",직원목록!$B10) | C100: =IF($A100="","",직원목록!$C10) | D100: =IF($A100="","",교육과정!$A13) | E100: =IF($A100="","",교육과정!$B13) | F100: =IF($A100="","",교육과정!$C13) | G100: =IF($A100="","",IF(COUNTIFS(이수내역!$B$3:$B$2002,$A100,이수내역!$D$3:$D$2002,$D100)=0,"",SUMPRODUCT(MAX((이수내역!$B$3:$B$2002=$A100)*(이수내역!$D$3:$D$2002=$D100)*이수내역!$A$3:$A$2002)))) | H100: =IF($A100="","",IF($F100="","",IF($G100="",EDATE(직원목록!$E10,$F100),EDATE($G100,$F100)))) | I100: =IF($H100="","",$H100-TODAY()) | J100: =IF($A100="","",IF($H100="","-",IF($I100<0,"기한초과",IF($I100<=사용안내!$C$16,"임박","정상"))))
A101: =IF(OR(직원목록!$A10="",교육과정!$A14="",직원목록!$F10="퇴사"),"",직원목록!$A10) | B101: =IF($A101="","",직원목록!$B10) | C101: =IF($A101="","",직원목록!$C10) | D101: =IF($A101="","",교육과정!$A14) | E101: =IF($A101="","",교육과정!$B14) | F101: =IF($A101="","",교육과정!$C14) | G101: =IF($A101="","",IF(COUNTIFS(이수내역!$B$3:$B$2002,$A101,이수내역!$D$3:$D$2002,$D101)=0,"",SUMPRODUCT(MAX((이수내역!$B$3:$B$2002=$A101)*(이수내역!$D$3:$D$2002=$D101)*이수내역!$A$3:$A$2002)))) | H101: =IF($A101="","",IF($F101="","",IF($G101="",EDATE(직원목록!$E10,$F101),EDATE($G101,$F101)))) | I101: =IF($H101="","",$H101-TODAY()) | J101: =IF($A101="","",IF($H101="","-",IF($I101<0,"기한초과",IF($I101<=사용안내!$C$16,"임박","정상"))))
A102: =IF(OR(직원목록!$A11="",교육과정!$A3="",직원목록!$F11="퇴사"),"",직원목록!$A11) | B102: =IF($A102="","",직원목록!$B11) | C102: =IF($A102="","",직원목록!$C11) | D102: =IF($A102="","",교육과정!$A3) | E102: =IF($A102="","",교육과정!$B3) | F102: =IF($A102="","",교육과정!$C3) | G102: =IF($A102="","",IF(COUNTIFS(이수내역!$B$3:$B$2002,$A102,이수내역!$D$3:$D$2002,$D102)=0,"",SUMPRODUCT(MAX((이수내역!$B$3:$B$2002=$A102)*(이수내역!$D$3:$D$2002=$D102)*이수내역!$A$3:$A$2002)))) | H102: =IF($A102="","",IF($F102="","",IF($G102="",EDATE(직원목록!$E11,$F102),EDATE($G102,$F102)))) | I102: =IF($H102="","",$H102-TODAY()) | J102: =IF($A102="","",IF($H102="","-",IF($I102<0,"기한초과",IF($I102<=사용안내!$C$16,"임박","정상"))))
...

Sheet 미이수현황
A1: 미이수현황 (기한 초과 · 임박)
A3: 해당 건수 | B3: =COUNTIF($J$6:$J$485,TRUE()) -> 10
A5: 순번 | B5: 사번 | C5: 이름 | D5: 부서 | E5: 과정명 | F5: 최근 이수일 | G5: 다음 기한 | H5: D-Day
A6: =IF($B6="","",1) -> 1 | B6: =IFERROR(INDEX(이수현황!$A$6:$A$485,MATCH("R"&1,미이수현황!$L$6:$L$485,0)),"") -> E001 | C6: =IF($B6="","",IFERROR(INDEX(이수현황!$B$6:$B$485,MATCH("R"&1,미이수현황!$L$6:$L$485,0)),"")) -> 김직원 | D6: =IF($B6="","",IFERROR(INDEX(이수현황!$C$6:$C$485,MATCH("R"&1,미이수현황!$L$6:$L$485,0)),"")) -> 생산1팀 | E6: =IF($B6="","",IFERROR(INDEX(이수현황!$E$6:$E$485,MATCH("R"&1,미이수현황!$L$6:$L$485,0)),"")) -> 산업안전보건교육 | F6: =IF($B6="","",IFERROR(INDEX(이수현황!$G$6:$G$485,MATCH("R"&1,미이수현황!$L$6:$L$485,0)),"")) -> 46213 | G6: =IF($B6="","",IFERROR(INDEX(이수현황!$H$6:$H$485,MATCH("R"&1,미이수현황!$L$6:$L$485,0)),"")) -> 46305 | H6: =IF($B6="","",IFERROR(INDEX(이수현황!$I$6:$I$485,MATCH("R"&1,미이수현황!$L$6:$L$485,0)),"")) -> 26 | J6: =IF(이수현황!$A6="",FALSE(),OR(이수현황!$J6="기한초과",이수현황!$J6="임박")) -> TRUE | K6: =IF($J6=FALSE(),"",COUNTIF($J$6:$J6,TRUE())) -> 1 | L6: =IF($K6="","","R"&$K6) -> R1
A7: =IF($B7="","",2) -> 2 | B7: =IFERROR(INDEX(이수현황!$A$6:$A$485,MATCH("R"&2,미이수현황!$L$6:$L$485,0)),"") -> E001 | C7: =IF($B7="","",IFERROR(INDEX(이수현황!$B$6:$B$485,MATCH("R"&2,미이수현황!$L$6:$L$485,0)),"")) -> 김직원 | D7: =IF($B7="","",IFERROR(INDEX(이수현황!$C$6:$C$485,MATCH("R"&2,미이수현황!$L$6:$L$485,0)),"")) -> 생산1팀 | E7: =IF($B7="","",IFERROR(INDEX(이수현황!$E$6:$E$485,MATCH("R"&2,미이수현황!$L$6:$L$485,0)),"")) -> 개인정보보호 교육 | F7: =IF($B7="","",IFERROR(INDEX(이수현황!$G$6:$G$485,MATCH("R"&2,미이수현황!$L$6:$L$485,0)),"")) | G7: =IF($B7="","",IFERROR(INDEX(이수현황!$H$6:$H$485,MATCH("R"&2,미이수현황!$L$6:$L$485,0)),"")) -> 45718 | H7: =IF($B7="","",IFERROR(INDEX(이수현황!$I$6:$I$485,MATCH("R"&2,미이수현황!$L$6:$L$485,0)),"")) -> -561 | J7: =IF(이수현황!$A7="",FALSE(),OR(이수현황!$J7="기한초과",이수현황!$J7="임박")) -> FALSE | K7: =IF($J7=FALSE(),"",COUNTIF($J$6:$J7,TRUE())) | L7: =IF($K7="","","R"&$K7)
A8: =IF($B8="","",3) -> 3 | B8: =IFERROR(INDEX(이수현황!$A$6:$A$485,MATCH("R"&3,미이수현황!$L$6:$L$485,0)),"") -> E001 | C8: =IF($B8="","",IFERROR(INDEX(이수현황!$B$6:$B$485,MATCH("R"&3,미이수현황!$L$6:$L$485,0)),"")) -> 김직원 | D8: =IF($B8="","",IFERROR(INDEX(이수현황!$C$6:$C$485,MATCH("R"&3,미이수현황!$L$6:$L$485,0)),"")) -> 생산1팀 | E8: =IF($B8="","",IFERROR(INDEX(이수현황!$E$6:$E$485,MATCH("R"&3,미이수현황!$L$6:$L$485,0)),"")) -> 지게차 운전 자격 | F8: =IF($B8="","",IFERROR(INDEX(이수현황!$G$6:$G$485,MATCH("R"&3,미이수현황!$L$6:$L$485,0)),"")) | G8: =IF($B8="","",IFERROR(INDEX(이수현황!$H$6:$H$485,MATCH("R"&3,미이수현황!$L$6:$L$485,0)),"")) -> 46083 | H8: =IF($B8="","",IFERROR(INDEX(이수현황!$I$6:$I$485,MATCH("R"&3,미이수현황!$L$6:$L$485,0)),"")) -> -196 | J8: =IF(이수현황!$A8="",FALSE(),OR(이수현황!$J8="기한초과",이수현황!$J8="임박")) -> TRUE | K8: =IF($J8=FALSE(),"",COUNTIF($J$6:$J8,TRUE())) -> 2 | L8: =IF($K8="","","R"&$K8) -> R2
A9: =IF($B9="","",4) -> 4 | B9: =IFERROR(INDEX(이수현황!$A$6:$A$485,MATCH("R"&4,미이수현황!$L$6:$L$485,0)),"") -> E002 | C9: =IF($B9="","",IFERROR(INDEX(이수현황!$B$6:$B$485,MATCH("R"&4,미이수현황!$L$6:$L$485,0)),"")) -> 이직원 | D9: =IF($B9="","",IFERROR(INDEX(이수현황!$C$6:$C$485,MATCH("R"&4,미이수현황!$L$6:$L$485,0)),"")) -> 생산1팀 | E9: =IF($B9="","",IFERROR(INDEX(이수현황!$E$6:$E$485,MATCH("R"&4,미이수현황!$L$6:$L$485,0)),"")) -> 성희롱 예방교육 | F9: =IF($B9="","",IFERROR(INDEX(이수현황!$G$6:$G$485,MATCH("R"&4,미이수현황!$L$6:$L$485,0)),"")) | G9: =IF($B9="","",IFERROR(INDEX(이수현황!$H$6:$H$485,MATCH("R"&4,미이수현황!$L$6:$L$485,0)),"")) -> 45427 | H9: =IF($B9="","",IFERROR(INDEX(이수현황!$I$6:$I$485,MATCH("R"&4,미이수현황!$L$6:$L$485,0)),"")) -> -852 | J9: =IF(이수현황!$A9="",FALSE(),OR(이수현황!$J9="기한초과",이수현황!$J9="임박")) -> TRUE | K9: =IF($J9=FALSE(),"",COUNTIF($J$6:$J9,TRUE())) -> 3 | L9: =IF($K9="","","R"&$K9) -> R3
A10: =IF($B10="","",5) -> 5 | B10: =IFERROR(INDEX(이수현황!$A$6:$A$485,MATCH("R"&5,미이수현황!$L$6:$L$485,0)),"") -> E002 | C10: =IF($B10="","",IFERROR(INDEX(이수현황!$B$6:$B$485,MATCH("R"&5,미이수현황!$L$6:$L$485,0)),"")) -> 이직원 | D10: =IF($B10="","",IFERROR(INDEX(이수현황!$C$6:$C$485,MATCH("R"&5,미이수현황!$L$6:$L$485,0)),"")) -> 생산1팀 | E10: =IF($B10="","",IFERROR(INDEX(이수현황!$E$6:$E$485,MATCH("R"&5,미이수현황!$L$6:$L$485,0)),"")) -> 개인정보보호 교육 | F10: =IF($B10="","",IFERROR(INDEX(이수현황!$G$6:$G$485,MATCH("R"&5,미이수현황!$L$6:$L$485,0)),"")) | G10: =IF($B10="","",IFERROR(INDEX(이수현황!$H$6:$H$485,MATCH("R"&5,미이수현황!$L$6:$L$485,0)),"")) -> 45427 | H10: =IF($B10="","",IFERROR(INDEX(이수현황!$I$6:$I$485,MATCH("R"&5,미이수현황!$L$6:$L$485,0)),"")) -> -852 | J10: =IF(이수현황!$A10="",FALSE(),OR(이수현황!$J10="기한초과",이수현황!$J10="임박")) -> FALSE | K10: =IF($J10=FALSE(),"",COUNTIF($J$6:$J10,TRUE())) | L10: =IF($K10="","","R"&$K10)
A11: =IF($B11="","",6) -> 6 | B11: =IFERROR(INDEX(이수현황!$A$6:$A$485,MATCH("R"&6,미이수현황!$L$6:$L$485,0)),"") -> E002 | C11: =IF($B11="","",IFERROR(INDEX(이수현황!$B$6:$B$485,MATCH("R"&6,미이수현황!$L$6:$L$485,0)),"")) -> 이직원 | D11: =IF($B11="","",IFERROR(INDEX(이수현황!$C$6:$C$485,MATCH("R"&6,미이수현황!$L$6:$L$485,0)),"")) -> 생산1팀 | E11: =IF($B11="","",IFERROR(INDEX(이수현황!$E$6:$E$485,MATCH("R"&6,미이수현황!$L$6:$L$485,0)),"")) -> 지게차 운전 자격 | F11: =IF($B11="","",IFERROR(INDEX(이수현황!$G$6:$G$485,MATCH("R"&6,미이수현황!$L$6:$L$485,0)),"")) | G11: =IF($B11="","",IFERROR(INDEX(이수현황!$H$6:$H$485,MATCH("R"&6,미이수현황!$L$6:$L$485,0)),"")) -> 45792 | H11: =IF($B11="","",IFERROR(INDEX(이수현황!$I$6:$I$485,MATCH("R"&6,미이수현황!$L$6:$L$485,0)),"")) -> -487 | J11: =IF(이수현황!$A11="",FALSE(),OR(이수현황!$J11="기한초과",이수현황!$J11="임박")) -> FALSE | K11: =IF($J11=FALSE(),"",COUNTIF($J$6:$J11,TRUE())) | L11: =IF($K11="","","R"&$K11)
A12: =IF($B12="","",7) -> 7 | B12: =IFERROR(INDEX(이수현황!$A$6:$A$485,MATCH("R"&7,미이수현황!$L$6:$L$485,0)),"") -> E003 | C12: =IF($B12="","",IFERROR(INDEX(이수현황!$B$6:$B$485,MATCH("R"&7,미이수현황!$L$6:$L$485,0)),"")) -> 박직원 | D12: =IF($B12="","",IFERROR(INDEX(이수현황!$C$6:$C$485,MATCH("R"&7,미이수현황!$L$6:$L$485,0)),"")) -> 관리팀 | E12: =IF($B12="","",IFERROR(INDEX(이수현황!$E$6:$E$485,MATCH("R"&7,미이수현황!$L$6:$L$485,0)),"")) -> 산업안전보건교육 | F12: =IF($B12="","",IFERROR(INDEX(이수현황!$G$6:$G$485,MATCH("R"&7,미이수현황!$L$6:$L$485,0)),"")) | G12: =IF($B12="","",IFERROR(INDEX(이수현황!$H$6:$H$485,MATCH("R"&7,미이수현황!$L$6:$L$485,0)),"")) -> 44661 | H12: =IF($B12="","",IFERROR(INDEX(이수현황!$I$6:$I$485,MATCH("R"&7,미이수현황!$L$6:$L$485,0)),"")) -> -1618 | J12: =IF(이수현황!$A12="",FALSE(),OR(이수현황!$J12="기한초과",이수현황!$J12="임박")) -> FALSE | K12: =IF($J12=FALSE(),"",COUNTIF($J$6:$J12,TRUE())) | L12: =IF($K12="","","R"&$K12)
A13: =IF($B13="","",8) -> 8 | B13: =IFERROR(INDEX(이수현황!$A$6:$A$485,MATCH("R"&8,미이수현황!$L$6:$L$485,0)),"") -> E003 | C13: =IF($B13="","",IFERROR(INDEX(이수현황!$B$6:$B$485,MATCH("R"&8,미이수현황!$L$6:$L$485,0)),"")) -> 박직원 | D13: =IF($B13="","",IFERROR(INDEX(이수현황!$C$6:$C$485,MATCH("R"&8,미이수현황!$L$6:$L$485,0)),"")) -> 관리팀 | E13: =IF($B13="","",IFERROR(INDEX(이수현황!$E$6:$E$485,MATCH("R"&8,미이수현황!$L$6:$L$485,0)),"")) -> 성희롱 예방교육 | F13: =IF($B13="","",IFERROR(INDEX(이수현황!$G$6:$G$485,MATCH("R"&8,미이수현황!$L$6:$L$485,0)),"")) -> 45809 | G13: =IF($B13="","",IFERROR(INDEX(이수현황!$H$6:$H$485,MATCH("R"&8,미이수현황!$L$6:$L$485,0)),"")) -> 46174 | H13: =IF($B13="","",IFERROR(INDEX(이수현황!$I$6:$I$485,MATCH("R"&8,미이수현황!$L$6:$L$485,0)),"")) -> -105 | J13: =IF(이수현황!$A13="",FALSE(),OR(이수현황!$J13="기한초과",이수현황!$J13="임박")) -> FALSE | K13: =IF($J13=FALSE(),"",COUNTIF($J$6:$J13,TRUE())) | L13: =IF($K13="","","R"&$K13)
A14: =IF($B14="","",9) -> 9 | B14: =IFERROR(INDEX(이수현황!$A$6:$A$485,MATCH("R"&9,미이수현황!$L$6:$L$485,0)),"") -> E003 | C14: =IF($B14="","",IFERROR(INDEX(이수현황!$B$6:$B$485,MATCH("R"&9,미이수현황!$L$6:$L$485,0)),"")) -> 박직원 | D14: =IF($B14="","",IFERROR(INDEX(이수현황!$C$6:$C$485,MATCH("R"&9,미이수현황!$L$6:$L$485,0)),"")) -> 관리팀 | E14: =IF($B14="","",IFERROR(INDEX(이수현황!$E$6:$E$485,MATCH("R"&9,미이수현황!$L$6:$L$485,0)),"")) -> 개인정보보호 교육 | F14: =IF($B14="","",IFERROR(INDEX(이수현황!$G$6:$G$485,MATCH("R"&9,미이수현황!$L$6:$L$485,0)),"")) | G14: =IF($B14="","",IFERROR(INDEX(이수현황!$H$6:$H$485,MATCH("R"&9,미이수현황!$L$6:$L$485,0)),"")) -> 44936 | H14: =IF($B14="","",IFERROR(INDEX(이수현황!$I$6:$I$485,MATCH("R"&9,미이수현황!$L$6:$L$485,0)),"")) -> -1343 | J14: =IF(이수현황!$A14="",FALSE(),OR(이수현황!$J14="기한초과",이수현황!$J14="임박")) -> FALSE | K14: =IF($J14=FALSE(),"",COUNTIF($J$6:$J14,TRUE())) | L14: =IF($K14="","","R"&$K14)
A15: =IF($B15="","",10) -> 10 | B15: =IFERROR(INDEX(이수현황!$A$6:$A$485,MATCH("R"&10,미이수현황!$L$6:$L$485,0)),"") -> E003 | C15: =IF($B15="","",IFERROR(INDEX(이수현황!$B$6:$B$485,MATCH("R"&10,미이수현황!$L$6:$L$485,0)),"")) -> 박직원 | D15: =IF($B15="","",IFERROR(INDEX(이수현황!$C$6:$C$485,MATCH("R"&10,미이수현황!$L$6:$L$485,0)),"")) -> 관리팀 | E15: =IF($B15="","",IFERROR(INDEX(이수현황!$E$6:$E$485,MATCH("R"&10,미이수현황!$L$6:$L$485,0)),"")) -> 지게차 운전 자격 | F15: =IF($B15="","",IFERROR(INDEX(이수현황!$G$6:$G$485,MATCH("R"&10,미이수현황!$L$6:$L$485,0)),"")) | G15: =IF($B15="","",IFERROR(INDEX(이수현황!$H$6:$H$485,MATCH("R"&10,미이수현황!$L$6:$L$485,0)),"")) -> 45301 | H15: =IF($B15="","",IFERROR(INDEX(이수현황!$I$6:$I$485,MATCH("R"&10,미이수현황!$L$6:$L$485,0)),"")) -> -978 | J15: =IF(이수현황!$A15="",FALSE(),OR(이수현황!$J15="기한초과",이수현황!$J15="임박")) -> FALSE | K15: =IF($J15=FALSE(),"",COUNTIF($J$6:$J15,TRUE())) | L15: =IF($K15="","","R"&$K15)
A16: =IF($B16="","",11) | B16: =IFERROR(INDEX(이수현황!$A$6:$A$485,MATCH("R"&11,미이수현황!$L$6:$L$485,0)),"") | C16: =IF($B16="","",IFERROR(INDEX(이수현황!$B$6:$B$485,MATCH("R"&11,미이수현황!$L$6:$L$485,0)),"")) | D16: =IF($B16="","",IFERROR(INDEX(이수현황!$C$6:$C$485,MATCH("R"&11,미이수현황!$L$6:$L$485,0)),"")) | E16: =IF($B16="","",IFERROR(INDEX(이수현황!$E$6:$E$485,MATCH("R"&11,미이수현황!$L$6:$L$485,0)),"")) | F16: =IF($B16="","",IFERROR(INDEX(이수현황!$G$6:$G$485,MATCH("R"&11,미이수현황!$L$6:$L$485,0)),"")) | G16: =IF($B16="","",IFERROR(INDEX(이수현황!$H$6:$H$485,MATCH("R"&11,미이수현황!$L$6:$L$485,0)),"")) | H16: =IF($B16="","",IFERROR(INDEX(이수현황!$I$6:$I$485,MATCH("R"&11,미이수현황!$L$6:$L$485,0)),"")) | J16: =IF(이수현황!$A16="",FALSE(),OR(이수현황!$J16="기한초과",이수현황!$J16="임박")) -> FALSE | K16: =IF($J16=FALSE(),"",COUNTIF($J$6:$J16,TRUE())) | L16: =IF($K16="","","R"&$K16)
A17: =IF($B17="","",12) | B17: =IFERROR(INDEX(이수현황!$A$6:$A$485,MATCH("R"&12,미이수현황!$L$6:$L$485,0)),"") | C17: =IF($B17="","",IFERROR(INDEX(이수현황!$B$6:$B$485,MATCH("R"&12,미이수현황!$L$6:$L$485,0)),"")) | D17: =IF($B17="","",IFERROR(INDEX(이수현황!$C$6:$C$485,MATCH("R"&12,미이수현황!$L$6:$L$485,0)),"")) | E17: =IF($B17="","",IFERROR(INDEX(이수현황!$E$6:$E$485,MATCH("R"&12,미이수현황!$L$6:$L$485,0)),"")) | F17: =IF($B17="","",IFERROR(INDEX(이수현황!$G$6:$G$485,MATCH("R"&12,미이수현황!$L$6:$L$485,0)),"")) | G17: =IF($B17="","",IFERROR(INDEX(이수현황!$H$6:$H$485,MATCH("R"&12,미이수현황!$L$6:$L$485,0)),"")) | H17: =IF($B17="","",IFERROR(INDEX(이수현황!$I$6:$I$485,MATCH("R"&12,미이수현황!$L$6:$L$485,0)),"")) | J17: =IF(이수현황!$A17="",FALSE(),OR(이수현황!$J17="기한초과",이수현황!$J17="임박")) -> FALSE | K17: =IF($J17=FALSE(),"",COUNTIF($J$6:$J17,TRUE())) | L17: =IF($K17="","","R"&$K17)
A18: =IF($B18="","",13) | B18: =IFERROR(INDEX(이수현황!$A$6:$A$485,MATCH("R"&13,미이수현황!$L$6:$L$485,0)),"") | C18: =IF($B18="","",IFERROR(INDEX(이수현황!$B$6:$B$485,MATCH("R"&13,미이수현황!$L$6:$L$485,0)),"")) | D18: =IF($B18="","",IFERROR(INDEX(이수현황!$C$6:$C$485,MATCH("R"&13,미이수현황!$L$6:$L$485,0)),"")) | E18: =IF($B18="","",IFERROR(INDEX(이수현황!$E$6:$E$485,MATCH("R"&13,미이수현황!$L$6:$L$485,0)),"")) | F18: =IF($B18="","",IFERROR(INDEX(이수현황!$G$6:$G$485,MATCH("R"&13,미이수현황!$L$6:$L$485,0)),"")) | G18: =IF($B18="","",IFERROR(INDEX(이수현황!$H$6:$H$485,MATCH("R"&13,미이수현황!$L$6:$L$485,0)),"")) | H18: =IF($B18="","",IFERROR(INDEX(이수현황!$I$6:$I$485,MATCH("R"&13,미이수현황!$L$6:$L$485,0)),"")) | J18: =IF(이수현황!$A18="",FALSE(),OR(이수현황!$J18="기한초과",이수현황!$J18="임박")) -> FALSE | K18: =IF($J18=FALSE(),"",COUNTIF($J$6:$J18,TRUE())) | L18: =IF($K18="","","R"&$K18)
A19: =IF($B19="","",14) | B19: =IFERROR(INDEX(이수현황!$A$6:$A$485,MATCH("R"&14,미이수현황!$L$6:$L$485,0)),"") | C19: =IF($B19="","",IFERROR(INDEX(이수현황!$B$6:$B$485,MATCH("R"&14,미이수현황!$L$6:$L$485,0)),"")) | D19: =IF($B19="","",IFERROR(INDEX(이수현황!$C$6:$C$485,MATCH("R"&14,미이수현황!$L$6:$L$485,0)),"")) | E19: =IF($B19="","",IFERROR(INDEX(이수현황!$E$6:$E$485,MATCH("R"&14,미이수현황!$L$6:$L$485,0)),"")) | F19: =IF($B19="","",IFERROR(INDEX(이수현황!$G$6:$G$485,MATCH("R"&14,미이수현황!$L$6:$L$485,0)),"")) | G19: =IF($B19="","",IFERROR(INDEX(이수현황!$H$6:$H$485,MATCH("R"&14,미이수현황!$L$6:$L$485,0)),"")) | H19: =IF($B19="","",IFERROR(INDEX(이수현황!$I$6:$I$485,MATCH("R"&14,미이수현황!$L$6:$L$485,0)),"")) | J19: =IF(이수현황!$A19="",FALSE(),OR(이수현황!$J19="기한초과",이수현황!$J19="임박")) -> TRUE | K19: =IF($J19=FALSE(),"",COUNTIF($J$6:$J19,TRUE())) -> 4 | L19: =IF($K19="","","R"&$K19) -> R4
A20: =IF($B20="","",15) | B20: =IFERROR(INDEX(이수현황!$A$6:$A$485,MATCH("R"&15,미이수현황!$L$6:$L$485,0)),"") | C20: =IF($B20="","",IFERROR(INDEX(이수현황!$B$6:$B$485,MATCH("R"&15,미이수현황!$L$6:$L$485,0)),"")) | D20: =IF($B20="","",IFERROR(INDEX(이수현황!$C$6:$C$485,MATCH("R"&15,미이수현황!$L$6:$L$485,0)),"")) | E20: =IF($B20="","",IFERROR(INDEX(이수현황!$E$6:$E$485,MATCH("R"&15,미이수현황!$L$6:$L$485,0)),"")) | F20: =IF($B20="","",IFERROR(INDEX(이수현황!$G$6:$G$485,MATCH("R"&15,미이수현황!$L$6:$L$485,0)),"")) | G20: =IF($B20="","",IFERROR(INDEX(이수현황!$H$6:$H$485,MATCH("R"&15,미이수현황!$L$6:$L$485,0)),"")) | H20: =IF($B20="","",IFERROR(INDEX(이수현황!$I$6:$I$485,MATCH("R"&15,미이수현황!$L$6:$L$485,0)),"")) | J20: =IF(이수현황!$A20="",FALSE(),OR(이수현황!$J20="기한초과",이수현황!$J20="임박")) -> TRUE | K20: =IF($J20=FALSE(),"",COUNTIF($J$6:$J20,TRUE())) -> 5 | L20: =IF($K20="","","R"&$K20) -> R5
A21: =IF($B21="","",16) | B21: =IFERROR(INDEX(이수현황!$A$6:$A$485,MATCH("R"&16,미이수현황!$L$6:$L$485,0)),"") | C21: =IF($B21="","",IFERROR(INDEX(이수현황!$B$6:$B$485,MATCH("R"&16,미이수현황!$L$6:$L$485,0)),"")) | D21: =IF($B21="","",IFERROR(INDEX(이수현황!$C$6:$C$485,MATCH("R"&16,미이수현황!$L$6:$L$485,0)),"")) | E21: =IF($B21="","",IFERROR(INDEX(이수현황!$E$6:$E$485,MATCH("R"&16,미이수현황!$L$6:$L$485,0)),"")) | F21: =IF($B21="","",IFERROR(INDEX(이수현황!$G$6:$G$485,MATCH("R"&16,미이수현황!$L$6:$L$485,0)),"")) | G21: =IF($B21="","",IFERROR(INDEX(이수현황!$H$6:$H$485,MATCH("R"&16,미이수현황!$L$6:$L$485,0)),"")) | H21: =IF($B21="","",IFERROR(INDEX(이수현황!$I$6:$I$485,MATCH("R"&16,미이수현황!$L$6:$L$485,0)),"")) | J21: =IF(이수현황!$A21="",FALSE(),OR(이수현황!$J21="기한초과",이수현황!$J21="임박")) -> TRUE | K21: =IF($J21=FALSE(),"",COUNTIF($J$6:$J21,TRUE())) -> 6 | L21: =IF($K21="","","R"&$K21) -> R6
A22: =IF($B22="","",17) | B22: =IFERROR(INDEX(이수현황!$A$6:$A$485,MATCH("R"&17,미이수현황!$L$6:$L$485,0)),"") | C22: =IF($B22="","",IFERROR(INDEX(이수현황!$B$6:$B$485,MATCH("R"&17,미이수현황!$L$6:$L$485,0)),"")) | D22: =IF($B22="","",IFERROR(INDEX(이수현황!$C$6:$C$485,MATCH("R"&17,미이수현황!$L$6:$L$485,0)),"")) | E22: =IF($B22="","",IFERROR(INDEX(이수현황!$E$6:$E$485,MATCH("R"&17,미이수현황!$L$6:$L$485,0)),"")) | F22: =IF($B22="","",IFERROR(INDEX(이수현황!$G$6:$G$485,MATCH("R"&17,미이수현황!$L$6:$L$485,0)),"")) | G22: =IF($B22="","",IFERROR(INDEX(이수현황!$H$6:$H$485,MATCH("R"&17,미이수현황!$L$6:$L$485,0)),"")) | H22: =IF($B22="","",IFERROR(INDEX(이수현황!$I$6:$I$485,MATCH("R"&17,미이수현황!$L$6:$L$485,0)),"")) | J22: =IF(이수현황!$A22="",FALSE(),OR(이수현황!$J22="기한초과",이수현황!$J22="임박")) -> FALSE | K22: =IF($J22=FALSE(),"",COUNTIF($J$6:$J22,TRUE())) | L22: =IF($K22="","","R"&$K22)
A23: =IF($B23="","",18) | B23: =IFERROR(INDEX(이수현황!$A$6:$A$485,MATCH("R"&18,미이수현황!$L$6:$L$485,0)),"") | C23: =IF($B23="","",IFERROR(INDEX(이수현황!$B$6:$B$485,MATCH("R"&18,미이수현황!$L$6:$L$485,0)),"")) | D23: =IF($B23="","",IFERROR(INDEX(이수현황!$C$6:$C$485,MATCH("R"&18,미이수현황!$L$6:$L$485,0)),"")) | E23: =IF($B23="","",IFERROR(INDEX(이수현황!$E$6:$E$485,MATCH("R"&18,미이수현황!$L$6:$L$485,0)),"")) | F23: =IF($B23="","",IFERROR(INDEX(이수현황!$G$6:$G$485,MATCH("R"&18,미이수현황!$L$6:$L$485,0)),"")) | G23: =IF($B23="","",IFERROR(INDEX(이수현황!$H$6:$H$485,MATCH("R"&18,미이수현황!$L$6:$L$485,0)),"")) | H23: =IF($B23="","",IFERROR(INDEX(이수현황!$I$6:$I$485,MATCH("R"&18,미이수현황!$L$6:$L$485,0)),"")) | J23: =IF(이수현황!$A23="",FALSE(),OR(이수현황!$J23="기한초과",이수현황!$J23="임박")) -> FALSE | K23: =IF($J23=FALSE(),"",COUNTIF($J$6:$J23,TRUE())) | L23: =IF($K23="","","R"&$K23)
A24: =IF($B24="","",19) | B24: =IFERROR(INDEX(이수현황!$A$6:$A$485,MATCH("R"&19,미이수현황!$L$6:$L$485,0)),"") | C24: =IF($B24="","",IFERROR(INDEX(이수현황!$B$6:$B$485,MATCH("R"&19,미이수현황!$L$6:$L$485,0)),"")) | D24: =IF($B24="","",IFERROR(INDEX(이수현황!$C$6:$C$485,MATCH("R"&19,미이수현황!$L$6:$L$485,0)),"")) | E24: =IF($B24="","",IFERROR(INDEX(이수현황!$E$6:$E$485,MATCH("R"&19,미이수현황!$L$6:$L$485,0)),"")) | F24: =IF($B24="","",IFERROR(INDEX(이수현황!$G$6:$G$485,MATCH("R"&19,미이수현황!$L$6:$L$485,0)),"")) | G24: =IF($B24="","",IFERROR(INDEX(이수현황!$H$6:$H$485,MATCH("R"&19,미이수현황!$L$6:$L$485,0)),"")) | H24: =IF($B24="","",IFERROR(INDEX(이수현황!$I$6:$I$485,MATCH("R"&19,미이수현황!$L$6:$L$485,0)),"")) | J24: =IF(이수현황!$A24="",FALSE(),OR(이수현황!$J24="기한초과",이수현황!$J24="임박")) -> FALSE | K24: =IF($J24=FALSE(),"",COUNTIF($J$6:$J24,TRUE())) | L24: =IF($K24="","","R"&$K24)
A25: =IF($B25="","",20) | B25: =IFERROR(INDEX(이수현황!$A$6:$A$485,MATCH("R"&20,미이수현황!$L$6:$L$485,0)),"") | C25: =IF($B25="","",IFERROR(INDEX(이수현황!$B$6:$B$485,MATCH("R"&20,미이수현황!$L$6:$L$485,0)),"")) | D25: =IF($B25="","",IFERROR(INDEX(이수현황!$C$6:$C$485,MATCH("R"&20,미이수현황!$L$6:$L$485,0)),"")) | E25: =IF($B25="","",IFERROR(INDEX(이수현황!$E$6:$E$485,MATCH("R"&20,미이수현황!$L$6:$L$485,0)),"")) | F25: =IF($B25="","",IFERROR(INDEX(이수현황!$G$6:$G$485,MATCH("R"&20,미이수현황!$L$6:$L$485,0)),"")) | G25: =IF($B25="","",IFERROR(INDEX(이수현황!$H$6:$H$485,MATCH("R"&20,미이수현황!$L$6:$L$485,0)),"")) | H25: =IF($B25="","",IFERROR(INDEX(이수현황!$I$6:$I$485,MATCH("R"&20,미이수현황!$L$6:$L$485,0)),"")) | J25: =IF(이수현황!$A25="",FALSE(),OR(이수현황!$J25="기한초과",이수현황!$J25="임박")) -> FALSE | K25: =IF($J25=FALSE(),"",COUNTIF($J$6:$J25,TRUE())) | L25: =IF($K25="","","R"&$K25)
A26: =IF($B26="","",21) | B26: =IFERROR(INDEX(이수현황!$A$6:$A$485,MATCH("R"&21,미이수현황!$L$6:$L$485,0)),"") | C26: =IF($B26="","",IFERROR(INDEX(이수현황!$B$6:$B$485,MATCH("R"&21,미이수현황!$L$6:$L$485,0)),"")) | D26: =IF($B26="","",IFERROR(INDEX(이수현황!$C$6:$C$485,MATCH("R"&21,미이수현황!$L$6:$L$485,0)),"")) | E26: =IF($B26="","",IFERROR(INDEX(이수현황!$E$6:$E$485,MATCH("R"&21,미이수현황!$L$6:$L$485,0)),"")) | F26: =IF($B26="","",IFERROR(INDEX(이수현황!$G$6:$G$485,MATCH("R"&21,미이수현황!$L$6:$L$485,0)),"")) | G26: =IF($B26="","",IFERROR(INDEX(이수현황!$H$6:$H$485,MATCH("R"&21,미이수현황!$L$6:$L$485,0)),"")) | H26: =IF($B26="","",IFERROR(INDEX(이수현황!$I$6:$I$485,MATCH("R"&21,미이수현황!$L$6:$L$485,0)),"")) | J26: =IF(이수현황!$A26="",FALSE(),OR(이수현황!$J26="기한초과",이수현황!$J26="임박")) -> FALSE | K26: =IF($J26=FALSE(),"",COUNTIF($J$6:$J26,TRUE())) | L26: =IF($K26="","","R"&$K26)
A27: =IF($B27="","",22) | B27: =IFERROR(INDEX(이수현황!$A$6:$A$485,MATCH("R"&22,미이수현황!$L$6:$L$485,0)),"") | C27: =IF($B27="","",IFERROR(INDEX(이수현황!$B$6:$B$485,MATCH("R"&22,미이수현황!$L$6:$L$485,0)),"")) | D27: =IF($B27="","",IFERROR(INDEX(이수현황!$C$6:$C$485,MATCH("R"&22,미이수현황!$L$6:$L$485,0)),"")) | E27: =IF($B27="","",IFERROR(INDEX(이수현황!$E$6:$E$485,MATCH("R"&22,미이수현황!$L$6:$L$485,0)),"")) | F27: =IF($B27="","",IFERROR(INDEX(이수현황!$G$6:$G$485,MATCH("R"&22,미이수현황!$L$6:$L$485,0)),"")) | G27: =IF($B27="","",IFERROR(INDEX(이수현황!$H$6:$H$485,MATCH("R"&22,미이수현황!$L$6:$L$485,0)),"")) | H27: =IF($B27="","",IFERROR(INDEX(이수현황!$I$6:$I$485,MATCH("R"&22,미이수현황!$L$6:$L$485,0)),"")) | J27: =IF(이수현황!$A27="",FALSE(),OR(이수현황!$J27="기한초과",이수현황!$J27="임박")) -> FALSE | K27: =IF($J27=FALSE(),"",COUNTIF($J$6:$J27,TRUE())) | L27: =IF($K27="","","R"&$K27)
A28: =IF($B28="","",23) | B28: =IFERROR(INDEX(이수현황!$A$6:$A$485,MATCH("R"&23,미이수현황!$L$6:$L$485,0)),"") | C28: =IF($B28="","",IFERROR(INDEX(이수현황!$B$6:$B$485,MATCH("R"&23,미이수현황!$L$6:$L$485,0)),"")) | D28: =IF($B28="","",IFERROR(INDEX(이수현황!$C$6:$C$485,MATCH("R"&23,미이수현황!$L$6:$L$485,0)),"")) | E28: =IF($B28="","",IFERROR(INDEX(이수현황!$E$6:$E$485,MATCH("R"&23,미이수현황!$L$6:$L$485,0)),"")) | F28: =IF($B28="","",IFERROR(INDEX(이수현황!$G$6:$G$485,MATCH("R"&23,미이수현황!$L$6:$L$485,0)),"")) | G28: =IF($B28="","",IFERROR(INDEX(이수현황!$H$6:$H$485,MATCH("R"&23,미이수현황!$L$6:$L$485,0)),"")) | H28: =IF($B28="","",IFERROR(INDEX(이수현황!$I$6:$I$485,MATCH("R"&23,미이수현황!$L$6:$L$485,0)),"")) | J28: =IF(이수현황!$A28="",FALSE(),OR(이수현황!$J28="기한초과",이수현황!$J28="임박")) -> FALSE | K28: =IF($J28=FALSE(),"",COUNTIF($J$6:$J28,TRUE())) | L28: =IF($K28="","","R"&$K28)
A29: =IF($B29="","",24) | B29: =IFERROR(INDEX(이수현황!$A$6:$A$485,MATCH("R"&24,미이수현황!$L$6:$L$485,0)),"") | C29: =IF($B29="","",IFERROR(INDEX(이수현황!$B$6:$B$485,MATCH("R"&24,미이수현황!$L$6:$L$485,0)),"")) | D29: =IF($B29="","",IFERROR(INDEX(이수현황!$C$6:$C$485,MATCH("R"&24,미이수현황!$L$6:$L$485,0)),"")) | E29: =IF($B29="","",IFERROR(INDEX(이수현황!$E$6:$E$485,MATCH("R"&24,미이수현황!$L$6:$L$485,0)),"")) | F29: =IF($B29="","",IFERROR(INDEX(이수현황!$G$6:$G$485,MATCH("R"&24,미이수현황!$L$6:$L$485,0)),"")) | G29: =IF($B29="","",IFERROR(INDEX(이수현황!$H$6:$H$485,MATCH("R"&24,미이수현황!$L$6:$L$485,0)),"")) | H29: =IF($B29="","",IFERROR(INDEX(이수현황!$I$6:$I$485,MATCH("R"&24,미이수현황!$L$6:$L$485,0)),"")) | J29: =IF(이수현황!$A29="",FALSE(),OR(이수현황!$J29="기한초과",이수현황!$J29="임박")) -> FALSE | K29: =IF($J29=FALSE(),"",COUNTIF($J$6:$J29,TRUE())) | L29: =IF($K29="","","R"&$K29)
A30: =IF($B30="","",25) | B30: =IFERROR(INDEX(이수현황!$A$6:$A$485,MATCH("R"&25,미이수현황!$L$6:$L$485,0)),"") | C30: =IF($B30="","",IFERROR(INDEX(이수현황!$B$6:$B$485,MATCH("R"&25,미이수현황!$L$6:$L$485,0)),"")) | D30: =IF($B30="","",IFERROR(INDEX(이수현황!$C$6:$C$485,MATCH("R"&25,미이수현황!$L$6:$L$485,0)),"")) | E30: =IF($B30="","",IFERROR(INDEX(이수현황!$E$6:$E$485,MATCH("R"&25,미이수현황!$L$6:$L$485,0)),"")) | F30: =IF($B30="","",IFERROR(INDEX(이수현황!$G$6:$G$485,MATCH("R"&25,미이수현황!$L$6:$L$485,0)),"")) | G30: =IF($B30="","",IFERROR(INDEX(이수현황!$H$6:$H$485,MATCH("R"&25,미이수현황!$L$6:$L$485,0)),"")) | H30: =IF($B30="","",IFERROR(INDEX(이수현황!$I$6:$I$485,MATCH("R"&25,미이수현황!$L$6:$L$485,0)),"")) | J30: =IF(이수현황!$A30="",FALSE(),OR(이수현황!$J30="기한초과",이수현황!$J30="임박")) -> TRUE | K30: =IF($J30=FALSE(),"",COUNTIF($J$6:$J30,TRUE())) -> 7 | L30: =IF($K30="","","R"&$K30) -> R7
A31: =IF($B31="","",26) | B31: =IFERROR(INDEX(이수현황!$A$6:$A$485,MATCH("R"&26,미이수현황!$L$6:$L$485,0)),"") | C31: =IF($B31="","",IFERROR(INDEX(이수현황!$B$6:$B$485,MATCH("R"&26,미이수현황!$L$6:$L$485,0)),"")) | D31: =IF($B31="","",IFERROR(INDEX(이수현황!$C$6:$C$485,MATCH("R"&26,미이수현황!$L$6:$L$485,0)),"")) | E31: =IF($B31="","",IFERROR(INDEX(이수현황!$E$6:$E$485,MATCH("R"&26,미이수현황!$L$6:$L$485,0)),"")) | F31: =IF($B31="","",IFERROR(INDEX(이수현황!$G$6:$G$485,MATCH("R"&26,미이수현황!$L$6:$L$485,0)),"")) | G31: =IF($B31="","",IFERROR(INDEX(이수현황!$H$6:$H$485,MATCH("R"&26,미이수현황!$L$6:$L$485,0)),"")) | H31: =IF($B31="","",IFERROR(INDEX(이수현황!$I$6:$I$485,MATCH("R"&26,미이수현황!$L$6:$L$485,0)),"")) | J31: =IF(이수현황!$A31="",FALSE(),OR(이수현황!$J31="기한초과",이수현황!$J31="임박")) -> TRUE | K31: =IF($J31=FALSE(),"",COUNTIF($J$6:$J31,TRUE())) -> 8 | L31: =IF($K31="","","R"&$K31) -> R8
A32: =IF($B32="","",27) | B32: =IFERROR(INDEX(이수현황!$A$6:$A$485,MATCH("R"&27,미이수현황!$L$6:$L$485,0)),"") | C32: =IF($B32="","",IFERROR(INDEX(이수현황!$B$6:$B$485,MATCH("R"&27,미이수현황!$L$6:$L$485,0)),"")) | D32: =IF($B32="","",IFERROR(INDEX(이수현황!$C$6:$C$485,MATCH("R"&27,미이수현황!$L$6:$L$485,0)),"")) | E32: =IF($B32="","",IFERROR(INDEX(이수현황!$E$6:$E$485,MATCH("R"&27,미이수현황!$L$6:$L$485,0)),"")) | F32: =IF($B32="","",IFERROR(INDEX(이수현황!$G$6:$G$485,MATCH("R"&27,미이수현황!$L$6:$L$485,0)),"")) | G32: =IF($B32="","",IFERROR(INDEX(이수현황!$H$6:$H$485,MATCH("R"&27,미이수현황!$L$6:$L$485,0)),"")) | H32: =IF($B32="","",IFERROR(INDEX(이수현황!$I$6:$I$485,MATCH("R"&27,미이수현황!$L$6:$L$485,0)),"")) | J32: =IF(이수현황!$A32="",FALSE(),OR(이수현황!$J32="기한초과",이수현황!$J32="임박")) -> TRUE | K32: =IF($J32=FALSE(),"",COUNTIF($J$6:$J32,TRUE())) -> 9 | L32: =IF($K32="","","R"&$K32) -> R9
A33: =IF($B33="","",28) | B33: =IFERROR(INDEX(이수현황!$A$6:$A$485,MATCH("R"&28,미이수현황!$L$6:$L$485,0)),"") | C33: =IF($B33="","",IFERROR(INDEX(이수현황!$B$6:$B$485,MATCH("R"&28,미이수현황!$L$6:$L$485,0)),"")) | D33: =IF($B33="","",IFERROR(INDEX(이수현황!$C$6:$C$485,MATCH("R"&28,미이수현황!$L$6:$L$485,0)),"")) | E33: =IF($B33="","",IFERROR(INDEX(이수현황!$E$6:$E$485,MATCH("R"&28,미이수현황!$L$6:$L$485,0)),"")) | F33: =IF($B33="","",IFERROR(INDEX(이수현황!$G$6:$G$485,MATCH("R"&28,미이수현황!$L$6:$L$485,0)),"")) | G33: =IF($B33="","",IFERROR(INDEX(이수현황!$H$6:$H$485,MATCH("R"&28,미이수현황!$L$6:$L$485,0)),"")) | H33: =IF($B33="","",IFERROR(INDEX(이수현황!$I$6:$I$485,MATCH("R"&28,미이수현황!$L$6:$L$485,0)),"")) | J33: =IF(이수현황!$A33="",FALSE(),OR(이수현황!$J33="기한초과",이수현황!$J33="임박")) -> TRUE | K33: =IF($J33=FALSE(),"",COUNTIF($J$6:$J33,TRUE())) -> 10 | L33: =IF($K33="","","R"&$K33) -> R10
A34: =IF($B34="","",29) | B34: =IFERROR(INDEX(이수현황!$A$6:$A$485,MATCH("R"&29,미이수현황!$L$6:$L$485,0)),"") | C34: =IF($B34="","",IFERROR(INDEX(이수현황!$B$6:$B$485,MATCH("R"&29,미이수현황!$L$6:$L$485,0)),"")) | D34: =IF($B34="","",IFERROR(INDEX(이수현황!$C$6:$C$485,MATCH("R"&29,미이수현황!$L$6:$L$485,0)),"")) | E34: =IF($B34="","",IFERROR(INDEX(이수현황!$E$6:$E$485,MATCH("R"&29,미이수현황!$L$6:$L$485,0)),"")) | F34: =IF($B34="","",IFERROR(INDEX(이수현황!$G$6:$G$485,MATCH("R"&29,미이수현황!$L$6:$L$485,0)),"")) | G34: =IF($B34="","",IFERROR(INDEX(이수현황!$H$6:$H$485,MATCH("R"&29,미이수현황!$L$6:$L$485,0)),"")) | H34: =IF($B34="","",IFERROR(INDEX(이수현황!$I$6:$I$485,MATCH("R"&29,미이수현황!$L$6:$L$485,0)),"")) | J34: =IF(이수현황!$A34="",FALSE(),OR(이수현황!$J34="기한초과",이수현황!$J34="임박")) -> FALSE | K34: =IF($J34=FALSE(),"",COUNTIF($J$6:$J34,TRUE())) | L34: =IF($K34="","","R"&$K34)
A35: =IF($B35="","",30) | B35: =IFERROR(INDEX(이수현황!$A$6:$A$485,MATCH("R"&30,미이수현황!$L$6:$L$485,0)),"") | C35: =IF($B35="","",IFERROR(INDEX(이수현황!$B$6:$B$485,MATCH("R"&30,미이수현황!$L$6:$L$485,0)),"")) | D35: =IF($B35="","",IFERROR(INDEX(이수현황!$C$6:$C$485,MATCH("R"&30,미이수현황!$L$6:$L$485,0)),"")) | E35: =IF($B35="","",IFERROR(INDEX(이수현황!$E$6:$E$485,MATCH("R"&30,미이수현황!$L$6:$L$485,0)),"")) | F35: =IF($B35="","",IFERROR(INDEX(이수현황!$G$6:$G$485,MATCH("R"&30,미이수현황!$L$6:$L$485,0)),"")) | G35: =IF($B35="","",IFERROR(INDEX(이수현황!$H$6:$H$485,MATCH("R"&30,미이수현황!$L$6:$L$485,0)),"")) | H35: =IF($B35="","",IFERROR(INDEX(이수현황!$I$6:$I$485,MATCH("R"&30,미이수현황!$L$6:$L$485,0)),"")) | J35: =IF(이수현황!$A35="",FALSE(),OR(이수현황!$J35="기한초과",이수현황!$J35="임박")) -> FALSE | K35: =IF($J35=FALSE(),"",COUNTIF($J$6:$J35,TRUE())) | L35: =IF($K35="","","R"&$K35)
A36: =IF($B36="","",31) | B36: =IFERROR(INDEX(이수현황!$A$6:$A$485,MATCH("R"&31,미이수현황!$L$6:$L$485,0)),"") | C36: =IF($B36="","",IFERROR(INDEX(이수현황!$B$6:$B$485,MATCH("R"&31,미이수현황!$L$6:$L$485,0)),"")) | D36: =IF($B36="","",IFERROR(INDEX(이수현황!$C$6:$C$485,MATCH("R"&31,미이수현황!$L$6:$L$485,0)),"")) | E36: =IF($B36="","",IFERROR(INDEX(이수현황!$E$6:$E$485,MATCH("R"&31,미이수현황!$L$6:$L$485,0)),"")) | F36: =IF($B36="","",IFERROR(INDEX(이수현황!$G$6:$G$485,MATCH("R"&31,미이수현황!$L$6:$L$485,0)),"")) | G36: =IF($B36="","",IFERROR(INDEX(이수현황!$H$6:$H$485,MATCH("R"&31,미이수현황!$L$6:$L$485,0)),"")) | H36: =IF($B36="","",IFERROR(INDEX(이수현황!$I$6:$I$485,MATCH("R"&31,미이수현황!$L$6:$L$485,0)),"")) | J36: =IF(이수현황!$A36="",FALSE(),OR(이수현황!$J36="기한초과",이수현황!$J36="임박")) -> FALSE | K36: =IF($J36=FALSE(),"",COUNTIF($J$6:$J36,TRUE())) | L36: =IF($K36="","","R"&$K36)
A37: =IF($B37="","",32) | B37: =IFERROR(INDEX(이수현황!$A$6:$A$485,MATCH("R"&32,미이수현황!$L$6:$L$485,0)),"") | C37: =IF($B37="","",IFERROR(INDEX(이수현황!$B$6:$B$485,MATCH("R"&32,미이수현황!$L$6:$L$485,0)),"")) | D37: =IF($B37="","",IFERROR(INDEX(이수현황!$C$6:$C$485,MATCH("R"&32,미이수현황!$L$6:$L$485,0)),"")) | E37: =IF($B37="","",IFERROR(INDEX(이수현황!$E$6:$E$485,MATCH("R"&32,미이수현황!$L$6:$L$485,0)),"")) | F37: =IF($B37="","",IFERROR(INDEX(이수현황!$G$6:$G$485,MATCH("R"&32,미이수현황!$L$6:$L$485,0)),"")) | G37: =IF($B37="","",IFERROR(INDEX(이수현황!$H$6:$H$485,MATCH("R"&32,미이수현황!$L$6:$L$485,0)),"")) | H37: =IF($B37="","",IFERROR(INDEX(이수현황!$I$6:$I$485,MATCH("R"&32,미이수현황!$L$6:$L$485,0)),"")) | J37: =IF(이수현황!$A37="",FALSE(),OR(이수현황!$J37="기한초과",이수현황!$J37="임박")) -> FALSE | K37: =IF($J37=FALSE(),"",COUNTIF($J$6:$J37,TRUE())) | L37: =IF($K37="","","R"&$K37)
A38: =IF($B38="","",33) | B38: =IFERROR(INDEX(이수현황!$A$6:$A$485,MATCH("R"&33,미이수현황!$L$6:$L$485,0)),"") | C38: =IF($B38="","",IFERROR(INDEX(이수현황!$B$6:$B$485,MATCH("R"&33,미이수현황!$L$6:$L$485,0)),"")) | D38: =IF($B38="","",IFERROR(INDEX(이수현황!$C$6:$C$485,MATCH("R"&33,미이수현황!$L$6:$L$485,0)),"")) | E38: =IF($B38="","",IFERROR(INDEX(이수현황!$E$6:$E$485,MATCH("R"&33,미이수현황!$L$6:$L$485,0)),"")) | F38: =IF($B38="","",IFERROR(INDEX(이수현황!$G$6:$G$485,MATCH("R"&33,미이수현황!$L$6:$L$485,0)),"")) | G38: =IF($B38="","",IFERROR(INDEX(이수현황!$H$6:$H$485,MATCH("R"&33,미이수현황!$L$6:$L$485,0)),"")) | H38: =IF($B38="","",IFERROR(INDEX(이수현황!$I$6:$I$485,MATCH("R"&33,미이수현황!$L$6:$L$485,0)),"")) | J38: =IF(이수현황!$A38="",FALSE(),OR(이수현황!$J38="기한초과",이수현황!$J38="임박")) -> FALSE | K38: =IF($J38=FALSE(),"",COUNTIF($J$6:$J38,TRUE())) | L38: =IF($K38="","","R"&$K38)
A39: =IF($B39="","",34) | B39: =IFERROR(INDEX(이수현황!$A$6:$A$485,MATCH("R"&34,미이수현황!$L$6:$L$485,0)),"") | C39: =IF($B39="","",IFERROR(INDEX(이수현황!$B$6:$B$485,MATCH("R"&34,미이수현황!$L$6:$L$485,0)),"")) | D39: =IF($B39="","",IFERROR(INDEX(이수현황!$C$6:$C$485,MATCH("R"&34,미이수현황!$L$6:$L$485,0)),"")) | E39: =IF($B39="","",IFERROR(INDEX(이수현황!$E$6:$E$485,MATCH("R"&34,미이수현황!$L$6:$L$485,0)),"")) | F39: =IF($B39="","",IFERROR(INDEX(이수현황!$G$6:$G$485,MATCH("R"&34,미이수현황!$L$6:$L$485,0)),"")) | G39: =IF($B39="","",IFERROR(INDEX(이수현황!$H$6:$H$485,MATCH("R"&34,미이수현황!$L$6:$L$485,0)),"")) | H39: =IF($B39="","",IFERROR(INDEX(이수현황!$I$6:$I$485,MATCH("R"&34,미이수현황!$L$6:$L$485,0)),"")) | J39: =IF(이수현황!$A39="",FALSE(),OR(이수현황!$J39="기한초과",이수현황!$J39="임박")) -> FALSE | K39: =IF($J39=FALSE(),"",COUNTIF($J$6:$J39,TRUE())) | L39: =IF($K39="","","R"&$K39)
A40: =IF($B40="","",35) | B40: =IFERROR(INDEX(이수현황!$A$6:$A$485,MATCH("R"&35,미이수현황!$L$6:$L$485,0)),"") | C40: =IF($B40="","",IFERROR(INDEX(이수현황!$B$6:$B$485,MATCH("R"&35,미이수현황!$L$6:$L$485,0)),"")) | D40: =IF($B40="","",IFERROR(INDEX(이수현황!$C$6:$C$485,MATCH("R"&35,미이수현황!$L$6:$L$485,0)),"")) | E40: =IF($B40="","",IFERROR(INDEX(이수현황!$E$6:$E$485,MATCH("R"&35,미이수현황!$L$6:$L$485,0)),"")) | F40: =IF($B40="","",IFERROR(INDEX(이수현황!$G$6:$G$485,MATCH("R"&35,미이수현황!$L$6:$L$485,0)),"")) | G40: =IF($B40="","",IFERROR(INDEX(이수현황!$H$6:$H$485,MATCH("R"&35,미이수현황!$L$6:$L$485,0)),"")) | H40: =IF($B40="","",IFERROR(INDEX(이수현황!$I$6:$I$485,MATCH("R"&35,미이수현황!$L$6:$L$485,0)),"")) | J40: =IF(이수현황!$A40="",FALSE(),OR(이수현황!$J40="기한초과",이수현황!$J40="임박")) -> FALSE | K40: =IF($J40=FALSE(),"",COUNTIF($J$6:$J40,TRUE())) | L40: =IF($K40="","","R"&$K40)
A41: =IF($B41="","",36) | B41: =IFERROR(INDEX(이수현황!$A$6:$A$485,MATCH("R"&36,미이수현황!$L$6:$L$485,0)),"") | C41: =IF($B41="","",IFERROR(INDEX(이수현황!$B$6:$B$485,MATCH("R"&36,미이수현황!$L$6:$L$485,0)),"")) | D41: =IF($B41="","",IFERROR(INDEX(이수현황!$C$6:$C$485,MATCH("R"&36,미이수현황!$L$6:$L$485,0)),"")) | E41: =IF($B41="","",IFERROR(INDEX(이수현황!$E$6:$E$485,MATCH("R"&36,미이수현황!$L$6:$L$485,0)),"")) | F41: =IF($B41="","",IFERROR(INDEX(이수현황!$G$6:$G$485,MATCH("R"&36,미이수현황!$L$6:$L$485,0)),"")) | G41: =IF($B41="","",IFERROR(INDEX(이수현황!$H$6:$H$485,MATCH("R"&36,미이수현황!$L$6:$L$485,0)),"")) | H41: =IF($B41="","",IFERROR(INDEX(이수현황!$I$6:$I$485,MATCH("R"&36,미이수현황!$L$6:$L$485,0)),"")) | J41: =IF(이수현황!$A41="",FALSE(),OR(이수현황!$J41="기한초과",이수현황!$J41="임박")) -> FALSE | K41: =IF($J41=FALSE(),"",COUNTIF($J$6:$J41,TRUE())) | L41: =IF($K41="","","R"&$K41)
A42: =IF($B42="","",37) | B42: =IFERROR(INDEX(이수현황!$A$6:$A$485,MATCH("R"&37,미이수현황!$L$6:$L$485,0)),"") | C42: =IF($B42="","",IFERROR(INDEX(이수현황!$B$6:$B$485,MATCH("R"&37,미이수현황!$L$6:$L$485,0)),"")) | D42: =IF($B42="","",IFERROR(INDEX(이수현황!$C$6:$C$485,MATCH("R"&37,미이수현황!$L$6:$L$485,0)),"")) | E42: =IF($B42="","",IFERROR(INDEX(이수현황!$E$6:$E$485,MATCH("R"&37,미이수현황!$L$6:$L$485,0)),"")) | F42: =IF($B42="","",IFERROR(INDEX(이수현황!$G$6:$G$485,MATCH("R"&37,미이수현황!$L$6:$L$485,0)),"")) | G42: =IF($B42="","",IFERROR(INDEX(이수현황!$H$6:$H$485,MATCH("R"&37,미이수현황!$L$6:$L$485,0)),"")) | H42: =IF($B42="","",IFERROR(INDEX(이수현황!$I$6:$I$485,MATCH("R"&37,미이수현황!$L$6:$L$485,0)),"")) | J42: =IF(이수현황!$A42="",FALSE(),OR(이수현황!$J42="기한초과",이수현황!$J42="임박")) -> FALSE | K42: =IF($J42=FALSE(),"",COUNTIF($J$6:$J42,TRUE())) | L42: =IF($K42="","","R"&$K42)
A43: =IF($B43="","",38) | B43: =IFERROR(INDEX(이수현황!$A$6:$A$485,MATCH("R"&38,미이수현황!$L$6:$L$485,0)),"") | C43: =IF($B43="","",IFERROR(INDEX(이수현황!$B$6:$B$485,MATCH("R"&38,미이수현황!$L$6:$L$485,0)),"")) | D43: =IF($B43="","",IFERROR(INDEX(이수현황!$C$6:$C$485,MATCH("R"&38,미이수현황!$L$6:$L$485,0)),"")) | E43: =IF($B43="","",IFERROR(INDEX(이수현황!$E$6:$E$485,MATCH("R"&38,미이수현황!$L$6:$L$485,0)),"")) | F43: =IF($B43="","",IFERROR(INDEX(이수현황!$G$6:$G$485,MATCH("R"&38,미이수현황!$L$6:$L$485,0)),"")) | G43: =IF($B43="","",IFERROR(INDEX(이수현황!$H$6:$H$485,MATCH("R"&38,미이수현황!$L$6:$L$485,0)),"")) | H43: =IF($B43="","",IFERROR(INDEX(이수현황!$I$6:$I$485,MATCH("R"&38,미이수현황!$L$6:$L$485,0)),"")) | J43: =IF(이수현황!$A43="",FALSE(),OR(이수현황!$J43="기한초과",이수현황!$J43="임박")) -> FALSE | K43: =IF($J43=FALSE(),"",COUNTIF($J$6:$J43,TRUE())) | L43: =IF($K43="","","R"&$K43)
A44: =IF($B44="","",39) | B44: =IFERROR(INDEX(이수현황!$A$6:$A$485,MATCH("R"&39,미이수현황!$L$6:$L$485,0)),"") | C44: =IF($B44="","",IFERROR(INDEX(이수현황!$B$6:$B$485,MATCH("R"&39,미이수현황!$L$6:$L$485,0)),"")) | D44: =IF($B44="","",IFERROR(INDEX(이수현황!$C$6:$C$485,MATCH("R"&39,미이수현황!$L$6:$L$485,0)),"")) | E44: =IF($B44="","",IFERROR(INDEX(이수현황!$E$6:$E$485,MATCH("R"&39,미이수현황!$L$6:$L$485,0)),"")) | F44: =IF($B44="","",IFERROR(INDEX(이수현황!$G$6:$G$485,MATCH("R"&39,미이수현황!$L$6:$L$485,0)),"")) | G44: =IF($B44="","",IFERROR(INDEX(이수현황!$H$6:$H$485,MATCH("R"&39,미이수현황!$L$6:$L$485,0)),"")) | H44: =IF($B44="","",IFERROR(INDEX(이수현황!$I$6:$I$485,MATCH("R"&39,미이수현황!$L$6:$L$485,0)),"")) | J44: =IF(이수현황!$A44="",FALSE(),OR(이수현황!$J44="기한초과",이수현황!$J44="임박")) -> FALSE | K44: =IF($J44=FALSE(),"",COUNTIF($J$6:$J44,TRUE())) | L44: =IF($K44="","","R"&$K44)
A45: =IF($B45="","",40) | B45: =IFERROR(INDEX(이수현황!$A$6:$A$485,MATCH("R"&40,미이수현황!$L$6:$L$485,0)),"") | C45: =IF($B45="","",IFERROR(INDEX(이수현황!$B$6:$B$485,MATCH("R"&40,미이수현황!$L$6:$L$485,0)),"")) | D45: =IF($B45="","",IFERROR(INDEX(이수현황!$C$6:$C$485,MATCH("R"&40,미이수현황!$L$6:$L$485,0)),"")) | E45: =IF($B45="","",IFERROR(INDEX(이수현황!$E$6:$E$485,MATCH("R"&40,미이수현황!$L$6:$L$485,0)),"")) | F45: =IF($B45="","",IFERROR(INDEX(이수현황!$G$6:$G$485,MATCH("R"&40,미이수현황!$L$6:$L$485,0)),"")) | G45: =IF($B45="","",IFERROR(INDEX(이수현황!$H$6:$H$485,MATCH("R"&40,미이수현황!$L$6:$L$485,0)),"")) | H45: =IF($B45="","",IFERROR(INDEX(이수현황!$I$6:$I$485,MATCH("R"&40,미이수현황!$L$6:$L$485,0)),"")) | J45: =IF(이수현황!$A45="",FALSE(),OR(이수현황!$J45="기한초과",이수현황!$J45="임박")) -> FALSE | K45: =IF($J45=FALSE(),"",COUNTIF($J$6:$J45,TRUE())) | L45: =IF($K45="","","R"&$K45)
A46: =IF($B46="","",41) | B46: =IFERROR(INDEX(이수현황!$A$6:$A$485,MATCH("R"&41,미이수현황!$L$6:$L$485,0)),"") | C46: =IF($B46="","",IFERROR(INDEX(이수현황!$B$6:$B$485,MATCH("R"&41,미이수현황!$L$6:$L$485,0)),"")) | D46: =IF($B46="","",IFERROR(INDEX(이수현황!$C$6:$C$485,MATCH("R"&41,미이수현황!$L$6:$L$485,0)),"")) | E46: =IF($B46="","",IFERROR(INDEX(이수현황!$E$6:$E$485,MATCH("R"&41,미이수현황!$L$6:$L$485,0)),"")) | F46: =IF($B46="","",IFERROR(INDEX(이수현황!$G$6:$G$485,MATCH("R"&41,미이수현황!$L$6:$L$485,0)),"")) | G46: =IF($B46="","",IFERROR(INDEX(이수현황!$H$6:$H$485,MATCH("R"&41,미이수현황!$L$6:$L$485,0)),"")) | H46: =IF($B46="","",IFERROR(INDEX(이수현황!$I$6:$I$485,MATCH("R"&41,미이수현황!$L$6:$L$485,0)),"")) | J46: =IF(이수현황!$A46="",FALSE(),OR(이수현황!$J46="기한초과",이수현황!$J46="임박")) -> FALSE | K46: =IF($J46=FALSE(),"",COUNTIF($J$6:$J46,TRUE())) | L46: =IF($K46="","","R"&$K46)
A47: =IF($B47="","",42) | B47: =IFERROR(INDEX(이수현황!$A$6:$A$485,MATCH("R"&42,미이수현황!$L$6:$L$485,0)),"") | C47: =IF($B47="","",IFERROR(INDEX(이수현황!$B$6:$B$485,MATCH("R"&42,미이수현황!$L$6:$L$485,0)),"")) | D47: =IF($B47="","",IFERROR(INDEX(이수현황!$C$6:$C$485,MATCH("R"&42,미이수현황!$L$6:$L$485,0)),"")) | E47: =IF($B47="","",IFERROR(INDEX(이수현황!$E$6:$E$485,MATCH("R"&42,미이수현황!$L$6:$L$485,0)),"")) | F47: =IF($B47="","",IFERROR(INDEX(이수현황!$G$6:$G$485,MATCH("R"&42,미이수현황!$L$6:$L$485,0)),"")) | G47: =IF($B47="","",IFERROR(INDEX(이수현황!$H$6:$H$485,MATCH("R"&42,미이수현황!$L$6:$L$485,0)),"")) | H47: =IF($B47="","",IFERROR(INDEX(이수현황!$I$6:$I$485,MATCH("R"&42,미이수현황!$L$6:$L$485,0)),"")) | J47: =IF(이수현황!$A47="",FALSE(),OR(이수현황!$J47="기한초과",이수현황!$J47="임박")) -> FALSE | K47: =IF($J47=FALSE(),"",COUNTIF($J$6:$J47,TRUE())) | L47: =IF($K47="","","R"&$K47)
A48: =IF($B48="","",43) | B48: =IFERROR(INDEX(이수현황!$A$6:$A$485,MATCH("R"&43,미이수현황!$L$6:$L$485,0)),"") | C48: =IF($B48="","",IFERROR(INDEX(이수현황!$B$6:$B$485,MATCH("R"&43,미이수현황!$L$6:$L$485,0)),"")) | D48: =IF($B48="","",IFERROR(INDEX(이수현황!$C$6:$C$485,MATCH("R"&43,미이수현황!$L$6:$L$485,0)),"")) | E48: =IF($B48="","",IFERROR(INDEX(이수현황!$E$6:$E$485,MATCH("R"&43,미이수현황!$L$6:$L$485,0)),"")) | F48: =IF($B48="","",IFERROR(INDEX(이수현황!$G$6:$G$485,MATCH("R"&43,미이수현황!$L$6:$L$485,0)),"")) | G48: =IF($B48="","",IFERROR(INDEX(이수현황!$H$6:$H$485,MATCH("R"&43,미이수현황!$L$6:$L$485,0)),"")) | H48: =IF($B48="","",IFERROR(INDEX(이수현황!$I$6:$I$485,MATCH("R"&43,미이수현황!$L$6:$L$485,0)),"")) | J48: =IF(이수현황!$A48="",FALSE(),OR(이수현황!$J48="기한초과",이수현황!$J48="임박")) -> FALSE | K48: =IF($J48=FALSE(),"",COUNTIF($J$6:$J48,TRUE())) | L48: =IF($K48="","","R"&$K48)
A49: =IF($B49="","",44) | B49: =IFERROR(INDEX(이수현황!$A$6:$A$485,MATCH("R"&44,미이수현황!$L$6:$L$485,0)),"") | C49: =IF($B49="","",IFERROR(INDEX(이수현황!$B$6:$B$485,MATCH("R"&44,미이수현황!$L$6:$L$485,0)),"")) | D49: =IF($B49="","",IFERROR(INDEX(이수현황!$C$6:$C$485,MATCH("R"&44,미이수현황!$L$6:$L$485,0)),"")) | E49: =IF($B49="","",IFERROR(INDEX(이수현황!$E$6:$E$485,MATCH("R"&44,미이수현황!$L$6:$L$485,0)),"")) | F49: =IF($B49="","",IFERROR(INDEX(이수현황!$G$6:$G$485,MATCH("R"&44,미이수현황!$L$6:$L$485,0)),"")) | G49: =IF($B49="","",IFERROR(INDEX(이수현황!$H$6:$H$485,MATCH("R"&44,미이수현황!$L$6:$L$485,0)),"")) | H49: =IF($B49="","",IFERROR(INDEX(이수현황!$I$6:$I$485,MATCH("R"&44,미이수현황!$L$6:$L$485,0)),"")) | J49: =IF(이수현황!$A49="",FALSE(),OR(이수현황!$J49="기한초과",이수현황!$J49="임박")) -> FALSE | K49: =IF($J49=FALSE(),"",COUNTIF($J$6:$J49,TRUE())) | L49: =IF($K49="","","R"&$K49)
A50: =IF($B50="","",45) | B50: =IFERROR(INDEX(이수현황!$A$6:$A$485,MATCH("R"&45,미이수현황!$L$6:$L$485,0)),"") | C50: =IF($B50="","",IFERROR(INDEX(이수현황!$B$6:$B$485,MATCH("R"&45,미이수현황!$L$6:$L$485,0)),"")) | D50: =IF($B50="","",IFERROR(INDEX(이수현황!$C$6:$C$485,MATCH("R"&45,미이수현황!$L$6:$L$485,0)),"")) | E50: =IF($B50="","",IFERROR(INDEX(이수현황!$E$6:$E$485,MATCH("R"&45,미이수현황!$L$6:$L$485,0)),"")) | F50: =IF($B50="","",IFERROR(INDEX(이수현황!$G$6:$G$485,MATCH("R"&45,미이수현황!$L$6:$L$485,0)),"")) | G50: =IF($B50="","",IFERROR(INDEX(이수현황!$H$6:$H$485,MATCH("R"&45,미이수현황!$L$6:$L$485,0)),"")) | H50: =IF($B50="","",IFERROR(INDEX(이수현황!$I$6:$I$485,MATCH("R"&45,미이수현황!$L$6:$L$485,0)),"")) | J50: =IF(이수현황!$A50="",FALSE(),OR(이수현황!$J50="기한초과",이수현황!$J50="임박")) -> FALSE | K50: =IF($J50=FALSE(),"",COUNTIF($J$6:$J50,TRUE())) | L50: =IF($K50="","","R"&$K50)
A51: =IF($B51="","",46) | B51: =IFERROR(INDEX(이수현황!$A$6:$A$485,MATCH("R"&46,미이수현황!$L$6:$L$485,0)),"") | C51: =IF($B51="","",IFERROR(INDEX(이수현황!$B$6:$B$485,MATCH("R"&46,미이수현황!$L$6:$L$485,0)),"")) | D51: =IF($B51="","",IFERROR(INDEX(이수현황!$C$6:$C$485,MATCH("R"&46,미이수현황!$L$6:$L$485,0)),"")) | E51: =IF($B51="","",IFERROR(INDEX(이수현황!$E$6:$E$485,MATCH("R"&46,미이수현황!$L$6:$L$485,0)),"")) | F51: =IF($B51="","",IFERROR(INDEX(이수현황!$G$6:$G$485,MATCH("R"&46,미이수현황!$L$6:$L$485,0)),"")) | G51: =IF($B51="","",IFERROR(INDEX(이수현황!$H$6:$H$485,MATCH("R"&46,미이수현황!$L$6:$L$485,0)),"")) | H51: =IF($B51="","",IFERROR(INDEX(이수현황!$I$6:$I$485,MATCH("R"&46,미이수현황!$L$6:$L$485,0)),"")) | J51: =IF(이수현황!$A51="",FALSE(),OR(이수현황!$J51="기한초과",이수현황!$J51="임박")) -> FALSE | K51: =IF($J51=FALSE(),"",COUNTIF($J$6:$J51,TRUE())) | L51: =IF($K51="","","R"&$K51)
A52: =IF($B52="","",47) | B52: =IFERROR(INDEX(이수현황!$A$6:$A$485,MATCH("R"&47,미이수현황!$L$6:$L$485,0)),"") | C52: =IF($B52="","",IFERROR(INDEX(이수현황!$B$6:$B$485,MATCH("R"&47,미이수현황!$L$6:$L$485,0)),"")) | D52: =IF($B52="","",IFERROR(INDEX(이수현황!$C$6:$C$485,MATCH("R"&47,미이수현황!$L$6:$L$485,0)),"")) | E52: =IF($B52="","",IFERROR(INDEX(이수현황!$E$6:$E$485,MATCH("R"&47,미이수현황!$L$6:$L$485,0)),"")) | F52: =IF($B52="","",IFERROR(INDEX(이수현황!$G$6:$G$485,MATCH("R"&47,미이수현황!$L$6:$L$485,0)),"")) | G52: =IF($B52="","",IFERROR(INDEX(이수현황!$H$6:$H$485,MATCH("R"&47,미이수현황!$L$6:$L$485,0)),"")) | H52: =IF($B52="","",IFERROR(INDEX(이수현황!$I$6:$I$485,MATCH("R"&47,미이수현황!$L$6:$L$485,0)),"")) | J52: =IF(이수현황!$A52="",FALSE(),OR(이수현황!$J52="기한초과",이수현황!$J52="임박")) -> FALSE | K52: =IF($J52=FALSE(),"",COUNTIF($J$6:$J52,TRUE())) | L52: =IF($K52="","","R"&$K52)
A53: =IF($B53="","",48) | B53: =IFERROR(INDEX(이수현황!$A$6:$A$485,MATCH("R"&48,미이수현황!$L$6:$L$485,0)),"") | C53: =IF($B53="","",IFERROR(INDEX(이수현황!$B$6:$B$485,MATCH("R"&48,미이수현황!$L$6:$L$485,0)),"")) | D53: =IF($B53="","",IFERROR(INDEX(이수현황!$C$6:$C$485,MATCH("R"&48,미이수현황!$L$6:$L$485,0)),"")) | E53: =IF($B53="","",IFERROR(INDEX(이수현황!$E$6:$E$485,MATCH("R"&48,미이수현황!$L$6:$L$485,0)),"")) | F53: =IF($B53="","",IFERROR(INDEX(이수현황!$G$6:$G$485,MATCH("R"&48,미이수현황!$L$6:$L$485,0)),"")) | G53: =IF($B53="","",IFERROR(INDEX(이수현황!$H$6:$H$485,MATCH("R"&48,미이수현황!$L$6:$L$485,0)),"")) | H53: =IF($B53="","",IFERROR(INDEX(이수현황!$I$6:$I$485,MATCH("R"&48,미이수현황!$L$6:$L$485,0)),"")) | J53: =IF(이수현황!$A53="",FALSE(),OR(이수현황!$J53="기한초과",이수현황!$J53="임박")) -> FALSE | K53: =IF($J53=FALSE(),"",COUNTIF($J$6:$J53,TRUE())) | L53: =IF($K53="","","R"&$K53)
A54: =IF($B54="","",49) | B54: =IFERROR(INDEX(이수현황!$A$6:$A$485,MATCH("R"&49,미이수현황!$L$6:$L$485,0)),"") | C54: =IF($B54="","",IFERROR(INDEX(이수현황!$B$6:$B$485,MATCH("R"&49,미이수현황!$L$6:$L$485,0)),"")) | D54: =IF($B54="","",IFERROR(INDEX(이수현황!$C$6:$C$485,MATCH("R"&49,미이수현황!$L$6:$L$485,0)),"")) | E54: =IF($B54="","",IFERROR(INDEX(이수현황!$E$6:$E$485,MATCH("R"&49,미이수현황!$L$6:$L$485,0)),"")) | F54: =IF($B54="","",IFERROR(INDEX(이수현황!$G$6:$G$485,MATCH("R"&49,미이수현황!$L$6:$L$485,0)),"")) | G54: =IF($B54="","",IFERROR(INDEX(이수현황!$H$6:$H$485,MATCH("R"&49,미이수현황!$L$6:$L$485,0)),"")) | H54: =IF($B54="","",IFERROR(INDEX(이수현황!$I$6:$I$485,MATCH("R"&49,미이수현황!$L$6:$L$485,0)),"")) | J54: =IF(이수현황!$A54="",FALSE(),OR(이수현황!$J54="기한초과",이수현황!$J54="임박")) -> FALSE | K54: =IF($J54=FALSE(),"",COUNTIF($J$6:$J54,TRUE())) | L54: =IF($K54="","","R"&$K54)
A55: =IF($B55="","",50) | B55: =IFERROR(INDEX(이수현황!$A$6:$A$485,MATCH("R"&50,미이수현황!$L$6:$L$485,0)),"") | C55: =IF($B55="","",IFERROR(INDEX(이수현황!$B$6:$B$485,MATCH("R"&50,미이수현황!$L$6:$L$485,0)),"")) | D55: =IF($B55="","",IFERROR(INDEX(이수현황!$C$6:$C$485,MATCH("R"&50,미이수현황!$L$6:$L$485,0)),"")) | E55: =IF($B55="","",IFERROR(INDEX(이수현황!$E$6:$E$485,MATCH("R"&50,미이수현황!$L$6:$L$485,0)),"")) | F55: =IF($B55="","",IFERROR(INDEX(이수현황!$G$6:$G$485,MATCH("R"&50,미이수현황!$L$6:$L$485,0)),"")) | G55: =IF($B55="","",IFERROR(INDEX(이수현황!$H$6:$H$485,MATCH("R"&50,미이수현황!$L$6:$L$485,0)),"")) | H55: =IF($B55="","",IFERROR(INDEX(이수현황!$I$6:$I$485,MATCH("R"&50,미이수현황!$L$6:$L$485,0)),"")) | J55: =IF(이수현황!$A55="",FALSE(),OR(이수현황!$J55="기한초과",이수현황!$J55="임박")) -> FALSE | K55: =IF($J55=FALSE(),"",COUNTIF($J$6:$J55,TRUE())) | L55: =IF($K55="","","R"&$K55)
A56: =IF($B56="","",51) | B56: =IFERROR(INDEX(이수현황!$A$6:$A$485,MATCH("R"&51,미이수현황!$L$6:$L$485,0)),"") | C56: =IF($B56="","",IFERROR(INDEX(이수현황!$B$6:$B$485,MATCH("R"&51,미이수현황!$L$6:$L$485,0)),"")) | D56: =IF($B56="","",IFERROR(INDEX(이수현황!$C$6:$C$485,MATCH("R"&51,미이수현황!$L$6:$L$485,0)),"")) | E56: =IF($B56="","",IFERROR(INDEX(이수현황!$E$6:$E$485,MATCH("R"&51,미이수현황!$L$6:$L$485,0)),"")) | F56: =IF($B56="","",IFERROR(INDEX(이수현황!$G$6:$G$485,MATCH("R"&51,미이수현황!$L$6:$L$485,0)),"")) | G56: =IF($B56="","",IFERROR(INDEX(이수현황!$H$6:$H$485,MATCH("R"&51,미이수현황!$L$6:$L$485,0)),"")) | H56: =IF($B56="","",IFERROR(INDEX(이수현황!$I$6:$I$485,MATCH("R"&51,미이수현황!$L$6:$L$485,0)),"")) | J56: =IF(이수현황!$A56="",FALSE(),OR(이수현황!$J56="기한초과",이수현황!$J56="임박")) -> FALSE | K56: =IF($J56=FALSE(),"",COUNTIF($J$6:$J56,TRUE())) | L56: =IF($K56="","","R"&$K56)
A57: =IF($B57="","",52) | B57: =IFERROR(INDEX(이수현황!$A$6:$A$485,MATCH("R"&52,미이수현황!$L$6:$L$485,0)),"") | C57: =IF($B57="","",IFERROR(INDEX(이수현황!$B$6:$B$485,MATCH("R"&52,미이수현황!$L$6:$L$485,0)),"")) | D57: =IF($B57="","",IFERROR(INDEX(이수현황!$C$6:$C$485,MATCH("R"&52,미이수현황!$L$6:$L$485,0)),"")) | E57: =IF($B57="","",IFERROR(INDEX(이수현황!$E$6:$E$485,MATCH("R"&52,미이수현황!$L$6:$L$485,0)),"")) | F57: =IF($B57="","",IFERROR(INDEX(이수현황!$G$6:$G$485,MATCH("R"&52,미이수현황!$L$6:$L$485,0)),"")) | G57: =IF($B57="","",IFERROR(INDEX(이수현황!$H$6:$H$485,MATCH("R"&52,미이수현황!$L$6:$L$485,0)),"")) | H57: =IF($B57="","",IFERROR(INDEX(이수현황!$I$6:$I$485,MATCH("R"&52,미이수현황!$L$6:$L$485,0)),"")) | J57: =IF(이수현황!$A57="",FALSE(),OR(이수현황!$J57="기한초과",이수현황!$J57="임박")) -> FALSE | K57: =IF($J57=FALSE(),"",COUNTIF($J$6:$J57,TRUE())) | L57: =IF($K57="","","R"&$K57)
A58: =IF($B58="","",53) | B58: =IFERROR(INDEX(이수현황!$A$6:$A$485,MATCH("R"&53,미이수현황!$L$6:$L$485,0)),"") | C58: =IF($B58="","",IFERROR(INDEX(이수현황!$B$6:$B$485,MATCH("R"&53,미이수현황!$L$6:$L$485,0)),"")) | D58: =IF($B58="","",IFERROR(INDEX(이수현황!$C$6:$C$485,MATCH("R"&53,미이수현황!$L$6:$L$485,0)),"")) | E58: =IF($B58="","",IFERROR(INDEX(이수현황!$E$6:$E$485,MATCH("R"&53,미이수현황!$L$6:$L$485,0)),"")) | F58: =IF($B58="","",IFERROR(INDEX(이수현황!$G$6:$G$485,MATCH("R"&53,미이수현황!$L$6:$L$485,0)),"")) | G58: =IF($B58="","",IFERROR(INDEX(이수현황!$H$6:$H$485,MATCH("R"&53,미이수현황!$L$6:$L$485,0)),"")) | H58: =IF($B58="","",IFERROR(INDEX(이수현황!$I$6:$I$485,MATCH("R"&53,미이수현황!$L$6:$L$485,0)),"")) | J58: =IF(이수현황!$A58="",FALSE(),OR(이수현황!$J58="기한초과",이수현황!$J58="임박")) -> FALSE | K58: =IF($J58=FALSE(),"",COUNTIF($J$6:$J58,TRUE())) | L58: =IF($K58="","","R"&$K58)
A59: =IF($B59="","",54) | B59: =IFERROR(INDEX(이수현황!$A$6:$A$485,MATCH("R"&54,미이수현황!$L$6:$L$485,0)),"") | C59: =IF($B59="","",IFERROR(INDEX(이수현황!$B$6:$B$485,MATCH("R"&54,미이수현황!$L$6:$L$485,0)),"")) | D59: =IF($B59="","",IFERROR(INDEX(이수현황!$C$6:$C$485,MATCH("R"&54,미이수현황!$L$6:$L$485,0)),"")) | E59: =IF($B59="","",IFERROR(INDEX(이수현황!$E$6:$E$485,MATCH("R"&54,미이수현황!$L$6:$L$485,0)),"")) | F59: =IF($B59="","",IFERROR(INDEX(이수현황!$G$6:$G$485,MATCH("R"&54,미이수현황!$L$6:$L$485,0)),"")) | G59: =IF($B59="","",IFERROR(INDEX(이수현황!$H$6:$H$485,MATCH("R"&54,미이수현황!$L$6:$L$485,0)),"")) | H59: =IF($B59="","",IFERROR(INDEX(이수현황!$I$6:$I$485,MATCH("R"&54,미이수현황!$L$6:$L$485,0)),"")) | J59: =IF(이수현황!$A59="",FALSE(),OR(이수현황!$J59="기한초과",이수현황!$J59="임박")) -> FALSE | K59: =IF($J59=FALSE(),"",COUNTIF($J$6:$J59,TRUE())) | L59: =IF($K59="","","R"&$K59)
A60: =IF($B60="","",55) | B60: =IFERROR(INDEX(이수현황!$A$6:$A$485,MATCH("R"&55,미이수현황!$L$6:$L$485,0)),"") | C60: =IF($B60="","",IFERROR(INDEX(이수현황!$B$6:$B$485,MATCH("R"&55,미이수현황!$L$6:$L$485,0)),"")) | D60: =IF($B60="","",IFERROR(INDEX(이수현황!$C$6:$C$485,MATCH("R"&55,미이수현황!$L$6:$L$485,0)),"")) | E60: =IF($B60="","",IFERROR(INDEX(이수현황!$E$6:$E$485,MATCH("R"&55,미이수현황!$L$6:$L$485,0)),"")) | F60: =IF($B60="","",IFERROR(INDEX(이수현황!$G$6:$G$485,MATCH("R"&55,미이수현황!$L$6:$L$485,0)),"")) | G60: =IF($B60="","",IFERROR(INDEX(이수현황!$H$6:$H$485,MATCH("R"&55,미이수현황!$L$6:$L$485,0)),"")) | H60: =IF($B60="","",IFERROR(INDEX(이수현황!$I$6:$I$485,MATCH("R"&55,미이수현황!$L$6:$L$485,0)),"")) | J60: =IF(이수현황!$A60="",FALSE(),OR(이수현황!$J60="기한초과",이수현황!$J60="임박")) -> FALSE | K60: =IF($J60=FALSE(),"",COUNTIF($J$6:$J60,TRUE())) | L60: =IF($K60="","","R"&$K60)
A61: =IF($B61="","",56) | B61: =IFERROR(INDEX(이수현황!$A$6:$A$485,MATCH("R"&56,미이수현황!$L$6:$L$485,0)),"") | C61: =IF($B61="","",IFERROR(INDEX(이수현황!$B$6:$B$485,MATCH("R"&56,미이수현황!$L$6:$L$485,0)),"")) | D61: =IF($B61="","",IFERROR(INDEX(이수현황!$C$6:$C$485,MATCH("R"&56,미이수현황!$L$6:$L$485,0)),"")) | E61: =IF($B61="","",IFERROR(INDEX(이수현황!$E$6:$E$485,MATCH("R"&56,미이수현황!$L$6:$L$485,0)),"")) | F61: =IF($B61="","",IFERROR(INDEX(이수현황!$G$6:$G$485,MATCH("R"&56,미이수현황!$L$6:$L$485,0)),"")) | G61: =IF($B61="","",IFERROR(INDEX(이수현황!$H$6:$H$485,MATCH("R"&56,미이수현황!$L$6:$L$485,0)),"")) | H61: =IF($B61="","",IFERROR(INDEX(이수현황!$I$6:$I$485,MATCH("R"&56,미이수현황!$L$6:$L$485,0)),"")) | J61: =IF(이수현황!$A61="",FALSE(),OR(이수현황!$J61="기한초과",이수현황!$J61="임박")) -> FALSE | K61: =IF($J61=FALSE(),"",COUNTIF($J$6:$J61,TRUE())) | L61: =IF($K61="","","R"&$K61)
A62: =IF($B62="","",57) | B62: =IFERROR(INDEX(이수현황!$A$6:$A$485,MATCH("R"&57,미이수현황!$L$6:$L$485,0)),"") | C62: =IF($B62="","",IFERROR(INDEX(이수현황!$B$6:$B$485,MATCH("R"&57,미이수현황!$L$6:$L$485,0)),"")) | D62: =IF($B62="","",IFERROR(INDEX(이수현황!$C$6:$C$485,MATCH("R"&57,미이수현황!$L$6:$L$485,0)),"")) | E62: =IF($B62="","",IFERROR(INDEX(이수현황!$E$6:$E$485,MATCH("R"&57,미이수현황!$L$6:$L$485,0)),"")) | F62: =IF($B62="","",IFERROR(INDEX(이수현황!$G$6:$G$485,MATCH("R"&57,미이수현황!$L$6:$L$485,0)),"")) | G62: =IF($B62="","",IFERROR(INDEX(이수현황!$H$6:$H$485,MATCH("R"&57,미이수현황!$L$6:$L$485,0)),"")) | H62: =IF($B62="","",IFERROR(INDEX(이수현황!$I$6:$I$485,MATCH("R"&57,미이수현황!$L$6:$L$485,0)),"")) | J62: =IF(이수현황!$A62="",FALSE(),OR(이수현황!$J62="기한초과",이수현황!$J62="임박")) -> FALSE | K62: =IF($J62=FALSE(),"",COUNTIF($J$6:$J62,TRUE())) | L62: =IF($K62="","","R"&$K62)
A63: =IF($B63="","",58) | B63: =IFERROR(INDEX(이수현황!$A$6:$A$485,MATCH("R"&58,미이수현황!$L$6:$L$485,0)),"") | C63: =IF($B63="","",IFERROR(INDEX(이수현황!$B$6:$B$485,MATCH("R"&58,미이수현황!$L$6:$L$485,0)),"")) | D63: =IF($B63="","",IFERROR(INDEX(이수현황!$C$6:$C$485,MATCH("R"&58,미이수현황!$L$6:$L$485,0)),"")) | E63: =IF($B63="","",IFERROR(INDEX(이수현황!$E$6:$E$485,MATCH("R"&58,미이수현황!$L$6:$L$485,0)),"")) | F63: =IF($B63="","",IFERROR(INDEX(이수현황!$G$6:$G$485,MATCH("R"&58,미이수현황!$L$6:$L$485,0)),"")) | G63: =IF($B63="","",IFERROR(INDEX(이수현황!$H$6:$H$485,MATCH("R"&58,미이수현황!$L$6:$L$485,0)),"")) | H63: =IF($B63="","",IFERROR(INDEX(이수현황!$I$6:$I$485,MATCH("R"&58,미이수현황!$L$6:$L$485,0)),"")) | J63: =IF(이수현황!$A63="",FALSE(),OR(이수현황!$J63="기한초과",이수현황!$J63="임박")) -> FALSE | K63: =IF($J63=FALSE(),"",COUNTIF($J$6:$J63,TRUE())) | L63: =IF($K63="","","R"&$K63)
A64: =IF($B64="","",59) | B64: =IFERROR(INDEX(이수현황!$A$6:$A$485,MATCH("R"&59,미이수현황!$L$6:$L$485,0)),"") | C64: =IF($B64="","",IFERROR(INDEX(이수현황!$B$6:$B$485,MATCH("R"&59,미이수현황!$L$6:$L$485,0)),"")) | D64: =IF($B64="","",IFERROR(INDEX(이수현황!$C$6:$C$485,MATCH("R"&59,미이수현황!$L$6:$L$485,0)),"")) | E64: =IF($B64="","",IFERROR(INDEX(이수현황!$E$6:$E$485,MATCH("R"&59,미이수현황!$L$6:$L$485,0)),"")) | F64: =IF($B64="","",IFERROR(INDEX(이수현황!$G$6:$G$485,MATCH("R"&59,미이수현황!$L$6:$L$485,0)),"")) | G64: =IF($B64="","",IFERROR(INDEX(이수현황!$H$6:$H$485,MATCH("R"&59,미이수현황!$L$6:$L$485,0)),"")) | H64: =IF($B64="","",IFERROR(INDEX(이수현황!$I$6:$I$485,MATCH("R"&59,미이수현황!$L$6:$L$485,0)),"")) | J64: =IF(이수현황!$A64="",FALSE(),OR(이수현황!$J64="기한초과",이수현황!$J64="임박")) -> FALSE | K64: =IF($J64=FALSE(),"",COUNTIF($J$6:$J64,TRUE())) | L64: =IF($K64="","","R"&$K64)
A65: =IF($B65="","",60) | B65: =IFERROR(INDEX(이수현황!$A$6:$A$485,MATCH("R"&60,미이수현황!$L$6:$L$485,0)),"") | C65: =IF($B65="","",IFERROR(INDEX(이수현황!$B$6:$B$485,MATCH("R"&60,미이수현황!$L$6:$L$485,0)),"")) | D65: =IF($B65="","",IFERROR(INDEX(이수현황!$C$6:$C$485,MATCH("R"&60,미이수현황!$L$6:$L$485,0)),"")) | E65: =IF($B65="","",IFERROR(INDEX(이수현황!$E$6:$E$485,MATCH("R"&60,미이수현황!$L$6:$L$485,0)),"")) | F65: =IF($B65="","",IFERROR(INDEX(이수현황!$G$6:$G$485,MATCH("R"&60,미이수현황!$L$6:$L$485,0)),"")) | G65: =IF($B65="","",IFERROR(INDEX(이수현황!$H$6:$H$485,MATCH("R"&60,미이수현황!$L$6:$L$485,0)),"")) | H65: =IF($B65="","",IFERROR(INDEX(이수현황!$I$6:$I$485,MATCH("R"&60,미이수현황!$L$6:$L$485,0)),"")) | J65: =IF(이수현황!$A65="",FALSE(),OR(이수현황!$J65="기한초과",이수현황!$J65="임박")) -> FALSE | K65: =IF($J65=FALSE(),"",COUNTIF($J$6:$J65,TRUE())) | L65: =IF($K65="","","R"&$K65)
A66: =IF($B66="","",61) | B66: =IFERROR(INDEX(이수현황!$A$6:$A$485,MATCH("R"&61,미이수현황!$L$6:$L$485,0)),"") | C66: =IF($B66="","",IFERROR(INDEX(이수현황!$B$6:$B$485,MATCH("R"&61,미이수현황!$L$6:$L$485,0)),"")) | D66: =IF($B66="","",IFERROR(INDEX(이수현황!$C$6:$C$485,MATCH("R"&61,미이수현황!$L$6:$L$485,0)),"")) | E66: =IF($B66="","",IFERROR(INDEX(이수현황!$E$6:$E$485,MATCH("R"&61,미이수현황!$L$6:$L$485,0)),"")) | F66: =IF($B66="","",IFERROR(INDEX(이수현황!$G$6:$G$485,MATCH("R"&61,미이수현황!$L$6:$L$485,0)),"")) | G66: =IF($B66="","",IFERROR(INDEX(이수현황!$H$6:$H$485,MATCH("R"&61,미이수현황!$L$6:$L$485,0)),"")) | H66: =IF($B66="","",IFERROR(INDEX(이수현황!$I$6:$I$485,MATCH("R"&61,미이수현황!$L$6:$L$485,0)),"")) | J66: =IF(이수현황!$A66="",FALSE(),OR(이수현황!$J66="기한초과",이수현황!$J66="임박")) -> FALSE | K66: =IF($J66=FALSE(),"",COUNTIF($J$6:$J66,TRUE())) | L66: =IF($K66="","","R"&$K66)
A67: =IF($B67="","",62) | B67: =IFERROR(INDEX(이수현황!$A$6:$A$485,MATCH("R"&62,미이수현황!$L$6:$L$485,0)),"") | C67: =IF($B67="","",IFERROR(INDEX(이수현황!$B$6:$B$485,MATCH("R"&62,미이수현황!$L$6:$L$485,0)),"")) | D67: =IF($B67="","",IFERROR(INDEX(이수현황!$C$6:$C$485,MATCH("R"&62,미이수현황!$L$6:$L$485,0)),"")) | E67: =IF($B67="","",IFERROR(INDEX(이수현황!$E$6:$E$485,MATCH("R"&62,미이수현황!$L$6:$L$485,0)),"")) | F67: =IF($B67="","",IFERROR(INDEX(이수현황!$G$6:$G$485,MATCH("R"&62,미이수현황!$L$6:$L$485,0)),"")) | G67: =IF($B67="","",IFERROR(INDEX(이수현황!$H$6:$H$485,MATCH("R"&62,미이수현황!$L$6:$L$485,0)),"")) | H67: =IF($B67="","",IFERROR(INDEX(이수현황!$I$6:$I$485,MATCH("R"&62,미이수현황!$L$6:$L$485,0)),"")) | J67: =IF(이수현황!$A67="",FALSE(),OR(이수현황!$J67="기한초과",이수현황!$J67="임박")) -> FALSE | K67: =IF($J67=FALSE(),"",COUNTIF($J$6:$J67,TRUE())) | L67: =IF($K67="","","R"&$K67)
A68: =IF($B68="","",63) | B68: =IFERROR(INDEX(이수현황!$A$6:$A$485,MATCH("R"&63,미이수현황!$L$6:$L$485,0)),"") | C68: =IF($B68="","",IFERROR(INDEX(이수현황!$B$6:$B$485,MATCH("R"&63,미이수현황!$L$6:$L$485,0)),"")) | D68: =IF($B68="","",IFERROR(INDEX(이수현황!$C$6:$C$485,MATCH("R"&63,미이수현황!$L$6:$L$485,0)),"")) | E68: =IF($B68="","",IFERROR(INDEX(이수현황!$E$6:$E$485,MATCH("R"&63,미이수현황!$L$6:$L$485,0)),"")) | F68: =IF($B68="","",IFERROR(INDEX(이수현황!$G$6:$G$485,MATCH("R"&63,미이수현황!$L$6:$L$485,0)),"")) | G68: =IF($B68="","",IFERROR(INDEX(이수현황!$H$6:$H$485,MATCH("R"&63,미이수현황!$L$6:$L$485,0)),"")) | H68: =IF($B68="","",IFERROR(INDEX(이수현황!$I$6:$I$485,MATCH("R"&63,미이수현황!$L$6:$L$485,0)),"")) | J68: =IF(이수현황!$A68="",FALSE(),OR(이수현황!$J68="기한초과",이수현황!$J68="임박")) -> FALSE | K68: =IF($J68=FALSE(),"",COUNTIF($J$6:$J68,TRUE())) | L68: =IF($K68="","","R"&$K68)
A69: =IF($B69="","",64) | B69: =IFERROR(INDEX(이수현황!$A$6:$A$485,MATCH("R"&64,미이수현황!$L$6:$L$485,0)),"") | C69: =IF($B69="","",IFERROR(INDEX(이수현황!$B$6:$B$485,MATCH("R"&64,미이수현황!$L$6:$L$485,0)),"")) | D69: =IF($B69="","",IFERROR(INDEX(이수현황!$C$6:$C$485,MATCH("R"&64,미이수현황!$L$6:$L$485,0)),"")) | E69: =IF($B69="","",IFERROR(INDEX(이수현황!$E$6:$E$485,MATCH("R"&64,미이수현황!$L$6:$L$485,0)),"")) | F69: =IF($B69="","",IFERROR(INDEX(이수현황!$G$6:$G$485,MATCH("R"&64,미이수현황!$L$6:$L$485,0)),"")) | G69: =IF($B69="","",IFERROR(INDEX(이수현황!$H$6:$H$485,MATCH("R"&64,미이수현황!$L$6:$L$485,0)),"")) | H69: =IF($B69="","",IFERROR(INDEX(이수현황!$I$6:$I$485,MATCH("R"&64,미이수현황!$L$6:$L$485,0)),"")) | J69: =IF(이수현황!$A69="",FALSE(),OR(이수현황!$J69="기한초과",이수현황!$J69="임박")) -> FALSE | K69: =IF($J69=FALSE(),"",COUNTIF($J$6:$J69,TRUE())) | L69: =IF($K69="","","R"&$K69)
A70: =IF($B70="","",65) | B70: =IFERROR(INDEX(이수현황!$A$6:$A$485,MATCH("R"&65,미이수현황!$L$6:$L$485,0)),"") | C70: =IF($B70="","",IFERROR(INDEX(이수현황!$B$6:$B$485,MATCH("R"&65,미이수현황!$L$6:$L$485,0)),"")) | D70: =IF($B70="","",IFERROR(INDEX(이수현황!$C$6:$C$485,MATCH("R"&65,미이수현황!$L$6:$L$485,0)),"")) | E70: =IF($B70="","",IFERROR(INDEX(이수현황!$E$6:$E$485,MATCH("R"&65,미이수현황!$L$6:$L$485,0)),"")) | F70: =IF($B70="","",IFERROR(INDEX(이수현황!$G$6:$G$485,MATCH("R"&65,미이수현황!$L$6:$L$485,0)),"")) | G70: =IF($B70="","",IFERROR(INDEX(이수현황!$H$6:$H$485,MATCH("R"&65,미이수현황!$L$6:$L$485,0)),"")) | H70: =IF($B70="","",IFERROR(INDEX(이수현황!$I$6:$I$485,MATCH("R"&65,미이수현황!$L$6:$L$485,0)),"")) | J70: =IF(이수현황!$A70="",FALSE(),OR(이수현황!$J70="기한초과",이수현황!$J70="임박")) -> FALSE | K70: =IF($J70=FALSE(),"",COUNTIF($J$6:$J70,TRUE())) | L70: =IF($K70="","","R"&$K70)
A71: =IF($B71="","",66) | B71: =IFERROR(INDEX(이수현황!$A$6:$A$485,MATCH("R"&66,미이수현황!$L$6:$L$485,0)),"") | C71: =IF($B71="","",IFERROR(INDEX(이수현황!$B$6:$B$485,MATCH("R"&66,미이수현황!$L$6:$L$485,0)),"")) | D71: =IF($B71="","",IFERROR(INDEX(이수현황!$C$6:$C$485,MATCH("R"&66,미이수현황!$L$6:$L$485,0)),"")) | E71: =IF($B71="","",IFERROR(INDEX(이수현황!$E$6:$E$485,MATCH("R"&66,미이수현황!$L$6:$L$485,0)),"")) | F71: =IF($B71="","",IFERROR(INDEX(이수현황!$G$6:$G$485,MATCH("R"&66,미이수현황!$L$6:$L$485,0)),"")) | G71: =IF($B71="","",IFERROR(INDEX(이수현황!$H$6:$H$485,MATCH("R"&66,미이수현황!$L$6:$L$485,0)),"")) | H71: =IF($B71="","",IFERROR(INDEX(이수현황!$I$6:$I$485,MATCH("R"&66,미이수현황!$L$6:$L$485,0)),"")) | J71: =IF(이수현황!$A71="",FALSE(),OR(이수현황!$J71="기한초과",이수현황!$J71="임박")) -> FALSE | K71: =IF($J71=FALSE(),"",COUNTIF($J$6:$J71,TRUE())) | L71: =IF($K71="","","R"&$K71)
A72: =IF($B72="","",67) | B72: =IFERROR(INDEX(이수현황!$A$6:$A$485,MATCH("R"&67,미이수현황!$L$6:$L$485,0)),"") | C72: =IF($B72="","",IFERROR(INDEX(이수현황!$B$6:$B$485,MATCH("R"&67,미이수현황!$L$6:$L$485,0)),"")) | D72: =IF($B72="","",IFERROR(INDEX(이수현황!$C$6:$C$485,MATCH("R"&67,미이수현황!$L$6:$L$485,0)),"")) | E72: =IF($B72="","",IFERROR(INDEX(이수현황!$E$6:$E$485,MATCH("R"&67,미이수현황!$L$6:$L$485,0)),"")) | F72: =IF($B72="","",IFERROR(INDEX(이수현황!$G$6:$G$485,MATCH("R"&67,미이수현황!$L$6:$L$485,0)),"")) | G72: =IF($B72="","",IFERROR(INDEX(이수현황!$H$6:$H$485,MATCH("R"&67,미이수현황!$L$6:$L$485,0)),"")) | H72: =IF($B72="","",IFERROR(INDEX(이수현황!$I$6:$I$485,MATCH("R"&67,미이수현황!$L$6:$L$485,0)),"")) | J72: =IF(이수현황!$A72="",FALSE(),OR(이수현황!$J72="기한초과",이수현황!$J72="임박")) -> FALSE | K72: =IF($J72=FALSE(),"",COUNTIF($J$6:$J72,TRUE())) | L72: =IF($K72="","","R"&$K72)
A73: =IF($B73="","",68) | B73: =IFERROR(INDEX(이수현황!$A$6:$A$485,MATCH("R"&68,미이수현황!$L$6:$L$485,0)),"") | C73: =IF($B73="","",IFERROR(INDEX(이수현황!$B$6:$B$485,MATCH("R"&68,미이수현황!$L$6:$L$485,0)),"")) | D73: =IF($B73="","",IFERROR(INDEX(이수현황!$C$6:$C$485,MATCH("R"&68,미이수현황!$L$6:$L$485,0)),"")) | E73: =IF($B73="","",IFERROR(INDEX(이수현황!$E$6:$E$485,MATCH("R"&68,미이수현황!$L$6:$L$485,0)),"")) | F73: =IF($B73="","",IFERROR(INDEX(이수현황!$G$6:$G$485,MATCH("R"&68,미이수현황!$L$6:$L$485,0)),"")) | G73: =IF($B73="","",IFERROR(INDEX(이수현황!$H$6:$H$485,MATCH("R"&68,미이수현황!$L$6:$L$485,0)),"")) | H73: =IF($B73="","",IFERROR(INDEX(이수현황!$I$6:$I$485,MATCH("R"&68,미이수현황!$L$6:$L$485,0)),"")) | J73: =IF(이수현황!$A73="",FALSE(),OR(이수현황!$J73="기한초과",이수현황!$J73="임박")) -> FALSE | K73: =IF($J73=FALSE(),"",COUNTIF($J$6:$J73,TRUE())) | L73: =IF($K73="","","R"&$K73)
A74: =IF($B74="","",69) | B74: =IFERROR(INDEX(이수현황!$A$6:$A$485,MATCH("R"&69,미이수현황!$L$6:$L$485,0)),"") | C74: =IF($B74="","",IFERROR(INDEX(이수현황!$B$6:$B$485,MATCH("R"&69,미이수현황!$L$6:$L$485,0)),"")) | D74: =IF($B74="","",IFERROR(INDEX(이수현황!$C$6:$C$485,MATCH("R"&69,미이수현황!$L$6:$L$485,0)),"")) | E74: =IF($B74="","",IFERROR(INDEX(이수현황!$E$6:$E$485,MATCH("R"&69,미이수현황!$L$6:$L$485,0)),"")) | F74: =IF($B74="","",IFERROR(INDEX(이수현황!$G$6:$G$485,MATCH("R"&69,미이수현황!$L$6:$L$485,0)),"")) | G74: =IF($B74="","",IFERROR(INDEX(이수현황!$H$6:$H$485,MATCH("R"&69,미이수현황!$L$6:$L$485,0)),"")) | H74: =IF($B74="","",IFERROR(INDEX(이수현황!$I$6:$I$485,MATCH("R"&69,미이수현황!$L$6:$L$485,0)),"")) | J74: =IF(이수현황!$A74="",FALSE(),OR(이수현황!$J74="기한초과",이수현황!$J74="임박")) -> FALSE | K74: =IF($J74=FALSE(),"",COUNTIF($J$6:$J74,TRUE())) | L74: =IF($K74="","","R"&$K74)
A75: =IF($B75="","",70) | B75: =IFERROR(INDEX(이수현황!$A$6:$A$485,MATCH("R"&70,미이수현황!$L$6:$L$485,0)),"") | C75: =IF($B75="","",IFERROR(INDEX(이수현황!$B$6:$B$485,MATCH("R"&70,미이수현황!$L$6:$L$485,0)),"")) | D75: =IF($B75="","",IFERROR(INDEX(이수현황!$C$6:$C$485,MATCH("R"&70,미이수현황!$L$6:$L$485,0)),"")) | E75: =IF($B75="","",IFERROR(INDEX(이수현황!$E$6:$E$485,MATCH("R"&70,미이수현황!$L$6:$L$485,0)),"")) | F75: =IF($B75="","",IFERROR(INDEX(이수현황!$G$6:$G$485,MATCH("R"&70,미이수현황!$L$6:$L$485,0)),"")) | G75: =IF($B75="","",IFERROR(INDEX(이수현황!$H$6:$H$485,MATCH("R"&70,미이수현황!$L$6:$L$485,0)),"")) | H75: =IF($B75="","",IFERROR(INDEX(이수현황!$I$6:$I$485,MATCH("R"&70,미이수현황!$L$6:$L$485,0)),"")) | J75: =IF(이수현황!$A75="",FALSE(),OR(이수현황!$J75="기한초과",이수현황!$J75="임박")) -> FALSE | K75: =IF($J75=FALSE(),"",COUNTIF($J$6:$J75,TRUE())) | L75: =IF($K75="","","R"&$K75)
A76: =IF($B76="","",71) | B76: =IFERROR(INDEX(이수현황!$A$6:$A$485,MATCH("R"&71,미이수현황!$L$6:$L$485,0)),"") | C76: =IF($B76="","",IFERROR(INDEX(이수현황!$B$6:$B$485,MATCH("R"&71,미이수현황!$L$6:$L$485,0)),"")) | D76: =IF($B76="","",IFERROR(INDEX(이수현황!$C$6:$C$485,MATCH("R"&71,미이수현황!$L$6:$L$485,0)),"")) | E76: =IF($B76="","",IFERROR(INDEX(이수현황!$E$6:$E$485,MATCH("R"&71,미이수현황!$L$6:$L$485,0)),"")) | F76: =IF($B76="","",IFERROR(INDEX(이수현황!$G$6:$G$485,MATCH("R"&71,미이수현황!$L$6:$L$485,0)),"")) | G76: =IF($B76="","",IFERROR(INDEX(이수현황!$H$6:$H$485,MATCH("R"&71,미이수현황!$L$6:$L$485,0)),"")) | H76: =IF($B76="","",IFERROR(INDEX(이수현황!$I$6:$I$485,MATCH("R"&71,미이수현황!$L$6:$L$485,0)),"")) | J76: =IF(이수현황!$A76="",FALSE(),OR(이수현황!$J76="기한초과",이수현황!$J76="임박")) -> FALSE | K76: =IF($J76=FALSE(),"",COUNTIF($J$6:$J76,TRUE())) | L76: =IF($K76="","","R"&$K76)
A77: =IF($B77="","",72) | B77: =IFERROR(INDEX(이수현황!$A$6:$A$485,MATCH("R"&72,미이수현황!$L$6:$L$485,0)),"") | C77: =IF($B77="","",IFERROR(INDEX(이수현황!$B$6:$B$485,MATCH("R"&72,미이수현황!$L$6:$L$485,0)),"")) | D77: =IF($B77="","",IFERROR(INDEX(이수현황!$C$6:$C$485,MATCH("R"&72,미이수현황!$L$6:$L$485,0)),"")) | E77: =IF($B77="","",IFERROR(INDEX(이수현황!$E$6:$E$485,MATCH("R"&72,미이수현황!$L$6:$L$485,0)),"")) | F77: =IF($B77="","",IFERROR(INDEX(이수현황!$G$6:$G$485,MATCH("R"&72,미이수현황!$L$6:$L$485,0)),"")) | G77: =IF($B77="","",IFERROR(INDEX(이수현황!$H$6:$H$485,MATCH("R"&72,미이수현황!$L$6:$L$485,0)),"")) | H77: =IF($B77="","",IFERROR(INDEX(이수현황!$I$6:$I$485,MATCH("R"&72,미이수현황!$L$6:$L$485,0)),"")) | J77: =IF(이수현황!$A77="",FALSE(),OR(이수현황!$J77="기한초과",이수현황!$J77="임박")) -> FALSE | K77: =IF($J77=FALSE(),"",COUNTIF($J$6:$J77,TRUE())) | L77: =IF($K77="","","R"&$K77)
A78: =IF($B78="","",73) | B78: =IFERROR(INDEX(이수현황!$A$6:$A$485,MATCH("R"&73,미이수현황!$L$6:$L$485,0)),"") | C78: =IF($B78="","",IFERROR(INDEX(이수현황!$B$6:$B$485,MATCH("R"&73,미이수현황!$L$6:$L$485,0)),"")) | D78: =IF($B78="","",IFERROR(INDEX(이수현황!$C$6:$C$485,MATCH("R"&73,미이수현황!$L$6:$L$485,0)),"")) | E78: =IF($B78="","",IFERROR(INDEX(이수현황!$E$6:$E$485,MATCH("R"&73,미이수현황!$L$6:$L$485,0)),"")) | F78: =IF($B78="","",IFERROR(INDEX(이수현황!$G$6:$G$485,MATCH("R"&73,미이수현황!$L$6:$L$485,0)),"")) | G78: =IF($B78="","",IFERROR(INDEX(이수현황!$H$6:$H$485,MATCH("R"&73,미이수현황!$L$6:$L$485,0)),"")) | H78: =IF($B78="","",IFERROR(INDEX(이수현황!$I$6:$I$485,MATCH("R"&73,미이수현황!$L$6:$L$485,0)),"")) | J78: =IF(이수현황!$A78="",FALSE(),OR(이수현황!$J78="기한초과",이수현황!$J78="임박")) -> FALSE | K78: =IF($J78=FALSE(),"",COUNTIF($J$6:$J78,TRUE())) | L78: =IF($K78="","","R"&$K78)
A79: =IF($B79="","",74) | B79: =IFERROR(INDEX(이수현황!$A$6:$A$485,MATCH("R"&74,미이수현황!$L$6:$L$485,0)),"") | C79: =IF($B79="","",IFERROR(INDEX(이수현황!$B$6:$B$485,MATCH("R"&74,미이수현황!$L$6:$L$485,0)),"")) | D79: =IF($B79="","",IFERROR(INDEX(이수현황!$C$6:$C$485,MATCH("R"&74,미이수현황!$L$6:$L$485,0)),"")) | E79: =IF($B79="","",IFERROR(INDEX(이수현황!$E$6:$E$485,MATCH("R"&74,미이수현황!$L$6:$L$485,0)),"")) | F79: =IF($B79="","",IFERROR(INDEX(이수현황!$G$6:$G$485,MATCH("R"&74,미이수현황!$L$6:$L$485,0)),"")) | G79: =IF($B79="","",IFERROR(INDEX(이수현황!$H$6:$H$485,MATCH("R"&74,미이수현황!$L$6:$L$485,0)),"")) | H79: =IF($B79="","",IFERROR(INDEX(이수현황!$I$6:$I$485,MATCH("R"&74,미이수현황!$L$6:$L$485,0)),"")) | J79: =IF(이수현황!$A79="",FALSE(),OR(이수현황!$J79="기한초과",이수현황!$J79="임박")) -> FALSE | K79: =IF($J79=FALSE(),"",COUNTIF($J$6:$J79,TRUE())) | L79: =IF($K79="","","R"&$K79)
A80: =IF($B80="","",75) | B80: =IFERROR(INDEX(이수현황!$A$6:$A$485,MATCH("R"&75,미이수현황!$L$6:$L$485,0)),"") | C80: =IF($B80="","",IFERROR(INDEX(이수현황!$B$6:$B$485,MATCH("R"&75,미이수현황!$L$6:$L$485,0)),"")) | D80: =IF($B80="","",IFERROR(INDEX(이수현황!$C$6:$C$485,MATCH("R"&75,미이수현황!$L$6:$L$485,0)),"")) | E80: =IF($B80="","",IFERROR(INDEX(이수현황!$E$6:$E$485,MATCH("R"&75,미이수현황!$L$6:$L$485,0)),"")) | F80: =IF($B80="","",IFERROR(INDEX(이수현황!$G$6:$G$485,MATCH("R"&75,미이수현황!$L$6:$L$485,0)),"")) | G80: =IF($B80="","",IFERROR(INDEX(이수현황!$H$6:$H$485,MATCH("R"&75,미이수현황!$L$6:$L$485,0)),"")) | H80: =IF($B80="","",IFERROR(INDEX(이수현황!$I$6:$I$485,MATCH("R"&75,미이수현황!$L$6:$L$485,0)),"")) | J80: =IF(이수현황!$A80="",FALSE(),OR(이수현황!$J80="기한초과",이수현황!$J80="임박")) -> FALSE | K80: =IF($J80=FALSE(),"",COUNTIF($J$6:$J80,TRUE())) | L80: =IF($K80="","","R"&$K80)
A81: =IF($B81="","",76) | B81: =IFERROR(INDEX(이수현황!$A$6:$A$485,MATCH("R"&76,미이수현황!$L$6:$L$485,0)),"") | C81: =IF($B81="","",IFERROR(INDEX(이수현황!$B$6:$B$485,MATCH("R"&76,미이수현황!$L$6:$L$485,0)),"")) | D81: =IF($B81="","",IFERROR(INDEX(이수현황!$C$6:$C$485,MATCH("R"&76,미이수현황!$L$6:$L$485,0)),"")) | E81: =IF($B81="","",IFERROR(INDEX(이수현황!$E$6:$E$485,MATCH("R"&76,미이수현황!$L$6:$L$485,0)),"")) | F81: =IF($B81="","",IFERROR(INDEX(이수현황!$G$6:$G$485,MATCH("R"&76,미이수현황!$L$6:$L$485,0)),"")) | G81: =IF($B81="","",IFERROR(INDEX(이수현황!$H$6:$H$485,MATCH("R"&76,미이수현황!$L$6:$L$485,0)),"")) | H81: =IF($B81="","",IFERROR(INDEX(이수현황!$I$6:$I$485,MATCH("R"&76,미이수현황!$L$6:$L$485,0)),"")) | J81: =IF(이수현황!$A81="",FALSE(),OR(이수현황!$J81="기한초과",이수현황!$J81="임박")) -> FALSE | K81: =IF($J81=FALSE(),"",COUNTIF($J$6:$J81,TRUE())) | L81: =IF($K81="","","R"&$K81)
A82: =IF($B82="","",77) | B82: =IFERROR(INDEX(이수현황!$A$6:$A$485,MATCH("R"&77,미이수현황!$L$6:$L$485,0)),"") | C82: =IF($B82="","",IFERROR(INDEX(이수현황!$B$6:$B$485,MATCH("R"&77,미이수현황!$L$6:$L$485,0)),"")) | D82: =IF($B82="","",IFERROR(INDEX(이수현황!$C$6:$C$485,MATCH("R"&77,미이수현황!$L$6:$L$485,0)),"")) | E82: =IF($B82="","",IFERROR(INDEX(이수현황!$E$6:$E$485,MATCH("R"&77,미이수현황!$L$6:$L$485,0)),"")) | F82: =IF($B82="","",IFERROR(INDEX(이수현황!$G$6:$G$485,MATCH("R"&77,미이수현황!$L$6:$L$485,0)),"")) | G82: =IF($B82="","",IFERROR(INDEX(이수현황!$H$6:$H$485,MATCH("R"&77,미이수현황!$L$6:$L$485,0)),"")) | H82: =IF($B82="","",IFERROR(INDEX(이수현황!$I$6:$I$485,MATCH("R"&77,미이수현황!$L$6:$L$485,0)),"")) | J82: =IF(이수현황!$A82="",FALSE(),OR(이수현황!$J82="기한초과",이수현황!$J82="임박")) -> FALSE | K82: =IF($J82=FALSE(),"",COUNTIF($J$6:$J82,TRUE())) | L82: =IF($K82="","","R"&$K82)
A83: =IF($B83="","",78) | B83: =IFERROR(INDEX(이수현황!$A$6:$A$485,MATCH("R"&78,미이수현황!$L$6:$L$485,0)),"") | C83: =IF($B83="","",IFERROR(INDEX(이수현황!$B$6:$B$485,MATCH("R"&78,미이수현황!$L$6:$L$485,0)),"")) | D83: =IF($B83="","",IFERROR(INDEX(이수현황!$C$6:$C$485,MATCH("R"&78,미이수현황!$L$6:$L$485,0)),"")) | E83: =IF($B83="","",IFERROR(INDEX(이수현황!$E$6:$E$485,MATCH("R"&78,미이수현황!$L$6:$L$485,0)),"")) | F83: =IF($B83="","",IFERROR(INDEX(이수현황!$G$6:$G$485,MATCH("R"&78,미이수현황!$L$6:$L$485,0)),"")) | G83: =IF($B83="","",IFERROR(INDEX(이수현황!$H$6:$H$485,MATCH("R"&78,미이수현황!$L$6:$L$485,0)),"")) | H83: =IF($B83="","",IFERROR(INDEX(이수현황!$I$6:$I$485,MATCH("R"&78,미이수현황!$L$6:$L$485,0)),"")) | J83: =IF(이수현황!$A83="",FALSE(),OR(이수현황!$J83="기한초과",이수현황!$J83="임박")) -> FALSE | K83: =IF($J83=FALSE(),"",COUNTIF($J$6:$J83,TRUE())) | L83: =IF($K83="","","R"&$K83)
A84: =IF($B84="","",79) | B84: =IFERROR(INDEX(이수현황!$A$6:$A$485,MATCH("R"&79,미이수현황!$L$6:$L$485,0)),"") | C84: =IF($B84="","",IFERROR(INDEX(이수현황!$B$6:$B$485,MATCH("R"&79,미이수현황!$L$6:$L$485,0)),"")) | D84: =IF($B84="","",IFERROR(INDEX(이수현황!$C$6:$C$485,MATCH("R"&79,미이수현황!$L$6:$L$485,0)),"")) | E84: =IF($B84="","",IFERROR(INDEX(이수현황!$E$6:$E$485,MATCH("R"&79,미이수현황!$L$6:$L$485,0)),"")) | F84: =IF($B84="","",IFERROR(INDEX(이수현황!$G$6:$G$485,MATCH("R"&79,미이수현황!$L$6:$L$485,0)),"")) | G84: =IF($B84="","",IFERROR(INDEX(이수현황!$H$6:$H$485,MATCH("R"&79,미이수현황!$L$6:$L$485,0)),"")) | H84: =IF($B84="","",IFERROR(INDEX(이수현황!$I$6:$I$485,MATCH("R"&79,미이수현황!$L$6:$L$485,0)),"")) | J84: =IF(이수현황!$A84="",FALSE(),OR(이수현황!$J84="기한초과",이수현황!$J84="임박")) -> FALSE | K84: =IF($J84=FALSE(),"",COUNTIF($J$6:$J84,TRUE())) | L84: =IF($K84="","","R"&$K84)
A85: =IF($B85="","",80) | B85: =IFERROR(INDEX(이수현황!$A$6:$A$485,MATCH("R"&80,미이수현황!$L$6:$L$485,0)),"") | C85: =IF($B85="","",IFERROR(INDEX(이수현황!$B$6:$B$485,MATCH("R"&80,미이수현황!$L$6:$L$485,0)),"")) | D85: =IF($B85="","",IFERROR(INDEX(이수현황!$C$6:$C$485,MATCH("R"&80,미이수현황!$L$6:$L$485,0)),"")) | E85: =IF($B85="","",IFERROR(INDEX(이수현황!$E$6:$E$485,MATCH("R"&80,미이수현황!$L$6:$L$485,0)),"")) | F85: =IF($B85="","",IFERROR(INDEX(이수현황!$G$6:$G$485,MATCH("R"&80,미이수현황!$L$6:$L$485,0)),"")) | G85: =IF($B85="","",IFERROR(INDEX(이수현황!$H$6:$H$485,MATCH("R"&80,미이수현황!$L$6:$L$485,0)),"")) | H85: =IF($B85="","",IFERROR(INDEX(이수현황!$I$6:$I$485,MATCH("R"&80,미이수현황!$L$6:$L$485,0)),"")) | J85: =IF(이수현황!$A85="",FALSE(),OR(이수현황!$J85="기한초과",이수현황!$J85="임박")) -> FALSE | K85: =IF($J85=FALSE(),"",COUNTIF($J$6:$J85,TRUE())) | L85: =IF($K85="","","R"&$K85)
A86: =IF($B86="","",81) | B86: =IFERROR(INDEX(이수현황!$A$6:$A$485,MATCH("R"&81,미이수현황!$L$6:$L$485,0)),"") | C86: =IF($B86="","",IFERROR(INDEX(이수현황!$B$6:$B$485,MATCH("R"&81,미이수현황!$L$6:$L$485,0)),"")) | D86: =IF($B86="","",IFERROR(INDEX(이수현황!$C$6:$C$485,MATCH("R"&81,미이수현황!$L$6:$L$485,0)),"")) | E86: =IF($B86="","",IFERROR(INDEX(이수현황!$E$6:$E$485,MATCH("R"&81,미이수현황!$L$6:$L$485,0)),"")) | F86: =IF($B86="","",IFERROR(INDEX(이수현황!$G$6:$G$485,MATCH("R"&81,미이수현황!$L$6:$L$485,0)),"")) | G86: =IF($B86="","",IFERROR(INDEX(이수현황!$H$6:$H$485,MATCH("R"&81,미이수현황!$L$6:$L$485,0)),"")) | H86: =IF($B86="","",IFERROR(INDEX(이수현황!$I$6:$I$485,MATCH("R"&81,미이수현황!$L$6:$L$485,0)),"")) | J86: =IF(이수현황!$A86="",FALSE(),OR(이수현황!$J86="기한초과",이수현황!$J86="임박")) -> FALSE | K86: =IF($J86=FALSE(),"",COUNTIF($J$6:$J86,TRUE())) | L86: =IF($K86="","","R"&$K86)
A87: =IF($B87="","",82) | B87: =IFERROR(INDEX(이수현황!$A$6:$A$485,MATCH("R"&82,미이수현황!$L$6:$L$485,0)),"") | C87: =IF($B87="","",IFERROR(INDEX(이수현황!$B$6:$B$485,MATCH("R"&82,미이수현황!$L$6:$L$485,0)),"")) | D87: =IF($B87="","",IFERROR(INDEX(이수현황!$C$6:$C$485,MATCH("R"&82,미이수현황!$L$6:$L$485,0)),"")) | E87: =IF($B87="","",IFERROR(INDEX(이수현황!$E$6:$E$485,MATCH("R"&82,미이수현황!$L$6:$L$485,0)),"")) | F87: =IF($B87="","",IFERROR(INDEX(이수현황!$G$6:$G$485,MATCH("R"&82,미이수현황!$L$6:$L$485,0)),"")) | G87: =IF($B87="","",IFERROR(INDEX(이수현황!$H$6:$H$485,MATCH("R"&82,미이수현황!$L$6:$L$485,0)),"")) | H87: =IF($B87="","",IFERROR(INDEX(이수현황!$I$6:$I$485,MATCH("R"&82,미이수현황!$L$6:$L$485,0)),"")) | J87: =IF(이수현황!$A87="",FALSE(),OR(이수현황!$J87="기한초과",이수현황!$J87="임박")) -> FALSE | K87: =IF($J87=FALSE(),"",COUNTIF($J$6:$J87,TRUE())) | L87: =IF($K87="","","R"&$K87)
A88: =IF($B88="","",83) | B88: =IFERROR(INDEX(이수현황!$A$6:$A$485,MATCH("R"&83,미이수현황!$L$6:$L$485,0)),"") | C88: =IF($B88="","",IFERROR(INDEX(이수현황!$B$6:$B$485,MATCH("R"&83,미이수현황!$L$6:$L$485,0)),"")) | D88: =IF($B88="","",IFERROR(INDEX(이수현황!$C$6:$C$485,MATCH("R"&83,미이수현황!$L$6:$L$485,0)),"")) | E88: =IF($B88="","",IFERROR(INDEX(이수현황!$E$6:$E$485,MATCH("R"&83,미이수현황!$L$6:$L$485,0)),"")) | F88: =IF($B88="","",IFERROR(INDEX(이수현황!$G$6:$G$485,MATCH("R"&83,미이수현황!$L$6:$L$485,0)),"")) | G88: =IF($B88="","",IFERROR(INDEX(이수현황!$H$6:$H$485,MATCH("R"&83,미이수현황!$L$6:$L$485,0)),"")) | H88: =IF($B88="","",IFERROR(INDEX(이수현황!$I$6:$I$485,MATCH("R"&83,미이수현황!$L$6:$L$485,0)),"")) | J88: =IF(이수현황!$A88="",FALSE(),OR(이수현황!$J88="기한초과",이수현황!$J88="임박")) -> FALSE | K88: =IF($J88=FALSE(),"",COUNTIF($J$6:$J88,TRUE())) | L88: =IF($K88="","","R"&$K88)
A89: =IF($B89="","",84) | B89: =IFERROR(INDEX(이수현황!$A$6:$A$485,MATCH("R"&84,미이수현황!$L$6:$L$485,0)),"") | C89: =IF($B89="","",IFERROR(INDEX(이수현황!$B$6:$B$485,MATCH("R"&84,미이수현황!$L$6:$L$485,0)),"")) | D89: =IF($B89="","",IFERROR(INDEX(이수현황!$C$6:$C$485,MATCH("R"&84,미이수현황!$L$6:$L$485,0)),"")) | E89: =IF($B89="","",IFERROR(INDEX(이수현황!$E$6:$E$485,MATCH("R"&84,미이수현황!$L$6:$L$485,0)),"")) | F89: =IF($B89="","",IFERROR(INDEX(이수현황!$G$6:$G$485,MATCH("R"&84,미이수현황!$L$6:$L$485,0)),"")) | G89: =IF($B89="","",IFERROR(INDEX(이수현황!$H$6:$H$485,MATCH("R"&84,미이수현황!$L$6:$L$485,0)),"")) | H89: =IF($B89="","",IFERROR(INDEX(이수현황!$I$6:$I$485,MATCH("R"&84,미이수현황!$L$6:$L$485,0)),"")) | J89: =IF(이수현황!$A89="",FALSE(),OR(이수현황!$J89="기한초과",이수현황!$J89="임박")) -> FALSE | K89: =IF($J89=FALSE(),"",COUNTIF($J$6:$J89,TRUE())) | L89: =IF($K89="","","R"&$K89)
A90: =IF($B90="","",85) | B90: =IFERROR(INDEX(이수현황!$A$6:$A$485,MATCH("R"&85,미이수현황!$L$6:$L$485,0)),"") | C90: =IF($B90="","",IFERROR(INDEX(이수현황!$B$6:$B$485,MATCH("R"&85,미이수현황!$L$6:$L$485,0)),"")) | D90: =IF($B90="","",IFERROR(INDEX(이수현황!$C$6:$C$485,MATCH("R"&85,미이수현황!$L$6:$L$485,0)),"")) | E90: =IF($B90="","",IFERROR(INDEX(이수현황!$E$6:$E$485,MATCH("R"&85,미이수현황!$L$6:$L$485,0)),"")) | F90: =IF($B90="","",IFERROR(INDEX(이수현황!$G$6:$G$485,MATCH("R"&85,미이수현황!$L$6:$L$485,0)),"")) | G90: =IF($B90="","",IFERROR(INDEX(이수현황!$H$6:$H$485,MATCH("R"&85,미이수현황!$L$6:$L$485,0)),"")) | H90: =IF($B90="","",IFERROR(INDEX(이수현황!$I$6:$I$485,MATCH("R"&85,미이수현황!$L$6:$L$485,0)),"")) | J90: =IF(이수현황!$A90="",FALSE(),OR(이수현황!$J90="기한초과",이수현황!$J90="임박")) -> FALSE | K90: =IF($J90=FALSE(),"",COUNTIF($J$6:$J90,TRUE())) | L90: =IF($K90="","","R"&$K90)
A91: =IF($B91="","",86) | B91: =IFERROR(INDEX(이수현황!$A$6:$A$485,MATCH("R"&86,미이수현황!$L$6:$L$485,0)),"") | C91: =IF($B91="","",IFERROR(INDEX(이수현황!$B$6:$B$485,MATCH("R"&86,미이수현황!$L$6:$L$485,0)),"")) | D91: =IF($B91="","",IFERROR(INDEX(이수현황!$C$6:$C$485,MATCH("R"&86,미이수현황!$L$6:$L$485,0)),"")) | E91: =IF($B91="","",IFERROR(INDEX(이수현황!$E$6:$E$485,MATCH("R"&86,미이수현황!$L$6:$L$485,0)),"")) | F91: =IF($B91="","",IFERROR(INDEX(이수현황!$G$6:$G$485,MATCH("R"&86,미이수현황!$L$6:$L$485,0)),"")) | G91: =IF($B91="","",IFERROR(INDEX(이수현황!$H$6:$H$485,MATCH("R"&86,미이수현황!$L$6:$L$485,0)),"")) | H91: =IF($B91="","",IFERROR(INDEX(이수현황!$I$6:$I$485,MATCH("R"&86,미이수현황!$L$6:$L$485,0)),"")) | J91: =IF(이수현황!$A91="",FALSE(),OR(이수현황!$J91="기한초과",이수현황!$J91="임박")) -> FALSE | K91: =IF($J91=FALSE(),"",COUNTIF($J$6:$J91,TRUE())) | L91: =IF($K91="","","R"&$K91)
A92: =IF($B92="","",87) | B92: =IFERROR(INDEX(이수현황!$A$6:$A$485,MATCH("R"&87,미이수현황!$L$6:$L$485,0)),"") | C92: =IF($B92="","",IFERROR(INDEX(이수현황!$B$6:$B$485,MATCH("R"&87,미이수현황!$L$6:$L$485,0)),"")) | D92: =IF($B92="","",IFERROR(INDEX(이수현황!$C$6:$C$485,MATCH("R"&87,미이수현황!$L$6:$L$485,0)),"")) | E92: =IF($B92="","",IFERROR(INDEX(이수현황!$E$6:$E$485,MATCH("R"&87,미이수현황!$L$6:$L$485,0)),"")) | F92: =IF($B92="","",IFERROR(INDEX(이수현황!$G$6:$G$485,MATCH("R"&87,미이수현황!$L$6:$L$485,0)),"")) | G92: =IF($B92="","",IFERROR(INDEX(이수현황!$H$6:$H$485,MATCH("R"&87,미이수현황!$L$6:$L$485,0)),"")) | H92: =IF($B92="","",IFERROR(INDEX(이수현황!$I$6:$I$485,MATCH("R"&87,미이수현황!$L$6:$L$485,0)),"")) | J92: =IF(이수현황!$A92="",FALSE(),OR(이수현황!$J92="기한초과",이수현황!$J92="임박")) -> FALSE | K92: =IF($J92=FALSE(),"",COUNTIF($J$6:$J92,TRUE())) | L92: =IF($K92="","","R"&$K92)
A93: =IF($B93="","",88) | B93: =IFERROR(INDEX(이수현황!$A$6:$A$485,MATCH("R"&88,미이수현황!$L$6:$L$485,0)),"") | C93: =IF($B93="","",IFERROR(INDEX(이수현황!$B$6:$B$485,MATCH("R"&88,미이수현황!$L$6:$L$485,0)),"")) | D93: =IF($B93="","",IFERROR(INDEX(이수현황!$C$6:$C$485,MATCH("R"&88,미이수현황!$L$6:$L$485,0)),"")) | E93: =IF($B93="","",IFERROR(INDEX(이수현황!$E$6:$E$485,MATCH("R"&88,미이수현황!$L$6:$L$485,0)),"")) | F93: =IF($B93="","",IFERROR(INDEX(이수현황!$G$6:$G$485,MATCH("R"&88,미이수현황!$L$6:$L$485,0)),"")) | G93: =IF($B93="","",IFERROR(INDEX(이수현황!$H$6:$H$485,MATCH("R"&88,미이수현황!$L$6:$L$485,0)),"")) | H93: =IF($B93="","",IFERROR(INDEX(이수현황!$I$6:$I$485,MATCH("R"&88,미이수현황!$L$6:$L$485,0)),"")) | J93: =IF(이수현황!$A93="",FALSE(),OR(이수현황!$J93="기한초과",이수현황!$J93="임박")) -> FALSE | K93: =IF($J93=FALSE(),"",COUNTIF($J$6:$J93,TRUE())) | L93: =IF($K93="","","R"&$K93)
A94: =IF($B94="","",89) | B94: =IFERROR(INDEX(이수현황!$A$6:$A$485,MATCH("R"&89,미이수현황!$L$6:$L$485,0)),"") | C94: =IF($B94="","",IFERROR(INDEX(이수현황!$B$6:$B$485,MATCH("R"&89,미이수현황!$L$6:$L$485,0)),"")) | D94: =IF($B94="","",IFERROR(INDEX(이수현황!$C$6:$C$485,MATCH("R"&89,미이수현황!$L$6:$L$485,0)),"")) | E94: =IF($B94="","",IFERROR(INDEX(이수현황!$E$6:$E$485,MATCH("R"&89,미이수현황!$L$6:$L$485,0)),"")) | F94: =IF($B94="","",IFERROR(INDEX(이수현황!$G$6:$G$485,MATCH("R"&89,미이수현황!$L$6:$L$485,0)),"")) | G94: =IF($B94="","",IFERROR(INDEX(이수현황!$H$6:$H$485,MATCH("R"&89,미이수현황!$L$6:$L$485,0)),"")) | H94: =IF($B94="","",IFERROR(INDEX(이수현황!$I$6:$I$485,MATCH("R"&89,미이수현황!$L$6:$L$485,0)),"")) | J94: =IF(이수현황!$A94="",FALSE(),OR(이수현황!$J94="기한초과",이수현황!$J94="임박")) -> FALSE | K94: =IF($J94=FALSE(),"",COUNTIF($J$6:$J94,TRUE())) | L94: =IF($K94="","","R"&$K94)
A95: =IF($B95="","",90) | B95: =IFERROR(INDEX(이수현황!$A$6:$A$485,MATCH("R"&90,미이수현황!$L$6:$L$485,0)),"") | C95: =IF($B95="","",IFERROR(INDEX(이수현황!$B$6:$B$485,MATCH("R"&90,미이수현황!$L$6:$L$485,0)),"")) | D95: =IF($B95="","",IFERROR(INDEX(이수현황!$C$6:$C$485,MATCH("R"&90,미이수현황!$L$6:$L$485,0)),"")) | E95: =IF($B95="","",IFERROR(INDEX(이수현황!$E$6:$E$485,MATCH("R"&90,미이수현황!$L$6:$L$485,0)),"")) | F95: =IF($B95="","",IFERROR(INDEX(이수현황!$G$6:$G$485,MATCH("R"&90,미이수현황!$L$6:$L$485,0)),"")) | G95: =IF($B95="","",IFERROR(INDEX(이수현황!$H$6:$H$485,MATCH("R"&90,미이수현황!$L$6:$L$485,0)),"")) | H95: =IF($B95="","",IFERROR(INDEX(이수현황!$I$6:$I$485,MATCH("R"&90,미이수현황!$L$6:$L$485,0)),"")) | J95: =IF(이수현황!$A95="",FALSE(),OR(이수현황!$J95="기한초과",이수현황!$J95="임박")) -> FALSE | K95: =IF($J95=FALSE(),"",COUNTIF($J$6:$J95,TRUE())) | L95: =IF($K95="","","R"&$K95)
A96: =IF($B96="","",91) | B96: =IFERROR(INDEX(이수현황!$A$6:$A$485,MATCH("R"&91,미이수현황!$L$6:$L$485,0)),"") | C96: =IF($B96="","",IFERROR(INDEX(이수현황!$B$6:$B$485,MATCH("R"&91,미이수현황!$L$6:$L$485,0)),"")) | D96: =IF($B96="","",IFERROR(INDEX(이수현황!$C$6:$C$485,MATCH("R"&91,미이수현황!$L$6:$L$485,0)),"")) | E96: =IF($B96="","",IFERROR(INDEX(이수현황!$E$6:$E$485,MATCH("R"&91,미이수현황!$L$6:$L$485,0)),"")) | F96: =IF($B96="","",IFERROR(INDEX(이수현황!$G$6:$G$485,MATCH("R"&91,미이수현황!$L$6:$L$485,0)),"")) | G96: =IF($B96="","",IFERROR(INDEX(이수현황!$H$6:$H$485,MATCH("R"&91,미이수현황!$L$6:$L$485,0)),"")) | H96: =IF($B96="","",IFERROR(INDEX(이수현황!$I$6:$I$485,MATCH("R"&91,미이수현황!$L$6:$L$485,0)),"")) | J96: =IF(이수현황!$A96="",FALSE(),OR(이수현황!$J96="기한초과",이수현황!$J96="임박")) -> FALSE | K96: =IF($J96=FALSE(),"",COUNTIF($J$6:$J96,TRUE())) | L96: =IF($K96="","","R"&$K96)
A97: =IF($B97="","",92) | B97: =IFERROR(INDEX(이수현황!$A$6:$A$485,MATCH("R"&92,미이수현황!$L$6:$L$485,0)),"") | C97: =IF($B97="","",IFERROR(INDEX(이수현황!$B$6:$B$485,MATCH("R"&92,미이수현황!$L$6:$L$485,0)),"")) | D97: =IF($B97="","",IFERROR(INDEX(이수현황!$C$6:$C$485,MATCH("R"&92,미이수현황!$L$6:$L$485,0)),"")) | E97: =IF($B97="","",IFERROR(INDEX(이수현황!$E$6:$E$485,MATCH("R"&92,미이수현황!$L$6:$L$485,0)),"")) | F97: =IF($B97="","",IFERROR(INDEX(이수현황!$G$6:$G$485,MATCH("R"&92,미이수현황!$L$6:$L$485,0)),"")) | G97: =IF($B97="","",IFERROR(INDEX(이수현황!$H$6:$H$485,MATCH("R"&92,미이수현황!$L$6:$L$485,0)),"")) | H97: =IF($B97="","",IFERROR(INDEX(이수현황!$I$6:$I$485,MATCH("R"&92,미이수현황!$L$6:$L$485,0)),"")) | J97: =IF(이수현황!$A97="",FALSE(),OR(이수현황!$J97="기한초과",이수현황!$J97="임박")) -> FALSE | K97: =IF($J97=FALSE(),"",COUNTIF($J$6:$J97,TRUE())) | L97: =IF($K97="","","R"&$K97)
A98: =IF($B98="","",93) | B98: =IFERROR(INDEX(이수현황!$A$6:$A$485,MATCH("R"&93,미이수현황!$L$6:$L$485,0)),"") | C98: =IF($B98="","",IFERROR(INDEX(이수현황!$B$6:$B$485,MATCH("R"&93,미이수현황!$L$6:$L$485,0)),"")) | D98: =IF($B98="","",IFERROR(INDEX(이수현황!$C$6:$C$485,MATCH("R"&93,미이수현황!$L$6:$L$485,0)),"")) | E98: =IF($B98="","",IFERROR(INDEX(이수현황!$E$6:$E$485,MATCH("R"&93,미이수현황!$L$6:$L$485,0)),"")) | F98: =IF($B98="","",IFERROR(INDEX(이수현황!$G$6:$G$485,MATCH("R"&93,미이수현황!$L$6:$L$485,0)),"")) | G98: =IF($B98="","",IFERROR(INDEX(이수현황!$H$6:$H$485,MATCH("R"&93,미이수현황!$L$6:$L$485,0)),"")) | H98: =IF($B98="","",IFERROR(INDEX(이수현황!$I$6:$I$485,MATCH("R"&93,미이수현황!$L$6:$L$485,0)),"")) | J98: =IF(이수현황!$A98="",FALSE(),OR(이수현황!$J98="기한초과",이수현황!$J98="임박")) -> FALSE | K98: =IF($J98=FALSE(),"",COUNTIF($J$6:$J98,TRUE())) | L98: =IF($K98="","","R"&$K98)
A99: =IF($B99="","",94) | B99: =IFERROR(INDEX(이수현황!$A$6:$A$485,MATCH("R"&94,미이수현황!$L$6:$L$485,0)),"") | C99: =IF($B99="","",IFERROR(INDEX(이수현황!$B$6:$B$485,MATCH("R"&94,미이수현황!$L$6:$L$485,0)),"")) | D99: =IF($B99="","",IFERROR(INDEX(이수현황!$C$6:$C$485,MATCH("R"&94,미이수현황!$L$6:$L$485,0)),"")) | E99: =IF($B99="","",IFERROR(INDEX(이수현황!$E$6:$E$485,MATCH("R"&94,미이수현황!$L$6:$L$485,0)),"")) | F99: =IF($B99="","",IFERROR(INDEX(이수현황!$G$6:$G$485,MATCH("R"&94,미이수현황!$L$6:$L$485,0)),"")) | G99: =IF($B99="","",IFERROR(INDEX(이수현황!$H$6:$H$485,MATCH("R"&94,미이수현황!$L$6:$L$485,0)),"")) | H99: =IF($B99="","",IFERROR(INDEX(이수현황!$I$6:$I$485,MATCH("R"&94,미이수현황!$L$6:$L$485,0)),"")) | J99: =IF(이수현황!$A99="",FALSE(),OR(이수현황!$J99="기한초과",이수현황!$J99="임박")) -> FALSE | K99: =IF($J99=FALSE(),"",COUNTIF($J$6:$J99,TRUE())) | L99: =IF($K99="","","R"&$K99)
A100: =IF($B100="","",95) | B100: =IFERROR(INDEX(이수현황!$A$6:$A$485,MATCH("R"&95,미이수현황!$L$6:$L$485,0)),"") | C100: =IF($B100="","",IFERROR(INDEX(이수현황!$B$6:$B$485,MATCH("R"&95,미이수현황!$L$6:$L$485,0)),"")) | D100: =IF($B100="","",IFERROR(INDEX(이수현황!$C$6:$C$485,MATCH("R"&95,미이수현황!$L$6:$L$485,0)),"")) | E100: =IF($B100="","",IFERROR(INDEX(이수현황!$E$6:$E$485,MATCH("R"&95,미이수현황!$L$6:$L$485,0)),"")) | F100: =IF($B100="","",IFERROR(INDEX(이수현황!$G$6:$G$485,MATCH("R"&95,미이수현황!$L$6:$L$485,0)),"")) | G100: =IF($B100="","",IFERROR(INDEX(이수현황!$H$6:$H$485,MATCH("R"&95,미이수현황!$L$6:$L$485,0)),"")) | H100: =IF($B100="","",IFERROR(INDEX(이수현황!$I$6:$I$485,MATCH("R"&95,미이수현황!$L$6:$L$485,0)),"")) | J100: =IF(이수현황!$A100="",FALSE(),OR(이수현황!$J100="기한초과",이수현황!$J100="임박")) -> FALSE | K100: =IF($J100=FALSE(),"",COUNTIF($J$6:$J100,TRUE())) | L100: =IF($K100="","","R"&$K100)
A101: =IF($B101="","",96) | B101: =IFERROR(INDEX(이수현황!$A$6:$A$485,MATCH("R"&96,미이수현황!$L$6:$L$485,0)),"") | C101: =IF($B101="","",IFERROR(INDEX(이수현황!$B$6:$B$485,MATCH("R"&96,미이수현황!$L$6:$L$485,0)),"")) | D101: =IF($B101="","",IFERROR(INDEX(이수현황!$C$6:$C$485,MATCH("R"&96,미이수현황!$L$6:$L$485,0)),"")) | E101: =IF($B101="","",IFERROR(INDEX(이수현황!$E$6:$E$485,MATCH("R"&96,미이수현황!$L$6:$L$485,0)),"")) | F101: =IF($B101="","",IFERROR(INDEX(이수현황!$G$6:$G$485,MATCH("R"&96,미이수현황!$L$6:$L$485,0)),"")) | G101: =IF($B101="","",IFERROR(INDEX(이수현황!$H$6:$H$485,MATCH("R"&96,미이수현황!$L$6:$L$485,0)),"")) | H101: =IF($B101="","",IFERROR(INDEX(이수현황!$I$6:$I$485,MATCH("R"&96,미이수현황!$L$6:$L$485,0)),"")) | J101: =IF(이수현황!$A101="",FALSE(),OR(이수현황!$J101="기한초과",이수현황!$J101="임박")) -> FALSE | K101: =IF($J101=FALSE(),"",COUNTIF($J$6:$J101,TRUE())) | L101: =IF($K101="","","R"&$K101)
A102: =IF($B102="","",97) | B102: =IFERROR(INDEX(이수현황!$A$6:$A$485,MATCH("R"&97,미이수현황!$L$6:$L$485,0)),"") | C102: =IF($B102="","",IFERROR(INDEX(이수현황!$B$6:$B$485,MATCH("R"&97,미이수현황!$L$6:$L$485,0)),"")) | D102: =IF($B102="","",IFERROR(INDEX(이수현황!$C$6:$C$485,MATCH("R"&97,미이수현황!$L$6:$L$485,0)),"")) | E102: =IF($B102="","",IFERROR(INDEX(이수현황!$E$6:$E$485,MATCH("R"&97,미이수현황!$L$6:$L$485,0)),"")) | F102: =IF($B102="","",IFERROR(INDEX(이수현황!$G$6:$G$485,MATCH("R"&97,미이수현황!$L$6:$L$485,0)),"")) | G102: =IF($B102="","",IFERROR(INDEX(이수현황!$H$6:$H$485,MATCH("R"&97,미이수현황!$L$6:$L$485,0)),"")) | H102: =IF($B102="","",IFERROR(INDEX(이수현황!$I$6:$I$485,MATCH("R"&97,미이수현황!$L$6:$L$485,0)),"")) | J102: =IF(이수현황!$A102="",FALSE(),OR(이수현황!$J102="기한초과",이수현황!$J102="임박")) -> FALSE | K102: =IF($J102=FALSE(),"",COUNTIF($J$6:$J102,TRUE())) | L102: =IF($K102="","","R"&$K102)
...

Sheet 과정별집계
A1: 과정별집계
A3: 대상 연도 | B3: 2026
A5: 과정코드 | B5: 과정명 | C5: 구분 | D5: 주기(개월) | E5: 연간 이수 건수 | F5: 이수 인원 | G5: 총 이수시간 | H5: 미이수 인원
A6: =IF(교육과정!$A3="","",교육과정!$A3) -> C01 | B6: =IF($A6="","",교육과정!$B3) -> 산업안전보건교육 | C6: =IF($A6="","",교육과정!$E3) -> 법정 | D6: =IF($A6="","",교육과정!$C3) -> 3 | E6: =IF($A6="","",COUNTIFS(이수내역!$D$3:$D$2002,$A6,이수내역!$A$3:$A$2002,">="&DATE($B$3,1,1),이수내역!$A$3:$A$2002,"<="&DATE($B$3,12,31))) -> 2 | F6: =IF($A6="","",SUMPRODUCT((직원목록!$A$3:$A$302<>"")*(COUNTIFS(이수내역!$B$3:$B$2002,직원목록!$A$3:$A$302,이수내역!$D$3:$D$2002,$A6,이수내역!$A$3:$A$2002,">="&DATE($B$3,1,1),이수내역!$A$3:$A$2002,"<="&DATE($B$3,12,31))>0))) -> 2 | G6: =IF($A6="","",SUMIFS(이수내역!$F$3:$F$2002,이수내역!$D$3:$D$2002,$A6,이수내역!$A$3:$A$2002,">="&DATE($B$3,1,1),이수내역!$A$3:$A$2002,"<="&DATE($B$3,12,31))) -> 12 | H6: =IF($A6="","",SUMPRODUCT((이수현황!$D$6:$D$485=$A6)*((이수현황!$J$6:$J$485="기한초과")+(이수현황!$J$6:$J$485="임박")))) -> 2
A7: =IF(교육과정!$A4="","",교육과정!$A4) -> C02 | B7: =IF($A7="","",교육과정!$B4) -> 성희롱 예방교육 | C7: =IF($A7="","",교육과정!$E4) -> 법정 | D7: =IF($A7="","",교육과정!$C4) -> 12 | E7: =IF($A7="","",COUNTIFS(이수내역!$D$3:$D$2002,$A7,이수내역!$A$3:$A$2002,">="&DATE($B$3,1,1),이수내역!$A$3:$A$2002,"<="&DATE($B$3,12,31))) -> 1 | F7: =IF($A7="","",SUMPRODUCT((직원목록!$A$3:$A$302<>"")*(COUNTIFS(이수내역!$B$3:$B$2002,직원목록!$A$3:$A$302,이수내역!$D$3:$D$2002,$A7,이수내역!$A$3:$A$2002,">="&DATE($B$3,1,1),이수내역!$A$3:$A$2002,"<="&DATE($B$3,12,31))>0))) -> 1 | G7: =IF($A7="","",SUMIFS(이수내역!$F$3:$F$2002,이수내역!$D$3:$D$2002,$A7,이수내역!$A$3:$A$2002,">="&DATE($B$3,1,1),이수내역!$A$3:$A$2002,"<="&DATE($B$3,12,31))) -> 1 | H7: =IF($A7="","",SUMPRODUCT((이수현황!$D$6:$D$485=$A7)*((이수현황!$J$6:$J$485="기한초과")+(이수현황!$J$6:$J$485="임박")))) -> 2
A8: =IF(교육과정!$A5="","",교육과정!$A5) -> C03 | B8: =IF($A8="","",교육과정!$B5) -> 개인정보보호 교육 | C8: =IF($A8="","",교육과정!$E5) -> 법정 | D8: =IF($A8="","",교육과정!$C5) -> 12 | E8: =IF($A8="","",COUNTIFS(이수내역!$D$3:$D$2002,$A8,이수내역!$A$3:$A$2002,">="&DATE($B$3,1,1),이수내역!$A$3:$A$2002,"<="&DATE($B$3,12,31))) -> 0 | F8: =IF($A8="","",SUMPRODUCT((직원목록!$A$3:$A$302<>"")*(COUNTIFS(이수내역!$B$3:$B$2002,직원목록!$A$3:$A$302,이수내역!$D$3:$D$2002,$A8,이수내역!$A$3:$A$2002,">="&DATE($B$3,1,1),이수내역!$A$3:$A$2002,"<="&DATE($B$3,12,31))>0))) -> 0 | G8: =IF($A8="","",SUMIFS(이수내역!$F$3:$F$2002,이수내역!$D$3:$D$2002,$A8,이수내역!$A$3:$A$2002,">="&DATE($B$3,1,1),이수내역!$A$3:$A$2002,"<="&DATE($B$3,12,31))) -> 0 | H8: =IF($A8="","",SUMPRODUCT((이수현황!$D$6:$D$485=$A8)*((이수현황!$J$6:$J$485="기한초과")+(이수현황!$J$6:$J$485="임박")))) -> 3
A9: =IF(교육과정!$A6="","",교육과정!$A6) -> C04 | B9: =IF($A9="","",교육과정!$B6) -> 지게차 운전 자격 | C9: =IF($A9="","",교육과정!$E6) -> 자격 | D9: =IF($A9="","",교육과정!$C6) -> 24 | E9: =IF($A9="","",COUNTIFS(이수내역!$D$3:$D$2002,$A9,이수내역!$A$3:$A$2002,">="&DATE($B$3,1,1),이수내역!$A$3:$A$2002,"<="&DATE($B$3,12,31))) -> 0 | F9: =IF($A9="","",SUMPRODUCT((직원목록!$A$3:$A$302<>"")*(COUNTIFS(이수내역!$B$3:$B$2002,직원목록!$A$3:$A$302,이수내역!$D$3:$D$2002,$A9,이수내역!$A$3:$A$2002,">="&DATE($B$3,1,1),이수내역!$A$3:$A$2002,"<="&DATE($B$3,12,31))>0))) -> 0 | G9: =IF($A9="","",SUMIFS(이수내역!$F$3:$F$2002,이수내역!$D$3:$D$2002,$A9,이수내역!$A$3:$A$2002,">="&DATE($B$3,1,1),이수내역!$A$3:$A$2002,"<="&DATE($B$3,12,31))) -> 0 | H9: =IF($A9="","",SUMPRODUCT((이수현황!$D$6:$D$485=$A9)*((이수현황!$J$6:$J$485="기한초과")+(이수현황!$J$6:$J$485="임박")))) -> 3
A10: =IF(교육과정!$A7="","",교육과정!$A7) | B10: =IF($A10="","",교육과정!$B7) | C10: =IF($A10="","",교육과정!$E7) | D10: =IF($A10="","",교육과정!$C7) | E10: =IF($A10="","",COUNTIFS(이수내역!$D$3:$D$2002,$A10,이수내역!$A$3:$A$2002,">="&DATE($B$3,1,1),이수내역!$A$3:$A$2002,"<="&DATE($B$3,12,31))) | F10: =IF($A10="","",SUMPRODUCT((직원목록!$A$3:$A$302<>"")*(COUNTIFS(이수내역!$B$3:$B$2002,직원목록!$A$3:$A$302,이수내역!$D$3:$D$2002,$A10,이수내역!$A$3:$A$2002,">="&DATE($B$3,1,1),이수내역!$A$3:$A$2002,"<="&DATE($B$3,12,31))>0))) | G10: =IF($A10="","",SUMIFS(이수내역!$F$3:$F$2002,이수내역!$D$3:$D$2002,$A10,이수내역!$A$3:$A$2002,">="&DATE($B$3,1,1),이수내역!$A$3:$A$2002,"<="&DATE($B$3,12,31))) | H10: =IF($A10="","",SUMPRODUCT((이수현황!$D$6:$D$485=$A10)*((이수현황!$J$6:$J$485="기한초과")+(이수현황!$J$6:$J$485="임박"))))
A11: =IF(교육과정!$A8="","",교육과정!$A8) | B11: =IF($A11="","",교육과정!$B8) | C11: =IF($A11="","",교육과정!$E8) | D11: =IF($A11="","",교육과정!$C8) | E11: =IF($A11="","",COUNTIFS(이수내역!$D$3:$D$2002,$A11,이수내역!$A$3:$A$2002,">="&DATE($B$3,1,1),이수내역!$A$3:$A$2002,"<="&DATE($B$3,12,31))) | F11: =IF($A11="","",SUMPRODUCT((직원목록!$A$3:$A$302<>"")*(COUNTIFS(이수내역!$B$3:$B$2002,직원목록!$A$3:$A$302,이수내역!$D$3:$D$2002,$A11,이수내역!$A$3:$A$2002,">="&DATE($B$3,1,1),이수내역!$A$3:$A$2002,"<="&DATE($B$3,12,31))>0))) | G11: =IF($A11="","",SUMIFS(이수내역!$F$3:$F$2002,이수내역!$D$3:$D$2002,$A11,이수내역!$A$3:$A$2002,">="&DATE($B$3,1,1),이수내역!$A$3:$A$2002,"<="&DATE($B$3,12,31))) | H11: =IF($A11="","",SUMPRODUCT((이수현황!$D$6:$D$485=$A11)*((이수현황!$J$6:$J$485="기한초과")+(이수현황!$J$6:$J$485="임박"))))
A12: =IF(교육과정!$A9="","",교육과정!$A9) | B12: =IF($A12="","",교육과정!$B9) | C12: =IF($A12="","",교육과정!$E9) | D12: =IF($A12="","",교육과정!$C9) | E12: =IF($A12="","",COUNTIFS(이수내역!$D$3:$D$2002,$A12,이수내역!$A$3:$A$2002,">="&DATE($B$3,1,1),이수내역!$A$3:$A$2002,"<="&DATE($B$3,12,31))) | F12: =IF($A12="","",SUMPRODUCT((직원목록!$A$3:$A$302<>"")*(COUNTIFS(이수내역!$B$3:$B$2002,직원목록!$A$3:$A$302,이수내역!$D$3:$D$2002,$A12,이수내역!$A$3:$A$2002,">="&DATE($B$3,1,1),이수내역!$A$3:$A$2002,"<="&DATE($B$3,12,31))>0))) | G12: =IF($A12="","",SUMIFS(이수내역!$F$3:$F$2002,이수내역!$D$3:$D$2002,$A12,이수내역!$A$3:$A$2002,">="&DATE($B$3,1,1),이수내역!$A$3:$A$2002,"<="&DATE($B$3,12,31))) | H12: =IF($A12="","",SUMPRODUCT((이수현황!$D$6:$D$485=$A12)*((이수현황!$J$6:$J$485="기한초과")+(이수현황!$J$6:$J$485="임박"))))
A13: =IF(교육과정!$A10="","",교육과정!$A10) | B13: =IF($A13="","",교육과정!$B10) | C13: =IF($A13="","",교육과정!$E10) | D13: =IF($A13="","",교육과정!$C10) | E13: =IF($A13="","",COUNTIFS(이수내역!$D$3:$D$2002,$A13,이수내역!$A$3:$A$2002,">="&DATE($B$3,1,1),이수내역!$A$3:$A$2002,"<="&DATE($B$3,12,31))) | F13: =IF($A13="","",SUMPRODUCT((직원목록!$A$3:$A$302<>"")*(COUNTIFS(이수내역!$B$3:$B$2002,직원목록!$A$3:$A$302,이수내역!$D$3:$D$2002,$A13,이수내역!$A$3:$A$2002,">="&DATE($B$3,1,1),이수내역!$A$3:$A$2002,"<="&DATE($B$3,12,31))>0))) | G13: =IF($A13="","",SUMIFS(이수내역!$F$3:$F$2002,이수내역!$D$3:$D$2002,$A13,이수내역!$A$3:$A$2002,">="&DATE($B$3,1,1),이수내역!$A$3:$A$2002,"<="&DATE($B$3,12,31))) | H13: =IF($A13="","",SUMPRODUCT((이수현황!$D$6:$D$485=$A13)*((이수현황!$J$6:$J$485="기한초과")+(이수현황!$J$6:$J$485="임박"))))
A14: =IF(교육과정!$A11="","",교육과정!$A11) | B14: =IF($A14="","",교육과정!$B11) | C14: =IF($A14="","",교육과정!$E11) | D14: =IF($A14="","",교육과정!$C11) | E14: =IF($A14="","",COUNTIFS(이수내역!$D$3:$D$2002,$A14,이수내역!$A$3:$A$2002,">="&DATE($B$3,1,1),이수내역!$A$3:$A$2002,"<="&DATE($B$3,12,31))) | F14: =IF($A14="","",SUMPRODUCT((직원목록!$A$3:$A$302<>"")*(COUNTIFS(이수내역!$B$3:$B$2002,직원목록!$A$3:$A$302,이수내역!$D$3:$D$2002,$A14,이수내역!$A$3:$A$2002,">="&DATE($B$3,1,1),이수내역!$A$3:$A$2002,"<="&DATE($B$3,12,31))>0))) | G14: =IF($A14="","",SUMIFS(이수내역!$F$3:$F$2002,이수내역!$D$3:$D$2002,$A14,이수내역!$A$3:$A$2002,">="&DATE($B$3,1,1),이수내역!$A$3:$A$2002,"<="&DATE($B$3,12,31))) | H14: =IF($A14="","",SUMPRODUCT((이수현황!$D$6:$D$485=$A14)*((이수현황!$J$6:$J$485="기한초과")+(이수현황!$J$6:$J$485="임박"))))
A15: =IF(교육과정!$A12="","",교육과정!$A12) | B15: =IF($A15="","",교육과정!$B12) | C15: =IF($A15="","",교육과정!$E12) | D15: =IF($A15="","",교육과정!$C12) | E15: =IF($A15="","",COUNTIFS(이수내역!$D$3:$D$2002,$A15,이수내역!$A$3:$A$2002,">="&DATE($B$3,1,1),이수내역!$A$3:$A$2002,"<="&DATE($B$3,12,31))) | F15: =IF($A15="","",SUMPRODUCT((직원목록!$A$3:$A$302<>"")*(COUNTIFS(이수내역!$B$3:$B$2002,직원목록!$A$3:$A$302,이수내역!$D$3:$D$2002,$A15,이수내역!$A$3:$A$2002,">="&DATE($B$3,1,1),이수내역!$A$3:$A$2002,"<="&DATE($B$3,12,31))>0))) | G15: =IF($A15="","",SUMIFS(이수내역!$F$3:$F$2002,이수내역!$D$3:$D$2002,$A15,이수내역!$A$3:$A$2002,">="&DATE($B$3,1,1),이수내역!$A$3:$A$2002,"<="&DATE($B$3,12,31))) | H15: =IF($A15="","",SUMPRODUCT((이수현황!$D$6:$D$485=$A15)*((이수현황!$J$6:$J$485="기한초과")+(이수현황!$J$6:$J$485="임박"))))
A16: =IF(교육과정!$A13="","",교육과정!$A13) | B16: =IF($A16="","",교육과정!$B13) | C16: =IF($A16="","",교육과정!$E13) | D16: =IF($A16="","",교육과정!$C13) | E16: =IF($A16="","",COUNTIFS(이수내역!$D$3:$D$2002,$A16,이수내역!$A$3:$A$2002,">="&DATE($B$3,1,1),이수내역!$A$3:$A$2002,"<="&DATE($B$3,12,31))) | F16: =IF($A16="","",SUMPRODUCT((직원목록!$A$3:$A$302<>"")*(COUNTIFS(이수내역!$B$3:$B$2002,직원목록!$A$3:$A$302,이수내역!$D$3:$D$2002,$A16,이수내역!$A$3:$A$2002,">="&DATE($B$3,1,1),이수내역!$A$3:$A$2002,"<="&DATE($B$3,12,31))>0))) | G16: =IF($A16="","",SUMIFS(이수내역!$F$3:$F$2002,이수내역!$D$3:$D$2002,$A16,이수내역!$A$3:$A$2002,">="&DATE($B$3,1,1),이수내역!$A$3:$A$2002,"<="&DATE($B$3,12,31))) | H16: =IF($A16="","",SUMPRODUCT((이수현황!$D$6:$D$485=$A16)*((이수현황!$J$6:$J$485="기한초과")+(이수현황!$J$6:$J$485="임박"))))
A17: =IF(교육과정!$A14="","",교육과정!$A14) | B17: =IF($A17="","",교육과정!$B14) | C17: =IF($A17="","",교육과정!$E14) | D17: =IF($A17="","",교육과정!$C14) | E17: =IF($A17="","",COUNTIFS(이수내역!$D$3:$D$2002,$A17,이수내역!$A$3:$A$2002,">="&DATE($B$3,1,1),이수내역!$A$3:$A$2002,"<="&DATE($B$3,12,31))) | F17: =IF($A17="","",SUMPRODUCT((직원목록!$A$3:$A$302<>"")*(COUNTIFS(이수내역!$B$3:$B$2002,직원목록!$A$3:$A$302,이수내역!$D$3:$D$2002,$A17,이수내역!$A$3:$A$2002,">="&DATE($B$3,1,1),이수내역!$A$3:$A$2002,"<="&DATE($B$3,12,31))>0))) | G17: =IF($A17="","",SUMIFS(이수내역!$F$3:$F$2002,이수내역!$D$3:$D$2002,$A17,이수내역!$A$3:$A$2002,">="&DATE($B$3,1,1),이수내역!$A$3:$A$2002,"<="&DATE($B$3,12,31))) | H17: =IF($A17="","",SUMPRODUCT((이수현황!$D$6:$D$485=$A17)*((이수현황!$J$6:$J$485="기한초과")+(이수현황!$J$6:$J$485="임박"))))
... A105: =IF(교육과정!$A102="","",교육과정!$A102) | B105: =IF($A105="","",교육과정!$B102) | C105: =IF($A105="","",교육과정!$E102) | D105: =IF($A105="","",교육과정!$C102) | E105: =IF($A105="","",COUNTIFS(이수내역!$D$3:$D$2002,$A105,이수내역!$A$3:$A$2002,">="&DATE($B$3,1,1),이수내역!$A$3:$A$2002,"<="&DATE($B$3,12,31))) | F105: =IF($A105="","",SUMPRODUCT((직원목록!$A$3:$A$302<>"")*(COUNTIFS(이수내역!$B$3:$B$2002,직원목록!$A$3:$A$302,이수내역!$D$3:$D$2002,$A105,이수내역!$A$3:$A$2002,">="&DATE($B$3,1,1),이수내역!$A$3:$A$2002,"<="&DATE($B$3,12,31))>0))) | G105: =IF($A105="","",SUMIFS(이수내역!$F$3:$F$2002,이수내역!$D$3:$D$2002,$A105,이수내역!$A$3:$A$2002,">="&DATE($B$3,1,1),이수내역!$A$3:$A$2002,"<="&DATE($B$3,12,31))) | H105: =IF($A105="","",SUMPRODUCT((이수현황!$D$6:$D$485=$A105)*((이수현황!$J$6:$J$485="기한초과")+(이수현황!$J$6:$J$485="임박"))))
