Workbook

Sheet 사용안내
B2: 업무경비 정산 · 지출결의서
B4: 핵심 | C4: 지출할 때마다 한 줄만 적으면 직원별·월별 경비가 자동으로 집계됩니다.
B5: 입력 규칙 | C5: 파란색 글씨 칸만 입력하세요. 검은색은 자동 계산입니다.
B6: ① 직원목록 | C6: 사번·이름·부서를 등록합니다.
B7: ② 경비항목 | C7: 회사에서 쓰는 경비 항목을 등록합니다. 항목명은 지출내역·정산서와 똑같이 맞춰야 합니다.
B8: ③ 지출내역 | C8: 지출이 생길 때마다 한 줄. 사번과 항목만 고르면 이름·부서가 자동으로 채워집니다.
B9: ④ 직원별집계 / 월별집계 | C9: 전부 자동입니다. 입력할 것이 없습니다.
B10: ⑤ 정산서 | C10: 사번과 정산월을 고르면 그 직원의 그 달 항목별 지출이 한 장에 정리됩니다. 그대로 인쇄하세요.
C12: ※ 회사명·사원명·부서명은 모두 예시로 만든 가상의 정보입니다.

Sheet 직원목록
A1: 직원목록
A2: 사번 | B2: 이름 | C2: 부서 | D2: 직급
A3: E101 | B3: 김민준 | C3: 영업1팀 | D3: 대리
A4: E102 | B4: 이서연 | C4: 영업1팀 | D4: 사원
A5: E103 | B5: 박도윤 | C5: 마케팅팀 | D5: 과장
A6: E104 | B6: 최지우 | C6: 총무팀 | D6: 사원
A7: E105 | B7: 정하늘 | C7: 개발팀 | D7: 대리

Sheet 경비항목
A1: 경비항목
A2: 항목명 | B2: 비고
A3: 교통비 | B3: 대중교통·주유비·주차비
A4: 식비 | B4: 업무 중 식사·다과
A5: 숙박비 | B5: 출장 숙박
A6: 소모품비 | B6: 사무용품·소모품 구입
A7: 접대비 | B7: 거래처 미팅·다과비
A8: 기타 | B8: 위 항목에 해당하지 않는 지출

Sheet 지출내역
A1: 지출내역 (사번·항목만 넣으면 이름·부서 자동)
A2: 지출일 | B2: 사번 | C2: 이름(자동) | D2: 부서(자동) | E2: 항목 | F2: 사용처 | G2: 금액 | H2: 비고 | I2: 정산월(자동)
A3: 46267 | B3: E101 | C3: =IF($B3="","",IFERROR(INDEX(직원목록!$B$3:$B$202,MATCH($B3,직원목록!$A$3:$A$202,0)),"")) -> 김민준 | D3: =IF($B3="","",IFERROR(INDEX(직원목록!$C$3:$C$202,MATCH($B3,직원목록!$A$3:$A$202,0)),"")) -> 영업1팀 | E3: 교통비 | F3: KTX 부산출장 | G3: 45000 | H3: 부산 거래처 미팅 | I3: =IF($A3="","",TEXT($A3,"yyyy-mm")) -> 2026-09
A4: 46267 | B4: E101 | C4: =IF($B4="","",IFERROR(INDEX(직원목록!$B$3:$B$202,MATCH($B4,직원목록!$A$3:$A$202,0)),"")) -> 김민준 | D4: =IF($B4="","",IFERROR(INDEX(직원목록!$C$3:$C$202,MATCH($B4,직원목록!$A$3:$A$202,0)),"")) -> 영업1팀 | E4: 식비 | F4: 미팅 식사 | G4: 18000 | I4: =IF($A4="","",TEXT($A4,"yyyy-mm")) -> 2026-09
A5: 46270 | B5: E103 | C5: =IF($B5="","",IFERROR(INDEX(직원목록!$B$3:$B$202,MATCH($B5,직원목록!$A$3:$A$202,0)),"")) -> 박도윤 | D5: =IF($B5="","",IFERROR(INDEX(직원목록!$C$3:$C$202,MATCH($B5,직원목록!$A$3:$A$202,0)),"")) -> 마케팅팀 | E5: 숙박비 | F5: 부산 OO호텔 | G5: 90000 | H5: 1박 | I5: =IF($A5="","",TEXT($A5,"yyyy-mm")) -> 2026-09
A6: 46273 | B6: E102 | C6: =IF($B6="","",IFERROR(INDEX(직원목록!$B$3:$B$202,MATCH($B6,직원목록!$A$3:$A$202,0)),"")) -> 이서연 | D6: =IF($B6="","",IFERROR(INDEX(직원목록!$C$3:$C$202,MATCH($B6,직원목록!$A$3:$A$202,0)),"")) -> 영업1팀 | E6: 소모품비 | F6: 다이소 | G6: 23000 | H6: 사무용품 | I6: =IF($A6="","",TEXT($A6,"yyyy-mm")) -> 2026-09
A7: 46275 | B7: E104 | C7: =IF($B7="","",IFERROR(INDEX(직원목록!$B$3:$B$202,MATCH($B7,직원목록!$A$3:$A$202,0)),"")) -> 최지우 | D7: =IF($B7="","",IFERROR(INDEX(직원목록!$C$3:$C$202,MATCH($B7,직원목록!$A$3:$A$202,0)),"")) -> 총무팀 | E7: 접대비 | F7: 거래처 다과 | G7: 35000 | I7: =IF($A7="","",TEXT($A7,"yyyy-mm")) -> 2026-09
A8: 46280 | B8: E105 | C8: =IF($B8="","",IFERROR(INDEX(직원목록!$B$3:$B$202,MATCH($B8,직원목록!$A$3:$A$202,0)),"")) -> 정하늘 | D8: =IF($B8="","",IFERROR(INDEX(직원목록!$C$3:$C$202,MATCH($B8,직원목록!$A$3:$A$202,0)),"")) -> 개발팀 | E8: 교통비 | F8: 주유비 | G8: 60000 | H8: 법인차량 | I8: =IF($A8="","",TEXT($A8,"yyyy-mm")) -> 2026-09
A9: 46285 | B9: E101 | C9: =IF($B9="","",IFERROR(INDEX(직원목록!$B$3:$B$202,MATCH($B9,직원목록!$A$3:$A$202,0)),"")) -> 김민준 | D9: =IF($B9="","",IFERROR(INDEX(직원목록!$C$3:$C$202,MATCH($B9,직원목록!$A$3:$A$202,0)),"")) -> 영업1팀 | E9: 기타 | F9: 택배비 | G9: 5000 | I9: =IF($A9="","",TEXT($A9,"yyyy-mm")) -> 2026-09
C10: =IF($B10="","",IFERROR(INDEX(직원목록!$B$3:$B$202,MATCH($B10,직원목록!$A$3:$A$202,0)),"")) | D10: =IF($B10="","",IFERROR(INDEX(직원목록!$C$3:$C$202,MATCH($B10,직원목록!$A$3:$A$202,0)),"")) | I10: =IF($A10="","",TEXT($A10,"yyyy-mm"))
C11: =IF($B11="","",IFERROR(INDEX(직원목록!$B$3:$B$202,MATCH($B11,직원목록!$A$3:$A$202,0)),"")) | D11: =IF($B11="","",IFERROR(INDEX(직원목록!$C$3:$C$202,MATCH($B11,직원목록!$A$3:$A$202,0)),"")) | I11: =IF($A11="","",TEXT($A11,"yyyy-mm"))
C12: =IF($B12="","",IFERROR(INDEX(직원목록!$B$3:$B$202,MATCH($B12,직원목록!$A$3:$A$202,0)),"")) | D12: =IF($B12="","",IFERROR(INDEX(직원목록!$C$3:$C$202,MATCH($B12,직원목록!$A$3:$A$202,0)),"")) | I12: =IF($A12="","",TEXT($A12,"yyyy-mm"))
C13: =IF($B13="","",IFERROR(INDEX(직원목록!$B$3:$B$202,MATCH($B13,직원목록!$A$3:$A$202,0)),"")) | D13: =IF($B13="","",IFERROR(INDEX(직원목록!$C$3:$C$202,MATCH($B13,직원목록!$A$3:$A$202,0)),"")) | I13: =IF($A13="","",TEXT($A13,"yyyy-mm"))
C14: =IF($B14="","",IFERROR(INDEX(직원목록!$B$3:$B$202,MATCH($B14,직원목록!$A$3:$A$202,0)),"")) | D14: =IF($B14="","",IFERROR(INDEX(직원목록!$C$3:$C$202,MATCH($B14,직원목록!$A$3:$A$202,0)),"")) | I14: =IF($A14="","",TEXT($A14,"yyyy-mm"))
C15: =IF($B15="","",IFERROR(INDEX(직원목록!$B$3:$B$202,MATCH($B15,직원목록!$A$3:$A$202,0)),"")) | D15: =IF($B15="","",IFERROR(INDEX(직원목록!$C$3:$C$202,MATCH($B15,직원목록!$A$3:$A$202,0)),"")) | I15: =IF($A15="","",TEXT($A15,"yyyy-mm"))
C16: =IF($B16="","",IFERROR(INDEX(직원목록!$B$3:$B$202,MATCH($B16,직원목록!$A$3:$A$202,0)),"")) | D16: =IF($B16="","",IFERROR(INDEX(직원목록!$C$3:$C$202,MATCH($B16,직원목록!$A$3:$A$202,0)),"")) | I16: =IF($A16="","",TEXT($A16,"yyyy-mm"))
C17: =IF($B17="","",IFERROR(INDEX(직원목록!$B$3:$B$202,MATCH($B17,직원목록!$A$3:$A$202,0)),"")) | D17: =IF($B17="","",IFERROR(INDEX(직원목록!$C$3:$C$202,MATCH($B17,직원목록!$A$3:$A$202,0)),"")) | I17: =IF($A17="","",TEXT($A17,"yyyy-mm"))
C18: =IF($B18="","",IFERROR(INDEX(직원목록!$B$3:$B$202,MATCH($B18,직원목록!$A$3:$A$202,0)),"")) | D18: =IF($B18="","",IFERROR(INDEX(직원목록!$C$3:$C$202,MATCH($B18,직원목록!$A$3:$A$202,0)),"")) | I18: =IF($A18="","",TEXT($A18,"yyyy-mm"))
C19: =IF($B19="","",IFERROR(INDEX(직원목록!$B$3:$B$202,MATCH($B19,직원목록!$A$3:$A$202,0)),"")) | D19: =IF($B19="","",IFERROR(INDEX(직원목록!$C$3:$C$202,MATCH($B19,직원목록!$A$3:$A$202,0)),"")) | I19: =IF($A19="","",TEXT($A19,"yyyy-mm"))
C20: =IF($B20="","",IFERROR(INDEX(직원목록!$B$3:$B$202,MATCH($B20,직원목록!$A$3:$A$202,0)),"")) | D20: =IF($B20="","",IFERROR(INDEX(직원목록!$C$3:$C$202,MATCH($B20,직원목록!$A$3:$A$202,0)),"")) | I20: =IF($A20="","",TEXT($A20,"yyyy-mm"))
C21: =IF($B21="","",IFERROR(INDEX(직원목록!$B$3:$B$202,MATCH($B21,직원목록!$A$3:$A$202,0)),"")) | D21: =IF($B21="","",IFERROR(INDEX(직원목록!$C$3:$C$202,MATCH($B21,직원목록!$A$3:$A$202,0)),"")) | I21: =IF($A21="","",TEXT($A21,"yyyy-mm"))
... C502: =IF($B502="","",IFERROR(INDEX(직원목록!$B$3:$B$202,MATCH($B502,직원목록!$A$3:$A$202,0)),"")) | D502: =IF($B502="","",IFERROR(INDEX(직원목록!$C$3:$C$202,MATCH($B502,직원목록!$A$3:$A$202,0)),"")) | I502: =IF($A502="","",TEXT($A502,"yyyy-mm"))

Sheet 직원별집계
A1: 직원별집계 (자동)
A2: 사번 | B2: 이름 | C2: 부서 | D2: 교통비 | E2: 식비 | F2: 숙박비 | G2: 소모품비 | H2: 접대비 | I2: 기타 | J2: 총합계
A3: =IF(직원목록!$A3="","",직원목록!$A3) -> E101 | B3: =IF($A3="","",직원목록!$B3) -> 김민준 | C3: =IF($A3="","",직원목록!$C3) -> 영업1팀 | D3: =IF($A3="","",SUMIFS(지출내역!$G$3:$G$502,지출내역!$B$3:$B$502,$A3,지출내역!$E$3:$E$502,D$2)) -> 45000 | E3: =IF($A3="","",SUMIFS(지출내역!$G$3:$G$502,지출내역!$B$3:$B$502,$A3,지출내역!$E$3:$E$502,E$2)) -> 18000 | F3: =IF($A3="","",SUMIFS(지출내역!$G$3:$G$502,지출내역!$B$3:$B$502,$A3,지출내역!$E$3:$E$502,F$2)) -> 0 | G3: =IF($A3="","",SUMIFS(지출내역!$G$3:$G$502,지출내역!$B$3:$B$502,$A3,지출내역!$E$3:$E$502,G$2)) -> 0 | H3: =IF($A3="","",SUMIFS(지출내역!$G$3:$G$502,지출내역!$B$3:$B$502,$A3,지출내역!$E$3:$E$502,H$2)) -> 0 | I3: =IF($A3="","",SUMIFS(지출내역!$G$3:$G$502,지출내역!$B$3:$B$502,$A3,지출내역!$E$3:$E$502,I$2)) -> 5000 | J3: =IF($A3="","",SUM(D3:I3)) -> 68000
A4: =IF(직원목록!$A4="","",직원목록!$A4) -> E102 | B4: =IF($A4="","",직원목록!$B4) -> 이서연 | C4: =IF($A4="","",직원목록!$C4) -> 영업1팀 | D4: =IF($A4="","",SUMIFS(지출내역!$G$3:$G$502,지출내역!$B$3:$B$502,$A4,지출내역!$E$3:$E$502,D$2)) -> 0 | E4: =IF($A4="","",SUMIFS(지출내역!$G$3:$G$502,지출내역!$B$3:$B$502,$A4,지출내역!$E$3:$E$502,E$2)) -> 0 | F4: =IF($A4="","",SUMIFS(지출내역!$G$3:$G$502,지출내역!$B$3:$B$502,$A4,지출내역!$E$3:$E$502,F$2)) -> 0 | G4: =IF($A4="","",SUMIFS(지출내역!$G$3:$G$502,지출내역!$B$3:$B$502,$A4,지출내역!$E$3:$E$502,G$2)) -> 23000 | H4: =IF($A4="","",SUMIFS(지출내역!$G$3:$G$502,지출내역!$B$3:$B$502,$A4,지출내역!$E$3:$E$502,H$2)) -> 0 | I4: =IF($A4="","",SUMIFS(지출내역!$G$3:$G$502,지출내역!$B$3:$B$502,$A4,지출내역!$E$3:$E$502,I$2)) -> 0 | J4: =IF($A4="","",SUM(D4:I4)) -> 23000
A5: =IF(직원목록!$A5="","",직원목록!$A5) -> E103 | B5: =IF($A5="","",직원목록!$B5) -> 박도윤 | C5: =IF($A5="","",직원목록!$C5) -> 마케팅팀 | D5: =IF($A5="","",SUMIFS(지출내역!$G$3:$G$502,지출내역!$B$3:$B$502,$A5,지출내역!$E$3:$E$502,D$2)) -> 0 | E5: =IF($A5="","",SUMIFS(지출내역!$G$3:$G$502,지출내역!$B$3:$B$502,$A5,지출내역!$E$3:$E$502,E$2)) -> 0 | F5: =IF($A5="","",SUMIFS(지출내역!$G$3:$G$502,지출내역!$B$3:$B$502,$A5,지출내역!$E$3:$E$502,F$2)) -> 90000 | G5: =IF($A5="","",SUMIFS(지출내역!$G$3:$G$502,지출내역!$B$3:$B$502,$A5,지출내역!$E$3:$E$502,G$2)) -> 0 | H5: =IF($A5="","",SUMIFS(지출내역!$G$3:$G$502,지출내역!$B$3:$B$502,$A5,지출내역!$E$3:$E$502,H$2)) -> 0 | I5: =IF($A5="","",SUMIFS(지출내역!$G$3:$G$502,지출내역!$B$3:$B$502,$A5,지출내역!$E$3:$E$502,I$2)) -> 0 | J5: =IF($A5="","",SUM(D5:I5)) -> 90000
A6: =IF(직원목록!$A6="","",직원목록!$A6) -> E104 | B6: =IF($A6="","",직원목록!$B6) -> 최지우 | C6: =IF($A6="","",직원목록!$C6) -> 총무팀 | D6: =IF($A6="","",SUMIFS(지출내역!$G$3:$G$502,지출내역!$B$3:$B$502,$A6,지출내역!$E$3:$E$502,D$2)) -> 0 | E6: =IF($A6="","",SUMIFS(지출내역!$G$3:$G$502,지출내역!$B$3:$B$502,$A6,지출내역!$E$3:$E$502,E$2)) -> 0 | F6: =IF($A6="","",SUMIFS(지출내역!$G$3:$G$502,지출내역!$B$3:$B$502,$A6,지출내역!$E$3:$E$502,F$2)) -> 0 | G6: =IF($A6="","",SUMIFS(지출내역!$G$3:$G$502,지출내역!$B$3:$B$502,$A6,지출내역!$E$3:$E$502,G$2)) -> 0 | H6: =IF($A6="","",SUMIFS(지출내역!$G$3:$G$502,지출내역!$B$3:$B$502,$A6,지출내역!$E$3:$E$502,H$2)) -> 35000 | I6: =IF($A6="","",SUMIFS(지출내역!$G$3:$G$502,지출내역!$B$3:$B$502,$A6,지출내역!$E$3:$E$502,I$2)) -> 0 | J6: =IF($A6="","",SUM(D6:I6)) -> 35000
A7: =IF(직원목록!$A7="","",직원목록!$A7) -> E105 | B7: =IF($A7="","",직원목록!$B7) -> 정하늘 | C7: =IF($A7="","",직원목록!$C7) -> 개발팀 | D7: =IF($A7="","",SUMIFS(지출내역!$G$3:$G$502,지출내역!$B$3:$B$502,$A7,지출내역!$E$3:$E$502,D$2)) -> 60000 | E7: =IF($A7="","",SUMIFS(지출내역!$G$3:$G$502,지출내역!$B$3:$B$502,$A7,지출내역!$E$3:$E$502,E$2)) -> 0 | F7: =IF($A7="","",SUMIFS(지출내역!$G$3:$G$502,지출내역!$B$3:$B$502,$A7,지출내역!$E$3:$E$502,F$2)) -> 0 | G7: =IF($A7="","",SUMIFS(지출내역!$G$3:$G$502,지출내역!$B$3:$B$502,$A7,지출내역!$E$3:$E$502,G$2)) -> 0 | H7: =IF($A7="","",SUMIFS(지출내역!$G$3:$G$502,지출내역!$B$3:$B$502,$A7,지출내역!$E$3:$E$502,H$2)) -> 0 | I7: =IF($A7="","",SUMIFS(지출내역!$G$3:$G$502,지출내역!$B$3:$B$502,$A7,지출내역!$E$3:$E$502,I$2)) -> 0 | J7: =IF($A7="","",SUM(D7:I7)) -> 60000
A8: =IF(직원목록!$A8="","",직원목록!$A8) | B8: =IF($A8="","",직원목록!$B8) | C8: =IF($A8="","",직원목록!$C8) | D8: =IF($A8="","",SUMIFS(지출내역!$G$3:$G$502,지출내역!$B$3:$B$502,$A8,지출내역!$E$3:$E$502,D$2)) | E8: =IF($A8="","",SUMIFS(지출내역!$G$3:$G$502,지출내역!$B$3:$B$502,$A8,지출내역!$E$3:$E$502,E$2)) | F8: =IF($A8="","",SUMIFS(지출내역!$G$3:$G$502,지출내역!$B$3:$B$502,$A8,지출내역!$E$3:$E$502,F$2)) | G8: =IF($A8="","",SUMIFS(지출내역!$G$3:$G$502,지출내역!$B$3:$B$502,$A8,지출내역!$E$3:$E$502,G$2)) | H8: =IF($A8="","",SUMIFS(지출내역!$G$3:$G$502,지출내역!$B$3:$B$502,$A8,지출내역!$E$3:$E$502,H$2)) | I8: =IF($A8="","",SUMIFS(지출내역!$G$3:$G$502,지출내역!$B$3:$B$502,$A8,지출내역!$E$3:$E$502,I$2)) | J8: =IF($A8="","",SUM(D8:I8))
A9: =IF(직원목록!$A9="","",직원목록!$A9) | B9: =IF($A9="","",직원목록!$B9) | C9: =IF($A9="","",직원목록!$C9) | D9: =IF($A9="","",SUMIFS(지출내역!$G$3:$G$502,지출내역!$B$3:$B$502,$A9,지출내역!$E$3:$E$502,D$2)) | E9: =IF($A9="","",SUMIFS(지출내역!$G$3:$G$502,지출내역!$B$3:$B$502,$A9,지출내역!$E$3:$E$502,E$2)) | F9: =IF($A9="","",SUMIFS(지출내역!$G$3:$G$502,지출내역!$B$3:$B$502,$A9,지출내역!$E$3:$E$502,F$2)) | G9: =IF($A9="","",SUMIFS(지출내역!$G$3:$G$502,지출내역!$B$3:$B$502,$A9,지출내역!$E$3:$E$502,G$2)) | H9: =IF($A9="","",SUMIFS(지출내역!$G$3:$G$502,지출내역!$B$3:$B$502,$A9,지출내역!$E$3:$E$502,H$2)) | I9: =IF($A9="","",SUMIFS(지출내역!$G$3:$G$502,지출내역!$B$3:$B$502,$A9,지출내역!$E$3:$E$502,I$2)) | J9: =IF($A9="","",SUM(D9:I9))
A10: =IF(직원목록!$A10="","",직원목록!$A10) | B10: =IF($A10="","",직원목록!$B10) | C10: =IF($A10="","",직원목록!$C10) | D10: =IF($A10="","",SUMIFS(지출내역!$G$3:$G$502,지출내역!$B$3:$B$502,$A10,지출내역!$E$3:$E$502,D$2)) | E10: =IF($A10="","",SUMIFS(지출내역!$G$3:$G$502,지출내역!$B$3:$B$502,$A10,지출내역!$E$3:$E$502,E$2)) | F10: =IF($A10="","",SUMIFS(지출내역!$G$3:$G$502,지출내역!$B$3:$B$502,$A10,지출내역!$E$3:$E$502,F$2)) | G10: =IF($A10="","",SUMIFS(지출내역!$G$3:$G$502,지출내역!$B$3:$B$502,$A10,지출내역!$E$3:$E$502,G$2)) | H10: =IF($A10="","",SUMIFS(지출내역!$G$3:$G$502,지출내역!$B$3:$B$502,$A10,지출내역!$E$3:$E$502,H$2)) | I10: =IF($A10="","",SUMIFS(지출내역!$G$3:$G$502,지출내역!$B$3:$B$502,$A10,지출내역!$E$3:$E$502,I$2)) | J10: =IF($A10="","",SUM(D10:I10))
A11: =IF(직원목록!$A11="","",직원목록!$A11) | B11: =IF($A11="","",직원목록!$B11) | C11: =IF($A11="","",직원목록!$C11) | D11: =IF($A11="","",SUMIFS(지출내역!$G$3:$G$502,지출내역!$B$3:$B$502,$A11,지출내역!$E$3:$E$502,D$2)) | E11: =IF($A11="","",SUMIFS(지출내역!$G$3:$G$502,지출내역!$B$3:$B$502,$A11,지출내역!$E$3:$E$502,E$2)) | F11: =IF($A11="","",SUMIFS(지출내역!$G$3:$G$502,지출내역!$B$3:$B$502,$A11,지출내역!$E$3:$E$502,F$2)) | G11: =IF($A11="","",SUMIFS(지출내역!$G$3:$G$502,지출내역!$B$3:$B$502,$A11,지출내역!$E$3:$E$502,G$2)) | H11: =IF($A11="","",SUMIFS(지출내역!$G$3:$G$502,지출내역!$B$3:$B$502,$A11,지출내역!$E$3:$E$502,H$2)) | I11: =IF($A11="","",SUMIFS(지출내역!$G$3:$G$502,지출내역!$B$3:$B$502,$A11,지출내역!$E$3:$E$502,I$2)) | J11: =IF($A11="","",SUM(D11:I11))
A12: =IF(직원목록!$A12="","",직원목록!$A12) | B12: =IF($A12="","",직원목록!$B12) | C12: =IF($A12="","",직원목록!$C12) | D12: =IF($A12="","",SUMIFS(지출내역!$G$3:$G$502,지출내역!$B$3:$B$502,$A12,지출내역!$E$3:$E$502,D$2)) | E12: =IF($A12="","",SUMIFS(지출내역!$G$3:$G$502,지출내역!$B$3:$B$502,$A12,지출내역!$E$3:$E$502,E$2)) | F12: =IF($A12="","",SUMIFS(지출내역!$G$3:$G$502,지출내역!$B$3:$B$502,$A12,지출내역!$E$3:$E$502,F$2)) | G12: =IF($A12="","",SUMIFS(지출내역!$G$3:$G$502,지출내역!$B$3:$B$502,$A12,지출내역!$E$3:$E$502,G$2)) | H12: =IF($A12="","",SUMIFS(지출내역!$G$3:$G$502,지출내역!$B$3:$B$502,$A12,지출내역!$E$3:$E$502,H$2)) | I12: =IF($A12="","",SUMIFS(지출내역!$G$3:$G$502,지출내역!$B$3:$B$502,$A12,지출내역!$E$3:$E$502,I$2)) | J12: =IF($A12="","",SUM(D12:I12))
A13: =IF(직원목록!$A13="","",직원목록!$A13) | B13: =IF($A13="","",직원목록!$B13) | C13: =IF($A13="","",직원목록!$C13) | D13: =IF($A13="","",SUMIFS(지출내역!$G$3:$G$502,지출내역!$B$3:$B$502,$A13,지출내역!$E$3:$E$502,D$2)) | E13: =IF($A13="","",SUMIFS(지출내역!$G$3:$G$502,지출내역!$B$3:$B$502,$A13,지출내역!$E$3:$E$502,E$2)) | F13: =IF($A13="","",SUMIFS(지출내역!$G$3:$G$502,지출내역!$B$3:$B$502,$A13,지출내역!$E$3:$E$502,F$2)) | G13: =IF($A13="","",SUMIFS(지출내역!$G$3:$G$502,지출내역!$B$3:$B$502,$A13,지출내역!$E$3:$E$502,G$2)) | H13: =IF($A13="","",SUMIFS(지출내역!$G$3:$G$502,지출내역!$B$3:$B$502,$A13,지출내역!$E$3:$E$502,H$2)) | I13: =IF($A13="","",SUMIFS(지출내역!$G$3:$G$502,지출내역!$B$3:$B$502,$A13,지출내역!$E$3:$E$502,I$2)) | J13: =IF($A13="","",SUM(D13:I13))
A14: =IF(직원목록!$A14="","",직원목록!$A14) | B14: =IF($A14="","",직원목록!$B14) | C14: =IF($A14="","",직원목록!$C14) | D14: =IF($A14="","",SUMIFS(지출내역!$G$3:$G$502,지출내역!$B$3:$B$502,$A14,지출내역!$E$3:$E$502,D$2)) | E14: =IF($A14="","",SUMIFS(지출내역!$G$3:$G$502,지출내역!$B$3:$B$502,$A14,지출내역!$E$3:$E$502,E$2)) | F14: =IF($A14="","",SUMIFS(지출내역!$G$3:$G$502,지출내역!$B$3:$B$502,$A14,지출내역!$E$3:$E$502,F$2)) | G14: =IF($A14="","",SUMIFS(지출내역!$G$3:$G$502,지출내역!$B$3:$B$502,$A14,지출내역!$E$3:$E$502,G$2)) | H14: =IF($A14="","",SUMIFS(지출내역!$G$3:$G$502,지출내역!$B$3:$B$502,$A14,지출내역!$E$3:$E$502,H$2)) | I14: =IF($A14="","",SUMIFS(지출내역!$G$3:$G$502,지출내역!$B$3:$B$502,$A14,지출내역!$E$3:$E$502,I$2)) | J14: =IF($A14="","",SUM(D14:I14))
... A202: =IF(직원목록!$A202="","",직원목록!$A202) | B202: =IF($A202="","",직원목록!$B202) | C202: =IF($A202="","",직원목록!$C202) | D202: =IF($A202="","",SUMIFS(지출내역!$G$3:$G$502,지출내역!$B$3:$B$502,$A202,지출내역!$E$3:$E$502,D$2)) | E202: =IF($A202="","",SUMIFS(지출내역!$G$3:$G$502,지출내역!$B$3:$B$502,$A202,지출내역!$E$3:$E$502,E$2)) | F202: =IF($A202="","",SUMIFS(지출내역!$G$3:$G$502,지출내역!$B$3:$B$502,$A202,지출내역!$E$3:$E$502,F$2)) | G202: =IF($A202="","",SUMIFS(지출내역!$G$3:$G$502,지출내역!$B$3:$B$502,$A202,지출내역!$E$3:$E$502,G$2)) | H202: =IF($A202="","",SUMIFS(지출내역!$G$3:$G$502,지출내역!$B$3:$B$502,$A202,지출내역!$E$3:$E$502,H$2)) | I202: =IF($A202="","",SUMIFS(지출내역!$G$3:$G$502,지출내역!$B$3:$B$502,$A202,지출내역!$E$3:$E$502,I$2)) | J202: =IF($A202="","",SUM(D202:I202))

Sheet 월별집계
A1: 월별집계 (자동)
A3: 시작월 | B3: 46266
A5: 연월 | B5: 건수 | C5: 교통비 | D5: 식비 | E5: 숙박비 | F5: 소모품비 | G5: 접대비 | H5: 기타 | I5: 총합계
A6: =$B$3+0 -> 46266 | B6: =COUNTIFS(지출내역!$I$3:$I$502,TEXT($A6,"yyyy-mm")) -> 7 | C6: =SUMIFS(지출내역!$G$3:$G$502,지출내역!$I$3:$I$502,TEXT($A6,"yyyy-mm"),지출내역!$E$3:$E$502,C$5) -> 105000 | D6: =SUMIFS(지출내역!$G$3:$G$502,지출내역!$I$3:$I$502,TEXT($A6,"yyyy-mm"),지출내역!$E$3:$E$502,D$5) -> 18000 | E6: =SUMIFS(지출내역!$G$3:$G$502,지출내역!$I$3:$I$502,TEXT($A6,"yyyy-mm"),지출내역!$E$3:$E$502,E$5) -> 90000 | F6: =SUMIFS(지출내역!$G$3:$G$502,지출내역!$I$3:$I$502,TEXT($A6,"yyyy-mm"),지출내역!$E$3:$E$502,F$5) -> 23000 | G6: =SUMIFS(지출내역!$G$3:$G$502,지출내역!$I$3:$I$502,TEXT($A6,"yyyy-mm"),지출내역!$E$3:$E$502,G$5) -> 35000 | H6: =SUMIFS(지출내역!$G$3:$G$502,지출내역!$I$3:$I$502,TEXT($A6,"yyyy-mm"),지출내역!$E$3:$E$502,H$5) -> 5000 | I6: =SUM(C6:H6) -> 276000
A7: =EDATE(A6,1) -> 46296 | B7: =COUNTIFS(지출내역!$I$3:$I$502,TEXT($A7,"yyyy-mm")) -> 0 | C7: =SUMIFS(지출내역!$G$3:$G$502,지출내역!$I$3:$I$502,TEXT($A7,"yyyy-mm"),지출내역!$E$3:$E$502,C$5) -> 0 | D7: =SUMIFS(지출내역!$G$3:$G$502,지출내역!$I$3:$I$502,TEXT($A7,"yyyy-mm"),지출내역!$E$3:$E$502,D$5) -> 0 | E7: =SUMIFS(지출내역!$G$3:$G$502,지출내역!$I$3:$I$502,TEXT($A7,"yyyy-mm"),지출내역!$E$3:$E$502,E$5) -> 0 | F7: =SUMIFS(지출내역!$G$3:$G$502,지출내역!$I$3:$I$502,TEXT($A7,"yyyy-mm"),지출내역!$E$3:$E$502,F$5) -> 0 | G7: =SUMIFS(지출내역!$G$3:$G$502,지출내역!$I$3:$I$502,TEXT($A7,"yyyy-mm"),지출내역!$E$3:$E$502,G$5) -> 0 | H7: =SUMIFS(지출내역!$G$3:$G$502,지출내역!$I$3:$I$502,TEXT($A7,"yyyy-mm"),지출내역!$E$3:$E$502,H$5) -> 0 | I7: =SUM(C7:H7) -> 0
A8: =EDATE(A7,1) -> 46327 | B8: =COUNTIFS(지출내역!$I$3:$I$502,TEXT($A8,"yyyy-mm")) -> 0 | C8: =SUMIFS(지출내역!$G$3:$G$502,지출내역!$I$3:$I$502,TEXT($A8,"yyyy-mm"),지출내역!$E$3:$E$502,C$5) -> 0 | D8: =SUMIFS(지출내역!$G$3:$G$502,지출내역!$I$3:$I$502,TEXT($A8,"yyyy-mm"),지출내역!$E$3:$E$502,D$5) -> 0 | E8: =SUMIFS(지출내역!$G$3:$G$502,지출내역!$I$3:$I$502,TEXT($A8,"yyyy-mm"),지출내역!$E$3:$E$502,E$5) -> 0 | F8: =SUMIFS(지출내역!$G$3:$G$502,지출내역!$I$3:$I$502,TEXT($A8,"yyyy-mm"),지출내역!$E$3:$E$502,F$5) -> 0 | G8: =SUMIFS(지출내역!$G$3:$G$502,지출내역!$I$3:$I$502,TEXT($A8,"yyyy-mm"),지출내역!$E$3:$E$502,G$5) -> 0 | H8: =SUMIFS(지출내역!$G$3:$G$502,지출내역!$I$3:$I$502,TEXT($A8,"yyyy-mm"),지출내역!$E$3:$E$502,H$5) -> 0 | I8: =SUM(C8:H8) -> 0
A9: =EDATE(A8,1) -> 46357 | B9: =COUNTIFS(지출내역!$I$3:$I$502,TEXT($A9,"yyyy-mm")) -> 0 | C9: =SUMIFS(지출내역!$G$3:$G$502,지출내역!$I$3:$I$502,TEXT($A9,"yyyy-mm"),지출내역!$E$3:$E$502,C$5) -> 0 | D9: =SUMIFS(지출내역!$G$3:$G$502,지출내역!$I$3:$I$502,TEXT($A9,"yyyy-mm"),지출내역!$E$3:$E$502,D$5) -> 0 | E9: =SUMIFS(지출내역!$G$3:$G$502,지출내역!$I$3:$I$502,TEXT($A9,"yyyy-mm"),지출내역!$E$3:$E$502,E$5) -> 0 | F9: =SUMIFS(지출내역!$G$3:$G$502,지출내역!$I$3:$I$502,TEXT($A9,"yyyy-mm"),지출내역!$E$3:$E$502,F$5) -> 0 | G9: =SUMIFS(지출내역!$G$3:$G$502,지출내역!$I$3:$I$502,TEXT($A9,"yyyy-mm"),지출내역!$E$3:$E$502,G$5) -> 0 | H9: =SUMIFS(지출내역!$G$3:$G$502,지출내역!$I$3:$I$502,TEXT($A9,"yyyy-mm"),지출내역!$E$3:$E$502,H$5) -> 0 | I9: =SUM(C9:H9) -> 0
A10: =EDATE(A9,1) -> 46388 | B10: =COUNTIFS(지출내역!$I$3:$I$502,TEXT($A10,"yyyy-mm")) -> 0 | C10: =SUMIFS(지출내역!$G$3:$G$502,지출내역!$I$3:$I$502,TEXT($A10,"yyyy-mm"),지출내역!$E$3:$E$502,C$5) -> 0 | D10: =SUMIFS(지출내역!$G$3:$G$502,지출내역!$I$3:$I$502,TEXT($A10,"yyyy-mm"),지출내역!$E$3:$E$502,D$5) -> 0 | E10: =SUMIFS(지출내역!$G$3:$G$502,지출내역!$I$3:$I$502,TEXT($A10,"yyyy-mm"),지출내역!$E$3:$E$502,E$5) -> 0 | F10: =SUMIFS(지출내역!$G$3:$G$502,지출내역!$I$3:$I$502,TEXT($A10,"yyyy-mm"),지출내역!$E$3:$E$502,F$5) -> 0 | G10: =SUMIFS(지출내역!$G$3:$G$502,지출내역!$I$3:$I$502,TEXT($A10,"yyyy-mm"),지출내역!$E$3:$E$502,G$5) -> 0 | H10: =SUMIFS(지출내역!$G$3:$G$502,지출내역!$I$3:$I$502,TEXT($A10,"yyyy-mm"),지출내역!$E$3:$E$502,H$5) -> 0 | I10: =SUM(C10:H10) -> 0
A11: =EDATE(A10,1) -> 46419 | B11: =COUNTIFS(지출내역!$I$3:$I$502,TEXT($A11,"yyyy-mm")) -> 0 | C11: =SUMIFS(지출내역!$G$3:$G$502,지출내역!$I$3:$I$502,TEXT($A11,"yyyy-mm"),지출내역!$E$3:$E$502,C$5) -> 0 | D11: =SUMIFS(지출내역!$G$3:$G$502,지출내역!$I$3:$I$502,TEXT($A11,"yyyy-mm"),지출내역!$E$3:$E$502,D$5) -> 0 | E11: =SUMIFS(지출내역!$G$3:$G$502,지출내역!$I$3:$I$502,TEXT($A11,"yyyy-mm"),지출내역!$E$3:$E$502,E$5) -> 0 | F11: =SUMIFS(지출내역!$G$3:$G$502,지출내역!$I$3:$I$502,TEXT($A11,"yyyy-mm"),지출내역!$E$3:$E$502,F$5) -> 0 | G11: =SUMIFS(지출내역!$G$3:$G$502,지출내역!$I$3:$I$502,TEXT($A11,"yyyy-mm"),지출내역!$E$3:$E$502,G$5) -> 0 | H11: =SUMIFS(지출내역!$G$3:$G$502,지출내역!$I$3:$I$502,TEXT($A11,"yyyy-mm"),지출내역!$E$3:$E$502,H$5) -> 0 | I11: =SUM(C11:H11) -> 0
A12: =EDATE(A11,1) -> 46447 | B12: =COUNTIFS(지출내역!$I$3:$I$502,TEXT($A12,"yyyy-mm")) -> 0 | C12: =SUMIFS(지출내역!$G$3:$G$502,지출내역!$I$3:$I$502,TEXT($A12,"yyyy-mm"),지출내역!$E$3:$E$502,C$5) -> 0 | D12: =SUMIFS(지출내역!$G$3:$G$502,지출내역!$I$3:$I$502,TEXT($A12,"yyyy-mm"),지출내역!$E$3:$E$502,D$5) -> 0 | E12: =SUMIFS(지출내역!$G$3:$G$502,지출내역!$I$3:$I$502,TEXT($A12,"yyyy-mm"),지출내역!$E$3:$E$502,E$5) -> 0 | F12: =SUMIFS(지출내역!$G$3:$G$502,지출내역!$I$3:$I$502,TEXT($A12,"yyyy-mm"),지출내역!$E$3:$E$502,F$5) -> 0 | G12: =SUMIFS(지출내역!$G$3:$G$502,지출내역!$I$3:$I$502,TEXT($A12,"yyyy-mm"),지출내역!$E$3:$E$502,G$5) -> 0 | H12: =SUMIFS(지출내역!$G$3:$G$502,지출내역!$I$3:$I$502,TEXT($A12,"yyyy-mm"),지출내역!$E$3:$E$502,H$5) -> 0 | I12: =SUM(C12:H12) -> 0
A13: =EDATE(A12,1) -> 46478 | B13: =COUNTIFS(지출내역!$I$3:$I$502,TEXT($A13,"yyyy-mm")) -> 0 | C13: =SUMIFS(지출내역!$G$3:$G$502,지출내역!$I$3:$I$502,TEXT($A13,"yyyy-mm"),지출내역!$E$3:$E$502,C$5) -> 0 | D13: =SUMIFS(지출내역!$G$3:$G$502,지출내역!$I$3:$I$502,TEXT($A13,"yyyy-mm"),지출내역!$E$3:$E$502,D$5) -> 0 | E13: =SUMIFS(지출내역!$G$3:$G$502,지출내역!$I$3:$I$502,TEXT($A13,"yyyy-mm"),지출내역!$E$3:$E$502,E$5) -> 0 | F13: =SUMIFS(지출내역!$G$3:$G$502,지출내역!$I$3:$I$502,TEXT($A13,"yyyy-mm"),지출내역!$E$3:$E$502,F$5) -> 0 | G13: =SUMIFS(지출내역!$G$3:$G$502,지출내역!$I$3:$I$502,TEXT($A13,"yyyy-mm"),지출내역!$E$3:$E$502,G$5) -> 0 | H13: =SUMIFS(지출내역!$G$3:$G$502,지출내역!$I$3:$I$502,TEXT($A13,"yyyy-mm"),지출내역!$E$3:$E$502,H$5) -> 0 | I13: =SUM(C13:H13) -> 0
A14: =EDATE(A13,1) -> 46508 | B14: =COUNTIFS(지출내역!$I$3:$I$502,TEXT($A14,"yyyy-mm")) -> 0 | C14: =SUMIFS(지출내역!$G$3:$G$502,지출내역!$I$3:$I$502,TEXT($A14,"yyyy-mm"),지출내역!$E$3:$E$502,C$5) -> 0 | D14: =SUMIFS(지출내역!$G$3:$G$502,지출내역!$I$3:$I$502,TEXT($A14,"yyyy-mm"),지출내역!$E$3:$E$502,D$5) -> 0 | E14: =SUMIFS(지출내역!$G$3:$G$502,지출내역!$I$3:$I$502,TEXT($A14,"yyyy-mm"),지출내역!$E$3:$E$502,E$5) -> 0 | F14: =SUMIFS(지출내역!$G$3:$G$502,지출내역!$I$3:$I$502,TEXT($A14,"yyyy-mm"),지출내역!$E$3:$E$502,F$5) -> 0 | G14: =SUMIFS(지출내역!$G$3:$G$502,지출내역!$I$3:$I$502,TEXT($A14,"yyyy-mm"),지출내역!$E$3:$E$502,G$5) -> 0 | H14: =SUMIFS(지출내역!$G$3:$G$502,지출내역!$I$3:$I$502,TEXT($A14,"yyyy-mm"),지출내역!$E$3:$E$502,H$5) -> 0 | I14: =SUM(C14:H14) -> 0
A15: =EDATE(A14,1) -> 46539 | B15: =COUNTIFS(지출내역!$I$3:$I$502,TEXT($A15,"yyyy-mm")) -> 0 | C15: =SUMIFS(지출내역!$G$3:$G$502,지출내역!$I$3:$I$502,TEXT($A15,"yyyy-mm"),지출내역!$E$3:$E$502,C$5) -> 0 | D15: =SUMIFS(지출내역!$G$3:$G$502,지출내역!$I$3:$I$502,TEXT($A15,"yyyy-mm"),지출내역!$E$3:$E$502,D$5) -> 0 | E15: =SUMIFS(지출내역!$G$3:$G$502,지출내역!$I$3:$I$502,TEXT($A15,"yyyy-mm"),지출내역!$E$3:$E$502,E$5) -> 0 | F15: =SUMIFS(지출내역!$G$3:$G$502,지출내역!$I$3:$I$502,TEXT($A15,"yyyy-mm"),지출내역!$E$3:$E$502,F$5) -> 0 | G15: =SUMIFS(지출내역!$G$3:$G$502,지출내역!$I$3:$I$502,TEXT($A15,"yyyy-mm"),지출내역!$E$3:$E$502,G$5) -> 0 | H15: =SUMIFS(지출내역!$G$3:$G$502,지출내역!$I$3:$I$502,TEXT($A15,"yyyy-mm"),지출내역!$E$3:$E$502,H$5) -> 0 | I15: =SUM(C15:H15) -> 0
A16: =EDATE(A15,1) -> 46569 | B16: =COUNTIFS(지출내역!$I$3:$I$502,TEXT($A16,"yyyy-mm")) -> 0 | C16: =SUMIFS(지출내역!$G$3:$G$502,지출내역!$I$3:$I$502,TEXT($A16,"yyyy-mm"),지출내역!$E$3:$E$502,C$5) -> 0 | D16: =SUMIFS(지출내역!$G$3:$G$502,지출내역!$I$3:$I$502,TEXT($A16,"yyyy-mm"),지출내역!$E$3:$E$502,D$5) -> 0 | E16: =SUMIFS(지출내역!$G$3:$G$502,지출내역!$I$3:$I$502,TEXT($A16,"yyyy-mm"),지출내역!$E$3:$E$502,E$5) -> 0 | F16: =SUMIFS(지출내역!$G$3:$G$502,지출내역!$I$3:$I$502,TEXT($A16,"yyyy-mm"),지출내역!$E$3:$E$502,F$5) -> 0 | G16: =SUMIFS(지출내역!$G$3:$G$502,지출내역!$I$3:$I$502,TEXT($A16,"yyyy-mm"),지출내역!$E$3:$E$502,G$5) -> 0 | H16: =SUMIFS(지출내역!$G$3:$G$502,지출내역!$I$3:$I$502,TEXT($A16,"yyyy-mm"),지출내역!$E$3:$E$502,H$5) -> 0 | I16: =SUM(C16:H16) -> 0
A17: =EDATE(A16,1) -> 46600 | B17: =COUNTIFS(지출내역!$I$3:$I$502,TEXT($A17,"yyyy-mm")) -> 0 | C17: =SUMIFS(지출내역!$G$3:$G$502,지출내역!$I$3:$I$502,TEXT($A17,"yyyy-mm"),지출내역!$E$3:$E$502,C$5) -> 0 | D17: =SUMIFS(지출내역!$G$3:$G$502,지출내역!$I$3:$I$502,TEXT($A17,"yyyy-mm"),지출내역!$E$3:$E$502,D$5) -> 0 | E17: =SUMIFS(지출내역!$G$3:$G$502,지출내역!$I$3:$I$502,TEXT($A17,"yyyy-mm"),지출내역!$E$3:$E$502,E$5) -> 0 | F17: =SUMIFS(지출내역!$G$3:$G$502,지출내역!$I$3:$I$502,TEXT($A17,"yyyy-mm"),지출내역!$E$3:$E$502,F$5) -> 0 | G17: =SUMIFS(지출내역!$G$3:$G$502,지출내역!$I$3:$I$502,TEXT($A17,"yyyy-mm"),지출내역!$E$3:$E$502,G$5) -> 0 | H17: =SUMIFS(지출내역!$G$3:$G$502,지출내역!$I$3:$I$502,TEXT($A17,"yyyy-mm"),지출내역!$E$3:$E$502,H$5) -> 0 | I17: =SUM(C17:H17) -> 0

Sheet 정산서
B2: 지 출 정 산 서
B4: 사번 | C4: E101 | D4: ← 이 칸만 바꾸세요
B5: 정산월 | C5: 46266 | D5: ← 이 칸만 바꾸세요
B7: 이름 | C7: =IFERROR(INDEX(직원목록!$B$3:$B$202,MATCH($C$4,직원목록!$A$3:$A$202,0)),"") -> 김민준
B8: 부서 | C8: =IFERROR(INDEX(직원목록!$C$3:$C$202,MATCH($C$4,직원목록!$A$3:$A$202,0)),"") -> 영업1팀
A10: 항목 | B10: 금액
B11: 교통비 | C11: =SUMIFS(지출내역!$G$3:$G$502,지출내역!$B$3:$B$502,$C$4,지출내역!$I$3:$I$502,TEXT($C$5,"yyyy-mm"),지출내역!$E$3:$E$502,B11) -> 45000
B12: 식비 | C12: =SUMIFS(지출내역!$G$3:$G$502,지출내역!$B$3:$B$502,$C$4,지출내역!$I$3:$I$502,TEXT($C$5,"yyyy-mm"),지출내역!$E$3:$E$502,B12) -> 18000
B13: 숙박비 | C13: =SUMIFS(지출내역!$G$3:$G$502,지출내역!$B$3:$B$502,$C$4,지출내역!$I$3:$I$502,TEXT($C$5,"yyyy-mm"),지출내역!$E$3:$E$502,B13) -> 0
B14: 소모품비 | C14: =SUMIFS(지출내역!$G$3:$G$502,지출내역!$B$3:$B$502,$C$4,지출내역!$I$3:$I$502,TEXT($C$5,"yyyy-mm"),지출내역!$E$3:$E$502,B14) -> 0
B15: 접대비 | C15: =SUMIFS(지출내역!$G$3:$G$502,지출내역!$B$3:$B$502,$C$4,지출내역!$I$3:$I$502,TEXT($C$5,"yyyy-mm"),지출내역!$E$3:$E$502,B15) -> 0
B16: 기타 | C16: =SUMIFS(지출내역!$G$3:$G$502,지출내역!$B$3:$B$502,$C$4,지출내역!$I$3:$I$502,TEXT($C$5,"yyyy-mm"),지출내역!$E$3:$E$502,B16) -> 5000
B17: 합계 | C17: =SUM(C11:C16) -> 68000
