Workbook

Sheet 사용안내
B2: 반품 · 불량 처리 대장
B4: 핵심 | C4: 반품·불량을 접수하고 어떻게 처리했는지 기록하면 미처리 건이 자동으로 남습니다.
B5: 입력 규칙 | C5: 파란색 글씨 칸만 입력하세요. 검은색은 자동 계산입니다.
B6: ① 거래처목록 / 품목목록 | C6: 먼저 등록해두면 접수할 때 골라 쓸 수 있습니다.
B7: ② 반품접수 | C7: 반품·불량이 들어올 때마다 한 줄. 접수번호는 자동으로 매겨집니다.
C8: 원재료와 부자재는 [자재구분]으로 나눠서 따로 집계됩니다.
B9: ③ 처리내역 | C9: 처리할 때마다 한 줄. 한 건을 나눠서 처리해도 됩니다.
C10: 예: 10개 접수 → 6개 재입고, 4개 폐기 로 두 줄을 넣으면 됩니다.
B11: ④ 미처리현황 | C11: 아직 처리 안 된 건만 모아서 보여줍니다. 오래된 순서로 챙기세요.
B12: ⑤ 사유별집계 / 거래처별집계 | C12: 어떤 사유가 많은지, 어느 거래처가 많은지 보여줍니다.
B13: ⑥ 월별집계 | C13: 월별 접수·처리 건수와 수량입니다.
B14: 상태 판정 | C14: 처리 수량 합계가 접수 수량보다 적으면 미처리 또는 부분처리로 표시됩니다.
B16: 설정 | C16: 값을 바꾸면 모든 계산에 반영됩니다
B17: 장기 미처리 기준(일) | C17: 14
B19: ※ 접수 후 이 일수를 넘기도록 처리되지 않으면 빨간색으로 표시됩니다.

Sheet 거래처목록
A1: 거래처목록
A2: 거래처명 | B2: 구분 | C2: 담당자 | D2: 연락처
A3: ○○소재 | B3: 매입처 | C3: 김과장 | D3: 010-0000-0001
A4: △△부품 | B4: 매입처 | C4: 이과장 | D4: 010-0000-0002
A5: □□유통 | B5: 매출처 | C5: 박대리 | D5: 010-0000-0003

Sheet 품목목록
A1: 품목목록
A2: 품번 | B2: 품명 | C2: 규격 | D2: 단위 | E2: 자재구분
A3: A001 | B3: 원단 롤 | C3: 1200mm | D3: 롤 | E3: 원재료
A4: A002 | B4: 접착제 | C4: 20L | D4: 통 | E4: 원재료
A5: B001 | B5: 포장박스 | C5: 300×200 | D5: EA | E5: 부자재
A6: B002 | B6: 라벨 스티커 | C6: 50×30 | D6: EA | E6: 부자재

Sheet 반품접수
A1: 반품접수 (접수번호는 자동)
A2: 접수번호(자동) | B2: 접수일 | C2: 거래처명 | D2: 품번 | E2: 품명(자동) | F2: 규격(자동) | G2: 단위(자동) | H2: 자재구분(자동) | I2: 접수수량 | J2: 구분 | K2: 사유 | L2: 상세내용 | M2: 처리수량(자동) | N2: 잔여수량(자동) | O2: 상태(자동)
A3: =IF($B3="","",TEXT($B3,"yymm")&"-"&TEXT(COUNTIFS($B$3:$B3,">="&DATE(YEAR($B3),MONTH($B3),1),$B$3:$B3,"<="&EOMONTH($B3,0)),"000")) -> 2608-001 | B3: 46262 | C3: ○○소재 | D3: A001 | E3: =IF($D3="","",IFERROR(INDEX(품목목록!$B$3:$B$302,MATCH($D3,품목목록!$A$3:$A$302,0)),"미등록품번")) -> 원단 롤 | F3: =IF($D3="","",IFERROR(INDEX(품목목록!$C$3:$C$302,MATCH($D3,품목목록!$A$3:$A$302,0)),"")) -> 1200mm | G3: =IF($D3="","",IFERROR(INDEX(품목목록!$D$3:$D$302,MATCH($D3,품목목록!$A$3:$A$302,0)),"")) -> 롤 | H3: =IF($D3="","",IFERROR(INDEX(품목목록!$E$3:$E$302,MATCH($D3,품목목록!$A$3:$A$302,0)),"")) -> 원재료 | I3: 3 | J3: 불량 | K3: 오염 | L3: 롤 표면 이물 혼입 | M3: =IF($A3="","",SUMIFS(처리내역!$E$3:$E$1502,처리내역!$B$3:$B$1502,$A3)) -> 2 | N3: =IF($A3="","",IF($I3="","",$I3-$M3)) -> 1 | O3: =IF($A3="","",IF($I3="","",IF($M3=0,"미처리",IF($N3<=0,"완료","부분처리")))) -> 부분처리
A4: =IF($B4="","",TEXT($B4,"yymm")&"-"&TEXT(COUNTIFS($B$3:$B4,">="&DATE(YEAR($B4),MONTH($B4),1),$B$3:$B4,"<="&EOMONTH($B4,0)),"000")) -> 2609-001 | B4: 46267 | C4: △△부품 | D4: A002 | E4: =IF($D4="","",IFERROR(INDEX(품목목록!$B$3:$B$302,MATCH($D4,품목목록!$A$3:$A$302,0)),"미등록품번")) -> 접착제 | F4: =IF($D4="","",IFERROR(INDEX(품목목록!$C$3:$C$302,MATCH($D4,품목목록!$A$3:$A$302,0)),"")) -> 20L | G4: =IF($D4="","",IFERROR(INDEX(품목목록!$D$3:$D$302,MATCH($D4,품목목록!$A$3:$A$302,0)),"")) -> 통 | H4: =IF($D4="","",IFERROR(INDEX(품목목록!$E$3:$E$302,MATCH($D4,품목목록!$A$3:$A$302,0)),"")) -> 원재료 | I4: 2 | J4: 반품 | K4: 규격상이 | L4: 점도 규격 상이 | M4: =IF($A4="","",SUMIFS(처리내역!$E$3:$E$1502,처리내역!$B$3:$B$1502,$A4)) -> 2 | N4: =IF($A4="","",IF($I4="","",$I4-$M4)) -> 0 | O4: =IF($A4="","",IF($I4="","",IF($M4=0,"미처리",IF($N4<=0,"완료","부분처리")))) -> 완료
A5: =IF($B5="","",TEXT($B5,"yymm")&"-"&TEXT(COUNTIFS($B$3:$B5,">="&DATE(YEAR($B5),MONTH($B5),1),$B$3:$B5,"<="&EOMONTH($B5,0)),"000")) -> 2609-002 | B5: 46270 | C5: □□유통 | D5: B001 | E5: =IF($D5="","",IFERROR(INDEX(품목목록!$B$3:$B$302,MATCH($D5,품목목록!$A$3:$A$302,0)),"미등록품번")) -> 포장박스 | F5: =IF($D5="","",IFERROR(INDEX(품목목록!$C$3:$C$302,MATCH($D5,품목목록!$A$3:$A$302,0)),"")) -> 300×200 | G5: =IF($D5="","",IFERROR(INDEX(품목목록!$D$3:$D$302,MATCH($D5,품목목록!$A$3:$A$302,0)),"")) -> EA | H5: =IF($D5="","",IFERROR(INDEX(품목목록!$E$3:$E$302,MATCH($D5,품목목록!$A$3:$A$302,0)),"")) -> 부자재 | I5: 50 | J5: 불량 | K5: 파손 | L5: 모서리 눌림 | M5: =IF($A5="","",SUMIFS(처리내역!$E$3:$E$1502,처리내역!$B$3:$B$1502,$A5)) -> 50 | N5: =IF($A5="","",IF($I5="","",$I5-$M5)) -> 0 | O5: =IF($A5="","",IF($I5="","",IF($M5=0,"미처리",IF($N5<=0,"완료","부분처리")))) -> 완료
A6: =IF($B6="","",TEXT($B6,"yymm")&"-"&TEXT(COUNTIFS($B$3:$B6,">="&DATE(YEAR($B6),MONTH($B6),1),$B$3:$B6,"<="&EOMONTH($B6,0)),"000")) -> 2609-003 | B6: 46274 | C6: □□유통 | D6: B002 | E6: =IF($D6="","",IFERROR(INDEX(품목목록!$B$3:$B$302,MATCH($D6,품목목록!$A$3:$A$302,0)),"미등록품번")) -> 라벨 스티커 | F6: =IF($D6="","",IFERROR(INDEX(품목목록!$C$3:$C$302,MATCH($D6,품목목록!$A$3:$A$302,0)),"")) -> 50×30 | G6: =IF($D6="","",IFERROR(INDEX(품목목록!$D$3:$D$302,MATCH($D6,품목목록!$A$3:$A$302,0)),"")) -> EA | H6: =IF($D6="","",IFERROR(INDEX(품목목록!$E$3:$E$302,MATCH($D6,품목목록!$A$3:$A$302,0)),"")) -> 부자재 | I6: 200 | J6: 반품 | K6: 오배송 | L6: 타 거래처 라벨 혼입 | M6: =IF($A6="","",SUMIFS(처리내역!$E$3:$E$1502,처리내역!$B$3:$B$1502,$A6)) -> 0 | N6: =IF($A6="","",IF($I6="","",$I6-$M6)) -> 200 | O6: =IF($A6="","",IF($I6="","",IF($M6=0,"미처리",IF($N6<=0,"완료","부분처리")))) -> 미처리
A7: =IF($B7="","",TEXT($B7,"yymm")&"-"&TEXT(COUNTIFS($B$3:$B7,">="&DATE(YEAR($B7),MONTH($B7),1),$B$3:$B7,"<="&EOMONTH($B7,0)),"000")) -> 2609-004 | B7: 46277 | C7: ○○소재 | D7: A001 | E7: =IF($D7="","",IFERROR(INDEX(품목목록!$B$3:$B$302,MATCH($D7,품목목록!$A$3:$A$302,0)),"미등록품번")) -> 원단 롤 | F7: =IF($D7="","",IFERROR(INDEX(품목목록!$C$3:$C$302,MATCH($D7,품목목록!$A$3:$A$302,0)),"")) -> 1200mm | G7: =IF($D7="","",IFERROR(INDEX(품목목록!$D$3:$D$302,MATCH($D7,품목목록!$A$3:$A$302,0)),"")) -> 롤 | H7: =IF($D7="","",IFERROR(INDEX(품목목록!$E$3:$E$302,MATCH($D7,품목목록!$A$3:$A$302,0)),"")) -> 원재료 | I7: 1 | J7: 교환 | K7: 유통기한 | L7: 보관기한 초과 | M7: =IF($A7="","",SUMIFS(처리내역!$E$3:$E$1502,처리내역!$B$3:$B$1502,$A7)) -> 0 | N7: =IF($A7="","",IF($I7="","",$I7-$M7)) -> 1 | O7: =IF($A7="","",IF($I7="","",IF($M7=0,"미처리",IF($N7<=0,"완료","부분처리")))) -> 미처리
A8: =IF($B8="","",TEXT($B8,"yymm")&"-"&TEXT(COUNTIFS($B$3:$B8,">="&DATE(YEAR($B8),MONTH($B8),1),$B$3:$B8,"<="&EOMONTH($B8,0)),"000")) | E8: =IF($D8="","",IFERROR(INDEX(품목목록!$B$3:$B$302,MATCH($D8,품목목록!$A$3:$A$302,0)),"미등록품번")) | F8: =IF($D8="","",IFERROR(INDEX(품목목록!$C$3:$C$302,MATCH($D8,품목목록!$A$3:$A$302,0)),"")) | G8: =IF($D8="","",IFERROR(INDEX(품목목록!$D$3:$D$302,MATCH($D8,품목목록!$A$3:$A$302,0)),"")) | H8: =IF($D8="","",IFERROR(INDEX(품목목록!$E$3:$E$302,MATCH($D8,품목목록!$A$3:$A$302,0)),"")) | M8: =IF($A8="","",SUMIFS(처리내역!$E$3:$E$1502,처리내역!$B$3:$B$1502,$A8)) | N8: =IF($A8="","",IF($I8="","",$I8-$M8)) | O8: =IF($A8="","",IF($I8="","",IF($M8=0,"미처리",IF($N8<=0,"완료","부분처리"))))
A9: =IF($B9="","",TEXT($B9,"yymm")&"-"&TEXT(COUNTIFS($B$3:$B9,">="&DATE(YEAR($B9),MONTH($B9),1),$B$3:$B9,"<="&EOMONTH($B9,0)),"000")) | E9: =IF($D9="","",IFERROR(INDEX(품목목록!$B$3:$B$302,MATCH($D9,품목목록!$A$3:$A$302,0)),"미등록품번")) | F9: =IF($D9="","",IFERROR(INDEX(품목목록!$C$3:$C$302,MATCH($D9,품목목록!$A$3:$A$302,0)),"")) | G9: =IF($D9="","",IFERROR(INDEX(품목목록!$D$3:$D$302,MATCH($D9,품목목록!$A$3:$A$302,0)),"")) | H9: =IF($D9="","",IFERROR(INDEX(품목목록!$E$3:$E$302,MATCH($D9,품목목록!$A$3:$A$302,0)),"")) | M9: =IF($A9="","",SUMIFS(처리내역!$E$3:$E$1502,처리내역!$B$3:$B$1502,$A9)) | N9: =IF($A9="","",IF($I9="","",$I9-$M9)) | O9: =IF($A9="","",IF($I9="","",IF($M9=0,"미처리",IF($N9<=0,"완료","부분처리"))))
A10: =IF($B10="","",TEXT($B10,"yymm")&"-"&TEXT(COUNTIFS($B$3:$B10,">="&DATE(YEAR($B10),MONTH($B10),1),$B$3:$B10,"<="&EOMONTH($B10,0)),"000")) | E10: =IF($D10="","",IFERROR(INDEX(품목목록!$B$3:$B$302,MATCH($D10,품목목록!$A$3:$A$302,0)),"미등록품번")) | F10: =IF($D10="","",IFERROR(INDEX(품목목록!$C$3:$C$302,MATCH($D10,품목목록!$A$3:$A$302,0)),"")) | G10: =IF($D10="","",IFERROR(INDEX(품목목록!$D$3:$D$302,MATCH($D10,품목목록!$A$3:$A$302,0)),"")) | H10: =IF($D10="","",IFERROR(INDEX(품목목록!$E$3:$E$302,MATCH($D10,품목목록!$A$3:$A$302,0)),"")) | M10: =IF($A10="","",SUMIFS(처리내역!$E$3:$E$1502,처리내역!$B$3:$B$1502,$A10)) | N10: =IF($A10="","",IF($I10="","",$I10-$M10)) | O10: =IF($A10="","",IF($I10="","",IF($M10=0,"미처리",IF($N10<=0,"완료","부분처리"))))
A11: =IF($B11="","",TEXT($B11,"yymm")&"-"&TEXT(COUNTIFS($B$3:$B11,">="&DATE(YEAR($B11),MONTH($B11),1),$B$3:$B11,"<="&EOMONTH($B11,0)),"000")) | E11: =IF($D11="","",IFERROR(INDEX(품목목록!$B$3:$B$302,MATCH($D11,품목목록!$A$3:$A$302,0)),"미등록품번")) | F11: =IF($D11="","",IFERROR(INDEX(품목목록!$C$3:$C$302,MATCH($D11,품목목록!$A$3:$A$302,0)),"")) | G11: =IF($D11="","",IFERROR(INDEX(품목목록!$D$3:$D$302,MATCH($D11,품목목록!$A$3:$A$302,0)),"")) | H11: =IF($D11="","",IFERROR(INDEX(품목목록!$E$3:$E$302,MATCH($D11,품목목록!$A$3:$A$302,0)),"")) | M11: =IF($A11="","",SUMIFS(처리내역!$E$3:$E$1502,처리내역!$B$3:$B$1502,$A11)) | N11: =IF($A11="","",IF($I11="","",$I11-$M11)) | O11: =IF($A11="","",IF($I11="","",IF($M11=0,"미처리",IF($N11<=0,"완료","부분처리"))))
A12: =IF($B12="","",TEXT($B12,"yymm")&"-"&TEXT(COUNTIFS($B$3:$B12,">="&DATE(YEAR($B12),MONTH($B12),1),$B$3:$B12,"<="&EOMONTH($B12,0)),"000")) | E12: =IF($D12="","",IFERROR(INDEX(품목목록!$B$3:$B$302,MATCH($D12,품목목록!$A$3:$A$302,0)),"미등록품번")) | F12: =IF($D12="","",IFERROR(INDEX(품목목록!$C$3:$C$302,MATCH($D12,품목목록!$A$3:$A$302,0)),"")) | G12: =IF($D12="","",IFERROR(INDEX(품목목록!$D$3:$D$302,MATCH($D12,품목목록!$A$3:$A$302,0)),"")) | H12: =IF($D12="","",IFERROR(INDEX(품목목록!$E$3:$E$302,MATCH($D12,품목목록!$A$3:$A$302,0)),"")) | M12: =IF($A12="","",SUMIFS(처리내역!$E$3:$E$1502,처리내역!$B$3:$B$1502,$A12)) | N12: =IF($A12="","",IF($I12="","",$I12-$M12)) | O12: =IF($A12="","",IF($I12="","",IF($M12=0,"미처리",IF($N12<=0,"완료","부분처리"))))
A13: =IF($B13="","",TEXT($B13,"yymm")&"-"&TEXT(COUNTIFS($B$3:$B13,">="&DATE(YEAR($B13),MONTH($B13),1),$B$3:$B13,"<="&EOMONTH($B13,0)),"000")) | E13: =IF($D13="","",IFERROR(INDEX(품목목록!$B$3:$B$302,MATCH($D13,품목목록!$A$3:$A$302,0)),"미등록품번")) | F13: =IF($D13="","",IFERROR(INDEX(품목목록!$C$3:$C$302,MATCH($D13,품목목록!$A$3:$A$302,0)),"")) | G13: =IF($D13="","",IFERROR(INDEX(품목목록!$D$3:$D$302,MATCH($D13,품목목록!$A$3:$A$302,0)),"")) | H13: =IF($D13="","",IFERROR(INDEX(품목목록!$E$3:$E$302,MATCH($D13,품목목록!$A$3:$A$302,0)),"")) | M13: =IF($A13="","",SUMIFS(처리내역!$E$3:$E$1502,처리내역!$B$3:$B$1502,$A13)) | N13: =IF($A13="","",IF($I13="","",$I13-$M13)) | O13: =IF($A13="","",IF($I13="","",IF($M13=0,"미처리",IF($N13<=0,"완료","부분처리"))))
A14: =IF($B14="","",TEXT($B14,"yymm")&"-"&TEXT(COUNTIFS($B$3:$B14,">="&DATE(YEAR($B14),MONTH($B14),1),$B$3:$B14,"<="&EOMONTH($B14,0)),"000")) | E14: =IF($D14="","",IFERROR(INDEX(품목목록!$B$3:$B$302,MATCH($D14,품목목록!$A$3:$A$302,0)),"미등록품번")) | F14: =IF($D14="","",IFERROR(INDEX(품목목록!$C$3:$C$302,MATCH($D14,품목목록!$A$3:$A$302,0)),"")) | G14: =IF($D14="","",IFERROR(INDEX(품목목록!$D$3:$D$302,MATCH($D14,품목목록!$A$3:$A$302,0)),"")) | H14: =IF($D14="","",IFERROR(INDEX(품목목록!$E$3:$E$302,MATCH($D14,품목목록!$A$3:$A$302,0)),"")) | M14: =IF($A14="","",SUMIFS(처리내역!$E$3:$E$1502,처리내역!$B$3:$B$1502,$A14)) | N14: =IF($A14="","",IF($I14="","",$I14-$M14)) | O14: =IF($A14="","",IF($I14="","",IF($M14=0,"미처리",IF($N14<=0,"완료","부분처리"))))
A15: =IF($B15="","",TEXT($B15,"yymm")&"-"&TEXT(COUNTIFS($B$3:$B15,">="&DATE(YEAR($B15),MONTH($B15),1),$B$3:$B15,"<="&EOMONTH($B15,0)),"000")) | E15: =IF($D15="","",IFERROR(INDEX(품목목록!$B$3:$B$302,MATCH($D15,품목목록!$A$3:$A$302,0)),"미등록품번")) | F15: =IF($D15="","",IFERROR(INDEX(품목목록!$C$3:$C$302,MATCH($D15,품목목록!$A$3:$A$302,0)),"")) | G15: =IF($D15="","",IFERROR(INDEX(품목목록!$D$3:$D$302,MATCH($D15,품목목록!$A$3:$A$302,0)),"")) | H15: =IF($D15="","",IFERROR(INDEX(품목목록!$E$3:$E$302,MATCH($D15,품목목록!$A$3:$A$302,0)),"")) | M15: =IF($A15="","",SUMIFS(처리내역!$E$3:$E$1502,처리내역!$B$3:$B$1502,$A15)) | N15: =IF($A15="","",IF($I15="","",$I15-$M15)) | O15: =IF($A15="","",IF($I15="","",IF($M15=0,"미처리",IF($N15<=0,"완료","부분처리"))))
A16: =IF($B16="","",TEXT($B16,"yymm")&"-"&TEXT(COUNTIFS($B$3:$B16,">="&DATE(YEAR($B16),MONTH($B16),1),$B$3:$B16,"<="&EOMONTH($B16,0)),"000")) | E16: =IF($D16="","",IFERROR(INDEX(품목목록!$B$3:$B$302,MATCH($D16,품목목록!$A$3:$A$302,0)),"미등록품번")) | F16: =IF($D16="","",IFERROR(INDEX(품목목록!$C$3:$C$302,MATCH($D16,품목목록!$A$3:$A$302,0)),"")) | G16: =IF($D16="","",IFERROR(INDEX(품목목록!$D$3:$D$302,MATCH($D16,품목목록!$A$3:$A$302,0)),"")) | H16: =IF($D16="","",IFERROR(INDEX(품목목록!$E$3:$E$302,MATCH($D16,품목목록!$A$3:$A$302,0)),"")) | M16: =IF($A16="","",SUMIFS(처리내역!$E$3:$E$1502,처리내역!$B$3:$B$1502,$A16)) | N16: =IF($A16="","",IF($I16="","",$I16-$M16)) | O16: =IF($A16="","",IF($I16="","",IF($M16=0,"미처리",IF($N16<=0,"완료","부분처리"))))
A17: =IF($B17="","",TEXT($B17,"yymm")&"-"&TEXT(COUNTIFS($B$3:$B17,">="&DATE(YEAR($B17),MONTH($B17),1),$B$3:$B17,"<="&EOMONTH($B17,0)),"000")) | E17: =IF($D17="","",IFERROR(INDEX(품목목록!$B$3:$B$302,MATCH($D17,품목목록!$A$3:$A$302,0)),"미등록품번")) | F17: =IF($D17="","",IFERROR(INDEX(품목목록!$C$3:$C$302,MATCH($D17,품목목록!$A$3:$A$302,0)),"")) | G17: =IF($D17="","",IFERROR(INDEX(품목목록!$D$3:$D$302,MATCH($D17,품목목록!$A$3:$A$302,0)),"")) | H17: =IF($D17="","",IFERROR(INDEX(품목목록!$E$3:$E$302,MATCH($D17,품목목록!$A$3:$A$302,0)),"")) | M17: =IF($A17="","",SUMIFS(처리내역!$E$3:$E$1502,처리내역!$B$3:$B$1502,$A17)) | N17: =IF($A17="","",IF($I17="","",$I17-$M17)) | O17: =IF($A17="","",IF($I17="","",IF($M17=0,"미처리",IF($N17<=0,"완료","부분처리"))))
A18: =IF($B18="","",TEXT($B18,"yymm")&"-"&TEXT(COUNTIFS($B$3:$B18,">="&DATE(YEAR($B18),MONTH($B18),1),$B$3:$B18,"<="&EOMONTH($B18,0)),"000")) | E18: =IF($D18="","",IFERROR(INDEX(품목목록!$B$3:$B$302,MATCH($D18,품목목록!$A$3:$A$302,0)),"미등록품번")) | F18: =IF($D18="","",IFERROR(INDEX(품목목록!$C$3:$C$302,MATCH($D18,품목목록!$A$3:$A$302,0)),"")) | G18: =IF($D18="","",IFERROR(INDEX(품목목록!$D$3:$D$302,MATCH($D18,품목목록!$A$3:$A$302,0)),"")) | H18: =IF($D18="","",IFERROR(INDEX(품목목록!$E$3:$E$302,MATCH($D18,품목목록!$A$3:$A$302,0)),"")) | M18: =IF($A18="","",SUMIFS(처리내역!$E$3:$E$1502,처리내역!$B$3:$B$1502,$A18)) | N18: =IF($A18="","",IF($I18="","",$I18-$M18)) | O18: =IF($A18="","",IF($I18="","",IF($M18=0,"미처리",IF($N18<=0,"완료","부분처리"))))
A19: =IF($B19="","",TEXT($B19,"yymm")&"-"&TEXT(COUNTIFS($B$3:$B19,">="&DATE(YEAR($B19),MONTH($B19),1),$B$3:$B19,"<="&EOMONTH($B19,0)),"000")) | E19: =IF($D19="","",IFERROR(INDEX(품목목록!$B$3:$B$302,MATCH($D19,품목목록!$A$3:$A$302,0)),"미등록품번")) | F19: =IF($D19="","",IFERROR(INDEX(품목목록!$C$3:$C$302,MATCH($D19,품목목록!$A$3:$A$302,0)),"")) | G19: =IF($D19="","",IFERROR(INDEX(품목목록!$D$3:$D$302,MATCH($D19,품목목록!$A$3:$A$302,0)),"")) | H19: =IF($D19="","",IFERROR(INDEX(품목목록!$E$3:$E$302,MATCH($D19,품목목록!$A$3:$A$302,0)),"")) | M19: =IF($A19="","",SUMIFS(처리내역!$E$3:$E$1502,처리내역!$B$3:$B$1502,$A19)) | N19: =IF($A19="","",IF($I19="","",$I19-$M19)) | O19: =IF($A19="","",IF($I19="","",IF($M19=0,"미처리",IF($N19<=0,"완료","부분처리"))))
... A1002: =IF($B1002="","",TEXT($B1002,"yymm")&"-"&TEXT(COUNTIFS($B$3:$B1002,">="&DATE(YEAR($B1002),MONTH($B1002),1),$B$3:$B1002,"<="&EOMONTH($B1002,0)),"000")) | E1002: =IF($D1002="","",IFERROR(INDEX(품목목록!$B$3:$B$302,MATCH($D1002,품목목록!$A$3:$A$302,0)),"미등록품번")) | F1002: =IF($D1002="","",IFERROR(INDEX(품목목록!$C$3:$C$302,MATCH($D1002,품목목록!$A$3:$A$302,0)),"")) | G1002: =IF($D1002="","",IFERROR(INDEX(품목목록!$D$3:$D$302,MATCH($D1002,품목목록!$A$3:$A$302,0)),"")) | H1002: =IF($D1002="","",IFERROR(INDEX(품목목록!$E$3:$E$302,MATCH($D1002,품목목록!$A$3:$A$302,0)),"")) | M1002: =IF($A1002="","",SUMIFS(처리내역!$E$3:$E$1502,처리내역!$B$3:$B$1502,$A1002)) | N1002: =IF($A1002="","",IF($I1002="","",$I1002-$M1002)) | O1002: =IF($A1002="","",IF($I1002="","",IF($M1002=0,"미처리",IF($N1002<=0,"완료","부분처리"))))
A1004: ※ 접수번호는 '연월-순번' 형태로 자동 생성됩니다. 처리내역에서 이 번호를 씁니다.

Sheet 처리내역
A1: 처리내역 (한 건을 나눠서 처리해도 됩니다)
A2: 처리일 | B2: 접수번호 | C2: 품명(자동) | D2: 처리방법 | E2: 처리수량 | F2: 처리자 | G2: 비용 | H2: 비고
A3: 46266 | B3: 2608-001 | C3: =IF($B3="","",IFERROR(INDEX(반품접수!$E$3:$E$1002,MATCH($B3,반품접수!$A$3:$A$1002,0)),"접수번호없음")) -> 원단 롤 | D3: 폐기 | E3: 2 | F3: 김검사 | G3: 60000 | H3: ← 예시 행입니다. 지우고 쓰세요.
A4: 46269 | B4: 2609-001 | C4: =IF($B4="","",IFERROR(INDEX(반품접수!$E$3:$E$1002,MATCH($B4,반품접수!$A$3:$A$1002,0)),"접수번호없음")) -> 접착제 | D4: 반송 | E4: 2 | F4: 김검사 | G4: 30000
A5: 46273 | B5: 2609-002 | C5: =IF($B5="","",IFERROR(INDEX(반품접수!$E$3:$E$1002,MATCH($B5,반품접수!$A$3:$A$1002,0)),"접수번호없음")) -> 포장박스 | D5: 재입고 | E5: 30 | F5: 이검사
A6: 46273 | B6: 2609-002 | C6: =IF($B6="","",IFERROR(INDEX(반품접수!$E$3:$E$1002,MATCH($B6,반품접수!$A$3:$A$1002,0)),"접수번호없음")) -> 포장박스 | D6: 폐기 | E6: 20 | F6: 이검사 | G6: 40000
C7: =IF($B7="","",IFERROR(INDEX(반품접수!$E$3:$E$1002,MATCH($B7,반품접수!$A$3:$A$1002,0)),"접수번호없음"))
C8: =IF($B8="","",IFERROR(INDEX(반품접수!$E$3:$E$1002,MATCH($B8,반품접수!$A$3:$A$1002,0)),"접수번호없음"))
C9: =IF($B9="","",IFERROR(INDEX(반품접수!$E$3:$E$1002,MATCH($B9,반품접수!$A$3:$A$1002,0)),"접수번호없음"))
C10: =IF($B10="","",IFERROR(INDEX(반품접수!$E$3:$E$1002,MATCH($B10,반품접수!$A$3:$A$1002,0)),"접수번호없음"))
C11: =IF($B11="","",IFERROR(INDEX(반품접수!$E$3:$E$1002,MATCH($B11,반품접수!$A$3:$A$1002,0)),"접수번호없음"))
C12: =IF($B12="","",IFERROR(INDEX(반품접수!$E$3:$E$1002,MATCH($B12,반품접수!$A$3:$A$1002,0)),"접수번호없음"))
C13: =IF($B13="","",IFERROR(INDEX(반품접수!$E$3:$E$1002,MATCH($B13,반품접수!$A$3:$A$1002,0)),"접수번호없음"))
C14: =IF($B14="","",IFERROR(INDEX(반품접수!$E$3:$E$1002,MATCH($B14,반품접수!$A$3:$A$1002,0)),"접수번호없음"))
C15: =IF($B15="","",IFERROR(INDEX(반품접수!$E$3:$E$1002,MATCH($B15,반품접수!$A$3:$A$1002,0)),"접수번호없음"))
C16: =IF($B16="","",IFERROR(INDEX(반품접수!$E$3:$E$1002,MATCH($B16,반품접수!$A$3:$A$1002,0)),"접수번호없음"))
C17: =IF($B17="","",IFERROR(INDEX(반품접수!$E$3:$E$1002,MATCH($B17,반품접수!$A$3:$A$1002,0)),"접수번호없음"))
C18: =IF($B18="","",IFERROR(INDEX(반품접수!$E$3:$E$1002,MATCH($B18,반품접수!$A$3:$A$1002,0)),"접수번호없음"))
... C1502: =IF($B1502="","",IFERROR(INDEX(반품접수!$E$3:$E$1002,MATCH($B1502,반품접수!$A$3:$A$1002,0)),"접수번호없음"))

Sheet 미처리현황
A1: 미처리현황 (아직 못 끝낸 건)
A3: 미처리 건수 | B3: =COUNTIF(반품접수!$O$3:$O$1002,"미처리")+COUNTIF(반품접수!$O$3:$O$1002,"부분처리") -> 3 | D3: 장기 미처리 | E3: =SUMPRODUCT((반품접수!$O$3:$O$1002<>"완료")*(반품접수!$O$3:$O$1002<>"")*((TODAY()-반품접수!$B$3:$B$1002)>사용안내!$C$17)) -> 1 | G3: 미처리 수량 | H3: =SUMIFS(반품접수!$N$3:$N$1002,반품접수!$O$3:$O$1002,"미처리")+SUMIFS(반품접수!$N$3:$N$1002,반품접수!$O$3:$O$1002,"부분처리") -> 202
A5: 순번 | B5: 접수번호 | C5: 접수일 | D5: 경과일 | E5: 거래처명 | F5: 품명 | G5: 접수수량 | H5: 잔여수량 | I5: 상태 | K5: 대상(자동) | L5: 순번(자동) | M5: 키(자동)
A6: =IF($B6="","",1) -> 1 | B6: =IFERROR(INDEX(반품접수!$A$3:$A$1002,MATCH("R"&1,미처리현황!$M$6:$M$1005,0)),"") -> 2608-001 | C6: =IF($B6="","",IFERROR(INDEX(반품접수!$B$3:$B$1002,MATCH("R"&1,미처리현황!$M$6:$M$1005,0)),"")) -> 46262 | D6: =IF($C6="","",TODAY()-$C6) -> 17 | E6: =IF($B6="","",IFERROR(INDEX(반품접수!$C$3:$C$1002,MATCH("R"&1,미처리현황!$M$6:$M$1005,0)),"")) -> ○○소재 | F6: =IF($B6="","",IFERROR(INDEX(반품접수!$E$3:$E$1002,MATCH("R"&1,미처리현황!$M$6:$M$1005,0)),"")) -> 원단 롤 | G6: =IF($B6="","",IFERROR(INDEX(반품접수!$I$3:$I$1002,MATCH("R"&1,미처리현황!$M$6:$M$1005,0)),"")) -> 3 | H6: =IF($B6="","",IFERROR(INDEX(반품접수!$N$3:$N$1002,MATCH("R"&1,미처리현황!$M$6:$M$1005,0)),"")) -> 1 | I6: =IF($B6="","",IFERROR(INDEX(반품접수!$O$3:$O$1002,MATCH("R"&1,미처리현황!$M$6:$M$1005,0)),"")) -> 부분처리 | K6: =IF(반품접수!$A3="",FALSE(),OR(반품접수!$O3="미처리",반품접수!$O3="부분처리")) -> TRUE | L6: =IF($K6=FALSE(),"",COUNTIF($K$6:$K6,TRUE())) -> 1 | M6: =IF($L6="","","R"&$L6) -> R1
A7: =IF($B7="","",2) -> 2 | B7: =IFERROR(INDEX(반품접수!$A$3:$A$1002,MATCH("R"&2,미처리현황!$M$6:$M$1005,0)),"") -> 2609-003 | C7: =IF($B7="","",IFERROR(INDEX(반품접수!$B$3:$B$1002,MATCH("R"&2,미처리현황!$M$6:$M$1005,0)),"")) -> 46274 | D7: =IF($C7="","",TODAY()-$C7) -> 5 | E7: =IF($B7="","",IFERROR(INDEX(반품접수!$C$3:$C$1002,MATCH("R"&2,미처리현황!$M$6:$M$1005,0)),"")) -> □□유통 | F7: =IF($B7="","",IFERROR(INDEX(반품접수!$E$3:$E$1002,MATCH("R"&2,미처리현황!$M$6:$M$1005,0)),"")) -> 라벨 스티커 | G7: =IF($B7="","",IFERROR(INDEX(반품접수!$I$3:$I$1002,MATCH("R"&2,미처리현황!$M$6:$M$1005,0)),"")) -> 200 | H7: =IF($B7="","",IFERROR(INDEX(반품접수!$N$3:$N$1002,MATCH("R"&2,미처리현황!$M$6:$M$1005,0)),"")) -> 200 | I7: =IF($B7="","",IFERROR(INDEX(반품접수!$O$3:$O$1002,MATCH("R"&2,미처리현황!$M$6:$M$1005,0)),"")) -> 미처리 | K7: =IF(반품접수!$A4="",FALSE(),OR(반품접수!$O4="미처리",반품접수!$O4="부분처리")) -> FALSE | L7: =IF($K7=FALSE(),"",COUNTIF($K$6:$K7,TRUE())) | M7: =IF($L7="","","R"&$L7)
A8: =IF($B8="","",3) -> 3 | B8: =IFERROR(INDEX(반품접수!$A$3:$A$1002,MATCH("R"&3,미처리현황!$M$6:$M$1005,0)),"") -> 2609-004 | C8: =IF($B8="","",IFERROR(INDEX(반품접수!$B$3:$B$1002,MATCH("R"&3,미처리현황!$M$6:$M$1005,0)),"")) -> 46277 | D8: =IF($C8="","",TODAY()-$C8) -> 2 | E8: =IF($B8="","",IFERROR(INDEX(반품접수!$C$3:$C$1002,MATCH("R"&3,미처리현황!$M$6:$M$1005,0)),"")) -> ○○소재 | F8: =IF($B8="","",IFERROR(INDEX(반품접수!$E$3:$E$1002,MATCH("R"&3,미처리현황!$M$6:$M$1005,0)),"")) -> 원단 롤 | G8: =IF($B8="","",IFERROR(INDEX(반품접수!$I$3:$I$1002,MATCH("R"&3,미처리현황!$M$6:$M$1005,0)),"")) -> 1 | H8: =IF($B8="","",IFERROR(INDEX(반품접수!$N$3:$N$1002,MATCH("R"&3,미처리현황!$M$6:$M$1005,0)),"")) -> 1 | I8: =IF($B8="","",IFERROR(INDEX(반품접수!$O$3:$O$1002,MATCH("R"&3,미처리현황!$M$6:$M$1005,0)),"")) -> 미처리 | K8: =IF(반품접수!$A5="",FALSE(),OR(반품접수!$O5="미처리",반품접수!$O5="부분처리")) -> FALSE | L8: =IF($K8=FALSE(),"",COUNTIF($K$6:$K8,TRUE())) | M8: =IF($L8="","","R"&$L8)
A9: =IF($B9="","",4) | B9: =IFERROR(INDEX(반품접수!$A$3:$A$1002,MATCH("R"&4,미처리현황!$M$6:$M$1005,0)),"") | C9: =IF($B9="","",IFERROR(INDEX(반품접수!$B$3:$B$1002,MATCH("R"&4,미처리현황!$M$6:$M$1005,0)),"")) | D9: =IF($C9="","",TODAY()-$C9) | E9: =IF($B9="","",IFERROR(INDEX(반품접수!$C$3:$C$1002,MATCH("R"&4,미처리현황!$M$6:$M$1005,0)),"")) | F9: =IF($B9="","",IFERROR(INDEX(반품접수!$E$3:$E$1002,MATCH("R"&4,미처리현황!$M$6:$M$1005,0)),"")) | G9: =IF($B9="","",IFERROR(INDEX(반품접수!$I$3:$I$1002,MATCH("R"&4,미처리현황!$M$6:$M$1005,0)),"")) | H9: =IF($B9="","",IFERROR(INDEX(반품접수!$N$3:$N$1002,MATCH("R"&4,미처리현황!$M$6:$M$1005,0)),"")) | I9: =IF($B9="","",IFERROR(INDEX(반품접수!$O$3:$O$1002,MATCH("R"&4,미처리현황!$M$6:$M$1005,0)),"")) | K9: =IF(반품접수!$A6="",FALSE(),OR(반품접수!$O6="미처리",반품접수!$O6="부분처리")) -> TRUE | L9: =IF($K9=FALSE(),"",COUNTIF($K$6:$K9,TRUE())) -> 2 | M9: =IF($L9="","","R"&$L9) -> R2
A10: =IF($B10="","",5) | B10: =IFERROR(INDEX(반품접수!$A$3:$A$1002,MATCH("R"&5,미처리현황!$M$6:$M$1005,0)),"") | C10: =IF($B10="","",IFERROR(INDEX(반품접수!$B$3:$B$1002,MATCH("R"&5,미처리현황!$M$6:$M$1005,0)),"")) | D10: =IF($C10="","",TODAY()-$C10) | E10: =IF($B10="","",IFERROR(INDEX(반품접수!$C$3:$C$1002,MATCH("R"&5,미처리현황!$M$6:$M$1005,0)),"")) | F10: =IF($B10="","",IFERROR(INDEX(반품접수!$E$3:$E$1002,MATCH("R"&5,미처리현황!$M$6:$M$1005,0)),"")) | G10: =IF($B10="","",IFERROR(INDEX(반품접수!$I$3:$I$1002,MATCH("R"&5,미처리현황!$M$6:$M$1005,0)),"")) | H10: =IF($B10="","",IFERROR(INDEX(반품접수!$N$3:$N$1002,MATCH("R"&5,미처리현황!$M$6:$M$1005,0)),"")) | I10: =IF($B10="","",IFERROR(INDEX(반품접수!$O$3:$O$1002,MATCH("R"&5,미처리현황!$M$6:$M$1005,0)),"")) | K10: =IF(반품접수!$A7="",FALSE(),OR(반품접수!$O7="미처리",반품접수!$O7="부분처리")) -> TRUE | L10: =IF($K10=FALSE(),"",COUNTIF($K$6:$K10,TRUE())) -> 3 | M10: =IF($L10="","","R"&$L10) -> R3
A11: =IF($B11="","",6) | B11: =IFERROR(INDEX(반품접수!$A$3:$A$1002,MATCH("R"&6,미처리현황!$M$6:$M$1005,0)),"") | C11: =IF($B11="","",IFERROR(INDEX(반품접수!$B$3:$B$1002,MATCH("R"&6,미처리현황!$M$6:$M$1005,0)),"")) | D11: =IF($C11="","",TODAY()-$C11) | E11: =IF($B11="","",IFERROR(INDEX(반품접수!$C$3:$C$1002,MATCH("R"&6,미처리현황!$M$6:$M$1005,0)),"")) | F11: =IF($B11="","",IFERROR(INDEX(반품접수!$E$3:$E$1002,MATCH("R"&6,미처리현황!$M$6:$M$1005,0)),"")) | G11: =IF($B11="","",IFERROR(INDEX(반품접수!$I$3:$I$1002,MATCH("R"&6,미처리현황!$M$6:$M$1005,0)),"")) | H11: =IF($B11="","",IFERROR(INDEX(반품접수!$N$3:$N$1002,MATCH("R"&6,미처리현황!$M$6:$M$1005,0)),"")) | I11: =IF($B11="","",IFERROR(INDEX(반품접수!$O$3:$O$1002,MATCH("R"&6,미처리현황!$M$6:$M$1005,0)),"")) | K11: =IF(반품접수!$A8="",FALSE(),OR(반품접수!$O8="미처리",반품접수!$O8="부분처리")) -> FALSE | L11: =IF($K11=FALSE(),"",COUNTIF($K$6:$K11,TRUE())) | M11: =IF($L11="","","R"&$L11)
A12: =IF($B12="","",7) | B12: =IFERROR(INDEX(반품접수!$A$3:$A$1002,MATCH("R"&7,미처리현황!$M$6:$M$1005,0)),"") | C12: =IF($B12="","",IFERROR(INDEX(반품접수!$B$3:$B$1002,MATCH("R"&7,미처리현황!$M$6:$M$1005,0)),"")) | D12: =IF($C12="","",TODAY()-$C12) | E12: =IF($B12="","",IFERROR(INDEX(반품접수!$C$3:$C$1002,MATCH("R"&7,미처리현황!$M$6:$M$1005,0)),"")) | F12: =IF($B12="","",IFERROR(INDEX(반품접수!$E$3:$E$1002,MATCH("R"&7,미처리현황!$M$6:$M$1005,0)),"")) | G12: =IF($B12="","",IFERROR(INDEX(반품접수!$I$3:$I$1002,MATCH("R"&7,미처리현황!$M$6:$M$1005,0)),"")) | H12: =IF($B12="","",IFERROR(INDEX(반품접수!$N$3:$N$1002,MATCH("R"&7,미처리현황!$M$6:$M$1005,0)),"")) | I12: =IF($B12="","",IFERROR(INDEX(반품접수!$O$3:$O$1002,MATCH("R"&7,미처리현황!$M$6:$M$1005,0)),"")) | K12: =IF(반품접수!$A9="",FALSE(),OR(반품접수!$O9="미처리",반품접수!$O9="부분처리")) -> FALSE | L12: =IF($K12=FALSE(),"",COUNTIF($K$6:$K12,TRUE())) | M12: =IF($L12="","","R"&$L12)
A13: =IF($B13="","",8) | B13: =IFERROR(INDEX(반품접수!$A$3:$A$1002,MATCH("R"&8,미처리현황!$M$6:$M$1005,0)),"") | C13: =IF($B13="","",IFERROR(INDEX(반품접수!$B$3:$B$1002,MATCH("R"&8,미처리현황!$M$6:$M$1005,0)),"")) | D13: =IF($C13="","",TODAY()-$C13) | E13: =IF($B13="","",IFERROR(INDEX(반품접수!$C$3:$C$1002,MATCH("R"&8,미처리현황!$M$6:$M$1005,0)),"")) | F13: =IF($B13="","",IFERROR(INDEX(반품접수!$E$3:$E$1002,MATCH("R"&8,미처리현황!$M$6:$M$1005,0)),"")) | G13: =IF($B13="","",IFERROR(INDEX(반품접수!$I$3:$I$1002,MATCH("R"&8,미처리현황!$M$6:$M$1005,0)),"")) | H13: =IF($B13="","",IFERROR(INDEX(반품접수!$N$3:$N$1002,MATCH("R"&8,미처리현황!$M$6:$M$1005,0)),"")) | I13: =IF($B13="","",IFERROR(INDEX(반품접수!$O$3:$O$1002,MATCH("R"&8,미처리현황!$M$6:$M$1005,0)),"")) | K13: =IF(반품접수!$A10="",FALSE(),OR(반품접수!$O10="미처리",반품접수!$O10="부분처리")) -> FALSE | L13: =IF($K13=FALSE(),"",COUNTIF($K$6:$K13,TRUE())) | M13: =IF($L13="","","R"&$L13)
A14: =IF($B14="","",9) | B14: =IFERROR(INDEX(반품접수!$A$3:$A$1002,MATCH("R"&9,미처리현황!$M$6:$M$1005,0)),"") | C14: =IF($B14="","",IFERROR(INDEX(반품접수!$B$3:$B$1002,MATCH("R"&9,미처리현황!$M$6:$M$1005,0)),"")) | D14: =IF($C14="","",TODAY()-$C14) | E14: =IF($B14="","",IFERROR(INDEX(반품접수!$C$3:$C$1002,MATCH("R"&9,미처리현황!$M$6:$M$1005,0)),"")) | F14: =IF($B14="","",IFERROR(INDEX(반품접수!$E$3:$E$1002,MATCH("R"&9,미처리현황!$M$6:$M$1005,0)),"")) | G14: =IF($B14="","",IFERROR(INDEX(반품접수!$I$3:$I$1002,MATCH("R"&9,미처리현황!$M$6:$M$1005,0)),"")) | H14: =IF($B14="","",IFERROR(INDEX(반품접수!$N$3:$N$1002,MATCH("R"&9,미처리현황!$M$6:$M$1005,0)),"")) | I14: =IF($B14="","",IFERROR(INDEX(반품접수!$O$3:$O$1002,MATCH("R"&9,미처리현황!$M$6:$M$1005,0)),"")) | K14: =IF(반품접수!$A11="",FALSE(),OR(반품접수!$O11="미처리",반품접수!$O11="부분처리")) -> FALSE | L14: =IF($K14=FALSE(),"",COUNTIF($K$6:$K14,TRUE())) | M14: =IF($L14="","","R"&$L14)
A15: =IF($B15="","",10) | B15: =IFERROR(INDEX(반품접수!$A$3:$A$1002,MATCH("R"&10,미처리현황!$M$6:$M$1005,0)),"") | C15: =IF($B15="","",IFERROR(INDEX(반품접수!$B$3:$B$1002,MATCH("R"&10,미처리현황!$M$6:$M$1005,0)),"")) | D15: =IF($C15="","",TODAY()-$C15) | E15: =IF($B15="","",IFERROR(INDEX(반품접수!$C$3:$C$1002,MATCH("R"&10,미처리현황!$M$6:$M$1005,0)),"")) | F15: =IF($B15="","",IFERROR(INDEX(반품접수!$E$3:$E$1002,MATCH("R"&10,미처리현황!$M$6:$M$1005,0)),"")) | G15: =IF($B15="","",IFERROR(INDEX(반품접수!$I$3:$I$1002,MATCH("R"&10,미처리현황!$M$6:$M$1005,0)),"")) | H15: =IF($B15="","",IFERROR(INDEX(반품접수!$N$3:$N$1002,MATCH("R"&10,미처리현황!$M$6:$M$1005,0)),"")) | I15: =IF($B15="","",IFERROR(INDEX(반품접수!$O$3:$O$1002,MATCH("R"&10,미처리현황!$M$6:$M$1005,0)),"")) | K15: =IF(반품접수!$A12="",FALSE(),OR(반품접수!$O12="미처리",반품접수!$O12="부분처리")) -> FALSE | L15: =IF($K15=FALSE(),"",COUNTIF($K$6:$K15,TRUE())) | M15: =IF($L15="","","R"&$L15)
A16: =IF($B16="","",11) | B16: =IFERROR(INDEX(반품접수!$A$3:$A$1002,MATCH("R"&11,미처리현황!$M$6:$M$1005,0)),"") | C16: =IF($B16="","",IFERROR(INDEX(반품접수!$B$3:$B$1002,MATCH("R"&11,미처리현황!$M$6:$M$1005,0)),"")) | D16: =IF($C16="","",TODAY()-$C16) | E16: =IF($B16="","",IFERROR(INDEX(반품접수!$C$3:$C$1002,MATCH("R"&11,미처리현황!$M$6:$M$1005,0)),"")) | F16: =IF($B16="","",IFERROR(INDEX(반품접수!$E$3:$E$1002,MATCH("R"&11,미처리현황!$M$6:$M$1005,0)),"")) | G16: =IF($B16="","",IFERROR(INDEX(반품접수!$I$3:$I$1002,MATCH("R"&11,미처리현황!$M$6:$M$1005,0)),"")) | H16: =IF($B16="","",IFERROR(INDEX(반품접수!$N$3:$N$1002,MATCH("R"&11,미처리현황!$M$6:$M$1005,0)),"")) | I16: =IF($B16="","",IFERROR(INDEX(반품접수!$O$3:$O$1002,MATCH("R"&11,미처리현황!$M$6:$M$1005,0)),"")) | K16: =IF(반품접수!$A13="",FALSE(),OR(반품접수!$O13="미처리",반품접수!$O13="부분처리")) -> FALSE | L16: =IF($K16=FALSE(),"",COUNTIF($K$6:$K16,TRUE())) | M16: =IF($L16="","","R"&$L16)
A17: =IF($B17="","",12) | B17: =IFERROR(INDEX(반품접수!$A$3:$A$1002,MATCH("R"&12,미처리현황!$M$6:$M$1005,0)),"") | C17: =IF($B17="","",IFERROR(INDEX(반품접수!$B$3:$B$1002,MATCH("R"&12,미처리현황!$M$6:$M$1005,0)),"")) | D17: =IF($C17="","",TODAY()-$C17) | E17: =IF($B17="","",IFERROR(INDEX(반품접수!$C$3:$C$1002,MATCH("R"&12,미처리현황!$M$6:$M$1005,0)),"")) | F17: =IF($B17="","",IFERROR(INDEX(반품접수!$E$3:$E$1002,MATCH("R"&12,미처리현황!$M$6:$M$1005,0)),"")) | G17: =IF($B17="","",IFERROR(INDEX(반품접수!$I$3:$I$1002,MATCH("R"&12,미처리현황!$M$6:$M$1005,0)),"")) | H17: =IF($B17="","",IFERROR(INDEX(반품접수!$N$3:$N$1002,MATCH("R"&12,미처리현황!$M$6:$M$1005,0)),"")) | I17: =IF($B17="","",IFERROR(INDEX(반품접수!$O$3:$O$1002,MATCH("R"&12,미처리현황!$M$6:$M$1005,0)),"")) | K17: =IF(반품접수!$A14="",FALSE(),OR(반품접수!$O14="미처리",반품접수!$O14="부분처리")) -> FALSE | L17: =IF($K17=FALSE(),"",COUNTIF($K$6:$K17,TRUE())) | M17: =IF($L17="","","R"&$L17)
A18: =IF($B18="","",13) | B18: =IFERROR(INDEX(반품접수!$A$3:$A$1002,MATCH("R"&13,미처리현황!$M$6:$M$1005,0)),"") | C18: =IF($B18="","",IFERROR(INDEX(반품접수!$B$3:$B$1002,MATCH("R"&13,미처리현황!$M$6:$M$1005,0)),"")) | D18: =IF($C18="","",TODAY()-$C18) | E18: =IF($B18="","",IFERROR(INDEX(반품접수!$C$3:$C$1002,MATCH("R"&13,미처리현황!$M$6:$M$1005,0)),"")) | F18: =IF($B18="","",IFERROR(INDEX(반품접수!$E$3:$E$1002,MATCH("R"&13,미처리현황!$M$6:$M$1005,0)),"")) | G18: =IF($B18="","",IFERROR(INDEX(반품접수!$I$3:$I$1002,MATCH("R"&13,미처리현황!$M$6:$M$1005,0)),"")) | H18: =IF($B18="","",IFERROR(INDEX(반품접수!$N$3:$N$1002,MATCH("R"&13,미처리현황!$M$6:$M$1005,0)),"")) | I18: =IF($B18="","",IFERROR(INDEX(반품접수!$O$3:$O$1002,MATCH("R"&13,미처리현황!$M$6:$M$1005,0)),"")) | K18: =IF(반품접수!$A15="",FALSE(),OR(반품접수!$O15="미처리",반품접수!$O15="부분처리")) -> FALSE | L18: =IF($K18=FALSE(),"",COUNTIF($K$6:$K18,TRUE())) | M18: =IF($L18="","","R"&$L18)
A19: =IF($B19="","",14) | B19: =IFERROR(INDEX(반품접수!$A$3:$A$1002,MATCH("R"&14,미처리현황!$M$6:$M$1005,0)),"") | C19: =IF($B19="","",IFERROR(INDEX(반품접수!$B$3:$B$1002,MATCH("R"&14,미처리현황!$M$6:$M$1005,0)),"")) | D19: =IF($C19="","",TODAY()-$C19) | E19: =IF($B19="","",IFERROR(INDEX(반품접수!$C$3:$C$1002,MATCH("R"&14,미처리현황!$M$6:$M$1005,0)),"")) | F19: =IF($B19="","",IFERROR(INDEX(반품접수!$E$3:$E$1002,MATCH("R"&14,미처리현황!$M$6:$M$1005,0)),"")) | G19: =IF($B19="","",IFERROR(INDEX(반품접수!$I$3:$I$1002,MATCH("R"&14,미처리현황!$M$6:$M$1005,0)),"")) | H19: =IF($B19="","",IFERROR(INDEX(반품접수!$N$3:$N$1002,MATCH("R"&14,미처리현황!$M$6:$M$1005,0)),"")) | I19: =IF($B19="","",IFERROR(INDEX(반품접수!$O$3:$O$1002,MATCH("R"&14,미처리현황!$M$6:$M$1005,0)),"")) | K19: =IF(반품접수!$A16="",FALSE(),OR(반품접수!$O16="미처리",반품접수!$O16="부분처리")) -> FALSE | L19: =IF($K19=FALSE(),"",COUNTIF($K$6:$K19,TRUE())) | M19: =IF($L19="","","R"&$L19)
A20: =IF($B20="","",15) | B20: =IFERROR(INDEX(반품접수!$A$3:$A$1002,MATCH("R"&15,미처리현황!$M$6:$M$1005,0)),"") | C20: =IF($B20="","",IFERROR(INDEX(반품접수!$B$3:$B$1002,MATCH("R"&15,미처리현황!$M$6:$M$1005,0)),"")) | D20: =IF($C20="","",TODAY()-$C20) | E20: =IF($B20="","",IFERROR(INDEX(반품접수!$C$3:$C$1002,MATCH("R"&15,미처리현황!$M$6:$M$1005,0)),"")) | F20: =IF($B20="","",IFERROR(INDEX(반품접수!$E$3:$E$1002,MATCH("R"&15,미처리현황!$M$6:$M$1005,0)),"")) | G20: =IF($B20="","",IFERROR(INDEX(반품접수!$I$3:$I$1002,MATCH("R"&15,미처리현황!$M$6:$M$1005,0)),"")) | H20: =IF($B20="","",IFERROR(INDEX(반품접수!$N$3:$N$1002,MATCH("R"&15,미처리현황!$M$6:$M$1005,0)),"")) | I20: =IF($B20="","",IFERROR(INDEX(반품접수!$O$3:$O$1002,MATCH("R"&15,미처리현황!$M$6:$M$1005,0)),"")) | K20: =IF(반품접수!$A17="",FALSE(),OR(반품접수!$O17="미처리",반품접수!$O17="부분처리")) -> FALSE | L20: =IF($K20=FALSE(),"",COUNTIF($K$6:$K20,TRUE())) | M20: =IF($L20="","","R"&$L20)
A21: =IF($B21="","",16) | B21: =IFERROR(INDEX(반품접수!$A$3:$A$1002,MATCH("R"&16,미처리현황!$M$6:$M$1005,0)),"") | C21: =IF($B21="","",IFERROR(INDEX(반품접수!$B$3:$B$1002,MATCH("R"&16,미처리현황!$M$6:$M$1005,0)),"")) | D21: =IF($C21="","",TODAY()-$C21) | E21: =IF($B21="","",IFERROR(INDEX(반품접수!$C$3:$C$1002,MATCH("R"&16,미처리현황!$M$6:$M$1005,0)),"")) | F21: =IF($B21="","",IFERROR(INDEX(반품접수!$E$3:$E$1002,MATCH("R"&16,미처리현황!$M$6:$M$1005,0)),"")) | G21: =IF($B21="","",IFERROR(INDEX(반품접수!$I$3:$I$1002,MATCH("R"&16,미처리현황!$M$6:$M$1005,0)),"")) | H21: =IF($B21="","",IFERROR(INDEX(반품접수!$N$3:$N$1002,MATCH("R"&16,미처리현황!$M$6:$M$1005,0)),"")) | I21: =IF($B21="","",IFERROR(INDEX(반품접수!$O$3:$O$1002,MATCH("R"&16,미처리현황!$M$6:$M$1005,0)),"")) | K21: =IF(반품접수!$A18="",FALSE(),OR(반품접수!$O18="미처리",반품접수!$O18="부분처리")) -> FALSE | L21: =IF($K21=FALSE(),"",COUNTIF($K$6:$K21,TRUE())) | M21: =IF($L21="","","R"&$L21)
A22: =IF($B22="","",17) | B22: =IFERROR(INDEX(반품접수!$A$3:$A$1002,MATCH("R"&17,미처리현황!$M$6:$M$1005,0)),"") | C22: =IF($B22="","",IFERROR(INDEX(반품접수!$B$3:$B$1002,MATCH("R"&17,미처리현황!$M$6:$M$1005,0)),"")) | D22: =IF($C22="","",TODAY()-$C22) | E22: =IF($B22="","",IFERROR(INDEX(반품접수!$C$3:$C$1002,MATCH("R"&17,미처리현황!$M$6:$M$1005,0)),"")) | F22: =IF($B22="","",IFERROR(INDEX(반품접수!$E$3:$E$1002,MATCH("R"&17,미처리현황!$M$6:$M$1005,0)),"")) | G22: =IF($B22="","",IFERROR(INDEX(반품접수!$I$3:$I$1002,MATCH("R"&17,미처리현황!$M$6:$M$1005,0)),"")) | H22: =IF($B22="","",IFERROR(INDEX(반품접수!$N$3:$N$1002,MATCH("R"&17,미처리현황!$M$6:$M$1005,0)),"")) | I22: =IF($B22="","",IFERROR(INDEX(반품접수!$O$3:$O$1002,MATCH("R"&17,미처리현황!$M$6:$M$1005,0)),"")) | K22: =IF(반품접수!$A19="",FALSE(),OR(반품접수!$O19="미처리",반품접수!$O19="부분처리")) -> FALSE | L22: =IF($K22=FALSE(),"",COUNTIF($K$6:$K22,TRUE())) | M22: =IF($L22="","","R"&$L22)
A23: =IF($B23="","",18) | B23: =IFERROR(INDEX(반품접수!$A$3:$A$1002,MATCH("R"&18,미처리현황!$M$6:$M$1005,0)),"") | C23: =IF($B23="","",IFERROR(INDEX(반품접수!$B$3:$B$1002,MATCH("R"&18,미처리현황!$M$6:$M$1005,0)),"")) | D23: =IF($C23="","",TODAY()-$C23) | E23: =IF($B23="","",IFERROR(INDEX(반품접수!$C$3:$C$1002,MATCH("R"&18,미처리현황!$M$6:$M$1005,0)),"")) | F23: =IF($B23="","",IFERROR(INDEX(반품접수!$E$3:$E$1002,MATCH("R"&18,미처리현황!$M$6:$M$1005,0)),"")) | G23: =IF($B23="","",IFERROR(INDEX(반품접수!$I$3:$I$1002,MATCH("R"&18,미처리현황!$M$6:$M$1005,0)),"")) | H23: =IF($B23="","",IFERROR(INDEX(반품접수!$N$3:$N$1002,MATCH("R"&18,미처리현황!$M$6:$M$1005,0)),"")) | I23: =IF($B23="","",IFERROR(INDEX(반품접수!$O$3:$O$1002,MATCH("R"&18,미처리현황!$M$6:$M$1005,0)),"")) | K23: =IF(반품접수!$A20="",FALSE(),OR(반품접수!$O20="미처리",반품접수!$O20="부분처리")) -> FALSE | L23: =IF($K23=FALSE(),"",COUNTIF($K$6:$K23,TRUE())) | M23: =IF($L23="","","R"&$L23)
A24: =IF($B24="","",19) | B24: =IFERROR(INDEX(반품접수!$A$3:$A$1002,MATCH("R"&19,미처리현황!$M$6:$M$1005,0)),"") | C24: =IF($B24="","",IFERROR(INDEX(반품접수!$B$3:$B$1002,MATCH("R"&19,미처리현황!$M$6:$M$1005,0)),"")) | D24: =IF($C24="","",TODAY()-$C24) | E24: =IF($B24="","",IFERROR(INDEX(반품접수!$C$3:$C$1002,MATCH("R"&19,미처리현황!$M$6:$M$1005,0)),"")) | F24: =IF($B24="","",IFERROR(INDEX(반품접수!$E$3:$E$1002,MATCH("R"&19,미처리현황!$M$6:$M$1005,0)),"")) | G24: =IF($B24="","",IFERROR(INDEX(반품접수!$I$3:$I$1002,MATCH("R"&19,미처리현황!$M$6:$M$1005,0)),"")) | H24: =IF($B24="","",IFERROR(INDEX(반품접수!$N$3:$N$1002,MATCH("R"&19,미처리현황!$M$6:$M$1005,0)),"")) | I24: =IF($B24="","",IFERROR(INDEX(반품접수!$O$3:$O$1002,MATCH("R"&19,미처리현황!$M$6:$M$1005,0)),"")) | K24: =IF(반품접수!$A21="",FALSE(),OR(반품접수!$O21="미처리",반품접수!$O21="부분처리")) -> FALSE | L24: =IF($K24=FALSE(),"",COUNTIF($K$6:$K24,TRUE())) | M24: =IF($L24="","","R"&$L24)
A25: =IF($B25="","",20) | B25: =IFERROR(INDEX(반품접수!$A$3:$A$1002,MATCH("R"&20,미처리현황!$M$6:$M$1005,0)),"") | C25: =IF($B25="","",IFERROR(INDEX(반품접수!$B$3:$B$1002,MATCH("R"&20,미처리현황!$M$6:$M$1005,0)),"")) | D25: =IF($C25="","",TODAY()-$C25) | E25: =IF($B25="","",IFERROR(INDEX(반품접수!$C$3:$C$1002,MATCH("R"&20,미처리현황!$M$6:$M$1005,0)),"")) | F25: =IF($B25="","",IFERROR(INDEX(반품접수!$E$3:$E$1002,MATCH("R"&20,미처리현황!$M$6:$M$1005,0)),"")) | G25: =IF($B25="","",IFERROR(INDEX(반품접수!$I$3:$I$1002,MATCH("R"&20,미처리현황!$M$6:$M$1005,0)),"")) | H25: =IF($B25="","",IFERROR(INDEX(반품접수!$N$3:$N$1002,MATCH("R"&20,미처리현황!$M$6:$M$1005,0)),"")) | I25: =IF($B25="","",IFERROR(INDEX(반품접수!$O$3:$O$1002,MATCH("R"&20,미처리현황!$M$6:$M$1005,0)),"")) | K25: =IF(반품접수!$A22="",FALSE(),OR(반품접수!$O22="미처리",반품접수!$O22="부분처리")) -> FALSE | L25: =IF($K25=FALSE(),"",COUNTIF($K$6:$K25,TRUE())) | M25: =IF($L25="","","R"&$L25)
A26: =IF($B26="","",21) | B26: =IFERROR(INDEX(반품접수!$A$3:$A$1002,MATCH("R"&21,미처리현황!$M$6:$M$1005,0)),"") | C26: =IF($B26="","",IFERROR(INDEX(반품접수!$B$3:$B$1002,MATCH("R"&21,미처리현황!$M$6:$M$1005,0)),"")) | D26: =IF($C26="","",TODAY()-$C26) | E26: =IF($B26="","",IFERROR(INDEX(반품접수!$C$3:$C$1002,MATCH("R"&21,미처리현황!$M$6:$M$1005,0)),"")) | F26: =IF($B26="","",IFERROR(INDEX(반품접수!$E$3:$E$1002,MATCH("R"&21,미처리현황!$M$6:$M$1005,0)),"")) | G26: =IF($B26="","",IFERROR(INDEX(반품접수!$I$3:$I$1002,MATCH("R"&21,미처리현황!$M$6:$M$1005,0)),"")) | H26: =IF($B26="","",IFERROR(INDEX(반품접수!$N$3:$N$1002,MATCH("R"&21,미처리현황!$M$6:$M$1005,0)),"")) | I26: =IF($B26="","",IFERROR(INDEX(반품접수!$O$3:$O$1002,MATCH("R"&21,미처리현황!$M$6:$M$1005,0)),"")) | K26: =IF(반품접수!$A23="",FALSE(),OR(반품접수!$O23="미처리",반품접수!$O23="부분처리")) -> FALSE | L26: =IF($K26=FALSE(),"",COUNTIF($K$6:$K26,TRUE())) | M26: =IF($L26="","","R"&$L26)
A27: =IF($B27="","",22) | B27: =IFERROR(INDEX(반품접수!$A$3:$A$1002,MATCH("R"&22,미처리현황!$M$6:$M$1005,0)),"") | C27: =IF($B27="","",IFERROR(INDEX(반품접수!$B$3:$B$1002,MATCH("R"&22,미처리현황!$M$6:$M$1005,0)),"")) | D27: =IF($C27="","",TODAY()-$C27) | E27: =IF($B27="","",IFERROR(INDEX(반품접수!$C$3:$C$1002,MATCH("R"&22,미처리현황!$M$6:$M$1005,0)),"")) | F27: =IF($B27="","",IFERROR(INDEX(반품접수!$E$3:$E$1002,MATCH("R"&22,미처리현황!$M$6:$M$1005,0)),"")) | G27: =IF($B27="","",IFERROR(INDEX(반품접수!$I$3:$I$1002,MATCH("R"&22,미처리현황!$M$6:$M$1005,0)),"")) | H27: =IF($B27="","",IFERROR(INDEX(반품접수!$N$3:$N$1002,MATCH("R"&22,미처리현황!$M$6:$M$1005,0)),"")) | I27: =IF($B27="","",IFERROR(INDEX(반품접수!$O$3:$O$1002,MATCH("R"&22,미처리현황!$M$6:$M$1005,0)),"")) | K27: =IF(반품접수!$A24="",FALSE(),OR(반품접수!$O24="미처리",반품접수!$O24="부분처리")) -> FALSE | L27: =IF($K27=FALSE(),"",COUNTIF($K$6:$K27,TRUE())) | M27: =IF($L27="","","R"&$L27)
A28: =IF($B28="","",23) | B28: =IFERROR(INDEX(반품접수!$A$3:$A$1002,MATCH("R"&23,미처리현황!$M$6:$M$1005,0)),"") | C28: =IF($B28="","",IFERROR(INDEX(반품접수!$B$3:$B$1002,MATCH("R"&23,미처리현황!$M$6:$M$1005,0)),"")) | D28: =IF($C28="","",TODAY()-$C28) | E28: =IF($B28="","",IFERROR(INDEX(반품접수!$C$3:$C$1002,MATCH("R"&23,미처리현황!$M$6:$M$1005,0)),"")) | F28: =IF($B28="","",IFERROR(INDEX(반품접수!$E$3:$E$1002,MATCH("R"&23,미처리현황!$M$6:$M$1005,0)),"")) | G28: =IF($B28="","",IFERROR(INDEX(반품접수!$I$3:$I$1002,MATCH("R"&23,미처리현황!$M$6:$M$1005,0)),"")) | H28: =IF($B28="","",IFERROR(INDEX(반품접수!$N$3:$N$1002,MATCH("R"&23,미처리현황!$M$6:$M$1005,0)),"")) | I28: =IF($B28="","",IFERROR(INDEX(반품접수!$O$3:$O$1002,MATCH("R"&23,미처리현황!$M$6:$M$1005,0)),"")) | K28: =IF(반품접수!$A25="",FALSE(),OR(반품접수!$O25="미처리",반품접수!$O25="부분처리")) -> FALSE | L28: =IF($K28=FALSE(),"",COUNTIF($K$6:$K28,TRUE())) | M28: =IF($L28="","","R"&$L28)
A29: =IF($B29="","",24) | B29: =IFERROR(INDEX(반품접수!$A$3:$A$1002,MATCH("R"&24,미처리현황!$M$6:$M$1005,0)),"") | C29: =IF($B29="","",IFERROR(INDEX(반품접수!$B$3:$B$1002,MATCH("R"&24,미처리현황!$M$6:$M$1005,0)),"")) | D29: =IF($C29="","",TODAY()-$C29) | E29: =IF($B29="","",IFERROR(INDEX(반품접수!$C$3:$C$1002,MATCH("R"&24,미처리현황!$M$6:$M$1005,0)),"")) | F29: =IF($B29="","",IFERROR(INDEX(반품접수!$E$3:$E$1002,MATCH("R"&24,미처리현황!$M$6:$M$1005,0)),"")) | G29: =IF($B29="","",IFERROR(INDEX(반품접수!$I$3:$I$1002,MATCH("R"&24,미처리현황!$M$6:$M$1005,0)),"")) | H29: =IF($B29="","",IFERROR(INDEX(반품접수!$N$3:$N$1002,MATCH("R"&24,미처리현황!$M$6:$M$1005,0)),"")) | I29: =IF($B29="","",IFERROR(INDEX(반품접수!$O$3:$O$1002,MATCH("R"&24,미처리현황!$M$6:$M$1005,0)),"")) | K29: =IF(반품접수!$A26="",FALSE(),OR(반품접수!$O26="미처리",반품접수!$O26="부분처리")) -> FALSE | L29: =IF($K29=FALSE(),"",COUNTIF($K$6:$K29,TRUE())) | M29: =IF($L29="","","R"&$L29)
A30: =IF($B30="","",25) | B30: =IFERROR(INDEX(반품접수!$A$3:$A$1002,MATCH("R"&25,미처리현황!$M$6:$M$1005,0)),"") | C30: =IF($B30="","",IFERROR(INDEX(반품접수!$B$3:$B$1002,MATCH("R"&25,미처리현황!$M$6:$M$1005,0)),"")) | D30: =IF($C30="","",TODAY()-$C30) | E30: =IF($B30="","",IFERROR(INDEX(반품접수!$C$3:$C$1002,MATCH("R"&25,미처리현황!$M$6:$M$1005,0)),"")) | F30: =IF($B30="","",IFERROR(INDEX(반품접수!$E$3:$E$1002,MATCH("R"&25,미처리현황!$M$6:$M$1005,0)),"")) | G30: =IF($B30="","",IFERROR(INDEX(반품접수!$I$3:$I$1002,MATCH("R"&25,미처리현황!$M$6:$M$1005,0)),"")) | H30: =IF($B30="","",IFERROR(INDEX(반품접수!$N$3:$N$1002,MATCH("R"&25,미처리현황!$M$6:$M$1005,0)),"")) | I30: =IF($B30="","",IFERROR(INDEX(반품접수!$O$3:$O$1002,MATCH("R"&25,미처리현황!$M$6:$M$1005,0)),"")) | K30: =IF(반품접수!$A27="",FALSE(),OR(반품접수!$O27="미처리",반품접수!$O27="부분처리")) -> FALSE | L30: =IF($K30=FALSE(),"",COUNTIF($K$6:$K30,TRUE())) | M30: =IF($L30="","","R"&$L30)
A31: =IF($B31="","",26) | B31: =IFERROR(INDEX(반품접수!$A$3:$A$1002,MATCH("R"&26,미처리현황!$M$6:$M$1005,0)),"") | C31: =IF($B31="","",IFERROR(INDEX(반품접수!$B$3:$B$1002,MATCH("R"&26,미처리현황!$M$6:$M$1005,0)),"")) | D31: =IF($C31="","",TODAY()-$C31) | E31: =IF($B31="","",IFERROR(INDEX(반품접수!$C$3:$C$1002,MATCH("R"&26,미처리현황!$M$6:$M$1005,0)),"")) | F31: =IF($B31="","",IFERROR(INDEX(반품접수!$E$3:$E$1002,MATCH("R"&26,미처리현황!$M$6:$M$1005,0)),"")) | G31: =IF($B31="","",IFERROR(INDEX(반품접수!$I$3:$I$1002,MATCH("R"&26,미처리현황!$M$6:$M$1005,0)),"")) | H31: =IF($B31="","",IFERROR(INDEX(반품접수!$N$3:$N$1002,MATCH("R"&26,미처리현황!$M$6:$M$1005,0)),"")) | I31: =IF($B31="","",IFERROR(INDEX(반품접수!$O$3:$O$1002,MATCH("R"&26,미처리현황!$M$6:$M$1005,0)),"")) | K31: =IF(반품접수!$A28="",FALSE(),OR(반품접수!$O28="미처리",반품접수!$O28="부분처리")) -> FALSE | L31: =IF($K31=FALSE(),"",COUNTIF($K$6:$K31,TRUE())) | M31: =IF($L31="","","R"&$L31)
A32: =IF($B32="","",27) | B32: =IFERROR(INDEX(반품접수!$A$3:$A$1002,MATCH("R"&27,미처리현황!$M$6:$M$1005,0)),"") | C32: =IF($B32="","",IFERROR(INDEX(반품접수!$B$3:$B$1002,MATCH("R"&27,미처리현황!$M$6:$M$1005,0)),"")) | D32: =IF($C32="","",TODAY()-$C32) | E32: =IF($B32="","",IFERROR(INDEX(반품접수!$C$3:$C$1002,MATCH("R"&27,미처리현황!$M$6:$M$1005,0)),"")) | F32: =IF($B32="","",IFERROR(INDEX(반품접수!$E$3:$E$1002,MATCH("R"&27,미처리현황!$M$6:$M$1005,0)),"")) | G32: =IF($B32="","",IFERROR(INDEX(반품접수!$I$3:$I$1002,MATCH("R"&27,미처리현황!$M$6:$M$1005,0)),"")) | H32: =IF($B32="","",IFERROR(INDEX(반품접수!$N$3:$N$1002,MATCH("R"&27,미처리현황!$M$6:$M$1005,0)),"")) | I32: =IF($B32="","",IFERROR(INDEX(반품접수!$O$3:$O$1002,MATCH("R"&27,미처리현황!$M$6:$M$1005,0)),"")) | K32: =IF(반품접수!$A29="",FALSE(),OR(반품접수!$O29="미처리",반품접수!$O29="부분처리")) -> FALSE | L32: =IF($K32=FALSE(),"",COUNTIF($K$6:$K32,TRUE())) | M32: =IF($L32="","","R"&$L32)
A33: =IF($B33="","",28) | B33: =IFERROR(INDEX(반품접수!$A$3:$A$1002,MATCH("R"&28,미처리현황!$M$6:$M$1005,0)),"") | C33: =IF($B33="","",IFERROR(INDEX(반품접수!$B$3:$B$1002,MATCH("R"&28,미처리현황!$M$6:$M$1005,0)),"")) | D33: =IF($C33="","",TODAY()-$C33) | E33: =IF($B33="","",IFERROR(INDEX(반품접수!$C$3:$C$1002,MATCH("R"&28,미처리현황!$M$6:$M$1005,0)),"")) | F33: =IF($B33="","",IFERROR(INDEX(반품접수!$E$3:$E$1002,MATCH("R"&28,미처리현황!$M$6:$M$1005,0)),"")) | G33: =IF($B33="","",IFERROR(INDEX(반품접수!$I$3:$I$1002,MATCH("R"&28,미처리현황!$M$6:$M$1005,0)),"")) | H33: =IF($B33="","",IFERROR(INDEX(반품접수!$N$3:$N$1002,MATCH("R"&28,미처리현황!$M$6:$M$1005,0)),"")) | I33: =IF($B33="","",IFERROR(INDEX(반품접수!$O$3:$O$1002,MATCH("R"&28,미처리현황!$M$6:$M$1005,0)),"")) | K33: =IF(반품접수!$A30="",FALSE(),OR(반품접수!$O30="미처리",반품접수!$O30="부분처리")) -> FALSE | L33: =IF($K33=FALSE(),"",COUNTIF($K$6:$K33,TRUE())) | M33: =IF($L33="","","R"&$L33)
A34: =IF($B34="","",29) | B34: =IFERROR(INDEX(반품접수!$A$3:$A$1002,MATCH("R"&29,미처리현황!$M$6:$M$1005,0)),"") | C34: =IF($B34="","",IFERROR(INDEX(반품접수!$B$3:$B$1002,MATCH("R"&29,미처리현황!$M$6:$M$1005,0)),"")) | D34: =IF($C34="","",TODAY()-$C34) | E34: =IF($B34="","",IFERROR(INDEX(반품접수!$C$3:$C$1002,MATCH("R"&29,미처리현황!$M$6:$M$1005,0)),"")) | F34: =IF($B34="","",IFERROR(INDEX(반품접수!$E$3:$E$1002,MATCH("R"&29,미처리현황!$M$6:$M$1005,0)),"")) | G34: =IF($B34="","",IFERROR(INDEX(반품접수!$I$3:$I$1002,MATCH("R"&29,미처리현황!$M$6:$M$1005,0)),"")) | H34: =IF($B34="","",IFERROR(INDEX(반품접수!$N$3:$N$1002,MATCH("R"&29,미처리현황!$M$6:$M$1005,0)),"")) | I34: =IF($B34="","",IFERROR(INDEX(반품접수!$O$3:$O$1002,MATCH("R"&29,미처리현황!$M$6:$M$1005,0)),"")) | K34: =IF(반품접수!$A31="",FALSE(),OR(반품접수!$O31="미처리",반품접수!$O31="부분처리")) -> FALSE | L34: =IF($K34=FALSE(),"",COUNTIF($K$6:$K34,TRUE())) | M34: =IF($L34="","","R"&$L34)
A35: =IF($B35="","",30) | B35: =IFERROR(INDEX(반품접수!$A$3:$A$1002,MATCH("R"&30,미처리현황!$M$6:$M$1005,0)),"") | C35: =IF($B35="","",IFERROR(INDEX(반품접수!$B$3:$B$1002,MATCH("R"&30,미처리현황!$M$6:$M$1005,0)),"")) | D35: =IF($C35="","",TODAY()-$C35) | E35: =IF($B35="","",IFERROR(INDEX(반품접수!$C$3:$C$1002,MATCH("R"&30,미처리현황!$M$6:$M$1005,0)),"")) | F35: =IF($B35="","",IFERROR(INDEX(반품접수!$E$3:$E$1002,MATCH("R"&30,미처리현황!$M$6:$M$1005,0)),"")) | G35: =IF($B35="","",IFERROR(INDEX(반품접수!$I$3:$I$1002,MATCH("R"&30,미처리현황!$M$6:$M$1005,0)),"")) | H35: =IF($B35="","",IFERROR(INDEX(반품접수!$N$3:$N$1002,MATCH("R"&30,미처리현황!$M$6:$M$1005,0)),"")) | I35: =IF($B35="","",IFERROR(INDEX(반품접수!$O$3:$O$1002,MATCH("R"&30,미처리현황!$M$6:$M$1005,0)),"")) | K35: =IF(반품접수!$A32="",FALSE(),OR(반품접수!$O32="미처리",반품접수!$O32="부분처리")) -> FALSE | L35: =IF($K35=FALSE(),"",COUNTIF($K$6:$K35,TRUE())) | M35: =IF($L35="","","R"&$L35)
A36: =IF($B36="","",31) | B36: =IFERROR(INDEX(반품접수!$A$3:$A$1002,MATCH("R"&31,미처리현황!$M$6:$M$1005,0)),"") | C36: =IF($B36="","",IFERROR(INDEX(반품접수!$B$3:$B$1002,MATCH("R"&31,미처리현황!$M$6:$M$1005,0)),"")) | D36: =IF($C36="","",TODAY()-$C36) | E36: =IF($B36="","",IFERROR(INDEX(반품접수!$C$3:$C$1002,MATCH("R"&31,미처리현황!$M$6:$M$1005,0)),"")) | F36: =IF($B36="","",IFERROR(INDEX(반품접수!$E$3:$E$1002,MATCH("R"&31,미처리현황!$M$6:$M$1005,0)),"")) | G36: =IF($B36="","",IFERROR(INDEX(반품접수!$I$3:$I$1002,MATCH("R"&31,미처리현황!$M$6:$M$1005,0)),"")) | H36: =IF($B36="","",IFERROR(INDEX(반품접수!$N$3:$N$1002,MATCH("R"&31,미처리현황!$M$6:$M$1005,0)),"")) | I36: =IF($B36="","",IFERROR(INDEX(반품접수!$O$3:$O$1002,MATCH("R"&31,미처리현황!$M$6:$M$1005,0)),"")) | K36: =IF(반품접수!$A33="",FALSE(),OR(반품접수!$O33="미처리",반품접수!$O33="부분처리")) -> FALSE | L36: =IF($K36=FALSE(),"",COUNTIF($K$6:$K36,TRUE())) | M36: =IF($L36="","","R"&$L36)
A37: =IF($B37="","",32) | B37: =IFERROR(INDEX(반품접수!$A$3:$A$1002,MATCH("R"&32,미처리현황!$M$6:$M$1005,0)),"") | C37: =IF($B37="","",IFERROR(INDEX(반품접수!$B$3:$B$1002,MATCH("R"&32,미처리현황!$M$6:$M$1005,0)),"")) | D37: =IF($C37="","",TODAY()-$C37) | E37: =IF($B37="","",IFERROR(INDEX(반품접수!$C$3:$C$1002,MATCH("R"&32,미처리현황!$M$6:$M$1005,0)),"")) | F37: =IF($B37="","",IFERROR(INDEX(반품접수!$E$3:$E$1002,MATCH("R"&32,미처리현황!$M$6:$M$1005,0)),"")) | G37: =IF($B37="","",IFERROR(INDEX(반품접수!$I$3:$I$1002,MATCH("R"&32,미처리현황!$M$6:$M$1005,0)),"")) | H37: =IF($B37="","",IFERROR(INDEX(반품접수!$N$3:$N$1002,MATCH("R"&32,미처리현황!$M$6:$M$1005,0)),"")) | I37: =IF($B37="","",IFERROR(INDEX(반품접수!$O$3:$O$1002,MATCH("R"&32,미처리현황!$M$6:$M$1005,0)),"")) | K37: =IF(반품접수!$A34="",FALSE(),OR(반품접수!$O34="미처리",반품접수!$O34="부분처리")) -> FALSE | L37: =IF($K37=FALSE(),"",COUNTIF($K$6:$K37,TRUE())) | M37: =IF($L37="","","R"&$L37)
A38: =IF($B38="","",33) | B38: =IFERROR(INDEX(반품접수!$A$3:$A$1002,MATCH("R"&33,미처리현황!$M$6:$M$1005,0)),"") | C38: =IF($B38="","",IFERROR(INDEX(반품접수!$B$3:$B$1002,MATCH("R"&33,미처리현황!$M$6:$M$1005,0)),"")) | D38: =IF($C38="","",TODAY()-$C38) | E38: =IF($B38="","",IFERROR(INDEX(반품접수!$C$3:$C$1002,MATCH("R"&33,미처리현황!$M$6:$M$1005,0)),"")) | F38: =IF($B38="","",IFERROR(INDEX(반품접수!$E$3:$E$1002,MATCH("R"&33,미처리현황!$M$6:$M$1005,0)),"")) | G38: =IF($B38="","",IFERROR(INDEX(반품접수!$I$3:$I$1002,MATCH("R"&33,미처리현황!$M$6:$M$1005,0)),"")) | H38: =IF($B38="","",IFERROR(INDEX(반품접수!$N$3:$N$1002,MATCH("R"&33,미처리현황!$M$6:$M$1005,0)),"")) | I38: =IF($B38="","",IFERROR(INDEX(반품접수!$O$3:$O$1002,MATCH("R"&33,미처리현황!$M$6:$M$1005,0)),"")) | K38: =IF(반품접수!$A35="",FALSE(),OR(반품접수!$O35="미처리",반품접수!$O35="부분처리")) -> FALSE | L38: =IF($K38=FALSE(),"",COUNTIF($K$6:$K38,TRUE())) | M38: =IF($L38="","","R"&$L38)
A39: =IF($B39="","",34) | B39: =IFERROR(INDEX(반품접수!$A$3:$A$1002,MATCH("R"&34,미처리현황!$M$6:$M$1005,0)),"") | C39: =IF($B39="","",IFERROR(INDEX(반품접수!$B$3:$B$1002,MATCH("R"&34,미처리현황!$M$6:$M$1005,0)),"")) | D39: =IF($C39="","",TODAY()-$C39) | E39: =IF($B39="","",IFERROR(INDEX(반품접수!$C$3:$C$1002,MATCH("R"&34,미처리현황!$M$6:$M$1005,0)),"")) | F39: =IF($B39="","",IFERROR(INDEX(반품접수!$E$3:$E$1002,MATCH("R"&34,미처리현황!$M$6:$M$1005,0)),"")) | G39: =IF($B39="","",IFERROR(INDEX(반품접수!$I$3:$I$1002,MATCH("R"&34,미처리현황!$M$6:$M$1005,0)),"")) | H39: =IF($B39="","",IFERROR(INDEX(반품접수!$N$3:$N$1002,MATCH("R"&34,미처리현황!$M$6:$M$1005,0)),"")) | I39: =IF($B39="","",IFERROR(INDEX(반품접수!$O$3:$O$1002,MATCH("R"&34,미처리현황!$M$6:$M$1005,0)),"")) | K39: =IF(반품접수!$A36="",FALSE(),OR(반품접수!$O36="미처리",반품접수!$O36="부분처리")) -> FALSE | L39: =IF($K39=FALSE(),"",COUNTIF($K$6:$K39,TRUE())) | M39: =IF($L39="","","R"&$L39)
A40: =IF($B40="","",35) | B40: =IFERROR(INDEX(반품접수!$A$3:$A$1002,MATCH("R"&35,미처리현황!$M$6:$M$1005,0)),"") | C40: =IF($B40="","",IFERROR(INDEX(반품접수!$B$3:$B$1002,MATCH("R"&35,미처리현황!$M$6:$M$1005,0)),"")) | D40: =IF($C40="","",TODAY()-$C40) | E40: =IF($B40="","",IFERROR(INDEX(반품접수!$C$3:$C$1002,MATCH("R"&35,미처리현황!$M$6:$M$1005,0)),"")) | F40: =IF($B40="","",IFERROR(INDEX(반품접수!$E$3:$E$1002,MATCH("R"&35,미처리현황!$M$6:$M$1005,0)),"")) | G40: =IF($B40="","",IFERROR(INDEX(반품접수!$I$3:$I$1002,MATCH("R"&35,미처리현황!$M$6:$M$1005,0)),"")) | H40: =IF($B40="","",IFERROR(INDEX(반품접수!$N$3:$N$1002,MATCH("R"&35,미처리현황!$M$6:$M$1005,0)),"")) | I40: =IF($B40="","",IFERROR(INDEX(반품접수!$O$3:$O$1002,MATCH("R"&35,미처리현황!$M$6:$M$1005,0)),"")) | K40: =IF(반품접수!$A37="",FALSE(),OR(반품접수!$O37="미처리",반품접수!$O37="부분처리")) -> FALSE | L40: =IF($K40=FALSE(),"",COUNTIF($K$6:$K40,TRUE())) | M40: =IF($L40="","","R"&$L40)
A41: =IF($B41="","",36) | B41: =IFERROR(INDEX(반품접수!$A$3:$A$1002,MATCH("R"&36,미처리현황!$M$6:$M$1005,0)),"") | C41: =IF($B41="","",IFERROR(INDEX(반품접수!$B$3:$B$1002,MATCH("R"&36,미처리현황!$M$6:$M$1005,0)),"")) | D41: =IF($C41="","",TODAY()-$C41) | E41: =IF($B41="","",IFERROR(INDEX(반품접수!$C$3:$C$1002,MATCH("R"&36,미처리현황!$M$6:$M$1005,0)),"")) | F41: =IF($B41="","",IFERROR(INDEX(반품접수!$E$3:$E$1002,MATCH("R"&36,미처리현황!$M$6:$M$1005,0)),"")) | G41: =IF($B41="","",IFERROR(INDEX(반품접수!$I$3:$I$1002,MATCH("R"&36,미처리현황!$M$6:$M$1005,0)),"")) | H41: =IF($B41="","",IFERROR(INDEX(반품접수!$N$3:$N$1002,MATCH("R"&36,미처리현황!$M$6:$M$1005,0)),"")) | I41: =IF($B41="","",IFERROR(INDEX(반품접수!$O$3:$O$1002,MATCH("R"&36,미처리현황!$M$6:$M$1005,0)),"")) | K41: =IF(반품접수!$A38="",FALSE(),OR(반품접수!$O38="미처리",반품접수!$O38="부분처리")) -> FALSE | L41: =IF($K41=FALSE(),"",COUNTIF($K$6:$K41,TRUE())) | M41: =IF($L41="","","R"&$L41)
A42: =IF($B42="","",37) | B42: =IFERROR(INDEX(반품접수!$A$3:$A$1002,MATCH("R"&37,미처리현황!$M$6:$M$1005,0)),"") | C42: =IF($B42="","",IFERROR(INDEX(반품접수!$B$3:$B$1002,MATCH("R"&37,미처리현황!$M$6:$M$1005,0)),"")) | D42: =IF($C42="","",TODAY()-$C42) | E42: =IF($B42="","",IFERROR(INDEX(반품접수!$C$3:$C$1002,MATCH("R"&37,미처리현황!$M$6:$M$1005,0)),"")) | F42: =IF($B42="","",IFERROR(INDEX(반품접수!$E$3:$E$1002,MATCH("R"&37,미처리현황!$M$6:$M$1005,0)),"")) | G42: =IF($B42="","",IFERROR(INDEX(반품접수!$I$3:$I$1002,MATCH("R"&37,미처리현황!$M$6:$M$1005,0)),"")) | H42: =IF($B42="","",IFERROR(INDEX(반품접수!$N$3:$N$1002,MATCH("R"&37,미처리현황!$M$6:$M$1005,0)),"")) | I42: =IF($B42="","",IFERROR(INDEX(반품접수!$O$3:$O$1002,MATCH("R"&37,미처리현황!$M$6:$M$1005,0)),"")) | K42: =IF(반품접수!$A39="",FALSE(),OR(반품접수!$O39="미처리",반품접수!$O39="부분처리")) -> FALSE | L42: =IF($K42=FALSE(),"",COUNTIF($K$6:$K42,TRUE())) | M42: =IF($L42="","","R"&$L42)
A43: =IF($B43="","",38) | B43: =IFERROR(INDEX(반품접수!$A$3:$A$1002,MATCH("R"&38,미처리현황!$M$6:$M$1005,0)),"") | C43: =IF($B43="","",IFERROR(INDEX(반품접수!$B$3:$B$1002,MATCH("R"&38,미처리현황!$M$6:$M$1005,0)),"")) | D43: =IF($C43="","",TODAY()-$C43) | E43: =IF($B43="","",IFERROR(INDEX(반품접수!$C$3:$C$1002,MATCH("R"&38,미처리현황!$M$6:$M$1005,0)),"")) | F43: =IF($B43="","",IFERROR(INDEX(반품접수!$E$3:$E$1002,MATCH("R"&38,미처리현황!$M$6:$M$1005,0)),"")) | G43: =IF($B43="","",IFERROR(INDEX(반품접수!$I$3:$I$1002,MATCH("R"&38,미처리현황!$M$6:$M$1005,0)),"")) | H43: =IF($B43="","",IFERROR(INDEX(반품접수!$N$3:$N$1002,MATCH("R"&38,미처리현황!$M$6:$M$1005,0)),"")) | I43: =IF($B43="","",IFERROR(INDEX(반품접수!$O$3:$O$1002,MATCH("R"&38,미처리현황!$M$6:$M$1005,0)),"")) | K43: =IF(반품접수!$A40="",FALSE(),OR(반품접수!$O40="미처리",반품접수!$O40="부분처리")) -> FALSE | L43: =IF($K43=FALSE(),"",COUNTIF($K$6:$K43,TRUE())) | M43: =IF($L43="","","R"&$L43)
A44: =IF($B44="","",39) | B44: =IFERROR(INDEX(반품접수!$A$3:$A$1002,MATCH("R"&39,미처리현황!$M$6:$M$1005,0)),"") | C44: =IF($B44="","",IFERROR(INDEX(반품접수!$B$3:$B$1002,MATCH("R"&39,미처리현황!$M$6:$M$1005,0)),"")) | D44: =IF($C44="","",TODAY()-$C44) | E44: =IF($B44="","",IFERROR(INDEX(반품접수!$C$3:$C$1002,MATCH("R"&39,미처리현황!$M$6:$M$1005,0)),"")) | F44: =IF($B44="","",IFERROR(INDEX(반품접수!$E$3:$E$1002,MATCH("R"&39,미처리현황!$M$6:$M$1005,0)),"")) | G44: =IF($B44="","",IFERROR(INDEX(반품접수!$I$3:$I$1002,MATCH("R"&39,미처리현황!$M$6:$M$1005,0)),"")) | H44: =IF($B44="","",IFERROR(INDEX(반품접수!$N$3:$N$1002,MATCH("R"&39,미처리현황!$M$6:$M$1005,0)),"")) | I44: =IF($B44="","",IFERROR(INDEX(반품접수!$O$3:$O$1002,MATCH("R"&39,미처리현황!$M$6:$M$1005,0)),"")) | K44: =IF(반품접수!$A41="",FALSE(),OR(반품접수!$O41="미처리",반품접수!$O41="부분처리")) -> FALSE | L44: =IF($K44=FALSE(),"",COUNTIF($K$6:$K44,TRUE())) | M44: =IF($L44="","","R"&$L44)
A45: =IF($B45="","",40) | B45: =IFERROR(INDEX(반품접수!$A$3:$A$1002,MATCH("R"&40,미처리현황!$M$6:$M$1005,0)),"") | C45: =IF($B45="","",IFERROR(INDEX(반품접수!$B$3:$B$1002,MATCH("R"&40,미처리현황!$M$6:$M$1005,0)),"")) | D45: =IF($C45="","",TODAY()-$C45) | E45: =IF($B45="","",IFERROR(INDEX(반품접수!$C$3:$C$1002,MATCH("R"&40,미처리현황!$M$6:$M$1005,0)),"")) | F45: =IF($B45="","",IFERROR(INDEX(반품접수!$E$3:$E$1002,MATCH("R"&40,미처리현황!$M$6:$M$1005,0)),"")) | G45: =IF($B45="","",IFERROR(INDEX(반품접수!$I$3:$I$1002,MATCH("R"&40,미처리현황!$M$6:$M$1005,0)),"")) | H45: =IF($B45="","",IFERROR(INDEX(반품접수!$N$3:$N$1002,MATCH("R"&40,미처리현황!$M$6:$M$1005,0)),"")) | I45: =IF($B45="","",IFERROR(INDEX(반품접수!$O$3:$O$1002,MATCH("R"&40,미처리현황!$M$6:$M$1005,0)),"")) | K45: =IF(반품접수!$A42="",FALSE(),OR(반품접수!$O42="미처리",반품접수!$O42="부분처리")) -> FALSE | L45: =IF($K45=FALSE(),"",COUNTIF($K$6:$K45,TRUE())) | M45: =IF($L45="","","R"&$L45)
A46: =IF($B46="","",41) | B46: =IFERROR(INDEX(반품접수!$A$3:$A$1002,MATCH("R"&41,미처리현황!$M$6:$M$1005,0)),"") | C46: =IF($B46="","",IFERROR(INDEX(반품접수!$B$3:$B$1002,MATCH("R"&41,미처리현황!$M$6:$M$1005,0)),"")) | D46: =IF($C46="","",TODAY()-$C46) | E46: =IF($B46="","",IFERROR(INDEX(반품접수!$C$3:$C$1002,MATCH("R"&41,미처리현황!$M$6:$M$1005,0)),"")) | F46: =IF($B46="","",IFERROR(INDEX(반품접수!$E$3:$E$1002,MATCH("R"&41,미처리현황!$M$6:$M$1005,0)),"")) | G46: =IF($B46="","",IFERROR(INDEX(반품접수!$I$3:$I$1002,MATCH("R"&41,미처리현황!$M$6:$M$1005,0)),"")) | H46: =IF($B46="","",IFERROR(INDEX(반품접수!$N$3:$N$1002,MATCH("R"&41,미처리현황!$M$6:$M$1005,0)),"")) | I46: =IF($B46="","",IFERROR(INDEX(반품접수!$O$3:$O$1002,MATCH("R"&41,미처리현황!$M$6:$M$1005,0)),"")) | K46: =IF(반품접수!$A43="",FALSE(),OR(반품접수!$O43="미처리",반품접수!$O43="부분처리")) -> FALSE | L46: =IF($K46=FALSE(),"",COUNTIF($K$6:$K46,TRUE())) | M46: =IF($L46="","","R"&$L46)
A47: =IF($B47="","",42) | B47: =IFERROR(INDEX(반품접수!$A$3:$A$1002,MATCH("R"&42,미처리현황!$M$6:$M$1005,0)),"") | C47: =IF($B47="","",IFERROR(INDEX(반품접수!$B$3:$B$1002,MATCH("R"&42,미처리현황!$M$6:$M$1005,0)),"")) | D47: =IF($C47="","",TODAY()-$C47) | E47: =IF($B47="","",IFERROR(INDEX(반품접수!$C$3:$C$1002,MATCH("R"&42,미처리현황!$M$6:$M$1005,0)),"")) | F47: =IF($B47="","",IFERROR(INDEX(반품접수!$E$3:$E$1002,MATCH("R"&42,미처리현황!$M$6:$M$1005,0)),"")) | G47: =IF($B47="","",IFERROR(INDEX(반품접수!$I$3:$I$1002,MATCH("R"&42,미처리현황!$M$6:$M$1005,0)),"")) | H47: =IF($B47="","",IFERROR(INDEX(반품접수!$N$3:$N$1002,MATCH("R"&42,미처리현황!$M$6:$M$1005,0)),"")) | I47: =IF($B47="","",IFERROR(INDEX(반품접수!$O$3:$O$1002,MATCH("R"&42,미처리현황!$M$6:$M$1005,0)),"")) | K47: =IF(반품접수!$A44="",FALSE(),OR(반품접수!$O44="미처리",반품접수!$O44="부분처리")) -> FALSE | L47: =IF($K47=FALSE(),"",COUNTIF($K$6:$K47,TRUE())) | M47: =IF($L47="","","R"&$L47)
A48: =IF($B48="","",43) | B48: =IFERROR(INDEX(반품접수!$A$3:$A$1002,MATCH("R"&43,미처리현황!$M$6:$M$1005,0)),"") | C48: =IF($B48="","",IFERROR(INDEX(반품접수!$B$3:$B$1002,MATCH("R"&43,미처리현황!$M$6:$M$1005,0)),"")) | D48: =IF($C48="","",TODAY()-$C48) | E48: =IF($B48="","",IFERROR(INDEX(반품접수!$C$3:$C$1002,MATCH("R"&43,미처리현황!$M$6:$M$1005,0)),"")) | F48: =IF($B48="","",IFERROR(INDEX(반품접수!$E$3:$E$1002,MATCH("R"&43,미처리현황!$M$6:$M$1005,0)),"")) | G48: =IF($B48="","",IFERROR(INDEX(반품접수!$I$3:$I$1002,MATCH("R"&43,미처리현황!$M$6:$M$1005,0)),"")) | H48: =IF($B48="","",IFERROR(INDEX(반품접수!$N$3:$N$1002,MATCH("R"&43,미처리현황!$M$6:$M$1005,0)),"")) | I48: =IF($B48="","",IFERROR(INDEX(반품접수!$O$3:$O$1002,MATCH("R"&43,미처리현황!$M$6:$M$1005,0)),"")) | K48: =IF(반품접수!$A45="",FALSE(),OR(반품접수!$O45="미처리",반품접수!$O45="부분처리")) -> FALSE | L48: =IF($K48=FALSE(),"",COUNTIF($K$6:$K48,TRUE())) | M48: =IF($L48="","","R"&$L48)
A49: =IF($B49="","",44) | B49: =IFERROR(INDEX(반품접수!$A$3:$A$1002,MATCH("R"&44,미처리현황!$M$6:$M$1005,0)),"") | C49: =IF($B49="","",IFERROR(INDEX(반품접수!$B$3:$B$1002,MATCH("R"&44,미처리현황!$M$6:$M$1005,0)),"")) | D49: =IF($C49="","",TODAY()-$C49) | E49: =IF($B49="","",IFERROR(INDEX(반품접수!$C$3:$C$1002,MATCH("R"&44,미처리현황!$M$6:$M$1005,0)),"")) | F49: =IF($B49="","",IFERROR(INDEX(반품접수!$E$3:$E$1002,MATCH("R"&44,미처리현황!$M$6:$M$1005,0)),"")) | G49: =IF($B49="","",IFERROR(INDEX(반품접수!$I$3:$I$1002,MATCH("R"&44,미처리현황!$M$6:$M$1005,0)),"")) | H49: =IF($B49="","",IFERROR(INDEX(반품접수!$N$3:$N$1002,MATCH("R"&44,미처리현황!$M$6:$M$1005,0)),"")) | I49: =IF($B49="","",IFERROR(INDEX(반품접수!$O$3:$O$1002,MATCH("R"&44,미처리현황!$M$6:$M$1005,0)),"")) | K49: =IF(반품접수!$A46="",FALSE(),OR(반품접수!$O46="미처리",반품접수!$O46="부분처리")) -> FALSE | L49: =IF($K49=FALSE(),"",COUNTIF($K$6:$K49,TRUE())) | M49: =IF($L49="","","R"&$L49)
A50: =IF($B50="","",45) | B50: =IFERROR(INDEX(반품접수!$A$3:$A$1002,MATCH("R"&45,미처리현황!$M$6:$M$1005,0)),"") | C50: =IF($B50="","",IFERROR(INDEX(반품접수!$B$3:$B$1002,MATCH("R"&45,미처리현황!$M$6:$M$1005,0)),"")) | D50: =IF($C50="","",TODAY()-$C50) | E50: =IF($B50="","",IFERROR(INDEX(반품접수!$C$3:$C$1002,MATCH("R"&45,미처리현황!$M$6:$M$1005,0)),"")) | F50: =IF($B50="","",IFERROR(INDEX(반품접수!$E$3:$E$1002,MATCH("R"&45,미처리현황!$M$6:$M$1005,0)),"")) | G50: =IF($B50="","",IFERROR(INDEX(반품접수!$I$3:$I$1002,MATCH("R"&45,미처리현황!$M$6:$M$1005,0)),"")) | H50: =IF($B50="","",IFERROR(INDEX(반품접수!$N$3:$N$1002,MATCH("R"&45,미처리현황!$M$6:$M$1005,0)),"")) | I50: =IF($B50="","",IFERROR(INDEX(반품접수!$O$3:$O$1002,MATCH("R"&45,미처리현황!$M$6:$M$1005,0)),"")) | K50: =IF(반품접수!$A47="",FALSE(),OR(반품접수!$O47="미처리",반품접수!$O47="부분처리")) -> FALSE | L50: =IF($K50=FALSE(),"",COUNTIF($K$6:$K50,TRUE())) | M50: =IF($L50="","","R"&$L50)
A51: =IF($B51="","",46) | B51: =IFERROR(INDEX(반품접수!$A$3:$A$1002,MATCH("R"&46,미처리현황!$M$6:$M$1005,0)),"") | C51: =IF($B51="","",IFERROR(INDEX(반품접수!$B$3:$B$1002,MATCH("R"&46,미처리현황!$M$6:$M$1005,0)),"")) | D51: =IF($C51="","",TODAY()-$C51) | E51: =IF($B51="","",IFERROR(INDEX(반품접수!$C$3:$C$1002,MATCH("R"&46,미처리현황!$M$6:$M$1005,0)),"")) | F51: =IF($B51="","",IFERROR(INDEX(반품접수!$E$3:$E$1002,MATCH("R"&46,미처리현황!$M$6:$M$1005,0)),"")) | G51: =IF($B51="","",IFERROR(INDEX(반품접수!$I$3:$I$1002,MATCH("R"&46,미처리현황!$M$6:$M$1005,0)),"")) | H51: =IF($B51="","",IFERROR(INDEX(반품접수!$N$3:$N$1002,MATCH("R"&46,미처리현황!$M$6:$M$1005,0)),"")) | I51: =IF($B51="","",IFERROR(INDEX(반품접수!$O$3:$O$1002,MATCH("R"&46,미처리현황!$M$6:$M$1005,0)),"")) | K51: =IF(반품접수!$A48="",FALSE(),OR(반품접수!$O48="미처리",반품접수!$O48="부분처리")) -> FALSE | L51: =IF($K51=FALSE(),"",COUNTIF($K$6:$K51,TRUE())) | M51: =IF($L51="","","R"&$L51)
A52: =IF($B52="","",47) | B52: =IFERROR(INDEX(반품접수!$A$3:$A$1002,MATCH("R"&47,미처리현황!$M$6:$M$1005,0)),"") | C52: =IF($B52="","",IFERROR(INDEX(반품접수!$B$3:$B$1002,MATCH("R"&47,미처리현황!$M$6:$M$1005,0)),"")) | D52: =IF($C52="","",TODAY()-$C52) | E52: =IF($B52="","",IFERROR(INDEX(반품접수!$C$3:$C$1002,MATCH("R"&47,미처리현황!$M$6:$M$1005,0)),"")) | F52: =IF($B52="","",IFERROR(INDEX(반품접수!$E$3:$E$1002,MATCH("R"&47,미처리현황!$M$6:$M$1005,0)),"")) | G52: =IF($B52="","",IFERROR(INDEX(반품접수!$I$3:$I$1002,MATCH("R"&47,미처리현황!$M$6:$M$1005,0)),"")) | H52: =IF($B52="","",IFERROR(INDEX(반품접수!$N$3:$N$1002,MATCH("R"&47,미처리현황!$M$6:$M$1005,0)),"")) | I52: =IF($B52="","",IFERROR(INDEX(반품접수!$O$3:$O$1002,MATCH("R"&47,미처리현황!$M$6:$M$1005,0)),"")) | K52: =IF(반품접수!$A49="",FALSE(),OR(반품접수!$O49="미처리",반품접수!$O49="부분처리")) -> FALSE | L52: =IF($K52=FALSE(),"",COUNTIF($K$6:$K52,TRUE())) | M52: =IF($L52="","","R"&$L52)
A53: =IF($B53="","",48) | B53: =IFERROR(INDEX(반품접수!$A$3:$A$1002,MATCH("R"&48,미처리현황!$M$6:$M$1005,0)),"") | C53: =IF($B53="","",IFERROR(INDEX(반품접수!$B$3:$B$1002,MATCH("R"&48,미처리현황!$M$6:$M$1005,0)),"")) | D53: =IF($C53="","",TODAY()-$C53) | E53: =IF($B53="","",IFERROR(INDEX(반품접수!$C$3:$C$1002,MATCH("R"&48,미처리현황!$M$6:$M$1005,0)),"")) | F53: =IF($B53="","",IFERROR(INDEX(반품접수!$E$3:$E$1002,MATCH("R"&48,미처리현황!$M$6:$M$1005,0)),"")) | G53: =IF($B53="","",IFERROR(INDEX(반품접수!$I$3:$I$1002,MATCH("R"&48,미처리현황!$M$6:$M$1005,0)),"")) | H53: =IF($B53="","",IFERROR(INDEX(반품접수!$N$3:$N$1002,MATCH("R"&48,미처리현황!$M$6:$M$1005,0)),"")) | I53: =IF($B53="","",IFERROR(INDEX(반품접수!$O$3:$O$1002,MATCH("R"&48,미처리현황!$M$6:$M$1005,0)),"")) | K53: =IF(반품접수!$A50="",FALSE(),OR(반품접수!$O50="미처리",반품접수!$O50="부분처리")) -> FALSE | L53: =IF($K53=FALSE(),"",COUNTIF($K$6:$K53,TRUE())) | M53: =IF($L53="","","R"&$L53)
A54: =IF($B54="","",49) | B54: =IFERROR(INDEX(반품접수!$A$3:$A$1002,MATCH("R"&49,미처리현황!$M$6:$M$1005,0)),"") | C54: =IF($B54="","",IFERROR(INDEX(반품접수!$B$3:$B$1002,MATCH("R"&49,미처리현황!$M$6:$M$1005,0)),"")) | D54: =IF($C54="","",TODAY()-$C54) | E54: =IF($B54="","",IFERROR(INDEX(반품접수!$C$3:$C$1002,MATCH("R"&49,미처리현황!$M$6:$M$1005,0)),"")) | F54: =IF($B54="","",IFERROR(INDEX(반품접수!$E$3:$E$1002,MATCH("R"&49,미처리현황!$M$6:$M$1005,0)),"")) | G54: =IF($B54="","",IFERROR(INDEX(반품접수!$I$3:$I$1002,MATCH("R"&49,미처리현황!$M$6:$M$1005,0)),"")) | H54: =IF($B54="","",IFERROR(INDEX(반품접수!$N$3:$N$1002,MATCH("R"&49,미처리현황!$M$6:$M$1005,0)),"")) | I54: =IF($B54="","",IFERROR(INDEX(반품접수!$O$3:$O$1002,MATCH("R"&49,미처리현황!$M$6:$M$1005,0)),"")) | K54: =IF(반품접수!$A51="",FALSE(),OR(반품접수!$O51="미처리",반품접수!$O51="부분처리")) -> FALSE | L54: =IF($K54=FALSE(),"",COUNTIF($K$6:$K54,TRUE())) | M54: =IF($L54="","","R"&$L54)
A55: =IF($B55="","",50) | B55: =IFERROR(INDEX(반품접수!$A$3:$A$1002,MATCH("R"&50,미처리현황!$M$6:$M$1005,0)),"") | C55: =IF($B55="","",IFERROR(INDEX(반품접수!$B$3:$B$1002,MATCH("R"&50,미처리현황!$M$6:$M$1005,0)),"")) | D55: =IF($C55="","",TODAY()-$C55) | E55: =IF($B55="","",IFERROR(INDEX(반품접수!$C$3:$C$1002,MATCH("R"&50,미처리현황!$M$6:$M$1005,0)),"")) | F55: =IF($B55="","",IFERROR(INDEX(반품접수!$E$3:$E$1002,MATCH("R"&50,미처리현황!$M$6:$M$1005,0)),"")) | G55: =IF($B55="","",IFERROR(INDEX(반품접수!$I$3:$I$1002,MATCH("R"&50,미처리현황!$M$6:$M$1005,0)),"")) | H55: =IF($B55="","",IFERROR(INDEX(반품접수!$N$3:$N$1002,MATCH("R"&50,미처리현황!$M$6:$M$1005,0)),"")) | I55: =IF($B55="","",IFERROR(INDEX(반품접수!$O$3:$O$1002,MATCH("R"&50,미처리현황!$M$6:$M$1005,0)),"")) | K55: =IF(반품접수!$A52="",FALSE(),OR(반품접수!$O52="미처리",반품접수!$O52="부분처리")) -> FALSE | L55: =IF($K55=FALSE(),"",COUNTIF($K$6:$K55,TRUE())) | M55: =IF($L55="","","R"&$L55)
A56: =IF($B56="","",51) | B56: =IFERROR(INDEX(반품접수!$A$3:$A$1002,MATCH("R"&51,미처리현황!$M$6:$M$1005,0)),"") | C56: =IF($B56="","",IFERROR(INDEX(반품접수!$B$3:$B$1002,MATCH("R"&51,미처리현황!$M$6:$M$1005,0)),"")) | D56: =IF($C56="","",TODAY()-$C56) | E56: =IF($B56="","",IFERROR(INDEX(반품접수!$C$3:$C$1002,MATCH("R"&51,미처리현황!$M$6:$M$1005,0)),"")) | F56: =IF($B56="","",IFERROR(INDEX(반품접수!$E$3:$E$1002,MATCH("R"&51,미처리현황!$M$6:$M$1005,0)),"")) | G56: =IF($B56="","",IFERROR(INDEX(반품접수!$I$3:$I$1002,MATCH("R"&51,미처리현황!$M$6:$M$1005,0)),"")) | H56: =IF($B56="","",IFERROR(INDEX(반품접수!$N$3:$N$1002,MATCH("R"&51,미처리현황!$M$6:$M$1005,0)),"")) | I56: =IF($B56="","",IFERROR(INDEX(반품접수!$O$3:$O$1002,MATCH("R"&51,미처리현황!$M$6:$M$1005,0)),"")) | K56: =IF(반품접수!$A53="",FALSE(),OR(반품접수!$O53="미처리",반품접수!$O53="부분처리")) -> FALSE | L56: =IF($K56=FALSE(),"",COUNTIF($K$6:$K56,TRUE())) | M56: =IF($L56="","","R"&$L56)
A57: =IF($B57="","",52) | B57: =IFERROR(INDEX(반품접수!$A$3:$A$1002,MATCH("R"&52,미처리현황!$M$6:$M$1005,0)),"") | C57: =IF($B57="","",IFERROR(INDEX(반품접수!$B$3:$B$1002,MATCH("R"&52,미처리현황!$M$6:$M$1005,0)),"")) | D57: =IF($C57="","",TODAY()-$C57) | E57: =IF($B57="","",IFERROR(INDEX(반품접수!$C$3:$C$1002,MATCH("R"&52,미처리현황!$M$6:$M$1005,0)),"")) | F57: =IF($B57="","",IFERROR(INDEX(반품접수!$E$3:$E$1002,MATCH("R"&52,미처리현황!$M$6:$M$1005,0)),"")) | G57: =IF($B57="","",IFERROR(INDEX(반품접수!$I$3:$I$1002,MATCH("R"&52,미처리현황!$M$6:$M$1005,0)),"")) | H57: =IF($B57="","",IFERROR(INDEX(반품접수!$N$3:$N$1002,MATCH("R"&52,미처리현황!$M$6:$M$1005,0)),"")) | I57: =IF($B57="","",IFERROR(INDEX(반품접수!$O$3:$O$1002,MATCH("R"&52,미처리현황!$M$6:$M$1005,0)),"")) | K57: =IF(반품접수!$A54="",FALSE(),OR(반품접수!$O54="미처리",반품접수!$O54="부분처리")) -> FALSE | L57: =IF($K57=FALSE(),"",COUNTIF($K$6:$K57,TRUE())) | M57: =IF($L57="","","R"&$L57)
A58: =IF($B58="","",53) | B58: =IFERROR(INDEX(반품접수!$A$3:$A$1002,MATCH("R"&53,미처리현황!$M$6:$M$1005,0)),"") | C58: =IF($B58="","",IFERROR(INDEX(반품접수!$B$3:$B$1002,MATCH("R"&53,미처리현황!$M$6:$M$1005,0)),"")) | D58: =IF($C58="","",TODAY()-$C58) | E58: =IF($B58="","",IFERROR(INDEX(반품접수!$C$3:$C$1002,MATCH("R"&53,미처리현황!$M$6:$M$1005,0)),"")) | F58: =IF($B58="","",IFERROR(INDEX(반품접수!$E$3:$E$1002,MATCH("R"&53,미처리현황!$M$6:$M$1005,0)),"")) | G58: =IF($B58="","",IFERROR(INDEX(반품접수!$I$3:$I$1002,MATCH("R"&53,미처리현황!$M$6:$M$1005,0)),"")) | H58: =IF($B58="","",IFERROR(INDEX(반품접수!$N$3:$N$1002,MATCH("R"&53,미처리현황!$M$6:$M$1005,0)),"")) | I58: =IF($B58="","",IFERROR(INDEX(반품접수!$O$3:$O$1002,MATCH("R"&53,미처리현황!$M$6:$M$1005,0)),"")) | K58: =IF(반품접수!$A55="",FALSE(),OR(반품접수!$O55="미처리",반품접수!$O55="부분처리")) -> FALSE | L58: =IF($K58=FALSE(),"",COUNTIF($K$6:$K58,TRUE())) | M58: =IF($L58="","","R"&$L58)
A59: =IF($B59="","",54) | B59: =IFERROR(INDEX(반품접수!$A$3:$A$1002,MATCH("R"&54,미처리현황!$M$6:$M$1005,0)),"") | C59: =IF($B59="","",IFERROR(INDEX(반품접수!$B$3:$B$1002,MATCH("R"&54,미처리현황!$M$6:$M$1005,0)),"")) | D59: =IF($C59="","",TODAY()-$C59) | E59: =IF($B59="","",IFERROR(INDEX(반품접수!$C$3:$C$1002,MATCH("R"&54,미처리현황!$M$6:$M$1005,0)),"")) | F59: =IF($B59="","",IFERROR(INDEX(반품접수!$E$3:$E$1002,MATCH("R"&54,미처리현황!$M$6:$M$1005,0)),"")) | G59: =IF($B59="","",IFERROR(INDEX(반품접수!$I$3:$I$1002,MATCH("R"&54,미처리현황!$M$6:$M$1005,0)),"")) | H59: =IF($B59="","",IFERROR(INDEX(반품접수!$N$3:$N$1002,MATCH("R"&54,미처리현황!$M$6:$M$1005,0)),"")) | I59: =IF($B59="","",IFERROR(INDEX(반품접수!$O$3:$O$1002,MATCH("R"&54,미처리현황!$M$6:$M$1005,0)),"")) | K59: =IF(반품접수!$A56="",FALSE(),OR(반품접수!$O56="미처리",반품접수!$O56="부분처리")) -> FALSE | L59: =IF($K59=FALSE(),"",COUNTIF($K$6:$K59,TRUE())) | M59: =IF($L59="","","R"&$L59)
A60: =IF($B60="","",55) | B60: =IFERROR(INDEX(반품접수!$A$3:$A$1002,MATCH("R"&55,미처리현황!$M$6:$M$1005,0)),"") | C60: =IF($B60="","",IFERROR(INDEX(반품접수!$B$3:$B$1002,MATCH("R"&55,미처리현황!$M$6:$M$1005,0)),"")) | D60: =IF($C60="","",TODAY()-$C60) | E60: =IF($B60="","",IFERROR(INDEX(반품접수!$C$3:$C$1002,MATCH("R"&55,미처리현황!$M$6:$M$1005,0)),"")) | F60: =IF($B60="","",IFERROR(INDEX(반품접수!$E$3:$E$1002,MATCH("R"&55,미처리현황!$M$6:$M$1005,0)),"")) | G60: =IF($B60="","",IFERROR(INDEX(반품접수!$I$3:$I$1002,MATCH("R"&55,미처리현황!$M$6:$M$1005,0)),"")) | H60: =IF($B60="","",IFERROR(INDEX(반품접수!$N$3:$N$1002,MATCH("R"&55,미처리현황!$M$6:$M$1005,0)),"")) | I60: =IF($B60="","",IFERROR(INDEX(반품접수!$O$3:$O$1002,MATCH("R"&55,미처리현황!$M$6:$M$1005,0)),"")) | K60: =IF(반품접수!$A57="",FALSE(),OR(반품접수!$O57="미처리",반품접수!$O57="부분처리")) -> FALSE | L60: =IF($K60=FALSE(),"",COUNTIF($K$6:$K60,TRUE())) | M60: =IF($L60="","","R"&$L60)
A61: =IF($B61="","",56) | B61: =IFERROR(INDEX(반품접수!$A$3:$A$1002,MATCH("R"&56,미처리현황!$M$6:$M$1005,0)),"") | C61: =IF($B61="","",IFERROR(INDEX(반품접수!$B$3:$B$1002,MATCH("R"&56,미처리현황!$M$6:$M$1005,0)),"")) | D61: =IF($C61="","",TODAY()-$C61) | E61: =IF($B61="","",IFERROR(INDEX(반품접수!$C$3:$C$1002,MATCH("R"&56,미처리현황!$M$6:$M$1005,0)),"")) | F61: =IF($B61="","",IFERROR(INDEX(반품접수!$E$3:$E$1002,MATCH("R"&56,미처리현황!$M$6:$M$1005,0)),"")) | G61: =IF($B61="","",IFERROR(INDEX(반품접수!$I$3:$I$1002,MATCH("R"&56,미처리현황!$M$6:$M$1005,0)),"")) | H61: =IF($B61="","",IFERROR(INDEX(반품접수!$N$3:$N$1002,MATCH("R"&56,미처리현황!$M$6:$M$1005,0)),"")) | I61: =IF($B61="","",IFERROR(INDEX(반품접수!$O$3:$O$1002,MATCH("R"&56,미처리현황!$M$6:$M$1005,0)),"")) | K61: =IF(반품접수!$A58="",FALSE(),OR(반품접수!$O58="미처리",반품접수!$O58="부분처리")) -> FALSE | L61: =IF($K61=FALSE(),"",COUNTIF($K$6:$K61,TRUE())) | M61: =IF($L61="","","R"&$L61)
A62: =IF($B62="","",57) | B62: =IFERROR(INDEX(반품접수!$A$3:$A$1002,MATCH("R"&57,미처리현황!$M$6:$M$1005,0)),"") | C62: =IF($B62="","",IFERROR(INDEX(반품접수!$B$3:$B$1002,MATCH("R"&57,미처리현황!$M$6:$M$1005,0)),"")) | D62: =IF($C62="","",TODAY()-$C62) | E62: =IF($B62="","",IFERROR(INDEX(반품접수!$C$3:$C$1002,MATCH("R"&57,미처리현황!$M$6:$M$1005,0)),"")) | F62: =IF($B62="","",IFERROR(INDEX(반품접수!$E$3:$E$1002,MATCH("R"&57,미처리현황!$M$6:$M$1005,0)),"")) | G62: =IF($B62="","",IFERROR(INDEX(반품접수!$I$3:$I$1002,MATCH("R"&57,미처리현황!$M$6:$M$1005,0)),"")) | H62: =IF($B62="","",IFERROR(INDEX(반품접수!$N$3:$N$1002,MATCH("R"&57,미처리현황!$M$6:$M$1005,0)),"")) | I62: =IF($B62="","",IFERROR(INDEX(반품접수!$O$3:$O$1002,MATCH("R"&57,미처리현황!$M$6:$M$1005,0)),"")) | K62: =IF(반품접수!$A59="",FALSE(),OR(반품접수!$O59="미처리",반품접수!$O59="부분처리")) -> FALSE | L62: =IF($K62=FALSE(),"",COUNTIF($K$6:$K62,TRUE())) | M62: =IF($L62="","","R"&$L62)
A63: =IF($B63="","",58) | B63: =IFERROR(INDEX(반품접수!$A$3:$A$1002,MATCH("R"&58,미처리현황!$M$6:$M$1005,0)),"") | C63: =IF($B63="","",IFERROR(INDEX(반품접수!$B$3:$B$1002,MATCH("R"&58,미처리현황!$M$6:$M$1005,0)),"")) | D63: =IF($C63="","",TODAY()-$C63) | E63: =IF($B63="","",IFERROR(INDEX(반품접수!$C$3:$C$1002,MATCH("R"&58,미처리현황!$M$6:$M$1005,0)),"")) | F63: =IF($B63="","",IFERROR(INDEX(반품접수!$E$3:$E$1002,MATCH("R"&58,미처리현황!$M$6:$M$1005,0)),"")) | G63: =IF($B63="","",IFERROR(INDEX(반품접수!$I$3:$I$1002,MATCH("R"&58,미처리현황!$M$6:$M$1005,0)),"")) | H63: =IF($B63="","",IFERROR(INDEX(반품접수!$N$3:$N$1002,MATCH("R"&58,미처리현황!$M$6:$M$1005,0)),"")) | I63: =IF($B63="","",IFERROR(INDEX(반품접수!$O$3:$O$1002,MATCH("R"&58,미처리현황!$M$6:$M$1005,0)),"")) | K63: =IF(반품접수!$A60="",FALSE(),OR(반품접수!$O60="미처리",반품접수!$O60="부분처리")) -> FALSE | L63: =IF($K63=FALSE(),"",COUNTIF($K$6:$K63,TRUE())) | M63: =IF($L63="","","R"&$L63)
A64: =IF($B64="","",59) | B64: =IFERROR(INDEX(반품접수!$A$3:$A$1002,MATCH("R"&59,미처리현황!$M$6:$M$1005,0)),"") | C64: =IF($B64="","",IFERROR(INDEX(반품접수!$B$3:$B$1002,MATCH("R"&59,미처리현황!$M$6:$M$1005,0)),"")) | D64: =IF($C64="","",TODAY()-$C64) | E64: =IF($B64="","",IFERROR(INDEX(반품접수!$C$3:$C$1002,MATCH("R"&59,미처리현황!$M$6:$M$1005,0)),"")) | F64: =IF($B64="","",IFERROR(INDEX(반품접수!$E$3:$E$1002,MATCH("R"&59,미처리현황!$M$6:$M$1005,0)),"")) | G64: =IF($B64="","",IFERROR(INDEX(반품접수!$I$3:$I$1002,MATCH("R"&59,미처리현황!$M$6:$M$1005,0)),"")) | H64: =IF($B64="","",IFERROR(INDEX(반품접수!$N$3:$N$1002,MATCH("R"&59,미처리현황!$M$6:$M$1005,0)),"")) | I64: =IF($B64="","",IFERROR(INDEX(반품접수!$O$3:$O$1002,MATCH("R"&59,미처리현황!$M$6:$M$1005,0)),"")) | K64: =IF(반품접수!$A61="",FALSE(),OR(반품접수!$O61="미처리",반품접수!$O61="부분처리")) -> FALSE | L64: =IF($K64=FALSE(),"",COUNTIF($K$6:$K64,TRUE())) | M64: =IF($L64="","","R"&$L64)
A65: =IF($B65="","",60) | B65: =IFERROR(INDEX(반품접수!$A$3:$A$1002,MATCH("R"&60,미처리현황!$M$6:$M$1005,0)),"") | C65: =IF($B65="","",IFERROR(INDEX(반품접수!$B$3:$B$1002,MATCH("R"&60,미처리현황!$M$6:$M$1005,0)),"")) | D65: =IF($C65="","",TODAY()-$C65) | E65: =IF($B65="","",IFERROR(INDEX(반품접수!$C$3:$C$1002,MATCH("R"&60,미처리현황!$M$6:$M$1005,0)),"")) | F65: =IF($B65="","",IFERROR(INDEX(반품접수!$E$3:$E$1002,MATCH("R"&60,미처리현황!$M$6:$M$1005,0)),"")) | G65: =IF($B65="","",IFERROR(INDEX(반품접수!$I$3:$I$1002,MATCH("R"&60,미처리현황!$M$6:$M$1005,0)),"")) | H65: =IF($B65="","",IFERROR(INDEX(반품접수!$N$3:$N$1002,MATCH("R"&60,미처리현황!$M$6:$M$1005,0)),"")) | I65: =IF($B65="","",IFERROR(INDEX(반품접수!$O$3:$O$1002,MATCH("R"&60,미처리현황!$M$6:$M$1005,0)),"")) | K65: =IF(반품접수!$A62="",FALSE(),OR(반품접수!$O62="미처리",반품접수!$O62="부분처리")) -> FALSE | L65: =IF($K65=FALSE(),"",COUNTIF($K$6:$K65,TRUE())) | M65: =IF($L65="","","R"&$L65)
A66: =IF($B66="","",61) | B66: =IFERROR(INDEX(반품접수!$A$3:$A$1002,MATCH("R"&61,미처리현황!$M$6:$M$1005,0)),"") | C66: =IF($B66="","",IFERROR(INDEX(반품접수!$B$3:$B$1002,MATCH("R"&61,미처리현황!$M$6:$M$1005,0)),"")) | D66: =IF($C66="","",TODAY()-$C66) | E66: =IF($B66="","",IFERROR(INDEX(반품접수!$C$3:$C$1002,MATCH("R"&61,미처리현황!$M$6:$M$1005,0)),"")) | F66: =IF($B66="","",IFERROR(INDEX(반품접수!$E$3:$E$1002,MATCH("R"&61,미처리현황!$M$6:$M$1005,0)),"")) | G66: =IF($B66="","",IFERROR(INDEX(반품접수!$I$3:$I$1002,MATCH("R"&61,미처리현황!$M$6:$M$1005,0)),"")) | H66: =IF($B66="","",IFERROR(INDEX(반품접수!$N$3:$N$1002,MATCH("R"&61,미처리현황!$M$6:$M$1005,0)),"")) | I66: =IF($B66="","",IFERROR(INDEX(반품접수!$O$3:$O$1002,MATCH("R"&61,미처리현황!$M$6:$M$1005,0)),"")) | K66: =IF(반품접수!$A63="",FALSE(),OR(반품접수!$O63="미처리",반품접수!$O63="부분처리")) -> FALSE | L66: =IF($K66=FALSE(),"",COUNTIF($K$6:$K66,TRUE())) | M66: =IF($L66="","","R"&$L66)
A67: =IF($B67="","",62) | B67: =IFERROR(INDEX(반품접수!$A$3:$A$1002,MATCH("R"&62,미처리현황!$M$6:$M$1005,0)),"") | C67: =IF($B67="","",IFERROR(INDEX(반품접수!$B$3:$B$1002,MATCH("R"&62,미처리현황!$M$6:$M$1005,0)),"")) | D67: =IF($C67="","",TODAY()-$C67) | E67: =IF($B67="","",IFERROR(INDEX(반품접수!$C$3:$C$1002,MATCH("R"&62,미처리현황!$M$6:$M$1005,0)),"")) | F67: =IF($B67="","",IFERROR(INDEX(반품접수!$E$3:$E$1002,MATCH("R"&62,미처리현황!$M$6:$M$1005,0)),"")) | G67: =IF($B67="","",IFERROR(INDEX(반품접수!$I$3:$I$1002,MATCH("R"&62,미처리현황!$M$6:$M$1005,0)),"")) | H67: =IF($B67="","",IFERROR(INDEX(반품접수!$N$3:$N$1002,MATCH("R"&62,미처리현황!$M$6:$M$1005,0)),"")) | I67: =IF($B67="","",IFERROR(INDEX(반품접수!$O$3:$O$1002,MATCH("R"&62,미처리현황!$M$6:$M$1005,0)),"")) | K67: =IF(반품접수!$A64="",FALSE(),OR(반품접수!$O64="미처리",반품접수!$O64="부분처리")) -> FALSE | L67: =IF($K67=FALSE(),"",COUNTIF($K$6:$K67,TRUE())) | M67: =IF($L67="","","R"&$L67)
A68: =IF($B68="","",63) | B68: =IFERROR(INDEX(반품접수!$A$3:$A$1002,MATCH("R"&63,미처리현황!$M$6:$M$1005,0)),"") | C68: =IF($B68="","",IFERROR(INDEX(반품접수!$B$3:$B$1002,MATCH("R"&63,미처리현황!$M$6:$M$1005,0)),"")) | D68: =IF($C68="","",TODAY()-$C68) | E68: =IF($B68="","",IFERROR(INDEX(반품접수!$C$3:$C$1002,MATCH("R"&63,미처리현황!$M$6:$M$1005,0)),"")) | F68: =IF($B68="","",IFERROR(INDEX(반품접수!$E$3:$E$1002,MATCH("R"&63,미처리현황!$M$6:$M$1005,0)),"")) | G68: =IF($B68="","",IFERROR(INDEX(반품접수!$I$3:$I$1002,MATCH("R"&63,미처리현황!$M$6:$M$1005,0)),"")) | H68: =IF($B68="","",IFERROR(INDEX(반품접수!$N$3:$N$1002,MATCH("R"&63,미처리현황!$M$6:$M$1005,0)),"")) | I68: =IF($B68="","",IFERROR(INDEX(반품접수!$O$3:$O$1002,MATCH("R"&63,미처리현황!$M$6:$M$1005,0)),"")) | K68: =IF(반품접수!$A65="",FALSE(),OR(반품접수!$O65="미처리",반품접수!$O65="부분처리")) -> FALSE | L68: =IF($K68=FALSE(),"",COUNTIF($K$6:$K68,TRUE())) | M68: =IF($L68="","","R"&$L68)
A69: =IF($B69="","",64) | B69: =IFERROR(INDEX(반품접수!$A$3:$A$1002,MATCH("R"&64,미처리현황!$M$6:$M$1005,0)),"") | C69: =IF($B69="","",IFERROR(INDEX(반품접수!$B$3:$B$1002,MATCH("R"&64,미처리현황!$M$6:$M$1005,0)),"")) | D69: =IF($C69="","",TODAY()-$C69) | E69: =IF($B69="","",IFERROR(INDEX(반품접수!$C$3:$C$1002,MATCH("R"&64,미처리현황!$M$6:$M$1005,0)),"")) | F69: =IF($B69="","",IFERROR(INDEX(반품접수!$E$3:$E$1002,MATCH("R"&64,미처리현황!$M$6:$M$1005,0)),"")) | G69: =IF($B69="","",IFERROR(INDEX(반품접수!$I$3:$I$1002,MATCH("R"&64,미처리현황!$M$6:$M$1005,0)),"")) | H69: =IF($B69="","",IFERROR(INDEX(반품접수!$N$3:$N$1002,MATCH("R"&64,미처리현황!$M$6:$M$1005,0)),"")) | I69: =IF($B69="","",IFERROR(INDEX(반품접수!$O$3:$O$1002,MATCH("R"&64,미처리현황!$M$6:$M$1005,0)),"")) | K69: =IF(반품접수!$A66="",FALSE(),OR(반품접수!$O66="미처리",반품접수!$O66="부분처리")) -> FALSE | L69: =IF($K69=FALSE(),"",COUNTIF($K$6:$K69,TRUE())) | M69: =IF($L69="","","R"&$L69)
A70: =IF($B70="","",65) | B70: =IFERROR(INDEX(반품접수!$A$3:$A$1002,MATCH("R"&65,미처리현황!$M$6:$M$1005,0)),"") | C70: =IF($B70="","",IFERROR(INDEX(반품접수!$B$3:$B$1002,MATCH("R"&65,미처리현황!$M$6:$M$1005,0)),"")) | D70: =IF($C70="","",TODAY()-$C70) | E70: =IF($B70="","",IFERROR(INDEX(반품접수!$C$3:$C$1002,MATCH("R"&65,미처리현황!$M$6:$M$1005,0)),"")) | F70: =IF($B70="","",IFERROR(INDEX(반품접수!$E$3:$E$1002,MATCH("R"&65,미처리현황!$M$6:$M$1005,0)),"")) | G70: =IF($B70="","",IFERROR(INDEX(반품접수!$I$3:$I$1002,MATCH("R"&65,미처리현황!$M$6:$M$1005,0)),"")) | H70: =IF($B70="","",IFERROR(INDEX(반품접수!$N$3:$N$1002,MATCH("R"&65,미처리현황!$M$6:$M$1005,0)),"")) | I70: =IF($B70="","",IFERROR(INDEX(반품접수!$O$3:$O$1002,MATCH("R"&65,미처리현황!$M$6:$M$1005,0)),"")) | K70: =IF(반품접수!$A67="",FALSE(),OR(반품접수!$O67="미처리",반품접수!$O67="부분처리")) -> FALSE | L70: =IF($K70=FALSE(),"",COUNTIF($K$6:$K70,TRUE())) | M70: =IF($L70="","","R"&$L70)
A71: =IF($B71="","",66) | B71: =IFERROR(INDEX(반품접수!$A$3:$A$1002,MATCH("R"&66,미처리현황!$M$6:$M$1005,0)),"") | C71: =IF($B71="","",IFERROR(INDEX(반품접수!$B$3:$B$1002,MATCH("R"&66,미처리현황!$M$6:$M$1005,0)),"")) | D71: =IF($C71="","",TODAY()-$C71) | E71: =IF($B71="","",IFERROR(INDEX(반품접수!$C$3:$C$1002,MATCH("R"&66,미처리현황!$M$6:$M$1005,0)),"")) | F71: =IF($B71="","",IFERROR(INDEX(반품접수!$E$3:$E$1002,MATCH("R"&66,미처리현황!$M$6:$M$1005,0)),"")) | G71: =IF($B71="","",IFERROR(INDEX(반품접수!$I$3:$I$1002,MATCH("R"&66,미처리현황!$M$6:$M$1005,0)),"")) | H71: =IF($B71="","",IFERROR(INDEX(반품접수!$N$3:$N$1002,MATCH("R"&66,미처리현황!$M$6:$M$1005,0)),"")) | I71: =IF($B71="","",IFERROR(INDEX(반품접수!$O$3:$O$1002,MATCH("R"&66,미처리현황!$M$6:$M$1005,0)),"")) | K71: =IF(반품접수!$A68="",FALSE(),OR(반품접수!$O68="미처리",반품접수!$O68="부분처리")) -> FALSE | L71: =IF($K71=FALSE(),"",COUNTIF($K$6:$K71,TRUE())) | M71: =IF($L71="","","R"&$L71)
A72: =IF($B72="","",67) | B72: =IFERROR(INDEX(반품접수!$A$3:$A$1002,MATCH("R"&67,미처리현황!$M$6:$M$1005,0)),"") | C72: =IF($B72="","",IFERROR(INDEX(반품접수!$B$3:$B$1002,MATCH("R"&67,미처리현황!$M$6:$M$1005,0)),"")) | D72: =IF($C72="","",TODAY()-$C72) | E72: =IF($B72="","",IFERROR(INDEX(반품접수!$C$3:$C$1002,MATCH("R"&67,미처리현황!$M$6:$M$1005,0)),"")) | F72: =IF($B72="","",IFERROR(INDEX(반품접수!$E$3:$E$1002,MATCH("R"&67,미처리현황!$M$6:$M$1005,0)),"")) | G72: =IF($B72="","",IFERROR(INDEX(반품접수!$I$3:$I$1002,MATCH("R"&67,미처리현황!$M$6:$M$1005,0)),"")) | H72: =IF($B72="","",IFERROR(INDEX(반품접수!$N$3:$N$1002,MATCH("R"&67,미처리현황!$M$6:$M$1005,0)),"")) | I72: =IF($B72="","",IFERROR(INDEX(반품접수!$O$3:$O$1002,MATCH("R"&67,미처리현황!$M$6:$M$1005,0)),"")) | K72: =IF(반품접수!$A69="",FALSE(),OR(반품접수!$O69="미처리",반품접수!$O69="부분처리")) -> FALSE | L72: =IF($K72=FALSE(),"",COUNTIF($K$6:$K72,TRUE())) | M72: =IF($L72="","","R"&$L72)
A73: =IF($B73="","",68) | B73: =IFERROR(INDEX(반품접수!$A$3:$A$1002,MATCH("R"&68,미처리현황!$M$6:$M$1005,0)),"") | C73: =IF($B73="","",IFERROR(INDEX(반품접수!$B$3:$B$1002,MATCH("R"&68,미처리현황!$M$6:$M$1005,0)),"")) | D73: =IF($C73="","",TODAY()-$C73) | E73: =IF($B73="","",IFERROR(INDEX(반품접수!$C$3:$C$1002,MATCH("R"&68,미처리현황!$M$6:$M$1005,0)),"")) | F73: =IF($B73="","",IFERROR(INDEX(반품접수!$E$3:$E$1002,MATCH("R"&68,미처리현황!$M$6:$M$1005,0)),"")) | G73: =IF($B73="","",IFERROR(INDEX(반품접수!$I$3:$I$1002,MATCH("R"&68,미처리현황!$M$6:$M$1005,0)),"")) | H73: =IF($B73="","",IFERROR(INDEX(반품접수!$N$3:$N$1002,MATCH("R"&68,미처리현황!$M$6:$M$1005,0)),"")) | I73: =IF($B73="","",IFERROR(INDEX(반품접수!$O$3:$O$1002,MATCH("R"&68,미처리현황!$M$6:$M$1005,0)),"")) | K73: =IF(반품접수!$A70="",FALSE(),OR(반품접수!$O70="미처리",반품접수!$O70="부분처리")) -> FALSE | L73: =IF($K73=FALSE(),"",COUNTIF($K$6:$K73,TRUE())) | M73: =IF($L73="","","R"&$L73)
A74: =IF($B74="","",69) | B74: =IFERROR(INDEX(반품접수!$A$3:$A$1002,MATCH("R"&69,미처리현황!$M$6:$M$1005,0)),"") | C74: =IF($B74="","",IFERROR(INDEX(반품접수!$B$3:$B$1002,MATCH("R"&69,미처리현황!$M$6:$M$1005,0)),"")) | D74: =IF($C74="","",TODAY()-$C74) | E74: =IF($B74="","",IFERROR(INDEX(반품접수!$C$3:$C$1002,MATCH("R"&69,미처리현황!$M$6:$M$1005,0)),"")) | F74: =IF($B74="","",IFERROR(INDEX(반품접수!$E$3:$E$1002,MATCH("R"&69,미처리현황!$M$6:$M$1005,0)),"")) | G74: =IF($B74="","",IFERROR(INDEX(반품접수!$I$3:$I$1002,MATCH("R"&69,미처리현황!$M$6:$M$1005,0)),"")) | H74: =IF($B74="","",IFERROR(INDEX(반품접수!$N$3:$N$1002,MATCH("R"&69,미처리현황!$M$6:$M$1005,0)),"")) | I74: =IF($B74="","",IFERROR(INDEX(반품접수!$O$3:$O$1002,MATCH("R"&69,미처리현황!$M$6:$M$1005,0)),"")) | K74: =IF(반품접수!$A71="",FALSE(),OR(반품접수!$O71="미처리",반품접수!$O71="부분처리")) -> FALSE | L74: =IF($K74=FALSE(),"",COUNTIF($K$6:$K74,TRUE())) | M74: =IF($L74="","","R"&$L74)
A75: =IF($B75="","",70) | B75: =IFERROR(INDEX(반품접수!$A$3:$A$1002,MATCH("R"&70,미처리현황!$M$6:$M$1005,0)),"") | C75: =IF($B75="","",IFERROR(INDEX(반품접수!$B$3:$B$1002,MATCH("R"&70,미처리현황!$M$6:$M$1005,0)),"")) | D75: =IF($C75="","",TODAY()-$C75) | E75: =IF($B75="","",IFERROR(INDEX(반품접수!$C$3:$C$1002,MATCH("R"&70,미처리현황!$M$6:$M$1005,0)),"")) | F75: =IF($B75="","",IFERROR(INDEX(반품접수!$E$3:$E$1002,MATCH("R"&70,미처리현황!$M$6:$M$1005,0)),"")) | G75: =IF($B75="","",IFERROR(INDEX(반품접수!$I$3:$I$1002,MATCH("R"&70,미처리현황!$M$6:$M$1005,0)),"")) | H75: =IF($B75="","",IFERROR(INDEX(반품접수!$N$3:$N$1002,MATCH("R"&70,미처리현황!$M$6:$M$1005,0)),"")) | I75: =IF($B75="","",IFERROR(INDEX(반품접수!$O$3:$O$1002,MATCH("R"&70,미처리현황!$M$6:$M$1005,0)),"")) | K75: =IF(반품접수!$A72="",FALSE(),OR(반품접수!$O72="미처리",반품접수!$O72="부분처리")) -> FALSE | L75: =IF($K75=FALSE(),"",COUNTIF($K$6:$K75,TRUE())) | M75: =IF($L75="","","R"&$L75)
A76: =IF($B76="","",71) | B76: =IFERROR(INDEX(반품접수!$A$3:$A$1002,MATCH("R"&71,미처리현황!$M$6:$M$1005,0)),"") | C76: =IF($B76="","",IFERROR(INDEX(반품접수!$B$3:$B$1002,MATCH("R"&71,미처리현황!$M$6:$M$1005,0)),"")) | D76: =IF($C76="","",TODAY()-$C76) | E76: =IF($B76="","",IFERROR(INDEX(반품접수!$C$3:$C$1002,MATCH("R"&71,미처리현황!$M$6:$M$1005,0)),"")) | F76: =IF($B76="","",IFERROR(INDEX(반품접수!$E$3:$E$1002,MATCH("R"&71,미처리현황!$M$6:$M$1005,0)),"")) | G76: =IF($B76="","",IFERROR(INDEX(반품접수!$I$3:$I$1002,MATCH("R"&71,미처리현황!$M$6:$M$1005,0)),"")) | H76: =IF($B76="","",IFERROR(INDEX(반품접수!$N$3:$N$1002,MATCH("R"&71,미처리현황!$M$6:$M$1005,0)),"")) | I76: =IF($B76="","",IFERROR(INDEX(반품접수!$O$3:$O$1002,MATCH("R"&71,미처리현황!$M$6:$M$1005,0)),"")) | K76: =IF(반품접수!$A73="",FALSE(),OR(반품접수!$O73="미처리",반품접수!$O73="부분처리")) -> FALSE | L76: =IF($K76=FALSE(),"",COUNTIF($K$6:$K76,TRUE())) | M76: =IF($L76="","","R"&$L76)
A77: =IF($B77="","",72) | B77: =IFERROR(INDEX(반품접수!$A$3:$A$1002,MATCH("R"&72,미처리현황!$M$6:$M$1005,0)),"") | C77: =IF($B77="","",IFERROR(INDEX(반품접수!$B$3:$B$1002,MATCH("R"&72,미처리현황!$M$6:$M$1005,0)),"")) | D77: =IF($C77="","",TODAY()-$C77) | E77: =IF($B77="","",IFERROR(INDEX(반품접수!$C$3:$C$1002,MATCH("R"&72,미처리현황!$M$6:$M$1005,0)),"")) | F77: =IF($B77="","",IFERROR(INDEX(반품접수!$E$3:$E$1002,MATCH("R"&72,미처리현황!$M$6:$M$1005,0)),"")) | G77: =IF($B77="","",IFERROR(INDEX(반품접수!$I$3:$I$1002,MATCH("R"&72,미처리현황!$M$6:$M$1005,0)),"")) | H77: =IF($B77="","",IFERROR(INDEX(반품접수!$N$3:$N$1002,MATCH("R"&72,미처리현황!$M$6:$M$1005,0)),"")) | I77: =IF($B77="","",IFERROR(INDEX(반품접수!$O$3:$O$1002,MATCH("R"&72,미처리현황!$M$6:$M$1005,0)),"")) | K77: =IF(반품접수!$A74="",FALSE(),OR(반품접수!$O74="미처리",반품접수!$O74="부분처리")) -> FALSE | L77: =IF($K77=FALSE(),"",COUNTIF($K$6:$K77,TRUE())) | M77: =IF($L77="","","R"&$L77)
A78: =IF($B78="","",73) | B78: =IFERROR(INDEX(반품접수!$A$3:$A$1002,MATCH("R"&73,미처리현황!$M$6:$M$1005,0)),"") | C78: =IF($B78="","",IFERROR(INDEX(반품접수!$B$3:$B$1002,MATCH("R"&73,미처리현황!$M$6:$M$1005,0)),"")) | D78: =IF($C78="","",TODAY()-$C78) | E78: =IF($B78="","",IFERROR(INDEX(반품접수!$C$3:$C$1002,MATCH("R"&73,미처리현황!$M$6:$M$1005,0)),"")) | F78: =IF($B78="","",IFERROR(INDEX(반품접수!$E$3:$E$1002,MATCH("R"&73,미처리현황!$M$6:$M$1005,0)),"")) | G78: =IF($B78="","",IFERROR(INDEX(반품접수!$I$3:$I$1002,MATCH("R"&73,미처리현황!$M$6:$M$1005,0)),"")) | H78: =IF($B78="","",IFERROR(INDEX(반품접수!$N$3:$N$1002,MATCH("R"&73,미처리현황!$M$6:$M$1005,0)),"")) | I78: =IF($B78="","",IFERROR(INDEX(반품접수!$O$3:$O$1002,MATCH("R"&73,미처리현황!$M$6:$M$1005,0)),"")) | K78: =IF(반품접수!$A75="",FALSE(),OR(반품접수!$O75="미처리",반품접수!$O75="부분처리")) -> FALSE | L78: =IF($K78=FALSE(),"",COUNTIF($K$6:$K78,TRUE())) | M78: =IF($L78="","","R"&$L78)
A79: =IF($B79="","",74) | B79: =IFERROR(INDEX(반품접수!$A$3:$A$1002,MATCH("R"&74,미처리현황!$M$6:$M$1005,0)),"") | C79: =IF($B79="","",IFERROR(INDEX(반품접수!$B$3:$B$1002,MATCH("R"&74,미처리현황!$M$6:$M$1005,0)),"")) | D79: =IF($C79="","",TODAY()-$C79) | E79: =IF($B79="","",IFERROR(INDEX(반품접수!$C$3:$C$1002,MATCH("R"&74,미처리현황!$M$6:$M$1005,0)),"")) | F79: =IF($B79="","",IFERROR(INDEX(반품접수!$E$3:$E$1002,MATCH("R"&74,미처리현황!$M$6:$M$1005,0)),"")) | G79: =IF($B79="","",IFERROR(INDEX(반품접수!$I$3:$I$1002,MATCH("R"&74,미처리현황!$M$6:$M$1005,0)),"")) | H79: =IF($B79="","",IFERROR(INDEX(반품접수!$N$3:$N$1002,MATCH("R"&74,미처리현황!$M$6:$M$1005,0)),"")) | I79: =IF($B79="","",IFERROR(INDEX(반품접수!$O$3:$O$1002,MATCH("R"&74,미처리현황!$M$6:$M$1005,0)),"")) | K79: =IF(반품접수!$A76="",FALSE(),OR(반품접수!$O76="미처리",반품접수!$O76="부분처리")) -> FALSE | L79: =IF($K79=FALSE(),"",COUNTIF($K$6:$K79,TRUE())) | M79: =IF($L79="","","R"&$L79)
A80: =IF($B80="","",75) | B80: =IFERROR(INDEX(반품접수!$A$3:$A$1002,MATCH("R"&75,미처리현황!$M$6:$M$1005,0)),"") | C80: =IF($B80="","",IFERROR(INDEX(반품접수!$B$3:$B$1002,MATCH("R"&75,미처리현황!$M$6:$M$1005,0)),"")) | D80: =IF($C80="","",TODAY()-$C80) | E80: =IF($B80="","",IFERROR(INDEX(반품접수!$C$3:$C$1002,MATCH("R"&75,미처리현황!$M$6:$M$1005,0)),"")) | F80: =IF($B80="","",IFERROR(INDEX(반품접수!$E$3:$E$1002,MATCH("R"&75,미처리현황!$M$6:$M$1005,0)),"")) | G80: =IF($B80="","",IFERROR(INDEX(반품접수!$I$3:$I$1002,MATCH("R"&75,미처리현황!$M$6:$M$1005,0)),"")) | H80: =IF($B80="","",IFERROR(INDEX(반품접수!$N$3:$N$1002,MATCH("R"&75,미처리현황!$M$6:$M$1005,0)),"")) | I80: =IF($B80="","",IFERROR(INDEX(반품접수!$O$3:$O$1002,MATCH("R"&75,미처리현황!$M$6:$M$1005,0)),"")) | K80: =IF(반품접수!$A77="",FALSE(),OR(반품접수!$O77="미처리",반품접수!$O77="부분처리")) -> FALSE | L80: =IF($K80=FALSE(),"",COUNTIF($K$6:$K80,TRUE())) | M80: =IF($L80="","","R"&$L80)
A81: =IF($B81="","",76) | B81: =IFERROR(INDEX(반품접수!$A$3:$A$1002,MATCH("R"&76,미처리현황!$M$6:$M$1005,0)),"") | C81: =IF($B81="","",IFERROR(INDEX(반품접수!$B$3:$B$1002,MATCH("R"&76,미처리현황!$M$6:$M$1005,0)),"")) | D81: =IF($C81="","",TODAY()-$C81) | E81: =IF($B81="","",IFERROR(INDEX(반품접수!$C$3:$C$1002,MATCH("R"&76,미처리현황!$M$6:$M$1005,0)),"")) | F81: =IF($B81="","",IFERROR(INDEX(반품접수!$E$3:$E$1002,MATCH("R"&76,미처리현황!$M$6:$M$1005,0)),"")) | G81: =IF($B81="","",IFERROR(INDEX(반품접수!$I$3:$I$1002,MATCH("R"&76,미처리현황!$M$6:$M$1005,0)),"")) | H81: =IF($B81="","",IFERROR(INDEX(반품접수!$N$3:$N$1002,MATCH("R"&76,미처리현황!$M$6:$M$1005,0)),"")) | I81: =IF($B81="","",IFERROR(INDEX(반품접수!$O$3:$O$1002,MATCH("R"&76,미처리현황!$M$6:$M$1005,0)),"")) | K81: =IF(반품접수!$A78="",FALSE(),OR(반품접수!$O78="미처리",반품접수!$O78="부분처리")) -> FALSE | L81: =IF($K81=FALSE(),"",COUNTIF($K$6:$K81,TRUE())) | M81: =IF($L81="","","R"&$L81)
A82: =IF($B82="","",77) | B82: =IFERROR(INDEX(반품접수!$A$3:$A$1002,MATCH("R"&77,미처리현황!$M$6:$M$1005,0)),"") | C82: =IF($B82="","",IFERROR(INDEX(반품접수!$B$3:$B$1002,MATCH("R"&77,미처리현황!$M$6:$M$1005,0)),"")) | D82: =IF($C82="","",TODAY()-$C82) | E82: =IF($B82="","",IFERROR(INDEX(반품접수!$C$3:$C$1002,MATCH("R"&77,미처리현황!$M$6:$M$1005,0)),"")) | F82: =IF($B82="","",IFERROR(INDEX(반품접수!$E$3:$E$1002,MATCH("R"&77,미처리현황!$M$6:$M$1005,0)),"")) | G82: =IF($B82="","",IFERROR(INDEX(반품접수!$I$3:$I$1002,MATCH("R"&77,미처리현황!$M$6:$M$1005,0)),"")) | H82: =IF($B82="","",IFERROR(INDEX(반품접수!$N$3:$N$1002,MATCH("R"&77,미처리현황!$M$6:$M$1005,0)),"")) | I82: =IF($B82="","",IFERROR(INDEX(반품접수!$O$3:$O$1002,MATCH("R"&77,미처리현황!$M$6:$M$1005,0)),"")) | K82: =IF(반품접수!$A79="",FALSE(),OR(반품접수!$O79="미처리",반품접수!$O79="부분처리")) -> FALSE | L82: =IF($K82=FALSE(),"",COUNTIF($K$6:$K82,TRUE())) | M82: =IF($L82="","","R"&$L82)
A83: =IF($B83="","",78) | B83: =IFERROR(INDEX(반품접수!$A$3:$A$1002,MATCH("R"&78,미처리현황!$M$6:$M$1005,0)),"") | C83: =IF($B83="","",IFERROR(INDEX(반품접수!$B$3:$B$1002,MATCH("R"&78,미처리현황!$M$6:$M$1005,0)),"")) | D83: =IF($C83="","",TODAY()-$C83) | E83: =IF($B83="","",IFERROR(INDEX(반품접수!$C$3:$C$1002,MATCH("R"&78,미처리현황!$M$6:$M$1005,0)),"")) | F83: =IF($B83="","",IFERROR(INDEX(반품접수!$E$3:$E$1002,MATCH("R"&78,미처리현황!$M$6:$M$1005,0)),"")) | G83: =IF($B83="","",IFERROR(INDEX(반품접수!$I$3:$I$1002,MATCH("R"&78,미처리현황!$M$6:$M$1005,0)),"")) | H83: =IF($B83="","",IFERROR(INDEX(반품접수!$N$3:$N$1002,MATCH("R"&78,미처리현황!$M$6:$M$1005,0)),"")) | I83: =IF($B83="","",IFERROR(INDEX(반품접수!$O$3:$O$1002,MATCH("R"&78,미처리현황!$M$6:$M$1005,0)),"")) | K83: =IF(반품접수!$A80="",FALSE(),OR(반품접수!$O80="미처리",반품접수!$O80="부분처리")) -> FALSE | L83: =IF($K83=FALSE(),"",COUNTIF($K$6:$K83,TRUE())) | M83: =IF($L83="","","R"&$L83)
A84: =IF($B84="","",79) | B84: =IFERROR(INDEX(반품접수!$A$3:$A$1002,MATCH("R"&79,미처리현황!$M$6:$M$1005,0)),"") | C84: =IF($B84="","",IFERROR(INDEX(반품접수!$B$3:$B$1002,MATCH("R"&79,미처리현황!$M$6:$M$1005,0)),"")) | D84: =IF($C84="","",TODAY()-$C84) | E84: =IF($B84="","",IFERROR(INDEX(반품접수!$C$3:$C$1002,MATCH("R"&79,미처리현황!$M$6:$M$1005,0)),"")) | F84: =IF($B84="","",IFERROR(INDEX(반품접수!$E$3:$E$1002,MATCH("R"&79,미처리현황!$M$6:$M$1005,0)),"")) | G84: =IF($B84="","",IFERROR(INDEX(반품접수!$I$3:$I$1002,MATCH("R"&79,미처리현황!$M$6:$M$1005,0)),"")) | H84: =IF($B84="","",IFERROR(INDEX(반품접수!$N$3:$N$1002,MATCH("R"&79,미처리현황!$M$6:$M$1005,0)),"")) | I84: =IF($B84="","",IFERROR(INDEX(반품접수!$O$3:$O$1002,MATCH("R"&79,미처리현황!$M$6:$M$1005,0)),"")) | K84: =IF(반품접수!$A81="",FALSE(),OR(반품접수!$O81="미처리",반품접수!$O81="부분처리")) -> FALSE | L84: =IF($K84=FALSE(),"",COUNTIF($K$6:$K84,TRUE())) | M84: =IF($L84="","","R"&$L84)
A85: =IF($B85="","",80) | B85: =IFERROR(INDEX(반품접수!$A$3:$A$1002,MATCH("R"&80,미처리현황!$M$6:$M$1005,0)),"") | C85: =IF($B85="","",IFERROR(INDEX(반품접수!$B$3:$B$1002,MATCH("R"&80,미처리현황!$M$6:$M$1005,0)),"")) | D85: =IF($C85="","",TODAY()-$C85) | E85: =IF($B85="","",IFERROR(INDEX(반품접수!$C$3:$C$1002,MATCH("R"&80,미처리현황!$M$6:$M$1005,0)),"")) | F85: =IF($B85="","",IFERROR(INDEX(반품접수!$E$3:$E$1002,MATCH("R"&80,미처리현황!$M$6:$M$1005,0)),"")) | G85: =IF($B85="","",IFERROR(INDEX(반품접수!$I$3:$I$1002,MATCH("R"&80,미처리현황!$M$6:$M$1005,0)),"")) | H85: =IF($B85="","",IFERROR(INDEX(반품접수!$N$3:$N$1002,MATCH("R"&80,미처리현황!$M$6:$M$1005,0)),"")) | I85: =IF($B85="","",IFERROR(INDEX(반품접수!$O$3:$O$1002,MATCH("R"&80,미처리현황!$M$6:$M$1005,0)),"")) | K85: =IF(반품접수!$A82="",FALSE(),OR(반품접수!$O82="미처리",반품접수!$O82="부분처리")) -> FALSE | L85: =IF($K85=FALSE(),"",COUNTIF($K$6:$K85,TRUE())) | M85: =IF($L85="","","R"&$L85)
A86: =IF($B86="","",81) | B86: =IFERROR(INDEX(반품접수!$A$3:$A$1002,MATCH("R"&81,미처리현황!$M$6:$M$1005,0)),"") | C86: =IF($B86="","",IFERROR(INDEX(반품접수!$B$3:$B$1002,MATCH("R"&81,미처리현황!$M$6:$M$1005,0)),"")) | D86: =IF($C86="","",TODAY()-$C86) | E86: =IF($B86="","",IFERROR(INDEX(반품접수!$C$3:$C$1002,MATCH("R"&81,미처리현황!$M$6:$M$1005,0)),"")) | F86: =IF($B86="","",IFERROR(INDEX(반품접수!$E$3:$E$1002,MATCH("R"&81,미처리현황!$M$6:$M$1005,0)),"")) | G86: =IF($B86="","",IFERROR(INDEX(반품접수!$I$3:$I$1002,MATCH("R"&81,미처리현황!$M$6:$M$1005,0)),"")) | H86: =IF($B86="","",IFERROR(INDEX(반품접수!$N$3:$N$1002,MATCH("R"&81,미처리현황!$M$6:$M$1005,0)),"")) | I86: =IF($B86="","",IFERROR(INDEX(반품접수!$O$3:$O$1002,MATCH("R"&81,미처리현황!$M$6:$M$1005,0)),"")) | K86: =IF(반품접수!$A83="",FALSE(),OR(반품접수!$O83="미처리",반품접수!$O83="부분처리")) -> FALSE | L86: =IF($K86=FALSE(),"",COUNTIF($K$6:$K86,TRUE())) | M86: =IF($L86="","","R"&$L86)
A87: =IF($B87="","",82) | B87: =IFERROR(INDEX(반품접수!$A$3:$A$1002,MATCH("R"&82,미처리현황!$M$6:$M$1005,0)),"") | C87: =IF($B87="","",IFERROR(INDEX(반품접수!$B$3:$B$1002,MATCH("R"&82,미처리현황!$M$6:$M$1005,0)),"")) | D87: =IF($C87="","",TODAY()-$C87) | E87: =IF($B87="","",IFERROR(INDEX(반품접수!$C$3:$C$1002,MATCH("R"&82,미처리현황!$M$6:$M$1005,0)),"")) | F87: =IF($B87="","",IFERROR(INDEX(반품접수!$E$3:$E$1002,MATCH("R"&82,미처리현황!$M$6:$M$1005,0)),"")) | G87: =IF($B87="","",IFERROR(INDEX(반품접수!$I$3:$I$1002,MATCH("R"&82,미처리현황!$M$6:$M$1005,0)),"")) | H87: =IF($B87="","",IFERROR(INDEX(반품접수!$N$3:$N$1002,MATCH("R"&82,미처리현황!$M$6:$M$1005,0)),"")) | I87: =IF($B87="","",IFERROR(INDEX(반품접수!$O$3:$O$1002,MATCH("R"&82,미처리현황!$M$6:$M$1005,0)),"")) | K87: =IF(반품접수!$A84="",FALSE(),OR(반품접수!$O84="미처리",반품접수!$O84="부분처리")) -> FALSE | L87: =IF($K87=FALSE(),"",COUNTIF($K$6:$K87,TRUE())) | M87: =IF($L87="","","R"&$L87)
A88: =IF($B88="","",83) | B88: =IFERROR(INDEX(반품접수!$A$3:$A$1002,MATCH("R"&83,미처리현황!$M$6:$M$1005,0)),"") | C88: =IF($B88="","",IFERROR(INDEX(반품접수!$B$3:$B$1002,MATCH("R"&83,미처리현황!$M$6:$M$1005,0)),"")) | D88: =IF($C88="","",TODAY()-$C88) | E88: =IF($B88="","",IFERROR(INDEX(반품접수!$C$3:$C$1002,MATCH("R"&83,미처리현황!$M$6:$M$1005,0)),"")) | F88: =IF($B88="","",IFERROR(INDEX(반품접수!$E$3:$E$1002,MATCH("R"&83,미처리현황!$M$6:$M$1005,0)),"")) | G88: =IF($B88="","",IFERROR(INDEX(반품접수!$I$3:$I$1002,MATCH("R"&83,미처리현황!$M$6:$M$1005,0)),"")) | H88: =IF($B88="","",IFERROR(INDEX(반품접수!$N$3:$N$1002,MATCH("R"&83,미처리현황!$M$6:$M$1005,0)),"")) | I88: =IF($B88="","",IFERROR(INDEX(반품접수!$O$3:$O$1002,MATCH("R"&83,미처리현황!$M$6:$M$1005,0)),"")) | K88: =IF(반품접수!$A85="",FALSE(),OR(반품접수!$O85="미처리",반품접수!$O85="부분처리")) -> FALSE | L88: =IF($K88=FALSE(),"",COUNTIF($K$6:$K88,TRUE())) | M88: =IF($L88="","","R"&$L88)
A89: =IF($B89="","",84) | B89: =IFERROR(INDEX(반품접수!$A$3:$A$1002,MATCH("R"&84,미처리현황!$M$6:$M$1005,0)),"") | C89: =IF($B89="","",IFERROR(INDEX(반품접수!$B$3:$B$1002,MATCH("R"&84,미처리현황!$M$6:$M$1005,0)),"")) | D89: =IF($C89="","",TODAY()-$C89) | E89: =IF($B89="","",IFERROR(INDEX(반품접수!$C$3:$C$1002,MATCH("R"&84,미처리현황!$M$6:$M$1005,0)),"")) | F89: =IF($B89="","",IFERROR(INDEX(반품접수!$E$3:$E$1002,MATCH("R"&84,미처리현황!$M$6:$M$1005,0)),"")) | G89: =IF($B89="","",IFERROR(INDEX(반품접수!$I$3:$I$1002,MATCH("R"&84,미처리현황!$M$6:$M$1005,0)),"")) | H89: =IF($B89="","",IFERROR(INDEX(반품접수!$N$3:$N$1002,MATCH("R"&84,미처리현황!$M$6:$M$1005,0)),"")) | I89: =IF($B89="","",IFERROR(INDEX(반품접수!$O$3:$O$1002,MATCH("R"&84,미처리현황!$M$6:$M$1005,0)),"")) | K89: =IF(반품접수!$A86="",FALSE(),OR(반품접수!$O86="미처리",반품접수!$O86="부분처리")) -> FALSE | L89: =IF($K89=FALSE(),"",COUNTIF($K$6:$K89,TRUE())) | M89: =IF($L89="","","R"&$L89)
A90: =IF($B90="","",85) | B90: =IFERROR(INDEX(반품접수!$A$3:$A$1002,MATCH("R"&85,미처리현황!$M$6:$M$1005,0)),"") | C90: =IF($B90="","",IFERROR(INDEX(반품접수!$B$3:$B$1002,MATCH("R"&85,미처리현황!$M$6:$M$1005,0)),"")) | D90: =IF($C90="","",TODAY()-$C90) | E90: =IF($B90="","",IFERROR(INDEX(반품접수!$C$3:$C$1002,MATCH("R"&85,미처리현황!$M$6:$M$1005,0)),"")) | F90: =IF($B90="","",IFERROR(INDEX(반품접수!$E$3:$E$1002,MATCH("R"&85,미처리현황!$M$6:$M$1005,0)),"")) | G90: =IF($B90="","",IFERROR(INDEX(반품접수!$I$3:$I$1002,MATCH("R"&85,미처리현황!$M$6:$M$1005,0)),"")) | H90: =IF($B90="","",IFERROR(INDEX(반품접수!$N$3:$N$1002,MATCH("R"&85,미처리현황!$M$6:$M$1005,0)),"")) | I90: =IF($B90="","",IFERROR(INDEX(반품접수!$O$3:$O$1002,MATCH("R"&85,미처리현황!$M$6:$M$1005,0)),"")) | K90: =IF(반품접수!$A87="",FALSE(),OR(반품접수!$O87="미처리",반품접수!$O87="부분처리")) -> FALSE | L90: =IF($K90=FALSE(),"",COUNTIF($K$6:$K90,TRUE())) | M90: =IF($L90="","","R"&$L90)
A91: =IF($B91="","",86) | B91: =IFERROR(INDEX(반품접수!$A$3:$A$1002,MATCH("R"&86,미처리현황!$M$6:$M$1005,0)),"") | C91: =IF($B91="","",IFERROR(INDEX(반품접수!$B$3:$B$1002,MATCH("R"&86,미처리현황!$M$6:$M$1005,0)),"")) | D91: =IF($C91="","",TODAY()-$C91) | E91: =IF($B91="","",IFERROR(INDEX(반품접수!$C$3:$C$1002,MATCH("R"&86,미처리현황!$M$6:$M$1005,0)),"")) | F91: =IF($B91="","",IFERROR(INDEX(반품접수!$E$3:$E$1002,MATCH("R"&86,미처리현황!$M$6:$M$1005,0)),"")) | G91: =IF($B91="","",IFERROR(INDEX(반품접수!$I$3:$I$1002,MATCH("R"&86,미처리현황!$M$6:$M$1005,0)),"")) | H91: =IF($B91="","",IFERROR(INDEX(반품접수!$N$3:$N$1002,MATCH("R"&86,미처리현황!$M$6:$M$1005,0)),"")) | I91: =IF($B91="","",IFERROR(INDEX(반품접수!$O$3:$O$1002,MATCH("R"&86,미처리현황!$M$6:$M$1005,0)),"")) | K91: =IF(반품접수!$A88="",FALSE(),OR(반품접수!$O88="미처리",반품접수!$O88="부분처리")) -> FALSE | L91: =IF($K91=FALSE(),"",COUNTIF($K$6:$K91,TRUE())) | M91: =IF($L91="","","R"&$L91)
A92: =IF($B92="","",87) | B92: =IFERROR(INDEX(반품접수!$A$3:$A$1002,MATCH("R"&87,미처리현황!$M$6:$M$1005,0)),"") | C92: =IF($B92="","",IFERROR(INDEX(반품접수!$B$3:$B$1002,MATCH("R"&87,미처리현황!$M$6:$M$1005,0)),"")) | D92: =IF($C92="","",TODAY()-$C92) | E92: =IF($B92="","",IFERROR(INDEX(반품접수!$C$3:$C$1002,MATCH("R"&87,미처리현황!$M$6:$M$1005,0)),"")) | F92: =IF($B92="","",IFERROR(INDEX(반품접수!$E$3:$E$1002,MATCH("R"&87,미처리현황!$M$6:$M$1005,0)),"")) | G92: =IF($B92="","",IFERROR(INDEX(반품접수!$I$3:$I$1002,MATCH("R"&87,미처리현황!$M$6:$M$1005,0)),"")) | H92: =IF($B92="","",IFERROR(INDEX(반품접수!$N$3:$N$1002,MATCH("R"&87,미처리현황!$M$6:$M$1005,0)),"")) | I92: =IF($B92="","",IFERROR(INDEX(반품접수!$O$3:$O$1002,MATCH("R"&87,미처리현황!$M$6:$M$1005,0)),"")) | K92: =IF(반품접수!$A89="",FALSE(),OR(반품접수!$O89="미처리",반품접수!$O89="부분처리")) -> FALSE | L92: =IF($K92=FALSE(),"",COUNTIF($K$6:$K92,TRUE())) | M92: =IF($L92="","","R"&$L92)
A93: =IF($B93="","",88) | B93: =IFERROR(INDEX(반품접수!$A$3:$A$1002,MATCH("R"&88,미처리현황!$M$6:$M$1005,0)),"") | C93: =IF($B93="","",IFERROR(INDEX(반품접수!$B$3:$B$1002,MATCH("R"&88,미처리현황!$M$6:$M$1005,0)),"")) | D93: =IF($C93="","",TODAY()-$C93) | E93: =IF($B93="","",IFERROR(INDEX(반품접수!$C$3:$C$1002,MATCH("R"&88,미처리현황!$M$6:$M$1005,0)),"")) | F93: =IF($B93="","",IFERROR(INDEX(반품접수!$E$3:$E$1002,MATCH("R"&88,미처리현황!$M$6:$M$1005,0)),"")) | G93: =IF($B93="","",IFERROR(INDEX(반품접수!$I$3:$I$1002,MATCH("R"&88,미처리현황!$M$6:$M$1005,0)),"")) | H93: =IF($B93="","",IFERROR(INDEX(반품접수!$N$3:$N$1002,MATCH("R"&88,미처리현황!$M$6:$M$1005,0)),"")) | I93: =IF($B93="","",IFERROR(INDEX(반품접수!$O$3:$O$1002,MATCH("R"&88,미처리현황!$M$6:$M$1005,0)),"")) | K93: =IF(반품접수!$A90="",FALSE(),OR(반품접수!$O90="미처리",반품접수!$O90="부분처리")) -> FALSE | L93: =IF($K93=FALSE(),"",COUNTIF($K$6:$K93,TRUE())) | M93: =IF($L93="","","R"&$L93)
A94: =IF($B94="","",89) | B94: =IFERROR(INDEX(반품접수!$A$3:$A$1002,MATCH("R"&89,미처리현황!$M$6:$M$1005,0)),"") | C94: =IF($B94="","",IFERROR(INDEX(반품접수!$B$3:$B$1002,MATCH("R"&89,미처리현황!$M$6:$M$1005,0)),"")) | D94: =IF($C94="","",TODAY()-$C94) | E94: =IF($B94="","",IFERROR(INDEX(반품접수!$C$3:$C$1002,MATCH("R"&89,미처리현황!$M$6:$M$1005,0)),"")) | F94: =IF($B94="","",IFERROR(INDEX(반품접수!$E$3:$E$1002,MATCH("R"&89,미처리현황!$M$6:$M$1005,0)),"")) | G94: =IF($B94="","",IFERROR(INDEX(반품접수!$I$3:$I$1002,MATCH("R"&89,미처리현황!$M$6:$M$1005,0)),"")) | H94: =IF($B94="","",IFERROR(INDEX(반품접수!$N$3:$N$1002,MATCH("R"&89,미처리현황!$M$6:$M$1005,0)),"")) | I94: =IF($B94="","",IFERROR(INDEX(반품접수!$O$3:$O$1002,MATCH("R"&89,미처리현황!$M$6:$M$1005,0)),"")) | K94: =IF(반품접수!$A91="",FALSE(),OR(반품접수!$O91="미처리",반품접수!$O91="부분처리")) -> FALSE | L94: =IF($K94=FALSE(),"",COUNTIF($K$6:$K94,TRUE())) | M94: =IF($L94="","","R"&$L94)
A95: =IF($B95="","",90) | B95: =IFERROR(INDEX(반품접수!$A$3:$A$1002,MATCH("R"&90,미처리현황!$M$6:$M$1005,0)),"") | C95: =IF($B95="","",IFERROR(INDEX(반품접수!$B$3:$B$1002,MATCH("R"&90,미처리현황!$M$6:$M$1005,0)),"")) | D95: =IF($C95="","",TODAY()-$C95) | E95: =IF($B95="","",IFERROR(INDEX(반품접수!$C$3:$C$1002,MATCH("R"&90,미처리현황!$M$6:$M$1005,0)),"")) | F95: =IF($B95="","",IFERROR(INDEX(반품접수!$E$3:$E$1002,MATCH("R"&90,미처리현황!$M$6:$M$1005,0)),"")) | G95: =IF($B95="","",IFERROR(INDEX(반품접수!$I$3:$I$1002,MATCH("R"&90,미처리현황!$M$6:$M$1005,0)),"")) | H95: =IF($B95="","",IFERROR(INDEX(반품접수!$N$3:$N$1002,MATCH("R"&90,미처리현황!$M$6:$M$1005,0)),"")) | I95: =IF($B95="","",IFERROR(INDEX(반품접수!$O$3:$O$1002,MATCH("R"&90,미처리현황!$M$6:$M$1005,0)),"")) | K95: =IF(반품접수!$A92="",FALSE(),OR(반품접수!$O92="미처리",반품접수!$O92="부분처리")) -> FALSE | L95: =IF($K95=FALSE(),"",COUNTIF($K$6:$K95,TRUE())) | M95: =IF($L95="","","R"&$L95)
A96: =IF($B96="","",91) | B96: =IFERROR(INDEX(반품접수!$A$3:$A$1002,MATCH("R"&91,미처리현황!$M$6:$M$1005,0)),"") | C96: =IF($B96="","",IFERROR(INDEX(반품접수!$B$3:$B$1002,MATCH("R"&91,미처리현황!$M$6:$M$1005,0)),"")) | D96: =IF($C96="","",TODAY()-$C96) | E96: =IF($B96="","",IFERROR(INDEX(반품접수!$C$3:$C$1002,MATCH("R"&91,미처리현황!$M$6:$M$1005,0)),"")) | F96: =IF($B96="","",IFERROR(INDEX(반품접수!$E$3:$E$1002,MATCH("R"&91,미처리현황!$M$6:$M$1005,0)),"")) | G96: =IF($B96="","",IFERROR(INDEX(반품접수!$I$3:$I$1002,MATCH("R"&91,미처리현황!$M$6:$M$1005,0)),"")) | H96: =IF($B96="","",IFERROR(INDEX(반품접수!$N$3:$N$1002,MATCH("R"&91,미처리현황!$M$6:$M$1005,0)),"")) | I96: =IF($B96="","",IFERROR(INDEX(반품접수!$O$3:$O$1002,MATCH("R"&91,미처리현황!$M$6:$M$1005,0)),"")) | K96: =IF(반품접수!$A93="",FALSE(),OR(반품접수!$O93="미처리",반품접수!$O93="부분처리")) -> FALSE | L96: =IF($K96=FALSE(),"",COUNTIF($K$6:$K96,TRUE())) | M96: =IF($L96="","","R"&$L96)
A97: =IF($B97="","",92) | B97: =IFERROR(INDEX(반품접수!$A$3:$A$1002,MATCH("R"&92,미처리현황!$M$6:$M$1005,0)),"") | C97: =IF($B97="","",IFERROR(INDEX(반품접수!$B$3:$B$1002,MATCH("R"&92,미처리현황!$M$6:$M$1005,0)),"")) | D97: =IF($C97="","",TODAY()-$C97) | E97: =IF($B97="","",IFERROR(INDEX(반품접수!$C$3:$C$1002,MATCH("R"&92,미처리현황!$M$6:$M$1005,0)),"")) | F97: =IF($B97="","",IFERROR(INDEX(반품접수!$E$3:$E$1002,MATCH("R"&92,미처리현황!$M$6:$M$1005,0)),"")) | G97: =IF($B97="","",IFERROR(INDEX(반품접수!$I$3:$I$1002,MATCH("R"&92,미처리현황!$M$6:$M$1005,0)),"")) | H97: =IF($B97="","",IFERROR(INDEX(반품접수!$N$3:$N$1002,MATCH("R"&92,미처리현황!$M$6:$M$1005,0)),"")) | I97: =IF($B97="","",IFERROR(INDEX(반품접수!$O$3:$O$1002,MATCH("R"&92,미처리현황!$M$6:$M$1005,0)),"")) | K97: =IF(반품접수!$A94="",FALSE(),OR(반품접수!$O94="미처리",반품접수!$O94="부분처리")) -> FALSE | L97: =IF($K97=FALSE(),"",COUNTIF($K$6:$K97,TRUE())) | M97: =IF($L97="","","R"&$L97)
A98: =IF($B98="","",93) | B98: =IFERROR(INDEX(반품접수!$A$3:$A$1002,MATCH("R"&93,미처리현황!$M$6:$M$1005,0)),"") | C98: =IF($B98="","",IFERROR(INDEX(반품접수!$B$3:$B$1002,MATCH("R"&93,미처리현황!$M$6:$M$1005,0)),"")) | D98: =IF($C98="","",TODAY()-$C98) | E98: =IF($B98="","",IFERROR(INDEX(반품접수!$C$3:$C$1002,MATCH("R"&93,미처리현황!$M$6:$M$1005,0)),"")) | F98: =IF($B98="","",IFERROR(INDEX(반품접수!$E$3:$E$1002,MATCH("R"&93,미처리현황!$M$6:$M$1005,0)),"")) | G98: =IF($B98="","",IFERROR(INDEX(반품접수!$I$3:$I$1002,MATCH("R"&93,미처리현황!$M$6:$M$1005,0)),"")) | H98: =IF($B98="","",IFERROR(INDEX(반품접수!$N$3:$N$1002,MATCH("R"&93,미처리현황!$M$6:$M$1005,0)),"")) | I98: =IF($B98="","",IFERROR(INDEX(반품접수!$O$3:$O$1002,MATCH("R"&93,미처리현황!$M$6:$M$1005,0)),"")) | K98: =IF(반품접수!$A95="",FALSE(),OR(반품접수!$O95="미처리",반품접수!$O95="부분처리")) -> FALSE | L98: =IF($K98=FALSE(),"",COUNTIF($K$6:$K98,TRUE())) | M98: =IF($L98="","","R"&$L98)
A99: =IF($B99="","",94) | B99: =IFERROR(INDEX(반품접수!$A$3:$A$1002,MATCH("R"&94,미처리현황!$M$6:$M$1005,0)),"") | C99: =IF($B99="","",IFERROR(INDEX(반품접수!$B$3:$B$1002,MATCH("R"&94,미처리현황!$M$6:$M$1005,0)),"")) | D99: =IF($C99="","",TODAY()-$C99) | E99: =IF($B99="","",IFERROR(INDEX(반품접수!$C$3:$C$1002,MATCH("R"&94,미처리현황!$M$6:$M$1005,0)),"")) | F99: =IF($B99="","",IFERROR(INDEX(반품접수!$E$3:$E$1002,MATCH("R"&94,미처리현황!$M$6:$M$1005,0)),"")) | G99: =IF($B99="","",IFERROR(INDEX(반품접수!$I$3:$I$1002,MATCH("R"&94,미처리현황!$M$6:$M$1005,0)),"")) | H99: =IF($B99="","",IFERROR(INDEX(반품접수!$N$3:$N$1002,MATCH("R"&94,미처리현황!$M$6:$M$1005,0)),"")) | I99: =IF($B99="","",IFERROR(INDEX(반품접수!$O$3:$O$1002,MATCH("R"&94,미처리현황!$M$6:$M$1005,0)),"")) | K99: =IF(반품접수!$A96="",FALSE(),OR(반품접수!$O96="미처리",반품접수!$O96="부분처리")) -> FALSE | L99: =IF($K99=FALSE(),"",COUNTIF($K$6:$K99,TRUE())) | M99: =IF($L99="","","R"&$L99)
A100: =IF($B100="","",95) | B100: =IFERROR(INDEX(반품접수!$A$3:$A$1002,MATCH("R"&95,미처리현황!$M$6:$M$1005,0)),"") | C100: =IF($B100="","",IFERROR(INDEX(반품접수!$B$3:$B$1002,MATCH("R"&95,미처리현황!$M$6:$M$1005,0)),"")) | D100: =IF($C100="","",TODAY()-$C100) | E100: =IF($B100="","",IFERROR(INDEX(반품접수!$C$3:$C$1002,MATCH("R"&95,미처리현황!$M$6:$M$1005,0)),"")) | F100: =IF($B100="","",IFERROR(INDEX(반품접수!$E$3:$E$1002,MATCH("R"&95,미처리현황!$M$6:$M$1005,0)),"")) | G100: =IF($B100="","",IFERROR(INDEX(반품접수!$I$3:$I$1002,MATCH("R"&95,미처리현황!$M$6:$M$1005,0)),"")) | H100: =IF($B100="","",IFERROR(INDEX(반품접수!$N$3:$N$1002,MATCH("R"&95,미처리현황!$M$6:$M$1005,0)),"")) | I100: =IF($B100="","",IFERROR(INDEX(반품접수!$O$3:$O$1002,MATCH("R"&95,미처리현황!$M$6:$M$1005,0)),"")) | K100: =IF(반품접수!$A97="",FALSE(),OR(반품접수!$O97="미처리",반품접수!$O97="부분처리")) -> FALSE | L100: =IF($K100=FALSE(),"",COUNTIF($K$6:$K100,TRUE())) | M100: =IF($L100="","","R"&$L100)
A101: =IF($B101="","",96) | B101: =IFERROR(INDEX(반품접수!$A$3:$A$1002,MATCH("R"&96,미처리현황!$M$6:$M$1005,0)),"") | C101: =IF($B101="","",IFERROR(INDEX(반품접수!$B$3:$B$1002,MATCH("R"&96,미처리현황!$M$6:$M$1005,0)),"")) | D101: =IF($C101="","",TODAY()-$C101) | E101: =IF($B101="","",IFERROR(INDEX(반품접수!$C$3:$C$1002,MATCH("R"&96,미처리현황!$M$6:$M$1005,0)),"")) | F101: =IF($B101="","",IFERROR(INDEX(반품접수!$E$3:$E$1002,MATCH("R"&96,미처리현황!$M$6:$M$1005,0)),"")) | G101: =IF($B101="","",IFERROR(INDEX(반품접수!$I$3:$I$1002,MATCH("R"&96,미처리현황!$M$6:$M$1005,0)),"")) | H101: =IF($B101="","",IFERROR(INDEX(반품접수!$N$3:$N$1002,MATCH("R"&96,미처리현황!$M$6:$M$1005,0)),"")) | I101: =IF($B101="","",IFERROR(INDEX(반품접수!$O$3:$O$1002,MATCH("R"&96,미처리현황!$M$6:$M$1005,0)),"")) | K101: =IF(반품접수!$A98="",FALSE(),OR(반품접수!$O98="미처리",반품접수!$O98="부분처리")) -> FALSE | L101: =IF($K101=FALSE(),"",COUNTIF($K$6:$K101,TRUE())) | M101: =IF($L101="","","R"&$L101)
A102: =IF($B102="","",97) | B102: =IFERROR(INDEX(반품접수!$A$3:$A$1002,MATCH("R"&97,미처리현황!$M$6:$M$1005,0)),"") | C102: =IF($B102="","",IFERROR(INDEX(반품접수!$B$3:$B$1002,MATCH("R"&97,미처리현황!$M$6:$M$1005,0)),"")) | D102: =IF($C102="","",TODAY()-$C102) | E102: =IF($B102="","",IFERROR(INDEX(반품접수!$C$3:$C$1002,MATCH("R"&97,미처리현황!$M$6:$M$1005,0)),"")) | F102: =IF($B102="","",IFERROR(INDEX(반품접수!$E$3:$E$1002,MATCH("R"&97,미처리현황!$M$6:$M$1005,0)),"")) | G102: =IF($B102="","",IFERROR(INDEX(반품접수!$I$3:$I$1002,MATCH("R"&97,미처리현황!$M$6:$M$1005,0)),"")) | H102: =IF($B102="","",IFERROR(INDEX(반품접수!$N$3:$N$1002,MATCH("R"&97,미처리현황!$M$6:$M$1005,0)),"")) | I102: =IF($B102="","",IFERROR(INDEX(반품접수!$O$3:$O$1002,MATCH("R"&97,미처리현황!$M$6:$M$1005,0)),"")) | K102: =IF(반품접수!$A99="",FALSE(),OR(반품접수!$O99="미처리",반품접수!$O99="부분처리")) -> FALSE | L102: =IF($K102=FALSE(),"",COUNTIF($K$6:$K102,TRUE())) | M102: =IF($L102="","","R"&$L102)
...

Sheet 사유별집계
A1: 사유별집계
A3: 대상 연도 | B3: 2026
A5: 사유 | B5: 건수 | C5: 수량 | D5: 원재료 수량 | E5: 부자재 수량 | F5: 비중 | G5: 처리비용
A6: 파손 | B6: =COUNTIFS(반품접수!$K$3:$K$1002,$A6,반품접수!$B$3:$B$1002,">="&DATE($B$3,1,1),반품접수!$B$3:$B$1002,"<="&DATE($B$3,12,31)) -> 1 | C6: =SUMIFS(반품접수!$I$3:$I$1002,반품접수!$K$3:$K$1002,$A6,반품접수!$B$3:$B$1002,">="&DATE($B$3,1,1),반품접수!$B$3:$B$1002,"<="&DATE($B$3,12,31)) -> 50 | D6: =SUMIFS(반품접수!$I$3:$I$1002,반품접수!$K$3:$K$1002,$A6,반품접수!$H$3:$H$1002,"원재료",반품접수!$B$3:$B$1002,">="&DATE($B$3,1,1),반품접수!$B$3:$B$1002,"<="&DATE($B$3,12,31)) -> 0 | E6: =SUMIFS(반품접수!$I$3:$I$1002,반품접수!$K$3:$K$1002,$A6,반품접수!$H$3:$H$1002,"부자재",반품접수!$B$3:$B$1002,">="&DATE($B$3,1,1),반품접수!$B$3:$B$1002,"<="&DATE($B$3,12,31)) -> 50 | F6: =IF($C$14=0,"",$C6/$C$14) -> 0.1953125 | G6: =SUMPRODUCT((반품접수!$K$3:$K$1002=$A6)*1,IFERROR(SUMIF(처리내역!$B$3:$B$1502,반품접수!$A$3:$A$1002,처리내역!$G$3:$G$1502),0)) -> 40000
A7: 오염 | B7: =COUNTIFS(반품접수!$K$3:$K$1002,$A7,반품접수!$B$3:$B$1002,">="&DATE($B$3,1,1),반품접수!$B$3:$B$1002,"<="&DATE($B$3,12,31)) -> 1 | C7: =SUMIFS(반품접수!$I$3:$I$1002,반품접수!$K$3:$K$1002,$A7,반품접수!$B$3:$B$1002,">="&DATE($B$3,1,1),반품접수!$B$3:$B$1002,"<="&DATE($B$3,12,31)) -> 3 | D7: =SUMIFS(반품접수!$I$3:$I$1002,반품접수!$K$3:$K$1002,$A7,반품접수!$H$3:$H$1002,"원재료",반품접수!$B$3:$B$1002,">="&DATE($B$3,1,1),반품접수!$B$3:$B$1002,"<="&DATE($B$3,12,31)) -> 3 | E7: =SUMIFS(반품접수!$I$3:$I$1002,반품접수!$K$3:$K$1002,$A7,반품접수!$H$3:$H$1002,"부자재",반품접수!$B$3:$B$1002,">="&DATE($B$3,1,1),반품접수!$B$3:$B$1002,"<="&DATE($B$3,12,31)) -> 0 | F7: =IF($C$14=0,"",$C7/$C$14) -> 0.01171875 | G7: =SUMPRODUCT((반품접수!$K$3:$K$1002=$A7)*1,IFERROR(SUMIF(처리내역!$B$3:$B$1502,반품접수!$A$3:$A$1002,처리내역!$G$3:$G$1502),0)) -> 60000
A8: 수량부족 | B8: =COUNTIFS(반품접수!$K$3:$K$1002,$A8,반품접수!$B$3:$B$1002,">="&DATE($B$3,1,1),반품접수!$B$3:$B$1002,"<="&DATE($B$3,12,31)) -> 0 | C8: =SUMIFS(반품접수!$I$3:$I$1002,반품접수!$K$3:$K$1002,$A8,반품접수!$B$3:$B$1002,">="&DATE($B$3,1,1),반품접수!$B$3:$B$1002,"<="&DATE($B$3,12,31)) -> 0 | D8: =SUMIFS(반품접수!$I$3:$I$1002,반품접수!$K$3:$K$1002,$A8,반품접수!$H$3:$H$1002,"원재료",반품접수!$B$3:$B$1002,">="&DATE($B$3,1,1),반품접수!$B$3:$B$1002,"<="&DATE($B$3,12,31)) -> 0 | E8: =SUMIFS(반품접수!$I$3:$I$1002,반품접수!$K$3:$K$1002,$A8,반품접수!$H$3:$H$1002,"부자재",반품접수!$B$3:$B$1002,">="&DATE($B$3,1,1),반품접수!$B$3:$B$1002,"<="&DATE($B$3,12,31)) -> 0 | F8: =IF($C$14=0,"",$C8/$C$14) -> 0 | G8: =SUMPRODUCT((반품접수!$K$3:$K$1002=$A8)*1,IFERROR(SUMIF(처리내역!$B$3:$B$1502,반품접수!$A$3:$A$1002,처리내역!$G$3:$G$1502),0)) -> 0
A9: 규격상이 | B9: =COUNTIFS(반품접수!$K$3:$K$1002,$A9,반품접수!$B$3:$B$1002,">="&DATE($B$3,1,1),반품접수!$B$3:$B$1002,"<="&DATE($B$3,12,31)) -> 1 | C9: =SUMIFS(반품접수!$I$3:$I$1002,반품접수!$K$3:$K$1002,$A9,반품접수!$B$3:$B$1002,">="&DATE($B$3,1,1),반품접수!$B$3:$B$1002,"<="&DATE($B$3,12,31)) -> 2 | D9: =SUMIFS(반품접수!$I$3:$I$1002,반품접수!$K$3:$K$1002,$A9,반품접수!$H$3:$H$1002,"원재료",반품접수!$B$3:$B$1002,">="&DATE($B$3,1,1),반품접수!$B$3:$B$1002,"<="&DATE($B$3,12,31)) -> 2 | E9: =SUMIFS(반품접수!$I$3:$I$1002,반품접수!$K$3:$K$1002,$A9,반품접수!$H$3:$H$1002,"부자재",반품접수!$B$3:$B$1002,">="&DATE($B$3,1,1),반품접수!$B$3:$B$1002,"<="&DATE($B$3,12,31)) -> 0 | F9: =IF($C$14=0,"",$C9/$C$14) -> 0.0078125 | G9: =SUMPRODUCT((반품접수!$K$3:$K$1002=$A9)*1,IFERROR(SUMIF(처리내역!$B$3:$B$1502,반품접수!$A$3:$A$1002,처리내역!$G$3:$G$1502),0)) -> 30000
A10: 오배송 | B10: =COUNTIFS(반품접수!$K$3:$K$1002,$A10,반품접수!$B$3:$B$1002,">="&DATE($B$3,1,1),반품접수!$B$3:$B$1002,"<="&DATE($B$3,12,31)) -> 1 | C10: =SUMIFS(반품접수!$I$3:$I$1002,반품접수!$K$3:$K$1002,$A10,반품접수!$B$3:$B$1002,">="&DATE($B$3,1,1),반품접수!$B$3:$B$1002,"<="&DATE($B$3,12,31)) -> 200 | D10: =SUMIFS(반품접수!$I$3:$I$1002,반품접수!$K$3:$K$1002,$A10,반품접수!$H$3:$H$1002,"원재료",반품접수!$B$3:$B$1002,">="&DATE($B$3,1,1),반품접수!$B$3:$B$1002,"<="&DATE($B$3,12,31)) -> 0 | E10: =SUMIFS(반품접수!$I$3:$I$1002,반품접수!$K$3:$K$1002,$A10,반품접수!$H$3:$H$1002,"부자재",반품접수!$B$3:$B$1002,">="&DATE($B$3,1,1),반품접수!$B$3:$B$1002,"<="&DATE($B$3,12,31)) -> 200 | F10: =IF($C$14=0,"",$C10/$C$14) -> 0.78125 | G10: =SUMPRODUCT((반품접수!$K$3:$K$1002=$A10)*1,IFERROR(SUMIF(처리내역!$B$3:$B$1502,반품접수!$A$3:$A$1002,처리내역!$G$3:$G$1502),0)) -> 0
A11: 유통기한 | B11: =COUNTIFS(반품접수!$K$3:$K$1002,$A11,반품접수!$B$3:$B$1002,">="&DATE($B$3,1,1),반품접수!$B$3:$B$1002,"<="&DATE($B$3,12,31)) -> 1 | C11: =SUMIFS(반품접수!$I$3:$I$1002,반품접수!$K$3:$K$1002,$A11,반품접수!$B$3:$B$1002,">="&DATE($B$3,1,1),반품접수!$B$3:$B$1002,"<="&DATE($B$3,12,31)) -> 1 | D11: =SUMIFS(반품접수!$I$3:$I$1002,반품접수!$K$3:$K$1002,$A11,반품접수!$H$3:$H$1002,"원재료",반품접수!$B$3:$B$1002,">="&DATE($B$3,1,1),반품접수!$B$3:$B$1002,"<="&DATE($B$3,12,31)) -> 1 | E11: =SUMIFS(반품접수!$I$3:$I$1002,반품접수!$K$3:$K$1002,$A11,반품접수!$H$3:$H$1002,"부자재",반품접수!$B$3:$B$1002,">="&DATE($B$3,1,1),반품접수!$B$3:$B$1002,"<="&DATE($B$3,12,31)) -> 0 | F11: =IF($C$14=0,"",$C11/$C$14) -> 0.00390625 | G11: =SUMPRODUCT((반품접수!$K$3:$K$1002=$A11)*1,IFERROR(SUMIF(처리내역!$B$3:$B$1502,반품접수!$A$3:$A$1002,처리내역!$G$3:$G$1502),0)) -> 0
A12: 고객변심 | B12: =COUNTIFS(반품접수!$K$3:$K$1002,$A12,반품접수!$B$3:$B$1002,">="&DATE($B$3,1,1),반품접수!$B$3:$B$1002,"<="&DATE($B$3,12,31)) -> 0 | C12: =SUMIFS(반품접수!$I$3:$I$1002,반품접수!$K$3:$K$1002,$A12,반품접수!$B$3:$B$1002,">="&DATE($B$3,1,1),반품접수!$B$3:$B$1002,"<="&DATE($B$3,12,31)) -> 0 | D12: =SUMIFS(반품접수!$I$3:$I$1002,반품접수!$K$3:$K$1002,$A12,반품접수!$H$3:$H$1002,"원재료",반품접수!$B$3:$B$1002,">="&DATE($B$3,1,1),반품접수!$B$3:$B$1002,"<="&DATE($B$3,12,31)) -> 0 | E12: =SUMIFS(반품접수!$I$3:$I$1002,반품접수!$K$3:$K$1002,$A12,반품접수!$H$3:$H$1002,"부자재",반품접수!$B$3:$B$1002,">="&DATE($B$3,1,1),반품접수!$B$3:$B$1002,"<="&DATE($B$3,12,31)) -> 0 | F12: =IF($C$14=0,"",$C12/$C$14) -> 0 | G12: =SUMPRODUCT((반품접수!$K$3:$K$1002=$A12)*1,IFERROR(SUMIF(처리내역!$B$3:$B$1502,반품접수!$A$3:$A$1002,처리내역!$G$3:$G$1502),0)) -> 0
A13: 기타 | B13: =COUNTIFS(반품접수!$K$3:$K$1002,$A13,반품접수!$B$3:$B$1002,">="&DATE($B$3,1,1),반품접수!$B$3:$B$1002,"<="&DATE($B$3,12,31)) -> 0 | C13: =SUMIFS(반품접수!$I$3:$I$1002,반품접수!$K$3:$K$1002,$A13,반품접수!$B$3:$B$1002,">="&DATE($B$3,1,1),반품접수!$B$3:$B$1002,"<="&DATE($B$3,12,31)) -> 0 | D13: =SUMIFS(반품접수!$I$3:$I$1002,반품접수!$K$3:$K$1002,$A13,반품접수!$H$3:$H$1002,"원재료",반품접수!$B$3:$B$1002,">="&DATE($B$3,1,1),반품접수!$B$3:$B$1002,"<="&DATE($B$3,12,31)) -> 0 | E13: =SUMIFS(반품접수!$I$3:$I$1002,반품접수!$K$3:$K$1002,$A13,반품접수!$H$3:$H$1002,"부자재",반품접수!$B$3:$B$1002,">="&DATE($B$3,1,1),반품접수!$B$3:$B$1002,"<="&DATE($B$3,12,31)) -> 0 | F13: =IF($C$14=0,"",$C13/$C$14) -> 0 | G13: =SUMPRODUCT((반품접수!$K$3:$K$1002=$A13)*1,IFERROR(SUMIF(처리내역!$B$3:$B$1502,반품접수!$A$3:$A$1002,처리내역!$G$3:$G$1502),0)) -> 0
A14: 합계 | B14: =SUM(B6:B13) -> 5 | C14: =SUM(C6:C13) -> 256 | D14: =SUM(D6:D13) -> 6 | E14: =SUM(E6:E13) -> 250
A16: ※ 처리비용은 각 접수건에 연결된 처리내역의 비용 합계입니다.

Sheet 거래처별집계
A1: 거래처별집계
A3: 대상 연도 | B3: 2026
A5: 거래처명 | B5: 접수 건수 | C5: 접수 수량 | D5: 미처리 건수 | E5: 재입고 | F5: 폐기 | G5: 완료율
A6: =IF(거래처목록!$A3="","",거래처목록!$A3) -> ○○소재 | B6: =IF($A6="","",COUNTIFS(반품접수!$C$3:$C$1002,$A6,반품접수!$B$3:$B$1002,">="&DATE($B$3,1,1),반품접수!$B$3:$B$1002,"<="&DATE($B$3,12,31))) -> 2 | C6: =IF($A6="","",SUMIFS(반품접수!$I$3:$I$1002,반품접수!$C$3:$C$1002,$A6,반품접수!$B$3:$B$1002,">="&DATE($B$3,1,1),반품접수!$B$3:$B$1002,"<="&DATE($B$3,12,31))) -> 4 | D6: =IF($A6="","",COUNTIFS(반품접수!$C$3:$C$1002,$A6,반품접수!$O$3:$O$1002,"미처리",반품접수!$B$3:$B$1002,">="&DATE($B$3,1,1),반품접수!$B$3:$B$1002,"<="&DATE($B$3,12,31))+COUNTIFS(반품접수!$C$3:$C$1002,$A6,반품접수!$O$3:$O$1002,"부분처리",반품접수!$B$3:$B$1002,">="&DATE($B$3,1,1),반품접수!$B$3:$B$1002,"<="&DATE($B$3,12,31))) -> 2 | E6: =IF($A6="","",SUMPRODUCT((반품접수!$C$3:$C$1002=$A6)*1,IFERROR(SUMIFS(처리내역!$E$3:$E$1502,처리내역!$B$3:$B$1502,반품접수!$A$3:$A$1002,처리내역!$D$3:$D$1502,"재입고"),0))) -> 0 | F6: =IF($A6="","",SUMPRODUCT((반품접수!$C$3:$C$1002=$A6)*1,IFERROR(SUMIFS(처리내역!$E$3:$E$1502,처리내역!$B$3:$B$1502,반품접수!$A$3:$A$1002,처리내역!$D$3:$D$1502,"폐기"),0))) -> 2 | G6: =IF($A6="","",IF($B6=0,"",($B6-$D6)/$B6)) -> 0
A7: =IF(거래처목록!$A4="","",거래처목록!$A4) -> △△부품 | B7: =IF($A7="","",COUNTIFS(반품접수!$C$3:$C$1002,$A7,반품접수!$B$3:$B$1002,">="&DATE($B$3,1,1),반품접수!$B$3:$B$1002,"<="&DATE($B$3,12,31))) -> 1 | C7: =IF($A7="","",SUMIFS(반품접수!$I$3:$I$1002,반품접수!$C$3:$C$1002,$A7,반품접수!$B$3:$B$1002,">="&DATE($B$3,1,1),반품접수!$B$3:$B$1002,"<="&DATE($B$3,12,31))) -> 2 | D7: =IF($A7="","",COUNTIFS(반품접수!$C$3:$C$1002,$A7,반품접수!$O$3:$O$1002,"미처리",반품접수!$B$3:$B$1002,">="&DATE($B$3,1,1),반품접수!$B$3:$B$1002,"<="&DATE($B$3,12,31))+COUNTIFS(반품접수!$C$3:$C$1002,$A7,반품접수!$O$3:$O$1002,"부분처리",반품접수!$B$3:$B$1002,">="&DATE($B$3,1,1),반품접수!$B$3:$B$1002,"<="&DATE($B$3,12,31))) -> 0 | E7: =IF($A7="","",SUMPRODUCT((반품접수!$C$3:$C$1002=$A7)*1,IFERROR(SUMIFS(처리내역!$E$3:$E$1502,처리내역!$B$3:$B$1502,반품접수!$A$3:$A$1002,처리내역!$D$3:$D$1502,"재입고"),0))) -> 0 | F7: =IF($A7="","",SUMPRODUCT((반품접수!$C$3:$C$1002=$A7)*1,IFERROR(SUMIFS(처리내역!$E$3:$E$1502,처리내역!$B$3:$B$1502,반품접수!$A$3:$A$1002,처리내역!$D$3:$D$1502,"폐기"),0))) -> 0 | G7: =IF($A7="","",IF($B7=0,"",($B7-$D7)/$B7)) -> 1
A8: =IF(거래처목록!$A5="","",거래처목록!$A5) -> □□유통 | B8: =IF($A8="","",COUNTIFS(반품접수!$C$3:$C$1002,$A8,반품접수!$B$3:$B$1002,">="&DATE($B$3,1,1),반품접수!$B$3:$B$1002,"<="&DATE($B$3,12,31))) -> 2 | C8: =IF($A8="","",SUMIFS(반품접수!$I$3:$I$1002,반품접수!$C$3:$C$1002,$A8,반품접수!$B$3:$B$1002,">="&DATE($B$3,1,1),반품접수!$B$3:$B$1002,"<="&DATE($B$3,12,31))) -> 250 | D8: =IF($A8="","",COUNTIFS(반품접수!$C$3:$C$1002,$A8,반품접수!$O$3:$O$1002,"미처리",반품접수!$B$3:$B$1002,">="&DATE($B$3,1,1),반품접수!$B$3:$B$1002,"<="&DATE($B$3,12,31))+COUNTIFS(반품접수!$C$3:$C$1002,$A8,반품접수!$O$3:$O$1002,"부분처리",반품접수!$B$3:$B$1002,">="&DATE($B$3,1,1),반품접수!$B$3:$B$1002,"<="&DATE($B$3,12,31))) -> 1 | E8: =IF($A8="","",SUMPRODUCT((반품접수!$C$3:$C$1002=$A8)*1,IFERROR(SUMIFS(처리내역!$E$3:$E$1502,처리내역!$B$3:$B$1502,반품접수!$A$3:$A$1002,처리내역!$D$3:$D$1502,"재입고"),0))) -> 30 | F8: =IF($A8="","",SUMPRODUCT((반품접수!$C$3:$C$1002=$A8)*1,IFERROR(SUMIFS(처리내역!$E$3:$E$1502,처리내역!$B$3:$B$1502,반품접수!$A$3:$A$1002,처리내역!$D$3:$D$1502,"폐기"),0))) -> 20 | G8: =IF($A8="","",IF($B8=0,"",($B8-$D8)/$B8)) -> 0.5
A9: =IF(거래처목록!$A6="","",거래처목록!$A6) | B9: =IF($A9="","",COUNTIFS(반품접수!$C$3:$C$1002,$A9,반품접수!$B$3:$B$1002,">="&DATE($B$3,1,1),반품접수!$B$3:$B$1002,"<="&DATE($B$3,12,31))) | C9: =IF($A9="","",SUMIFS(반품접수!$I$3:$I$1002,반품접수!$C$3:$C$1002,$A9,반품접수!$B$3:$B$1002,">="&DATE($B$3,1,1),반품접수!$B$3:$B$1002,"<="&DATE($B$3,12,31))) | D9: =IF($A9="","",COUNTIFS(반품접수!$C$3:$C$1002,$A9,반품접수!$O$3:$O$1002,"미처리",반품접수!$B$3:$B$1002,">="&DATE($B$3,1,1),반품접수!$B$3:$B$1002,"<="&DATE($B$3,12,31))+COUNTIFS(반품접수!$C$3:$C$1002,$A9,반품접수!$O$3:$O$1002,"부분처리",반품접수!$B$3:$B$1002,">="&DATE($B$3,1,1),반품접수!$B$3:$B$1002,"<="&DATE($B$3,12,31))) | E9: =IF($A9="","",SUMPRODUCT((반품접수!$C$3:$C$1002=$A9)*1,IFERROR(SUMIFS(처리내역!$E$3:$E$1502,처리내역!$B$3:$B$1502,반품접수!$A$3:$A$1002,처리내역!$D$3:$D$1502,"재입고"),0))) | F9: =IF($A9="","",SUMPRODUCT((반품접수!$C$3:$C$1002=$A9)*1,IFERROR(SUMIFS(처리내역!$E$3:$E$1502,처리내역!$B$3:$B$1502,반품접수!$A$3:$A$1002,처리내역!$D$3:$D$1502,"폐기"),0))) | G9: =IF($A9="","",IF($B9=0,"",($B9-$D9)/$B9))
A10: =IF(거래처목록!$A7="","",거래처목록!$A7) | B10: =IF($A10="","",COUNTIFS(반품접수!$C$3:$C$1002,$A10,반품접수!$B$3:$B$1002,">="&DATE($B$3,1,1),반품접수!$B$3:$B$1002,"<="&DATE($B$3,12,31))) | C10: =IF($A10="","",SUMIFS(반품접수!$I$3:$I$1002,반품접수!$C$3:$C$1002,$A10,반품접수!$B$3:$B$1002,">="&DATE($B$3,1,1),반품접수!$B$3:$B$1002,"<="&DATE($B$3,12,31))) | D10: =IF($A10="","",COUNTIFS(반품접수!$C$3:$C$1002,$A10,반품접수!$O$3:$O$1002,"미처리",반품접수!$B$3:$B$1002,">="&DATE($B$3,1,1),반품접수!$B$3:$B$1002,"<="&DATE($B$3,12,31))+COUNTIFS(반품접수!$C$3:$C$1002,$A10,반품접수!$O$3:$O$1002,"부분처리",반품접수!$B$3:$B$1002,">="&DATE($B$3,1,1),반품접수!$B$3:$B$1002,"<="&DATE($B$3,12,31))) | E10: =IF($A10="","",SUMPRODUCT((반품접수!$C$3:$C$1002=$A10)*1,IFERROR(SUMIFS(처리내역!$E$3:$E$1502,처리내역!$B$3:$B$1502,반품접수!$A$3:$A$1002,처리내역!$D$3:$D$1502,"재입고"),0))) | F10: =IF($A10="","",SUMPRODUCT((반품접수!$C$3:$C$1002=$A10)*1,IFERROR(SUMIFS(처리내역!$E$3:$E$1502,처리내역!$B$3:$B$1502,반품접수!$A$3:$A$1002,처리내역!$D$3:$D$1502,"폐기"),0))) | G10: =IF($A10="","",IF($B10=0,"",($B10-$D10)/$B10))
A11: =IF(거래처목록!$A8="","",거래처목록!$A8) | B11: =IF($A11="","",COUNTIFS(반품접수!$C$3:$C$1002,$A11,반품접수!$B$3:$B$1002,">="&DATE($B$3,1,1),반품접수!$B$3:$B$1002,"<="&DATE($B$3,12,31))) | C11: =IF($A11="","",SUMIFS(반품접수!$I$3:$I$1002,반품접수!$C$3:$C$1002,$A11,반품접수!$B$3:$B$1002,">="&DATE($B$3,1,1),반품접수!$B$3:$B$1002,"<="&DATE($B$3,12,31))) | D11: =IF($A11="","",COUNTIFS(반품접수!$C$3:$C$1002,$A11,반품접수!$O$3:$O$1002,"미처리",반품접수!$B$3:$B$1002,">="&DATE($B$3,1,1),반품접수!$B$3:$B$1002,"<="&DATE($B$3,12,31))+COUNTIFS(반품접수!$C$3:$C$1002,$A11,반품접수!$O$3:$O$1002,"부분처리",반품접수!$B$3:$B$1002,">="&DATE($B$3,1,1),반품접수!$B$3:$B$1002,"<="&DATE($B$3,12,31))) | E11: =IF($A11="","",SUMPRODUCT((반품접수!$C$3:$C$1002=$A11)*1,IFERROR(SUMIFS(처리내역!$E$3:$E$1502,처리내역!$B$3:$B$1502,반품접수!$A$3:$A$1002,처리내역!$D$3:$D$1502,"재입고"),0))) | F11: =IF($A11="","",SUMPRODUCT((반품접수!$C$3:$C$1002=$A11)*1,IFERROR(SUMIFS(처리내역!$E$3:$E$1502,처리내역!$B$3:$B$1502,반품접수!$A$3:$A$1002,처리내역!$D$3:$D$1502,"폐기"),0))) | G11: =IF($A11="","",IF($B11=0,"",($B11-$D11)/$B11))
A12: =IF(거래처목록!$A9="","",거래처목록!$A9) | B12: =IF($A12="","",COUNTIFS(반품접수!$C$3:$C$1002,$A12,반품접수!$B$3:$B$1002,">="&DATE($B$3,1,1),반품접수!$B$3:$B$1002,"<="&DATE($B$3,12,31))) | C12: =IF($A12="","",SUMIFS(반품접수!$I$3:$I$1002,반품접수!$C$3:$C$1002,$A12,반품접수!$B$3:$B$1002,">="&DATE($B$3,1,1),반품접수!$B$3:$B$1002,"<="&DATE($B$3,12,31))) | D12: =IF($A12="","",COUNTIFS(반품접수!$C$3:$C$1002,$A12,반품접수!$O$3:$O$1002,"미처리",반품접수!$B$3:$B$1002,">="&DATE($B$3,1,1),반품접수!$B$3:$B$1002,"<="&DATE($B$3,12,31))+COUNTIFS(반품접수!$C$3:$C$1002,$A12,반품접수!$O$3:$O$1002,"부분처리",반품접수!$B$3:$B$1002,">="&DATE($B$3,1,1),반품접수!$B$3:$B$1002,"<="&DATE($B$3,12,31))) | E12: =IF($A12="","",SUMPRODUCT((반품접수!$C$3:$C$1002=$A12)*1,IFERROR(SUMIFS(처리내역!$E$3:$E$1502,처리내역!$B$3:$B$1502,반품접수!$A$3:$A$1002,처리내역!$D$3:$D$1502,"재입고"),0))) | F12: =IF($A12="","",SUMPRODUCT((반품접수!$C$3:$C$1002=$A12)*1,IFERROR(SUMIFS(처리내역!$E$3:$E$1502,처리내역!$B$3:$B$1502,반품접수!$A$3:$A$1002,처리내역!$D$3:$D$1502,"폐기"),0))) | G12: =IF($A12="","",IF($B12=0,"",($B12-$D12)/$B12))
A13: =IF(거래처목록!$A10="","",거래처목록!$A10) | B13: =IF($A13="","",COUNTIFS(반품접수!$C$3:$C$1002,$A13,반품접수!$B$3:$B$1002,">="&DATE($B$3,1,1),반품접수!$B$3:$B$1002,"<="&DATE($B$3,12,31))) | C13: =IF($A13="","",SUMIFS(반품접수!$I$3:$I$1002,반품접수!$C$3:$C$1002,$A13,반품접수!$B$3:$B$1002,">="&DATE($B$3,1,1),반품접수!$B$3:$B$1002,"<="&DATE($B$3,12,31))) | D13: =IF($A13="","",COUNTIFS(반품접수!$C$3:$C$1002,$A13,반품접수!$O$3:$O$1002,"미처리",반품접수!$B$3:$B$1002,">="&DATE($B$3,1,1),반품접수!$B$3:$B$1002,"<="&DATE($B$3,12,31))+COUNTIFS(반품접수!$C$3:$C$1002,$A13,반품접수!$O$3:$O$1002,"부분처리",반품접수!$B$3:$B$1002,">="&DATE($B$3,1,1),반품접수!$B$3:$B$1002,"<="&DATE($B$3,12,31))) | E13: =IF($A13="","",SUMPRODUCT((반품접수!$C$3:$C$1002=$A13)*1,IFERROR(SUMIFS(처리내역!$E$3:$E$1502,처리내역!$B$3:$B$1502,반품접수!$A$3:$A$1002,처리내역!$D$3:$D$1502,"재입고"),0))) | F13: =IF($A13="","",SUMPRODUCT((반품접수!$C$3:$C$1002=$A13)*1,IFERROR(SUMIFS(처리내역!$E$3:$E$1502,처리내역!$B$3:$B$1502,반품접수!$A$3:$A$1002,처리내역!$D$3:$D$1502,"폐기"),0))) | G13: =IF($A13="","",IF($B13=0,"",($B13-$D13)/$B13))
A14: =IF(거래처목록!$A11="","",거래처목록!$A11) | B14: =IF($A14="","",COUNTIFS(반품접수!$C$3:$C$1002,$A14,반품접수!$B$3:$B$1002,">="&DATE($B$3,1,1),반품접수!$B$3:$B$1002,"<="&DATE($B$3,12,31))) | C14: =IF($A14="","",SUMIFS(반품접수!$I$3:$I$1002,반품접수!$C$3:$C$1002,$A14,반품접수!$B$3:$B$1002,">="&DATE($B$3,1,1),반품접수!$B$3:$B$1002,"<="&DATE($B$3,12,31))) | D14: =IF($A14="","",COUNTIFS(반품접수!$C$3:$C$1002,$A14,반품접수!$O$3:$O$1002,"미처리",반품접수!$B$3:$B$1002,">="&DATE($B$3,1,1),반품접수!$B$3:$B$1002,"<="&DATE($B$3,12,31))+COUNTIFS(반품접수!$C$3:$C$1002,$A14,반품접수!$O$3:$O$1002,"부분처리",반품접수!$B$3:$B$1002,">="&DATE($B$3,1,1),반품접수!$B$3:$B$1002,"<="&DATE($B$3,12,31))) | E14: =IF($A14="","",SUMPRODUCT((반품접수!$C$3:$C$1002=$A14)*1,IFERROR(SUMIFS(처리내역!$E$3:$E$1502,처리내역!$B$3:$B$1502,반품접수!$A$3:$A$1002,처리내역!$D$3:$D$1502,"재입고"),0))) | F14: =IF($A14="","",SUMPRODUCT((반품접수!$C$3:$C$1002=$A14)*1,IFERROR(SUMIFS(처리내역!$E$3:$E$1502,처리내역!$B$3:$B$1502,반품접수!$A$3:$A$1002,처리내역!$D$3:$D$1502,"폐기"),0))) | G14: =IF($A14="","",IF($B14=0,"",($B14-$D14)/$B14))
A15: =IF(거래처목록!$A12="","",거래처목록!$A12) | B15: =IF($A15="","",COUNTIFS(반품접수!$C$3:$C$1002,$A15,반품접수!$B$3:$B$1002,">="&DATE($B$3,1,1),반품접수!$B$3:$B$1002,"<="&DATE($B$3,12,31))) | C15: =IF($A15="","",SUMIFS(반품접수!$I$3:$I$1002,반품접수!$C$3:$C$1002,$A15,반품접수!$B$3:$B$1002,">="&DATE($B$3,1,1),반품접수!$B$3:$B$1002,"<="&DATE($B$3,12,31))) | D15: =IF($A15="","",COUNTIFS(반품접수!$C$3:$C$1002,$A15,반품접수!$O$3:$O$1002,"미처리",반품접수!$B$3:$B$1002,">="&DATE($B$3,1,1),반품접수!$B$3:$B$1002,"<="&DATE($B$3,12,31))+COUNTIFS(반품접수!$C$3:$C$1002,$A15,반품접수!$O$3:$O$1002,"부분처리",반품접수!$B$3:$B$1002,">="&DATE($B$3,1,1),반품접수!$B$3:$B$1002,"<="&DATE($B$3,12,31))) | E15: =IF($A15="","",SUMPRODUCT((반품접수!$C$3:$C$1002=$A15)*1,IFERROR(SUMIFS(처리내역!$E$3:$E$1502,처리내역!$B$3:$B$1502,반품접수!$A$3:$A$1002,처리내역!$D$3:$D$1502,"재입고"),0))) | F15: =IF($A15="","",SUMPRODUCT((반품접수!$C$3:$C$1002=$A15)*1,IFERROR(SUMIFS(처리내역!$E$3:$E$1502,처리내역!$B$3:$B$1502,반품접수!$A$3:$A$1002,처리내역!$D$3:$D$1502,"폐기"),0))) | G15: =IF($A15="","",IF($B15=0,"",($B15-$D15)/$B15))
A16: =IF(거래처목록!$A13="","",거래처목록!$A13) | B16: =IF($A16="","",COUNTIFS(반품접수!$C$3:$C$1002,$A16,반품접수!$B$3:$B$1002,">="&DATE($B$3,1,1),반품접수!$B$3:$B$1002,"<="&DATE($B$3,12,31))) | C16: =IF($A16="","",SUMIFS(반품접수!$I$3:$I$1002,반품접수!$C$3:$C$1002,$A16,반품접수!$B$3:$B$1002,">="&DATE($B$3,1,1),반품접수!$B$3:$B$1002,"<="&DATE($B$3,12,31))) | D16: =IF($A16="","",COUNTIFS(반품접수!$C$3:$C$1002,$A16,반품접수!$O$3:$O$1002,"미처리",반품접수!$B$3:$B$1002,">="&DATE($B$3,1,1),반품접수!$B$3:$B$1002,"<="&DATE($B$3,12,31))+COUNTIFS(반품접수!$C$3:$C$1002,$A16,반품접수!$O$3:$O$1002,"부분처리",반품접수!$B$3:$B$1002,">="&DATE($B$3,1,1),반품접수!$B$3:$B$1002,"<="&DATE($B$3,12,31))) | E16: =IF($A16="","",SUMPRODUCT((반품접수!$C$3:$C$1002=$A16)*1,IFERROR(SUMIFS(처리내역!$E$3:$E$1502,처리내역!$B$3:$B$1502,반품접수!$A$3:$A$1002,처리내역!$D$3:$D$1502,"재입고"),0))) | F16: =IF($A16="","",SUMPRODUCT((반품접수!$C$3:$C$1002=$A16)*1,IFERROR(SUMIFS(처리내역!$E$3:$E$1502,처리내역!$B$3:$B$1502,반품접수!$A$3:$A$1002,처리내역!$D$3:$D$1502,"폐기"),0))) | G16: =IF($A16="","",IF($B16=0,"",($B16-$D16)/$B16))
A17: =IF(거래처목록!$A14="","",거래처목록!$A14) | B17: =IF($A17="","",COUNTIFS(반품접수!$C$3:$C$1002,$A17,반품접수!$B$3:$B$1002,">="&DATE($B$3,1,1),반품접수!$B$3:$B$1002,"<="&DATE($B$3,12,31))) | C17: =IF($A17="","",SUMIFS(반품접수!$I$3:$I$1002,반품접수!$C$3:$C$1002,$A17,반품접수!$B$3:$B$1002,">="&DATE($B$3,1,1),반품접수!$B$3:$B$1002,"<="&DATE($B$3,12,31))) | D17: =IF($A17="","",COUNTIFS(반품접수!$C$3:$C$1002,$A17,반품접수!$O$3:$O$1002,"미처리",반품접수!$B$3:$B$1002,">="&DATE($B$3,1,1),반품접수!$B$3:$B$1002,"<="&DATE($B$3,12,31))+COUNTIFS(반품접수!$C$3:$C$1002,$A17,반품접수!$O$3:$O$1002,"부분처리",반품접수!$B$3:$B$1002,">="&DATE($B$3,1,1),반품접수!$B$3:$B$1002,"<="&DATE($B$3,12,31))) | E17: =IF($A17="","",SUMPRODUCT((반품접수!$C$3:$C$1002=$A17)*1,IFERROR(SUMIFS(처리내역!$E$3:$E$1502,처리내역!$B$3:$B$1502,반품접수!$A$3:$A$1002,처리내역!$D$3:$D$1502,"재입고"),0))) | F17: =IF($A17="","",SUMPRODUCT((반품접수!$C$3:$C$1002=$A17)*1,IFERROR(SUMIFS(처리내역!$E$3:$E$1502,처리내역!$B$3:$B$1502,반품접수!$A$3:$A$1002,처리내역!$D$3:$D$1502,"폐기"),0))) | G17: =IF($A17="","",IF($B17=0,"",($B17-$D17)/$B17))
... A305: =IF(거래처목록!$A302="","",거래처목록!$A302) | B305: =IF($A305="","",COUNTIFS(반품접수!$C$3:$C$1002,$A305,반품접수!$B$3:$B$1002,">="&DATE($B$3,1,1),반품접수!$B$3:$B$1002,"<="&DATE($B$3,12,31))) | C305: =IF($A305="","",SUMIFS(반품접수!$I$3:$I$1002,반품접수!$C$3:$C$1002,$A305,반품접수!$B$3:$B$1002,">="&DATE($B$3,1,1),반품접수!$B$3:$B$1002,"<="&DATE($B$3,12,31))) | D305: =IF($A305="","",COUNTIFS(반품접수!$C$3:$C$1002,$A305,반품접수!$O$3:$O$1002,"미처리",반품접수!$B$3:$B$1002,">="&DATE($B$3,1,1),반품접수!$B$3:$B$1002,"<="&DATE($B$3,12,31))+COUNTIFS(반품접수!$C$3:$C$1002,$A305,반품접수!$O$3:$O$1002,"부분처리",반품접수!$B$3:$B$1002,">="&DATE($B$3,1,1),반품접수!$B$3:$B$1002,"<="&DATE($B$3,12,31))) | E305: =IF($A305="","",SUMPRODUCT((반품접수!$C$3:$C$1002=$A305)*1,IFERROR(SUMIFS(처리내역!$E$3:$E$1502,처리내역!$B$3:$B$1502,반품접수!$A$3:$A$1002,처리내역!$D$3:$D$1502,"재입고"),0))) | F305: =IF($A305="","",SUMPRODUCT((반품접수!$C$3:$C$1002=$A305)*1,IFERROR(SUMIFS(처리내역!$E$3:$E$1502,처리내역!$B$3:$B$1502,반품접수!$A$3:$A$1002,처리내역!$D$3:$D$1502,"폐기"),0))) | G305: =IF($A305="","",IF($B305=0,"",($B305-$D305)/$B305))
A307: 합계 | B307: =SUM(B6:B305) -> 5 | C307: =SUM(C6:C305) -> 256 | D307: =SUM(D6:D305) -> 3 | E307: =SUM(E6:E305) -> 30 | F307: =SUM(F6:F305) -> 22

Sheet 월별집계
A1: 월별집계
A3: 대상 연도 | B3: 2026
A5: 월 | B5: 접수 건수 | C5: 접수 수량 | D5: 반품 | E5: 불량 | F5: 교환 | G5: 처리 수량 | H5: 처리비용
A6: 1 | B6: =COUNTIFS(반품접수!$B$3:$B$1002,">="&DATE($B$3,1,1),반품접수!$B$3:$B$1002,"<="&EOMONTH(DATE($B$3,1,1),0)) -> 0 | C6: =SUMIFS(반품접수!$I$3:$I$1002,반품접수!$B$3:$B$1002,">="&DATE($B$3,1,1),반품접수!$B$3:$B$1002,"<="&EOMONTH(DATE($B$3,1,1),0)) -> 0 | D6: =COUNTIFS(반품접수!$J$3:$J$1002,"반품",반품접수!$B$3:$B$1002,">="&DATE($B$3,1,1),반품접수!$B$3:$B$1002,"<="&EOMONTH(DATE($B$3,1,1),0)) -> 0 | E6: =COUNTIFS(반품접수!$J$3:$J$1002,"불량",반품접수!$B$3:$B$1002,">="&DATE($B$3,1,1),반품접수!$B$3:$B$1002,"<="&EOMONTH(DATE($B$3,1,1),0)) -> 0 | F6: =COUNTIFS(반품접수!$J$3:$J$1002,"교환",반품접수!$B$3:$B$1002,">="&DATE($B$3,1,1),반품접수!$B$3:$B$1002,"<="&EOMONTH(DATE($B$3,1,1),0)) -> 0 | G6: =SUMIFS(처리내역!$E$3:$E$1502,처리내역!$A$3:$A$1502,">="&DATE($B$3,1,1),처리내역!$A$3:$A$1502,"<="&EOMONTH(DATE($B$3,1,1),0)) -> 0 | H6: =SUMIFS(처리내역!$G$3:$G$1502,처리내역!$A$3:$A$1502,">="&DATE($B$3,1,1),처리내역!$A$3:$A$1502,"<="&EOMONTH(DATE($B$3,1,1),0)) -> 0
A7: 2 | B7: =COUNTIFS(반품접수!$B$3:$B$1002,">="&DATE($B$3,2,1),반품접수!$B$3:$B$1002,"<="&EOMONTH(DATE($B$3,2,1),0)) -> 0 | C7: =SUMIFS(반품접수!$I$3:$I$1002,반품접수!$B$3:$B$1002,">="&DATE($B$3,2,1),반품접수!$B$3:$B$1002,"<="&EOMONTH(DATE($B$3,2,1),0)) -> 0 | D7: =COUNTIFS(반품접수!$J$3:$J$1002,"반품",반품접수!$B$3:$B$1002,">="&DATE($B$3,2,1),반품접수!$B$3:$B$1002,"<="&EOMONTH(DATE($B$3,2,1),0)) -> 0 | E7: =COUNTIFS(반품접수!$J$3:$J$1002,"불량",반품접수!$B$3:$B$1002,">="&DATE($B$3,2,1),반품접수!$B$3:$B$1002,"<="&EOMONTH(DATE($B$3,2,1),0)) -> 0 | F7: =COUNTIFS(반품접수!$J$3:$J$1002,"교환",반품접수!$B$3:$B$1002,">="&DATE($B$3,2,1),반품접수!$B$3:$B$1002,"<="&EOMONTH(DATE($B$3,2,1),0)) -> 0 | G7: =SUMIFS(처리내역!$E$3:$E$1502,처리내역!$A$3:$A$1502,">="&DATE($B$3,2,1),처리내역!$A$3:$A$1502,"<="&EOMONTH(DATE($B$3,2,1),0)) -> 0 | H7: =SUMIFS(처리내역!$G$3:$G$1502,처리내역!$A$3:$A$1502,">="&DATE($B$3,2,1),처리내역!$A$3:$A$1502,"<="&EOMONTH(DATE($B$3,2,1),0)) -> 0
A8: 3 | B8: =COUNTIFS(반품접수!$B$3:$B$1002,">="&DATE($B$3,3,1),반품접수!$B$3:$B$1002,"<="&EOMONTH(DATE($B$3,3,1),0)) -> 0 | C8: =SUMIFS(반품접수!$I$3:$I$1002,반품접수!$B$3:$B$1002,">="&DATE($B$3,3,1),반품접수!$B$3:$B$1002,"<="&EOMONTH(DATE($B$3,3,1),0)) -> 0 | D8: =COUNTIFS(반품접수!$J$3:$J$1002,"반품",반품접수!$B$3:$B$1002,">="&DATE($B$3,3,1),반품접수!$B$3:$B$1002,"<="&EOMONTH(DATE($B$3,3,1),0)) -> 0 | E8: =COUNTIFS(반품접수!$J$3:$J$1002,"불량",반품접수!$B$3:$B$1002,">="&DATE($B$3,3,1),반품접수!$B$3:$B$1002,"<="&EOMONTH(DATE($B$3,3,1),0)) -> 0 | F8: =COUNTIFS(반품접수!$J$3:$J$1002,"교환",반품접수!$B$3:$B$1002,">="&DATE($B$3,3,1),반품접수!$B$3:$B$1002,"<="&EOMONTH(DATE($B$3,3,1),0)) -> 0 | G8: =SUMIFS(처리내역!$E$3:$E$1502,처리내역!$A$3:$A$1502,">="&DATE($B$3,3,1),처리내역!$A$3:$A$1502,"<="&EOMONTH(DATE($B$3,3,1),0)) -> 0 | H8: =SUMIFS(처리내역!$G$3:$G$1502,처리내역!$A$3:$A$1502,">="&DATE($B$3,3,1),처리내역!$A$3:$A$1502,"<="&EOMONTH(DATE($B$3,3,1),0)) -> 0
A9: 4 | B9: =COUNTIFS(반품접수!$B$3:$B$1002,">="&DATE($B$3,4,1),반품접수!$B$3:$B$1002,"<="&EOMONTH(DATE($B$3,4,1),0)) -> 0 | C9: =SUMIFS(반품접수!$I$3:$I$1002,반품접수!$B$3:$B$1002,">="&DATE($B$3,4,1),반품접수!$B$3:$B$1002,"<="&EOMONTH(DATE($B$3,4,1),0)) -> 0 | D9: =COUNTIFS(반품접수!$J$3:$J$1002,"반품",반품접수!$B$3:$B$1002,">="&DATE($B$3,4,1),반품접수!$B$3:$B$1002,"<="&EOMONTH(DATE($B$3,4,1),0)) -> 0 | E9: =COUNTIFS(반품접수!$J$3:$J$1002,"불량",반품접수!$B$3:$B$1002,">="&DATE($B$3,4,1),반품접수!$B$3:$B$1002,"<="&EOMONTH(DATE($B$3,4,1),0)) -> 0 | F9: =COUNTIFS(반품접수!$J$3:$J$1002,"교환",반품접수!$B$3:$B$1002,">="&DATE($B$3,4,1),반품접수!$B$3:$B$1002,"<="&EOMONTH(DATE($B$3,4,1),0)) -> 0 | G9: =SUMIFS(처리내역!$E$3:$E$1502,처리내역!$A$3:$A$1502,">="&DATE($B$3,4,1),처리내역!$A$3:$A$1502,"<="&EOMONTH(DATE($B$3,4,1),0)) -> 0 | H9: =SUMIFS(처리내역!$G$3:$G$1502,처리내역!$A$3:$A$1502,">="&DATE($B$3,4,1),처리내역!$A$3:$A$1502,"<="&EOMONTH(DATE($B$3,4,1),0)) -> 0
A10: 5 | B10: =COUNTIFS(반품접수!$B$3:$B$1002,">="&DATE($B$3,5,1),반품접수!$B$3:$B$1002,"<="&EOMONTH(DATE($B$3,5,1),0)) -> 0 | C10: =SUMIFS(반품접수!$I$3:$I$1002,반품접수!$B$3:$B$1002,">="&DATE($B$3,5,1),반품접수!$B$3:$B$1002,"<="&EOMONTH(DATE($B$3,5,1),0)) -> 0 | D10: =COUNTIFS(반품접수!$J$3:$J$1002,"반품",반품접수!$B$3:$B$1002,">="&DATE($B$3,5,1),반품접수!$B$3:$B$1002,"<="&EOMONTH(DATE($B$3,5,1),0)) -> 0 | E10: =COUNTIFS(반품접수!$J$3:$J$1002,"불량",반품접수!$B$3:$B$1002,">="&DATE($B$3,5,1),반품접수!$B$3:$B$1002,"<="&EOMONTH(DATE($B$3,5,1),0)) -> 0 | F10: =COUNTIFS(반품접수!$J$3:$J$1002,"교환",반품접수!$B$3:$B$1002,">="&DATE($B$3,5,1),반품접수!$B$3:$B$1002,"<="&EOMONTH(DATE($B$3,5,1),0)) -> 0 | G10: =SUMIFS(처리내역!$E$3:$E$1502,처리내역!$A$3:$A$1502,">="&DATE($B$3,5,1),처리내역!$A$3:$A$1502,"<="&EOMONTH(DATE($B$3,5,1),0)) -> 0 | H10: =SUMIFS(처리내역!$G$3:$G$1502,처리내역!$A$3:$A$1502,">="&DATE($B$3,5,1),처리내역!$A$3:$A$1502,"<="&EOMONTH(DATE($B$3,5,1),0)) -> 0
A11: 6 | B11: =COUNTIFS(반품접수!$B$3:$B$1002,">="&DATE($B$3,6,1),반품접수!$B$3:$B$1002,"<="&EOMONTH(DATE($B$3,6,1),0)) -> 0 | C11: =SUMIFS(반품접수!$I$3:$I$1002,반품접수!$B$3:$B$1002,">="&DATE($B$3,6,1),반품접수!$B$3:$B$1002,"<="&EOMONTH(DATE($B$3,6,1),0)) -> 0 | D11: =COUNTIFS(반품접수!$J$3:$J$1002,"반품",반품접수!$B$3:$B$1002,">="&DATE($B$3,6,1),반품접수!$B$3:$B$1002,"<="&EOMONTH(DATE($B$3,6,1),0)) -> 0 | E11: =COUNTIFS(반품접수!$J$3:$J$1002,"불량",반품접수!$B$3:$B$1002,">="&DATE($B$3,6,1),반품접수!$B$3:$B$1002,"<="&EOMONTH(DATE($B$3,6,1),0)) -> 0 | F11: =COUNTIFS(반품접수!$J$3:$J$1002,"교환",반품접수!$B$3:$B$1002,">="&DATE($B$3,6,1),반품접수!$B$3:$B$1002,"<="&EOMONTH(DATE($B$3,6,1),0)) -> 0 | G11: =SUMIFS(처리내역!$E$3:$E$1502,처리내역!$A$3:$A$1502,">="&DATE($B$3,6,1),처리내역!$A$3:$A$1502,"<="&EOMONTH(DATE($B$3,6,1),0)) -> 0 | H11: =SUMIFS(처리내역!$G$3:$G$1502,처리내역!$A$3:$A$1502,">="&DATE($B$3,6,1),처리내역!$A$3:$A$1502,"<="&EOMONTH(DATE($B$3,6,1),0)) -> 0
A12: 7 | B12: =COUNTIFS(반품접수!$B$3:$B$1002,">="&DATE($B$3,7,1),반품접수!$B$3:$B$1002,"<="&EOMONTH(DATE($B$3,7,1),0)) -> 0 | C12: =SUMIFS(반품접수!$I$3:$I$1002,반품접수!$B$3:$B$1002,">="&DATE($B$3,7,1),반품접수!$B$3:$B$1002,"<="&EOMONTH(DATE($B$3,7,1),0)) -> 0 | D12: =COUNTIFS(반품접수!$J$3:$J$1002,"반품",반품접수!$B$3:$B$1002,">="&DATE($B$3,7,1),반품접수!$B$3:$B$1002,"<="&EOMONTH(DATE($B$3,7,1),0)) -> 0 | E12: =COUNTIFS(반품접수!$J$3:$J$1002,"불량",반품접수!$B$3:$B$1002,">="&DATE($B$3,7,1),반품접수!$B$3:$B$1002,"<="&EOMONTH(DATE($B$3,7,1),0)) -> 0 | F12: =COUNTIFS(반품접수!$J$3:$J$1002,"교환",반품접수!$B$3:$B$1002,">="&DATE($B$3,7,1),반품접수!$B$3:$B$1002,"<="&EOMONTH(DATE($B$3,7,1),0)) -> 0 | G12: =SUMIFS(처리내역!$E$3:$E$1502,처리내역!$A$3:$A$1502,">="&DATE($B$3,7,1),처리내역!$A$3:$A$1502,"<="&EOMONTH(DATE($B$3,7,1),0)) -> 0 | H12: =SUMIFS(처리내역!$G$3:$G$1502,처리내역!$A$3:$A$1502,">="&DATE($B$3,7,1),처리내역!$A$3:$A$1502,"<="&EOMONTH(DATE($B$3,7,1),0)) -> 0
A13: 8 | B13: =COUNTIFS(반품접수!$B$3:$B$1002,">="&DATE($B$3,8,1),반품접수!$B$3:$B$1002,"<="&EOMONTH(DATE($B$3,8,1),0)) -> 1 | C13: =SUMIFS(반품접수!$I$3:$I$1002,반품접수!$B$3:$B$1002,">="&DATE($B$3,8,1),반품접수!$B$3:$B$1002,"<="&EOMONTH(DATE($B$3,8,1),0)) -> 3 | D13: =COUNTIFS(반품접수!$J$3:$J$1002,"반품",반품접수!$B$3:$B$1002,">="&DATE($B$3,8,1),반품접수!$B$3:$B$1002,"<="&EOMONTH(DATE($B$3,8,1),0)) -> 0 | E13: =COUNTIFS(반품접수!$J$3:$J$1002,"불량",반품접수!$B$3:$B$1002,">="&DATE($B$3,8,1),반품접수!$B$3:$B$1002,"<="&EOMONTH(DATE($B$3,8,1),0)) -> 1 | F13: =COUNTIFS(반품접수!$J$3:$J$1002,"교환",반품접수!$B$3:$B$1002,">="&DATE($B$3,8,1),반품접수!$B$3:$B$1002,"<="&EOMONTH(DATE($B$3,8,1),0)) -> 0 | G13: =SUMIFS(처리내역!$E$3:$E$1502,처리내역!$A$3:$A$1502,">="&DATE($B$3,8,1),처리내역!$A$3:$A$1502,"<="&EOMONTH(DATE($B$3,8,1),0)) -> 0 | H13: =SUMIFS(처리내역!$G$3:$G$1502,처리내역!$A$3:$A$1502,">="&DATE($B$3,8,1),처리내역!$A$3:$A$1502,"<="&EOMONTH(DATE($B$3,8,1),0)) -> 0
A14: 9 | B14: =COUNTIFS(반품접수!$B$3:$B$1002,">="&DATE($B$3,9,1),반품접수!$B$3:$B$1002,"<="&EOMONTH(DATE($B$3,9,1),0)) -> 4 | C14: =SUMIFS(반품접수!$I$3:$I$1002,반품접수!$B$3:$B$1002,">="&DATE($B$3,9,1),반품접수!$B$3:$B$1002,"<="&EOMONTH(DATE($B$3,9,1),0)) -> 253 | D14: =COUNTIFS(반품접수!$J$3:$J$1002,"반품",반품접수!$B$3:$B$1002,">="&DATE($B$3,9,1),반품접수!$B$3:$B$1002,"<="&EOMONTH(DATE($B$3,9,1),0)) -> 2 | E14: =COUNTIFS(반품접수!$J$3:$J$1002,"불량",반품접수!$B$3:$B$1002,">="&DATE($B$3,9,1),반품접수!$B$3:$B$1002,"<="&EOMONTH(DATE($B$3,9,1),0)) -> 1 | F14: =COUNTIFS(반품접수!$J$3:$J$1002,"교환",반품접수!$B$3:$B$1002,">="&DATE($B$3,9,1),반품접수!$B$3:$B$1002,"<="&EOMONTH(DATE($B$3,9,1),0)) -> 1 | G14: =SUMIFS(처리내역!$E$3:$E$1502,처리내역!$A$3:$A$1502,">="&DATE($B$3,9,1),처리내역!$A$3:$A$1502,"<="&EOMONTH(DATE($B$3,9,1),0)) -> 54 | H14: =SUMIFS(처리내역!$G$3:$G$1502,처리내역!$A$3:$A$1502,">="&DATE($B$3,9,1),처리내역!$A$3:$A$1502,"<="&EOMONTH(DATE($B$3,9,1),0)) -> 130000
A15: 10 | B15: =COUNTIFS(반품접수!$B$3:$B$1002,">="&DATE($B$3,10,1),반품접수!$B$3:$B$1002,"<="&EOMONTH(DATE($B$3,10,1),0)) -> 0 | C15: =SUMIFS(반품접수!$I$3:$I$1002,반품접수!$B$3:$B$1002,">="&DATE($B$3,10,1),반품접수!$B$3:$B$1002,"<="&EOMONTH(DATE($B$3,10,1),0)) -> 0 | D15: =COUNTIFS(반품접수!$J$3:$J$1002,"반품",반품접수!$B$3:$B$1002,">="&DATE($B$3,10,1),반품접수!$B$3:$B$1002,"<="&EOMONTH(DATE($B$3,10,1),0)) -> 0 | E15: =COUNTIFS(반품접수!$J$3:$J$1002,"불량",반품접수!$B$3:$B$1002,">="&DATE($B$3,10,1),반품접수!$B$3:$B$1002,"<="&EOMONTH(DATE($B$3,10,1),0)) -> 0 | F15: =COUNTIFS(반품접수!$J$3:$J$1002,"교환",반품접수!$B$3:$B$1002,">="&DATE($B$3,10,1),반품접수!$B$3:$B$1002,"<="&EOMONTH(DATE($B$3,10,1),0)) -> 0 | G15: =SUMIFS(처리내역!$E$3:$E$1502,처리내역!$A$3:$A$1502,">="&DATE($B$3,10,1),처리내역!$A$3:$A$1502,"<="&EOMONTH(DATE($B$3,10,1),0)) -> 0 | H15: =SUMIFS(처리내역!$G$3:$G$1502,처리내역!$A$3:$A$1502,">="&DATE($B$3,10,1),처리내역!$A$3:$A$1502,"<="&EOMONTH(DATE($B$3,10,1),0)) -> 0
A16: 11 | B16: =COUNTIFS(반품접수!$B$3:$B$1002,">="&DATE($B$3,11,1),반품접수!$B$3:$B$1002,"<="&EOMONTH(DATE($B$3,11,1),0)) -> 0 | C16: =SUMIFS(반품접수!$I$3:$I$1002,반품접수!$B$3:$B$1002,">="&DATE($B$3,11,1),반품접수!$B$3:$B$1002,"<="&EOMONTH(DATE($B$3,11,1),0)) -> 0 | D16: =COUNTIFS(반품접수!$J$3:$J$1002,"반품",반품접수!$B$3:$B$1002,">="&DATE($B$3,11,1),반품접수!$B$3:$B$1002,"<="&EOMONTH(DATE($B$3,11,1),0)) -> 0 | E16: =COUNTIFS(반품접수!$J$3:$J$1002,"불량",반품접수!$B$3:$B$1002,">="&DATE($B$3,11,1),반품접수!$B$3:$B$1002,"<="&EOMONTH(DATE($B$3,11,1),0)) -> 0 | F16: =COUNTIFS(반품접수!$J$3:$J$1002,"교환",반품접수!$B$3:$B$1002,">="&DATE($B$3,11,1),반품접수!$B$3:$B$1002,"<="&EOMONTH(DATE($B$3,11,1),0)) -> 0 | G16: =SUMIFS(처리내역!$E$3:$E$1502,처리내역!$A$3:$A$1502,">="&DATE($B$3,11,1),처리내역!$A$3:$A$1502,"<="&EOMONTH(DATE($B$3,11,1),0)) -> 0 | H16: =SUMIFS(처리내역!$G$3:$G$1502,처리내역!$A$3:$A$1502,">="&DATE($B$3,11,1),처리내역!$A$3:$A$1502,"<="&EOMONTH(DATE($B$3,11,1),0)) -> 0
A17: 12 | B17: =COUNTIFS(반품접수!$B$3:$B$1002,">="&DATE($B$3,12,1),반품접수!$B$3:$B$1002,"<="&EOMONTH(DATE($B$3,12,1),0)) -> 0 | C17: =SUMIFS(반품접수!$I$3:$I$1002,반품접수!$B$3:$B$1002,">="&DATE($B$3,12,1),반품접수!$B$3:$B$1002,"<="&EOMONTH(DATE($B$3,12,1),0)) -> 0 | D17: =COUNTIFS(반품접수!$J$3:$J$1002,"반품",반품접수!$B$3:$B$1002,">="&DATE($B$3,12,1),반품접수!$B$3:$B$1002,"<="&EOMONTH(DATE($B$3,12,1),0)) -> 0 | E17: =COUNTIFS(반품접수!$J$3:$J$1002,"불량",반품접수!$B$3:$B$1002,">="&DATE($B$3,12,1),반품접수!$B$3:$B$1002,"<="&EOMONTH(DATE($B$3,12,1),0)) -> 0 | F17: =COUNTIFS(반품접수!$J$3:$J$1002,"교환",반품접수!$B$3:$B$1002,">="&DATE($B$3,12,1),반품접수!$B$3:$B$1002,"<="&EOMONTH(DATE($B$3,12,1),0)) -> 0 | G17: =SUMIFS(처리내역!$E$3:$E$1502,처리내역!$A$3:$A$1502,">="&DATE($B$3,12,1),처리내역!$A$3:$A$1502,"<="&EOMONTH(DATE($B$3,12,1),0)) -> 0 | H17: =SUMIFS(처리내역!$G$3:$G$1502,처리내역!$A$3:$A$1502,">="&DATE($B$3,12,1),처리내역!$A$3:$A$1502,"<="&EOMONTH(DATE($B$3,12,1),0)) -> 0
A18: 합계 | B18: =SUM(B6:B17) -> 5 | C18: =SUM(C6:C17) -> 256 | D18: =SUM(D6:D17) -> 2 | E18: =SUM(E6:E17) -> 2 | F18: =SUM(F6:F17) -> 1 | G18: =SUM(G6:G17) -> 54 | H18: =SUM(H6:H17) -> 130000
