Workbook

Sheet 사용안내
B2: 기중기 배차일보 · 미수금 · 기사수당 관리
B4: 핵심 | C4: 배차일보에 한 줄 쓰면 차량별 실적·업체별 미수금·기사 수당이 동시에 자동 집계됩니다.
B5: 입력 규칙 | C5: 파란색 글씨 칸만 입력하세요. 검은색은 자동 계산입니다.
B6: ① 차량목록 | C6: 차량번호·기사명·수당률을 등록합니다. 수당률은 차량마다 다르게 줄 수 있습니다.
B7: ② 거래처목록 | C7: 업체명과 연락처를 등록합니다.
B8: ③ 배차일보 | C8: 배차할 때마다 한 줄씩. 날짜·차량·업체·작업시간·단가만 넣으면 됩니다.
C9: 입금액을 넣으면 미수금이 자동으로 줄어듭니다. 입금 전이면 비워두세요.
B10: ④ 차량별집계 / 업체별미수금 / 기사수당내역 | C10: 전부 자동입니다. 입력할 것이 없습니다.
B11: 미수 경과일 | C11: 오늘 기준으로 며칠 지났는지 자동 계산됩니다. 30일 넘으면 빨간 배경으로 표시됩니다.
B12: 수당 계산 방식 | C12: 청구금액 × 차량별 수당률. 입금 여부와 무관하게 계산됩니다.
B13: 시각 입력 방법 | C13: 콜론(:) 없이 숫자 네 자리로 입력하세요. 오전 8시 → 800, 오후 5시 30분 → 1730
C14: 입력하면 화면에는 08:00 처럼 보입니다. 분 단위까지 그대로 반영됩니다.
B16: 설정 | C16: 값을 바꾸면 모든 계산에 반영됩니다
B17: 미수 경고 기준(일) | C17: 30
B19: ※ 수당이 시간당 정액이거나 별도 기준이면 [차량목록]의 수당률 대신 직접 수정이 필요합니다.

Sheet 차량목록
A1: 차량목록 (수당률은 0.1 = 10% 형식으로 입력)
A2: 차량번호 | B2: 기사명 | C2: 연락처 | D2: 수당률 | E2: 비고
A3: 경기00가1234 | B3: 김기사 | C3: 010-0000-0001 | D3: 0.25 | E3: ← 예시 행
A4: 경기00가5678 | B4: 이기사 | C4: 010-0000-0002 | D4: 0.2

Sheet 거래처목록
A1: 거래처목록
A2: 업체명 | B2: 담당자 | C2: 연락처 | D2: 비고
A3: ○○종합건설 | B3: 박소장 | C3: 010-0000-1111
A4: △△건설 | B4: 최소장 | C4: 010-0000-2222

Sheet 배차일보
A1: 배차일보 (날짜·차량·업체·시간·단가·입금액만 입력)
A2: 날짜 | B2: 차량번호 | C2: 기사명(자동) | D2: 업체명 | E2: 현장/작업내용 | F2: 시작시각 (예: 800) | G2: 종료시각 (예: 1730) | H2: 가동시간(자동) | I2: 시간당단가 | J2: 청구금액(자동) | K2: 입금일 | L2: 입금액 | M2: 미수금(자동) | N2: 경과일(자동) | O2: 수당률(자동) | P2: 기사수당(자동)
A3: 46239 | B3: 경기00가1234 | C3: =IF($B3="","",IFERROR(INDEX(차량목록!$B$3:$B$42,MATCH($B3,차량목록!$A$3:$A$42,0)),"미등록차량")) -> 김기사 | D3: ○○종합건설 | E3: ○○아파트 신축 자재 양중 | F3: 800 | G3: 1730 | H3: =IF(OR($F3="",$G3=""),"",ROUND(IF($G3<1,$G3*24,INT($G3/100)+MOD($G3,100)/60)-IF($F3<1,$F3*24,INT($F3/100)+MOD($F3,100)/60),2)) -> 9.5 | I3: 120000 | J3: =IF(OR($H3="",$I3=""),"",ROUND($H3*$I3,0)) -> 1140000 | K3: 46265 | L3: 1140000 | M3: =IF($J3="","",$J3-IF($L3="",0,$L3)) -> 0 | N3: =IF(OR($A3="",$M3="",$M3<=0),"",TODAY()-$A3) | O3: =IF($B3="","",IFERROR(INDEX(차량목록!$D$3:$D$42,MATCH($B3,차량목록!$A$3:$A$42,0)),0)) -> 0.25 | P3: =IF($J3="","",ROUND($J3*$O3,0)) -> 285000
A4: 46246 | B4: 경기00가5678 | C4: =IF($B4="","",IFERROR(INDEX(차량목록!$B$3:$B$42,MATCH($B4,차량목록!$A$3:$A$42,0)),"미등록차량")) -> 이기사 | D4: ○○종합건설 | E4: 철골 설치 | F4: 900 | G4: 1800 | H4: =IF(OR($F4="",$G4=""),"",ROUND(IF($G4<1,$G4*24,INT($G4/100)+MOD($G4,100)/60)-IF($F4<1,$F4*24,INT($F4/100)+MOD($F4,100)/60),2)) -> 9 | I4: 150000 | J4: =IF(OR($H4="",$I4=""),"",ROUND($H4*$I4,0)) -> 1350000 | M4: =IF($J4="","",$J4-IF($L4="",0,$L4)) -> 1350000 | N4: =IF(OR($A4="",$M4="",$M4<=0),"",TODAY()-$A4) -> 33 | O4: =IF($B4="","",IFERROR(INDEX(차량목록!$D$3:$D$42,MATCH($B4,차량목록!$A$3:$A$42,0)),0)) -> 0.2 | P4: =IF($J4="","",ROUND($J4*$O4,0)) -> 270000
A5: 46254 | B5: 경기00가1234 | C5: =IF($B5="","",IFERROR(INDEX(차량목록!$B$3:$B$42,MATCH($B5,차량목록!$A$3:$A$42,0)),"미등록차량")) -> 김기사 | D5: △△건설 | E5: 창호 양중 | F5: 800 | G5: 1200 | H5: =IF(OR($F5="",$G5=""),"",ROUND(IF($G5<1,$G5*24,INT($G5/100)+MOD($G5,100)/60)-IF($F5<1,$F5*24,INT($F5/100)+MOD($F5,100)/60),2)) -> 4 | I5: 120000 | J5: =IF(OR($H5="",$I5=""),"",ROUND($H5*$I5,0)) -> 480000 | M5: =IF($J5="","",$J5-IF($L5="",0,$L5)) -> 480000 | N5: =IF(OR($A5="",$M5="",$M5<=0),"",TODAY()-$A5) -> 25 | O5: =IF($B5="","",IFERROR(INDEX(차량목록!$D$3:$D$42,MATCH($B5,차량목록!$A$3:$A$42,0)),0)) -> 0.25 | P5: =IF($J5="","",ROUND($J5*$O5,0)) -> 120000
A6: 46268 | B6: 경기00가5678 | C6: =IF($B6="","",IFERROR(INDEX(차량목록!$B$3:$B$42,MATCH($B6,차량목록!$A$3:$A$42,0)),"미등록차량")) -> 이기사 | D6: △△건설 | E6: PC 슬래브 설치 | F6: 830 | G6: 1730 | H6: =IF(OR($F6="",$G6=""),"",ROUND(IF($G6<1,$G6*24,INT($G6/100)+MOD($G6,100)/60)-IF($F6<1,$F6*24,INT($F6/100)+MOD($F6,100)/60),2)) -> 9 | I6: 150000 | J6: =IF(OR($H6="",$I6=""),"",ROUND($H6*$I6,0)) -> 1350000 | M6: =IF($J6="","",$J6-IF($L6="",0,$L6)) -> 1350000 | N6: =IF(OR($A6="",$M6="",$M6<=0),"",TODAY()-$A6) -> 11 | O6: =IF($B6="","",IFERROR(INDEX(차량목록!$D$3:$D$42,MATCH($B6,차량목록!$A$3:$A$42,0)),0)) -> 0.2 | P6: =IF($J6="","",ROUND($J6*$O6,0)) -> 270000
A7: 46275 | B7: 경기00가1234 | C7: =IF($B7="","",IFERROR(INDEX(차량목록!$B$3:$B$42,MATCH($B7,차량목록!$A$3:$A$42,0)),"미등록차량")) -> 김기사 | D7: ○○종합건설 | E7: 외벽 패널 양중 | F7: 900 | G7: 1600 | H7: =IF(OR($F7="",$G7=""),"",ROUND(IF($G7<1,$G7*24,INT($G7/100)+MOD($G7,100)/60)-IF($F7<1,$F7*24,INT($F7/100)+MOD($F7,100)/60),2)) -> 7 | I7: 120000 | J7: =IF(OR($H7="",$I7=""),"",ROUND($H7*$I7,0)) -> 840000 | M7: =IF($J7="","",$J7-IF($L7="",0,$L7)) -> 840000 | N7: =IF(OR($A7="",$M7="",$M7<=0),"",TODAY()-$A7) -> 4 | O7: =IF($B7="","",IFERROR(INDEX(차량목록!$D$3:$D$42,MATCH($B7,차량목록!$A$3:$A$42,0)),0)) -> 0.25 | P7: =IF($J7="","",ROUND($J7*$O7,0)) -> 210000
C8: =IF($B8="","",IFERROR(INDEX(차량목록!$B$3:$B$42,MATCH($B8,차량목록!$A$3:$A$42,0)),"미등록차량")) | H8: =IF(OR($F8="",$G8=""),"",ROUND(IF($G8<1,$G8*24,INT($G8/100)+MOD($G8,100)/60)-IF($F8<1,$F8*24,INT($F8/100)+MOD($F8,100)/60),2)) | J8: =IF(OR($H8="",$I8=""),"",ROUND($H8*$I8,0)) | M8: =IF($J8="","",$J8-IF($L8="",0,$L8)) | N8: =IF(OR($A8="",$M8="",$M8<=0),"",TODAY()-$A8) | O8: =IF($B8="","",IFERROR(INDEX(차량목록!$D$3:$D$42,MATCH($B8,차량목록!$A$3:$A$42,0)),0)) | P8: =IF($J8="","",ROUND($J8*$O8,0))
C9: =IF($B9="","",IFERROR(INDEX(차량목록!$B$3:$B$42,MATCH($B9,차량목록!$A$3:$A$42,0)),"미등록차량")) | H9: =IF(OR($F9="",$G9=""),"",ROUND(IF($G9<1,$G9*24,INT($G9/100)+MOD($G9,100)/60)-IF($F9<1,$F9*24,INT($F9/100)+MOD($F9,100)/60),2)) | J9: =IF(OR($H9="",$I9=""),"",ROUND($H9*$I9,0)) | M9: =IF($J9="","",$J9-IF($L9="",0,$L9)) | N9: =IF(OR($A9="",$M9="",$M9<=0),"",TODAY()-$A9) | O9: =IF($B9="","",IFERROR(INDEX(차량목록!$D$3:$D$42,MATCH($B9,차량목록!$A$3:$A$42,0)),0)) | P9: =IF($J9="","",ROUND($J9*$O9,0))
C10: =IF($B10="","",IFERROR(INDEX(차량목록!$B$3:$B$42,MATCH($B10,차량목록!$A$3:$A$42,0)),"미등록차량")) | H10: =IF(OR($F10="",$G10=""),"",ROUND(IF($G10<1,$G10*24,INT($G10/100)+MOD($G10,100)/60)-IF($F10<1,$F10*24,INT($F10/100)+MOD($F10,100)/60),2)) | J10: =IF(OR($H10="",$I10=""),"",ROUND($H10*$I10,0)) | M10: =IF($J10="","",$J10-IF($L10="",0,$L10)) | N10: =IF(OR($A10="",$M10="",$M10<=0),"",TODAY()-$A10) | O10: =IF($B10="","",IFERROR(INDEX(차량목록!$D$3:$D$42,MATCH($B10,차량목록!$A$3:$A$42,0)),0)) | P10: =IF($J10="","",ROUND($J10*$O10,0))
C11: =IF($B11="","",IFERROR(INDEX(차량목록!$B$3:$B$42,MATCH($B11,차량목록!$A$3:$A$42,0)),"미등록차량")) | H11: =IF(OR($F11="",$G11=""),"",ROUND(IF($G11<1,$G11*24,INT($G11/100)+MOD($G11,100)/60)-IF($F11<1,$F11*24,INT($F11/100)+MOD($F11,100)/60),2)) | J11: =IF(OR($H11="",$I11=""),"",ROUND($H11*$I11,0)) | M11: =IF($J11="","",$J11-IF($L11="",0,$L11)) | N11: =IF(OR($A11="",$M11="",$M11<=0),"",TODAY()-$A11) | O11: =IF($B11="","",IFERROR(INDEX(차량목록!$D$3:$D$42,MATCH($B11,차량목록!$A$3:$A$42,0)),0)) | P11: =IF($J11="","",ROUND($J11*$O11,0))
C12: =IF($B12="","",IFERROR(INDEX(차량목록!$B$3:$B$42,MATCH($B12,차량목록!$A$3:$A$42,0)),"미등록차량")) | H12: =IF(OR($F12="",$G12=""),"",ROUND(IF($G12<1,$G12*24,INT($G12/100)+MOD($G12,100)/60)-IF($F12<1,$F12*24,INT($F12/100)+MOD($F12,100)/60),2)) | J12: =IF(OR($H12="",$I12=""),"",ROUND($H12*$I12,0)) | M12: =IF($J12="","",$J12-IF($L12="",0,$L12)) | N12: =IF(OR($A12="",$M12="",$M12<=0),"",TODAY()-$A12) | O12: =IF($B12="","",IFERROR(INDEX(차량목록!$D$3:$D$42,MATCH($B12,차량목록!$A$3:$A$42,0)),0)) | P12: =IF($J12="","",ROUND($J12*$O12,0))
C13: =IF($B13="","",IFERROR(INDEX(차량목록!$B$3:$B$42,MATCH($B13,차량목록!$A$3:$A$42,0)),"미등록차량")) | H13: =IF(OR($F13="",$G13=""),"",ROUND(IF($G13<1,$G13*24,INT($G13/100)+MOD($G13,100)/60)-IF($F13<1,$F13*24,INT($F13/100)+MOD($F13,100)/60),2)) | J13: =IF(OR($H13="",$I13=""),"",ROUND($H13*$I13,0)) | M13: =IF($J13="","",$J13-IF($L13="",0,$L13)) | N13: =IF(OR($A13="",$M13="",$M13<=0),"",TODAY()-$A13) | O13: =IF($B13="","",IFERROR(INDEX(차량목록!$D$3:$D$42,MATCH($B13,차량목록!$A$3:$A$42,0)),0)) | P13: =IF($J13="","",ROUND($J13*$O13,0))
C14: =IF($B14="","",IFERROR(INDEX(차량목록!$B$3:$B$42,MATCH($B14,차량목록!$A$3:$A$42,0)),"미등록차량")) | H14: =IF(OR($F14="",$G14=""),"",ROUND(IF($G14<1,$G14*24,INT($G14/100)+MOD($G14,100)/60)-IF($F14<1,$F14*24,INT($F14/100)+MOD($F14,100)/60),2)) | J14: =IF(OR($H14="",$I14=""),"",ROUND($H14*$I14,0)) | M14: =IF($J14="","",$J14-IF($L14="",0,$L14)) | N14: =IF(OR($A14="",$M14="",$M14<=0),"",TODAY()-$A14) | O14: =IF($B14="","",IFERROR(INDEX(차량목록!$D$3:$D$42,MATCH($B14,차량목록!$A$3:$A$42,0)),0)) | P14: =IF($J14="","",ROUND($J14*$O14,0))
C15: =IF($B15="","",IFERROR(INDEX(차량목록!$B$3:$B$42,MATCH($B15,차량목록!$A$3:$A$42,0)),"미등록차량")) | H15: =IF(OR($F15="",$G15=""),"",ROUND(IF($G15<1,$G15*24,INT($G15/100)+MOD($G15,100)/60)-IF($F15<1,$F15*24,INT($F15/100)+MOD($F15,100)/60),2)) | J15: =IF(OR($H15="",$I15=""),"",ROUND($H15*$I15,0)) | M15: =IF($J15="","",$J15-IF($L15="",0,$L15)) | N15: =IF(OR($A15="",$M15="",$M15<=0),"",TODAY()-$A15) | O15: =IF($B15="","",IFERROR(INDEX(차량목록!$D$3:$D$42,MATCH($B15,차량목록!$A$3:$A$42,0)),0)) | P15: =IF($J15="","",ROUND($J15*$O15,0))
C16: =IF($B16="","",IFERROR(INDEX(차량목록!$B$3:$B$42,MATCH($B16,차량목록!$A$3:$A$42,0)),"미등록차량")) | H16: =IF(OR($F16="",$G16=""),"",ROUND(IF($G16<1,$G16*24,INT($G16/100)+MOD($G16,100)/60)-IF($F16<1,$F16*24,INT($F16/100)+MOD($F16,100)/60),2)) | J16: =IF(OR($H16="",$I16=""),"",ROUND($H16*$I16,0)) | M16: =IF($J16="","",$J16-IF($L16="",0,$L16)) | N16: =IF(OR($A16="",$M16="",$M16<=0),"",TODAY()-$A16) | O16: =IF($B16="","",IFERROR(INDEX(차량목록!$D$3:$D$42,MATCH($B16,차량목록!$A$3:$A$42,0)),0)) | P16: =IF($J16="","",ROUND($J16*$O16,0))
C17: =IF($B17="","",IFERROR(INDEX(차량목록!$B$3:$B$42,MATCH($B17,차량목록!$A$3:$A$42,0)),"미등록차량")) | H17: =IF(OR($F17="",$G17=""),"",ROUND(IF($G17<1,$G17*24,INT($G17/100)+MOD($G17,100)/60)-IF($F17<1,$F17*24,INT($F17/100)+MOD($F17,100)/60),2)) | J17: =IF(OR($H17="",$I17=""),"",ROUND($H17*$I17,0)) | M17: =IF($J17="","",$J17-IF($L17="",0,$L17)) | N17: =IF(OR($A17="",$M17="",$M17<=0),"",TODAY()-$A17) | O17: =IF($B17="","",IFERROR(INDEX(차량목록!$D$3:$D$42,MATCH($B17,차량목록!$A$3:$A$42,0)),0)) | P17: =IF($J17="","",ROUND($J17*$O17,0))
C18: =IF($B18="","",IFERROR(INDEX(차량목록!$B$3:$B$42,MATCH($B18,차량목록!$A$3:$A$42,0)),"미등록차량")) | H18: =IF(OR($F18="",$G18=""),"",ROUND(IF($G18<1,$G18*24,INT($G18/100)+MOD($G18,100)/60)-IF($F18<1,$F18*24,INT($F18/100)+MOD($F18,100)/60),2)) | J18: =IF(OR($H18="",$I18=""),"",ROUND($H18*$I18,0)) | M18: =IF($J18="","",$J18-IF($L18="",0,$L18)) | N18: =IF(OR($A18="",$M18="",$M18<=0),"",TODAY()-$A18) | O18: =IF($B18="","",IFERROR(INDEX(차량목록!$D$3:$D$42,MATCH($B18,차량목록!$A$3:$A$42,0)),0)) | P18: =IF($J18="","",ROUND($J18*$O18,0))
C19: =IF($B19="","",IFERROR(INDEX(차량목록!$B$3:$B$42,MATCH($B19,차량목록!$A$3:$A$42,0)),"미등록차량")) | H19: =IF(OR($F19="",$G19=""),"",ROUND(IF($G19<1,$G19*24,INT($G19/100)+MOD($G19,100)/60)-IF($F19<1,$F19*24,INT($F19/100)+MOD($F19,100)/60),2)) | J19: =IF(OR($H19="",$I19=""),"",ROUND($H19*$I19,0)) | M19: =IF($J19="","",$J19-IF($L19="",0,$L19)) | N19: =IF(OR($A19="",$M19="",$M19<=0),"",TODAY()-$A19) | O19: =IF($B19="","",IFERROR(INDEX(차량목록!$D$3:$D$42,MATCH($B19,차량목록!$A$3:$A$42,0)),0)) | P19: =IF($J19="","",ROUND($J19*$O19,0))
... C502: =IF($B502="","",IFERROR(INDEX(차량목록!$B$3:$B$42,MATCH($B502,차량목록!$A$3:$A$42,0)),"미등록차량")) | H502: =IF(OR($F502="",$G502=""),"",ROUND(IF($G502<1,$G502*24,INT($G502/100)+MOD($G502,100)/60)-IF($F502<1,$F502*24,INT($F502/100)+MOD($F502,100)/60),2)) | J502: =IF(OR($H502="",$I502=""),"",ROUND($H502*$I502,0)) | M502: =IF($J502="","",$J502-IF($L502="",0,$L502)) | N502: =IF(OR($A502="",$M502="",$M502<=0),"",TODAY()-$A502) | O502: =IF($B502="","",IFERROR(INDEX(차량목록!$D$3:$D$42,MATCH($B502,차량목록!$A$3:$A$42,0)),0)) | P502: =IF($J502="","",ROUND($J502*$O502,0))

Sheet 차량별집계
A1: 차량별집계 (전부 자동)
A2: 차량번호 | B2: 기사명 | C2: 운행건수 | D2: 총 가동시간(h) | E2: 총 청구금액 | F2: 총 입금액 | G2: 미수금
A3: =IF(차량목록!$A3="","",차량목록!$A3) -> 경기00가1234 | B3: =IF($A3="","",차량목록!$B3) -> 김기사 | C3: =IF($A3="","",COUNTIFS(배차일보!$B$3:$B$502,$A3)) -> 3 | D3: =IF($A3="","",ROUND(SUMIFS(배차일보!$H$3:$H$502,배차일보!$B$3:$B$502,$A3),2)) -> 20.5 | E3: =IF($A3="","",SUMIFS(배차일보!$J$3:$J$502,배차일보!$B$3:$B$502,$A3)) -> 2460000 | F3: =IF($A3="","",SUMIFS(배차일보!$L$3:$L$502,배차일보!$B$3:$B$502,$A3)) -> 1140000 | G3: =IF($A3="","",$E3-$F3) -> 1320000
A4: =IF(차량목록!$A4="","",차량목록!$A4) -> 경기00가5678 | B4: =IF($A4="","",차량목록!$B4) -> 이기사 | C4: =IF($A4="","",COUNTIFS(배차일보!$B$3:$B$502,$A4)) -> 2 | D4: =IF($A4="","",ROUND(SUMIFS(배차일보!$H$3:$H$502,배차일보!$B$3:$B$502,$A4),2)) -> 18 | E4: =IF($A4="","",SUMIFS(배차일보!$J$3:$J$502,배차일보!$B$3:$B$502,$A4)) -> 2700000 | F4: =IF($A4="","",SUMIFS(배차일보!$L$3:$L$502,배차일보!$B$3:$B$502,$A4)) -> 0 | G4: =IF($A4="","",$E4-$F4) -> 2700000
A5: =IF(차량목록!$A5="","",차량목록!$A5) | B5: =IF($A5="","",차량목록!$B5) | C5: =IF($A5="","",COUNTIFS(배차일보!$B$3:$B$502,$A5)) | D5: =IF($A5="","",ROUND(SUMIFS(배차일보!$H$3:$H$502,배차일보!$B$3:$B$502,$A5),2)) | E5: =IF($A5="","",SUMIFS(배차일보!$J$3:$J$502,배차일보!$B$3:$B$502,$A5)) | F5: =IF($A5="","",SUMIFS(배차일보!$L$3:$L$502,배차일보!$B$3:$B$502,$A5)) | G5: =IF($A5="","",$E5-$F5)
A6: =IF(차량목록!$A6="","",차량목록!$A6) | B6: =IF($A6="","",차량목록!$B6) | C6: =IF($A6="","",COUNTIFS(배차일보!$B$3:$B$502,$A6)) | D6: =IF($A6="","",ROUND(SUMIFS(배차일보!$H$3:$H$502,배차일보!$B$3:$B$502,$A6),2)) | E6: =IF($A6="","",SUMIFS(배차일보!$J$3:$J$502,배차일보!$B$3:$B$502,$A6)) | F6: =IF($A6="","",SUMIFS(배차일보!$L$3:$L$502,배차일보!$B$3:$B$502,$A6)) | G6: =IF($A6="","",$E6-$F6)
A7: =IF(차량목록!$A7="","",차량목록!$A7) | B7: =IF($A7="","",차량목록!$B7) | C7: =IF($A7="","",COUNTIFS(배차일보!$B$3:$B$502,$A7)) | D7: =IF($A7="","",ROUND(SUMIFS(배차일보!$H$3:$H$502,배차일보!$B$3:$B$502,$A7),2)) | E7: =IF($A7="","",SUMIFS(배차일보!$J$3:$J$502,배차일보!$B$3:$B$502,$A7)) | F7: =IF($A7="","",SUMIFS(배차일보!$L$3:$L$502,배차일보!$B$3:$B$502,$A7)) | G7: =IF($A7="","",$E7-$F7)
A8: =IF(차량목록!$A8="","",차량목록!$A8) | B8: =IF($A8="","",차량목록!$B8) | C8: =IF($A8="","",COUNTIFS(배차일보!$B$3:$B$502,$A8)) | D8: =IF($A8="","",ROUND(SUMIFS(배차일보!$H$3:$H$502,배차일보!$B$3:$B$502,$A8),2)) | E8: =IF($A8="","",SUMIFS(배차일보!$J$3:$J$502,배차일보!$B$3:$B$502,$A8)) | F8: =IF($A8="","",SUMIFS(배차일보!$L$3:$L$502,배차일보!$B$3:$B$502,$A8)) | G8: =IF($A8="","",$E8-$F8)
A9: =IF(차량목록!$A9="","",차량목록!$A9) | B9: =IF($A9="","",차량목록!$B9) | C9: =IF($A9="","",COUNTIFS(배차일보!$B$3:$B$502,$A9)) | D9: =IF($A9="","",ROUND(SUMIFS(배차일보!$H$3:$H$502,배차일보!$B$3:$B$502,$A9),2)) | E9: =IF($A9="","",SUMIFS(배차일보!$J$3:$J$502,배차일보!$B$3:$B$502,$A9)) | F9: =IF($A9="","",SUMIFS(배차일보!$L$3:$L$502,배차일보!$B$3:$B$502,$A9)) | G9: =IF($A9="","",$E9-$F9)
A10: =IF(차량목록!$A10="","",차량목록!$A10) | B10: =IF($A10="","",차량목록!$B10) | C10: =IF($A10="","",COUNTIFS(배차일보!$B$3:$B$502,$A10)) | D10: =IF($A10="","",ROUND(SUMIFS(배차일보!$H$3:$H$502,배차일보!$B$3:$B$502,$A10),2)) | E10: =IF($A10="","",SUMIFS(배차일보!$J$3:$J$502,배차일보!$B$3:$B$502,$A10)) | F10: =IF($A10="","",SUMIFS(배차일보!$L$3:$L$502,배차일보!$B$3:$B$502,$A10)) | G10: =IF($A10="","",$E10-$F10)
A11: =IF(차량목록!$A11="","",차량목록!$A11) | B11: =IF($A11="","",차량목록!$B11) | C11: =IF($A11="","",COUNTIFS(배차일보!$B$3:$B$502,$A11)) | D11: =IF($A11="","",ROUND(SUMIFS(배차일보!$H$3:$H$502,배차일보!$B$3:$B$502,$A11),2)) | E11: =IF($A11="","",SUMIFS(배차일보!$J$3:$J$502,배차일보!$B$3:$B$502,$A11)) | F11: =IF($A11="","",SUMIFS(배차일보!$L$3:$L$502,배차일보!$B$3:$B$502,$A11)) | G11: =IF($A11="","",$E11-$F11)
A12: =IF(차량목록!$A12="","",차량목록!$A12) | B12: =IF($A12="","",차량목록!$B12) | C12: =IF($A12="","",COUNTIFS(배차일보!$B$3:$B$502,$A12)) | D12: =IF($A12="","",ROUND(SUMIFS(배차일보!$H$3:$H$502,배차일보!$B$3:$B$502,$A12),2)) | E12: =IF($A12="","",SUMIFS(배차일보!$J$3:$J$502,배차일보!$B$3:$B$502,$A12)) | F12: =IF($A12="","",SUMIFS(배차일보!$L$3:$L$502,배차일보!$B$3:$B$502,$A12)) | G12: =IF($A12="","",$E12-$F12)
A13: =IF(차량목록!$A13="","",차량목록!$A13) | B13: =IF($A13="","",차량목록!$B13) | C13: =IF($A13="","",COUNTIFS(배차일보!$B$3:$B$502,$A13)) | D13: =IF($A13="","",ROUND(SUMIFS(배차일보!$H$3:$H$502,배차일보!$B$3:$B$502,$A13),2)) | E13: =IF($A13="","",SUMIFS(배차일보!$J$3:$J$502,배차일보!$B$3:$B$502,$A13)) | F13: =IF($A13="","",SUMIFS(배차일보!$L$3:$L$502,배차일보!$B$3:$B$502,$A13)) | G13: =IF($A13="","",$E13-$F13)
A14: =IF(차량목록!$A14="","",차량목록!$A14) | B14: =IF($A14="","",차량목록!$B14) | C14: =IF($A14="","",COUNTIFS(배차일보!$B$3:$B$502,$A14)) | D14: =IF($A14="","",ROUND(SUMIFS(배차일보!$H$3:$H$502,배차일보!$B$3:$B$502,$A14),2)) | E14: =IF($A14="","",SUMIFS(배차일보!$J$3:$J$502,배차일보!$B$3:$B$502,$A14)) | F14: =IF($A14="","",SUMIFS(배차일보!$L$3:$L$502,배차일보!$B$3:$B$502,$A14)) | G14: =IF($A14="","",$E14-$F14)
... A42: =IF(차량목록!$A42="","",차량목록!$A42) | B42: =IF($A42="","",차량목록!$B42) | C42: =IF($A42="","",COUNTIFS(배차일보!$B$3:$B$502,$A42)) | D42: =IF($A42="","",ROUND(SUMIFS(배차일보!$H$3:$H$502,배차일보!$B$3:$B$502,$A42),2)) | E42: =IF($A42="","",SUMIFS(배차일보!$J$3:$J$502,배차일보!$B$3:$B$502,$A42)) | F42: =IF($A42="","",SUMIFS(배차일보!$L$3:$L$502,배차일보!$B$3:$B$502,$A42)) | G42: =IF($A42="","",$E42-$F42)
B44: 합계 | C44: =SUM(C3:C42) -> 5 | D44: =SUM(D3:D42) -> 38.5 | E44: =SUM(E3:E42) -> 5160000 | F44: =SUM(F3:F42) -> 1140000 | G44: =SUM(G3:G42) -> 4020000

Sheet 업체별미수금
A1: 업체별미수금 (전부 자동)
A2: 업체명 | B2: 거래건수 | C2: 총 청구금액 | D2: 총 입금액 | E2: 미수금 | F2: 미수 건수 | G2: 최장 경과일
A3: =IF(거래처목록!$A3="","",거래처목록!$A3) -> ○○종합건설 | B3: =IF($A3="","",COUNTIFS(배차일보!$D$3:$D$502,$A3)) -> 3 | C3: =IF($A3="","",SUMIFS(배차일보!$J$3:$J$502,배차일보!$D$3:$D$502,$A3)) -> 3330000 | D3: =IF($A3="","",SUMIFS(배차일보!$L$3:$L$502,배차일보!$D$3:$D$502,$A3)) -> 1140000 | E3: =IF($A3="","",$C3-$D3) -> 2190000 | F3: =IF($A3="","",COUNTIFS(배차일보!$D$3:$D$502,$A3,배차일보!$M$3:$M$502,">0")) -> 2 | G3: =IF($A3="","",IF($F3=0,0,TODAY()-_xlfn.MINIFS(배차일보!$A$3:$A$502,배차일보!$D$3:$D$502,$A3,배차일보!$M$3:$M$502,">0"))) -> 33
A4: =IF(거래처목록!$A4="","",거래처목록!$A4) -> △△건설 | B4: =IF($A4="","",COUNTIFS(배차일보!$D$3:$D$502,$A4)) -> 2 | C4: =IF($A4="","",SUMIFS(배차일보!$J$3:$J$502,배차일보!$D$3:$D$502,$A4)) -> 1830000 | D4: =IF($A4="","",SUMIFS(배차일보!$L$3:$L$502,배차일보!$D$3:$D$502,$A4)) -> 0 | E4: =IF($A4="","",$C4-$D4) -> 1830000 | F4: =IF($A4="","",COUNTIFS(배차일보!$D$3:$D$502,$A4,배차일보!$M$3:$M$502,">0")) -> 2 | G4: =IF($A4="","",IF($F4=0,0,TODAY()-_xlfn.MINIFS(배차일보!$A$3:$A$502,배차일보!$D$3:$D$502,$A4,배차일보!$M$3:$M$502,">0"))) -> 25
A5: =IF(거래처목록!$A5="","",거래처목록!$A5) | B5: =IF($A5="","",COUNTIFS(배차일보!$D$3:$D$502,$A5)) | C5: =IF($A5="","",SUMIFS(배차일보!$J$3:$J$502,배차일보!$D$3:$D$502,$A5)) | D5: =IF($A5="","",SUMIFS(배차일보!$L$3:$L$502,배차일보!$D$3:$D$502,$A5)) | E5: =IF($A5="","",$C5-$D5) | F5: =IF($A5="","",COUNTIFS(배차일보!$D$3:$D$502,$A5,배차일보!$M$3:$M$502,">0")) | G5: =IF($A5="","",IF($F5=0,0,TODAY()-_xlfn.MINIFS(배차일보!$A$3:$A$502,배차일보!$D$3:$D$502,$A5,배차일보!$M$3:$M$502,">0")))
A6: =IF(거래처목록!$A6="","",거래처목록!$A6) | B6: =IF($A6="","",COUNTIFS(배차일보!$D$3:$D$502,$A6)) | C6: =IF($A6="","",SUMIFS(배차일보!$J$3:$J$502,배차일보!$D$3:$D$502,$A6)) | D6: =IF($A6="","",SUMIFS(배차일보!$L$3:$L$502,배차일보!$D$3:$D$502,$A6)) | E6: =IF($A6="","",$C6-$D6) | F6: =IF($A6="","",COUNTIFS(배차일보!$D$3:$D$502,$A6,배차일보!$M$3:$M$502,">0")) | G6: =IF($A6="","",IF($F6=0,0,TODAY()-_xlfn.MINIFS(배차일보!$A$3:$A$502,배차일보!$D$3:$D$502,$A6,배차일보!$M$3:$M$502,">0")))
A7: =IF(거래처목록!$A7="","",거래처목록!$A7) | B7: =IF($A7="","",COUNTIFS(배차일보!$D$3:$D$502,$A7)) | C7: =IF($A7="","",SUMIFS(배차일보!$J$3:$J$502,배차일보!$D$3:$D$502,$A7)) | D7: =IF($A7="","",SUMIFS(배차일보!$L$3:$L$502,배차일보!$D$3:$D$502,$A7)) | E7: =IF($A7="","",$C7-$D7) | F7: =IF($A7="","",COUNTIFS(배차일보!$D$3:$D$502,$A7,배차일보!$M$3:$M$502,">0")) | G7: =IF($A7="","",IF($F7=0,0,TODAY()-_xlfn.MINIFS(배차일보!$A$3:$A$502,배차일보!$D$3:$D$502,$A7,배차일보!$M$3:$M$502,">0")))
A8: =IF(거래처목록!$A8="","",거래처목록!$A8) | B8: =IF($A8="","",COUNTIFS(배차일보!$D$3:$D$502,$A8)) | C8: =IF($A8="","",SUMIFS(배차일보!$J$3:$J$502,배차일보!$D$3:$D$502,$A8)) | D8: =IF($A8="","",SUMIFS(배차일보!$L$3:$L$502,배차일보!$D$3:$D$502,$A8)) | E8: =IF($A8="","",$C8-$D8) | F8: =IF($A8="","",COUNTIFS(배차일보!$D$3:$D$502,$A8,배차일보!$M$3:$M$502,">0")) | G8: =IF($A8="","",IF($F8=0,0,TODAY()-_xlfn.MINIFS(배차일보!$A$3:$A$502,배차일보!$D$3:$D$502,$A8,배차일보!$M$3:$M$502,">0")))
A9: =IF(거래처목록!$A9="","",거래처목록!$A9) | B9: =IF($A9="","",COUNTIFS(배차일보!$D$3:$D$502,$A9)) | C9: =IF($A9="","",SUMIFS(배차일보!$J$3:$J$502,배차일보!$D$3:$D$502,$A9)) | D9: =IF($A9="","",SUMIFS(배차일보!$L$3:$L$502,배차일보!$D$3:$D$502,$A9)) | E9: =IF($A9="","",$C9-$D9) | F9: =IF($A9="","",COUNTIFS(배차일보!$D$3:$D$502,$A9,배차일보!$M$3:$M$502,">0")) | G9: =IF($A9="","",IF($F9=0,0,TODAY()-_xlfn.MINIFS(배차일보!$A$3:$A$502,배차일보!$D$3:$D$502,$A9,배차일보!$M$3:$M$502,">0")))
A10: =IF(거래처목록!$A10="","",거래처목록!$A10) | B10: =IF($A10="","",COUNTIFS(배차일보!$D$3:$D$502,$A10)) | C10: =IF($A10="","",SUMIFS(배차일보!$J$3:$J$502,배차일보!$D$3:$D$502,$A10)) | D10: =IF($A10="","",SUMIFS(배차일보!$L$3:$L$502,배차일보!$D$3:$D$502,$A10)) | E10: =IF($A10="","",$C10-$D10) | F10: =IF($A10="","",COUNTIFS(배차일보!$D$3:$D$502,$A10,배차일보!$M$3:$M$502,">0")) | G10: =IF($A10="","",IF($F10=0,0,TODAY()-_xlfn.MINIFS(배차일보!$A$3:$A$502,배차일보!$D$3:$D$502,$A10,배차일보!$M$3:$M$502,">0")))
A11: =IF(거래처목록!$A11="","",거래처목록!$A11) | B11: =IF($A11="","",COUNTIFS(배차일보!$D$3:$D$502,$A11)) | C11: =IF($A11="","",SUMIFS(배차일보!$J$3:$J$502,배차일보!$D$3:$D$502,$A11)) | D11: =IF($A11="","",SUMIFS(배차일보!$L$3:$L$502,배차일보!$D$3:$D$502,$A11)) | E11: =IF($A11="","",$C11-$D11) | F11: =IF($A11="","",COUNTIFS(배차일보!$D$3:$D$502,$A11,배차일보!$M$3:$M$502,">0")) | G11: =IF($A11="","",IF($F11=0,0,TODAY()-_xlfn.MINIFS(배차일보!$A$3:$A$502,배차일보!$D$3:$D$502,$A11,배차일보!$M$3:$M$502,">0")))
A12: =IF(거래처목록!$A12="","",거래처목록!$A12) | B12: =IF($A12="","",COUNTIFS(배차일보!$D$3:$D$502,$A12)) | C12: =IF($A12="","",SUMIFS(배차일보!$J$3:$J$502,배차일보!$D$3:$D$502,$A12)) | D12: =IF($A12="","",SUMIFS(배차일보!$L$3:$L$502,배차일보!$D$3:$D$502,$A12)) | E12: =IF($A12="","",$C12-$D12) | F12: =IF($A12="","",COUNTIFS(배차일보!$D$3:$D$502,$A12,배차일보!$M$3:$M$502,">0")) | G12: =IF($A12="","",IF($F12=0,0,TODAY()-_xlfn.MINIFS(배차일보!$A$3:$A$502,배차일보!$D$3:$D$502,$A12,배차일보!$M$3:$M$502,">0")))
A13: =IF(거래처목록!$A13="","",거래처목록!$A13) | B13: =IF($A13="","",COUNTIFS(배차일보!$D$3:$D$502,$A13)) | C13: =IF($A13="","",SUMIFS(배차일보!$J$3:$J$502,배차일보!$D$3:$D$502,$A13)) | D13: =IF($A13="","",SUMIFS(배차일보!$L$3:$L$502,배차일보!$D$3:$D$502,$A13)) | E13: =IF($A13="","",$C13-$D13) | F13: =IF($A13="","",COUNTIFS(배차일보!$D$3:$D$502,$A13,배차일보!$M$3:$M$502,">0")) | G13: =IF($A13="","",IF($F13=0,0,TODAY()-_xlfn.MINIFS(배차일보!$A$3:$A$502,배차일보!$D$3:$D$502,$A13,배차일보!$M$3:$M$502,">0")))
A14: =IF(거래처목록!$A14="","",거래처목록!$A14) | B14: =IF($A14="","",COUNTIFS(배차일보!$D$3:$D$502,$A14)) | C14: =IF($A14="","",SUMIFS(배차일보!$J$3:$J$502,배차일보!$D$3:$D$502,$A14)) | D14: =IF($A14="","",SUMIFS(배차일보!$L$3:$L$502,배차일보!$D$3:$D$502,$A14)) | E14: =IF($A14="","",$C14-$D14) | F14: =IF($A14="","",COUNTIFS(배차일보!$D$3:$D$502,$A14,배차일보!$M$3:$M$502,">0")) | G14: =IF($A14="","",IF($F14=0,0,TODAY()-_xlfn.MINIFS(배차일보!$A$3:$A$502,배차일보!$D$3:$D$502,$A14,배차일보!$M$3:$M$502,">0")))
... A62: =IF(거래처목록!$A62="","",거래처목록!$A62) | B62: =IF($A62="","",COUNTIFS(배차일보!$D$3:$D$502,$A62)) | C62: =IF($A62="","",SUMIFS(배차일보!$J$3:$J$502,배차일보!$D$3:$D$502,$A62)) | D62: =IF($A62="","",SUMIFS(배차일보!$L$3:$L$502,배차일보!$D$3:$D$502,$A62)) | E62: =IF($A62="","",$C62-$D62) | F62: =IF($A62="","",COUNTIFS(배차일보!$D$3:$D$502,$A62,배차일보!$M$3:$M$502,">0")) | G62: =IF($A62="","",IF($F62=0,0,TODAY()-_xlfn.MINIFS(배차일보!$A$3:$A$502,배차일보!$D$3:$D$502,$A62,배차일보!$M$3:$M$502,">0")))
A64: 합계 | B64: =SUM(B3:B62) -> 5 | C64: =SUM(C3:C62) -> 5160000 | D64: =SUM(D3:D62) -> 1140000 | E64: =SUM(E3:E62) -> 4020000 | F64: =SUM(F3:F62) -> 4
A66: ※ '최장 경과일'은 미수 건 중 가장 오래된 배차일 기준입니다.

Sheet 기사수당내역
A1: 기사수당내역 (월 단위)
A3: 대상 연도 | B3: 2026 | C3: 대상 월 | D3: 3 | E3: ← 두 칸만 바꾸면 아래가 바뀝니다
A5: 차량번호 | B5: 기사명 | C5: 운행건수 | D5: 청구금액 | E5: 수당률 | F5: 기사수당
A6: =IF(차량목록!$A3="","",차량목록!$A3) -> 경기00가1234 | B6: =IF($A6="","",차량목록!$B3) -> 김기사 | C6: =IF($A6="","",COUNTIFS(배차일보!$B$3:$B$502,$A6,배차일보!$A$3:$A$502,">="&DATE($B$3,$D$3,1),배차일보!$A$3:$A$502,"<="&EOMONTH(DATE($B$3,$D$3,1),0))) -> 0 | D6: =IF($A6="","",SUMIFS(배차일보!$J$3:$J$502,배차일보!$B$3:$B$502,$A6,배차일보!$A$3:$A$502,">="&DATE($B$3,$D$3,1),배차일보!$A$3:$A$502,"<="&EOMONTH(DATE($B$3,$D$3,1),0))) -> 0 | E6: =IF($A6="","",차량목록!$D3) -> 0.25 | F6: =IF($A6="","",SUMIFS(배차일보!$P$3:$P$502,배차일보!$B$3:$B$502,$A6,배차일보!$A$3:$A$502,">="&DATE($B$3,$D$3,1),배차일보!$A$3:$A$502,"<="&EOMONTH(DATE($B$3,$D$3,1),0))) -> 0
A7: =IF(차량목록!$A4="","",차량목록!$A4) -> 경기00가5678 | B7: =IF($A7="","",차량목록!$B4) -> 이기사 | C7: =IF($A7="","",COUNTIFS(배차일보!$B$3:$B$502,$A7,배차일보!$A$3:$A$502,">="&DATE($B$3,$D$3,1),배차일보!$A$3:$A$502,"<="&EOMONTH(DATE($B$3,$D$3,1),0))) -> 0 | D7: =IF($A7="","",SUMIFS(배차일보!$J$3:$J$502,배차일보!$B$3:$B$502,$A7,배차일보!$A$3:$A$502,">="&DATE($B$3,$D$3,1),배차일보!$A$3:$A$502,"<="&EOMONTH(DATE($B$3,$D$3,1),0))) -> 0 | E7: =IF($A7="","",차량목록!$D4) -> 0.2 | F7: =IF($A7="","",SUMIFS(배차일보!$P$3:$P$502,배차일보!$B$3:$B$502,$A7,배차일보!$A$3:$A$502,">="&DATE($B$3,$D$3,1),배차일보!$A$3:$A$502,"<="&EOMONTH(DATE($B$3,$D$3,1),0))) -> 0
A8: =IF(차량목록!$A5="","",차량목록!$A5) | B8: =IF($A8="","",차량목록!$B5) | C8: =IF($A8="","",COUNTIFS(배차일보!$B$3:$B$502,$A8,배차일보!$A$3:$A$502,">="&DATE($B$3,$D$3,1),배차일보!$A$3:$A$502,"<="&EOMONTH(DATE($B$3,$D$3,1),0))) | D8: =IF($A8="","",SUMIFS(배차일보!$J$3:$J$502,배차일보!$B$3:$B$502,$A8,배차일보!$A$3:$A$502,">="&DATE($B$3,$D$3,1),배차일보!$A$3:$A$502,"<="&EOMONTH(DATE($B$3,$D$3,1),0))) | E8: =IF($A8="","",차량목록!$D5) | F8: =IF($A8="","",SUMIFS(배차일보!$P$3:$P$502,배차일보!$B$3:$B$502,$A8,배차일보!$A$3:$A$502,">="&DATE($B$3,$D$3,1),배차일보!$A$3:$A$502,"<="&EOMONTH(DATE($B$3,$D$3,1),0)))
A9: =IF(차량목록!$A6="","",차량목록!$A6) | B9: =IF($A9="","",차량목록!$B6) | C9: =IF($A9="","",COUNTIFS(배차일보!$B$3:$B$502,$A9,배차일보!$A$3:$A$502,">="&DATE($B$3,$D$3,1),배차일보!$A$3:$A$502,"<="&EOMONTH(DATE($B$3,$D$3,1),0))) | D9: =IF($A9="","",SUMIFS(배차일보!$J$3:$J$502,배차일보!$B$3:$B$502,$A9,배차일보!$A$3:$A$502,">="&DATE($B$3,$D$3,1),배차일보!$A$3:$A$502,"<="&EOMONTH(DATE($B$3,$D$3,1),0))) | E9: =IF($A9="","",차량목록!$D6) | F9: =IF($A9="","",SUMIFS(배차일보!$P$3:$P$502,배차일보!$B$3:$B$502,$A9,배차일보!$A$3:$A$502,">="&DATE($B$3,$D$3,1),배차일보!$A$3:$A$502,"<="&EOMONTH(DATE($B$3,$D$3,1),0)))
A10: =IF(차량목록!$A7="","",차량목록!$A7) | B10: =IF($A10="","",차량목록!$B7) | C10: =IF($A10="","",COUNTIFS(배차일보!$B$3:$B$502,$A10,배차일보!$A$3:$A$502,">="&DATE($B$3,$D$3,1),배차일보!$A$3:$A$502,"<="&EOMONTH(DATE($B$3,$D$3,1),0))) | D10: =IF($A10="","",SUMIFS(배차일보!$J$3:$J$502,배차일보!$B$3:$B$502,$A10,배차일보!$A$3:$A$502,">="&DATE($B$3,$D$3,1),배차일보!$A$3:$A$502,"<="&EOMONTH(DATE($B$3,$D$3,1),0))) | E10: =IF($A10="","",차량목록!$D7) | F10: =IF($A10="","",SUMIFS(배차일보!$P$3:$P$502,배차일보!$B$3:$B$502,$A10,배차일보!$A$3:$A$502,">="&DATE($B$3,$D$3,1),배차일보!$A$3:$A$502,"<="&EOMONTH(DATE($B$3,$D$3,1),0)))
A11: =IF(차량목록!$A8="","",차량목록!$A8) | B11: =IF($A11="","",차량목록!$B8) | C11: =IF($A11="","",COUNTIFS(배차일보!$B$3:$B$502,$A11,배차일보!$A$3:$A$502,">="&DATE($B$3,$D$3,1),배차일보!$A$3:$A$502,"<="&EOMONTH(DATE($B$3,$D$3,1),0))) | D11: =IF($A11="","",SUMIFS(배차일보!$J$3:$J$502,배차일보!$B$3:$B$502,$A11,배차일보!$A$3:$A$502,">="&DATE($B$3,$D$3,1),배차일보!$A$3:$A$502,"<="&EOMONTH(DATE($B$3,$D$3,1),0))) | E11: =IF($A11="","",차량목록!$D8) | F11: =IF($A11="","",SUMIFS(배차일보!$P$3:$P$502,배차일보!$B$3:$B$502,$A11,배차일보!$A$3:$A$502,">="&DATE($B$3,$D$3,1),배차일보!$A$3:$A$502,"<="&EOMONTH(DATE($B$3,$D$3,1),0)))
A12: =IF(차량목록!$A9="","",차량목록!$A9) | B12: =IF($A12="","",차량목록!$B9) | C12: =IF($A12="","",COUNTIFS(배차일보!$B$3:$B$502,$A12,배차일보!$A$3:$A$502,">="&DATE($B$3,$D$3,1),배차일보!$A$3:$A$502,"<="&EOMONTH(DATE($B$3,$D$3,1),0))) | D12: =IF($A12="","",SUMIFS(배차일보!$J$3:$J$502,배차일보!$B$3:$B$502,$A12,배차일보!$A$3:$A$502,">="&DATE($B$3,$D$3,1),배차일보!$A$3:$A$502,"<="&EOMONTH(DATE($B$3,$D$3,1),0))) | E12: =IF($A12="","",차량목록!$D9) | F12: =IF($A12="","",SUMIFS(배차일보!$P$3:$P$502,배차일보!$B$3:$B$502,$A12,배차일보!$A$3:$A$502,">="&DATE($B$3,$D$3,1),배차일보!$A$3:$A$502,"<="&EOMONTH(DATE($B$3,$D$3,1),0)))
A13: =IF(차량목록!$A10="","",차량목록!$A10) | B13: =IF($A13="","",차량목록!$B10) | C13: =IF($A13="","",COUNTIFS(배차일보!$B$3:$B$502,$A13,배차일보!$A$3:$A$502,">="&DATE($B$3,$D$3,1),배차일보!$A$3:$A$502,"<="&EOMONTH(DATE($B$3,$D$3,1),0))) | D13: =IF($A13="","",SUMIFS(배차일보!$J$3:$J$502,배차일보!$B$3:$B$502,$A13,배차일보!$A$3:$A$502,">="&DATE($B$3,$D$3,1),배차일보!$A$3:$A$502,"<="&EOMONTH(DATE($B$3,$D$3,1),0))) | E13: =IF($A13="","",차량목록!$D10) | F13: =IF($A13="","",SUMIFS(배차일보!$P$3:$P$502,배차일보!$B$3:$B$502,$A13,배차일보!$A$3:$A$502,">="&DATE($B$3,$D$3,1),배차일보!$A$3:$A$502,"<="&EOMONTH(DATE($B$3,$D$3,1),0)))
A14: =IF(차량목록!$A11="","",차량목록!$A11) | B14: =IF($A14="","",차량목록!$B11) | C14: =IF($A14="","",COUNTIFS(배차일보!$B$3:$B$502,$A14,배차일보!$A$3:$A$502,">="&DATE($B$3,$D$3,1),배차일보!$A$3:$A$502,"<="&EOMONTH(DATE($B$3,$D$3,1),0))) | D14: =IF($A14="","",SUMIFS(배차일보!$J$3:$J$502,배차일보!$B$3:$B$502,$A14,배차일보!$A$3:$A$502,">="&DATE($B$3,$D$3,1),배차일보!$A$3:$A$502,"<="&EOMONTH(DATE($B$3,$D$3,1),0))) | E14: =IF($A14="","",차량목록!$D11) | F14: =IF($A14="","",SUMIFS(배차일보!$P$3:$P$502,배차일보!$B$3:$B$502,$A14,배차일보!$A$3:$A$502,">="&DATE($B$3,$D$3,1),배차일보!$A$3:$A$502,"<="&EOMONTH(DATE($B$3,$D$3,1),0)))
A15: =IF(차량목록!$A12="","",차량목록!$A12) | B15: =IF($A15="","",차량목록!$B12) | C15: =IF($A15="","",COUNTIFS(배차일보!$B$3:$B$502,$A15,배차일보!$A$3:$A$502,">="&DATE($B$3,$D$3,1),배차일보!$A$3:$A$502,"<="&EOMONTH(DATE($B$3,$D$3,1),0))) | D15: =IF($A15="","",SUMIFS(배차일보!$J$3:$J$502,배차일보!$B$3:$B$502,$A15,배차일보!$A$3:$A$502,">="&DATE($B$3,$D$3,1),배차일보!$A$3:$A$502,"<="&EOMONTH(DATE($B$3,$D$3,1),0))) | E15: =IF($A15="","",차량목록!$D12) | F15: =IF($A15="","",SUMIFS(배차일보!$P$3:$P$502,배차일보!$B$3:$B$502,$A15,배차일보!$A$3:$A$502,">="&DATE($B$3,$D$3,1),배차일보!$A$3:$A$502,"<="&EOMONTH(DATE($B$3,$D$3,1),0)))
A16: =IF(차량목록!$A13="","",차량목록!$A13) | B16: =IF($A16="","",차량목록!$B13) | C16: =IF($A16="","",COUNTIFS(배차일보!$B$3:$B$502,$A16,배차일보!$A$3:$A$502,">="&DATE($B$3,$D$3,1),배차일보!$A$3:$A$502,"<="&EOMONTH(DATE($B$3,$D$3,1),0))) | D16: =IF($A16="","",SUMIFS(배차일보!$J$3:$J$502,배차일보!$B$3:$B$502,$A16,배차일보!$A$3:$A$502,">="&DATE($B$3,$D$3,1),배차일보!$A$3:$A$502,"<="&EOMONTH(DATE($B$3,$D$3,1),0))) | E16: =IF($A16="","",차량목록!$D13) | F16: =IF($A16="","",SUMIFS(배차일보!$P$3:$P$502,배차일보!$B$3:$B$502,$A16,배차일보!$A$3:$A$502,">="&DATE($B$3,$D$3,1),배차일보!$A$3:$A$502,"<="&EOMONTH(DATE($B$3,$D$3,1),0)))
A17: =IF(차량목록!$A14="","",차량목록!$A14) | B17: =IF($A17="","",차량목록!$B14) | C17: =IF($A17="","",COUNTIFS(배차일보!$B$3:$B$502,$A17,배차일보!$A$3:$A$502,">="&DATE($B$3,$D$3,1),배차일보!$A$3:$A$502,"<="&EOMONTH(DATE($B$3,$D$3,1),0))) | D17: =IF($A17="","",SUMIFS(배차일보!$J$3:$J$502,배차일보!$B$3:$B$502,$A17,배차일보!$A$3:$A$502,">="&DATE($B$3,$D$3,1),배차일보!$A$3:$A$502,"<="&EOMONTH(DATE($B$3,$D$3,1),0))) | E17: =IF($A17="","",차량목록!$D14) | F17: =IF($A17="","",SUMIFS(배차일보!$P$3:$P$502,배차일보!$B$3:$B$502,$A17,배차일보!$A$3:$A$502,">="&DATE($B$3,$D$3,1),배차일보!$A$3:$A$502,"<="&EOMONTH(DATE($B$3,$D$3,1),0)))
... A45: =IF(차량목록!$A42="","",차량목록!$A42) | B45: =IF($A45="","",차량목록!$B42) | C45: =IF($A45="","",COUNTIFS(배차일보!$B$3:$B$502,$A45,배차일보!$A$3:$A$502,">="&DATE($B$3,$D$3,1),배차일보!$A$3:$A$502,"<="&EOMONTH(DATE($B$3,$D$3,1),0))) | D45: =IF($A45="","",SUMIFS(배차일보!$J$3:$J$502,배차일보!$B$3:$B$502,$A45,배차일보!$A$3:$A$502,">="&DATE($B$3,$D$3,1),배차일보!$A$3:$A$502,"<="&EOMONTH(DATE($B$3,$D$3,1),0))) | E45: =IF($A45="","",차량목록!$D42) | F45: =IF($A45="","",SUMIFS(배차일보!$P$3:$P$502,배차일보!$B$3:$B$502,$A45,배차일보!$A$3:$A$502,">="&DATE($B$3,$D$3,1),배차일보!$A$3:$A$502,"<="&EOMONTH(DATE($B$3,$D$3,1),0)))
B47: 합계 | C47: =SUM(C6:C45) -> 0 | D47: =SUM(D6:D45) -> 0 | F47: =SUM(F6:F45) -> 0
