Workbook

Sheet 사용안내
B2: 회의록 · 할 일(액션아이템) 추적
B4: 핵심 | C4: 회의에서 나온 할 일을 따로 쌓아두면 기한이 언제인지, 누가 안 했는지가 한눈에 보입니다.
B5: 입력 규칙 | C5: 파란색 글씨 칸만 입력하세요. 검은색은 자동 계산입니다.
B6: ① 구성원목록 | C6: 참석자와 소속을 등록합니다.
B7: ② 회의록 | C7: 회의마다 한 줄. 회의번호는 자동으로 매겨집니다.
B8: ③ 액션아이템 | C8: 회의에서 나온 할 일을 한 줄씩. 회의번호로 연결됩니다.
B9: ④ 미완료현황 | C9: 아직 안 끝난 할 일만 모아서, 기한이 급한 순으로 보여줍니다.
B10: ⑤ 담당자별현황 | C10: 담당자별로 몇 건 맡았고 몇 건 남았는지 보여줍니다.
B11: ⑥ 회의록 출력 | C11: 회의번호를 고르면 그 회의의 회의록과 할 일이 한 장에 인쇄됩니다.
B12: 기한 표시 | C12: 기한이 지나면 빨강, 며칠 안 남았으면 노랑으로 표시됩니다.
B13: 완료 처리 | C13: 지우지 말고 상태를 '완료'로 바꾸고 완료일을 넣으세요.
B15: 설정 | C15: 값을 바꾸면 모든 계산에 반영됩니다
B16: 기한 임박 기준(일) | C16: 3
B18: ※ 회의 300건, 할 일 1,000건까지 처리합니다.

Sheet 구성원목록
A1: 구성원목록
A2: 이름 | B2: 소속 | C2: 직위 | D2: 연락처
A3: 김팀장 | B3: 기획팀 | C3: 팀장 | D3: 010-0000-0001
A4: 이대리 | B4: 개발팀 | C4: 대리 | D4: 010-0000-0002
A5: 박주임 | B5: 디자인팀 | C5: 주임 | D5: 010-0000-0003

Sheet 회의록
A1: 회의록 (회의번호는 자동)
A2: 회의번호(자동) | B2: 회의일 | C2: 회의명 | D2: 장소 | E2: 주관자 | F2: 참석자 | G2: 안건 | H2: 논의·결정사항 | I2: 할일 수(자동)
A3: =IF($B3="","",TEXT($B3,"yymmdd")&"-"&TEXT(COUNTIFS($B$3:$B3,$B3),"0")) -> 260901-1 | B3: 46266 | C3: 9월 정기회의 | D3: 대회의실 | E3: 김팀장 | F3: 김팀장, 이대리, 박주임 | G3: 3분기 실적 / 4분기 계획 | H3: 3분기 목표 달성. 4분기 신규 기능 2건 추가 결정. | I3: =IF($A3="","",COUNTIFS(액션아이템!$A$3:$A$1002,$A3)) -> 3
A4: =IF($B4="","",TEXT($B4,"yymmdd")&"-"&TEXT(COUNTIFS($B$3:$B4,$B4),"0")) -> 260908-1 | B4: 46273 | C4: 디자인 리뷰 | D4: 소회의실 | E4: 박주임 | F4: 박주임, 이대리 | G4: 시안 검토 | H4: B안 채택. 색상만 수정 후 확정하기로 함. | I4: =IF($A4="","",COUNTIFS(액션아이템!$A$3:$A$1002,$A4)) -> 1
A5: =IF($B5="","",TEXT($B5,"yymmdd")&"-"&TEXT(COUNTIFS($B$3:$B5,$B5),"0")) | I5: =IF($A5="","",COUNTIFS(액션아이템!$A$3:$A$1002,$A5))
A6: =IF($B6="","",TEXT($B6,"yymmdd")&"-"&TEXT(COUNTIFS($B$3:$B6,$B6),"0")) | I6: =IF($A6="","",COUNTIFS(액션아이템!$A$3:$A$1002,$A6))
A7: =IF($B7="","",TEXT($B7,"yymmdd")&"-"&TEXT(COUNTIFS($B$3:$B7,$B7),"0")) | I7: =IF($A7="","",COUNTIFS(액션아이템!$A$3:$A$1002,$A7))
A8: =IF($B8="","",TEXT($B8,"yymmdd")&"-"&TEXT(COUNTIFS($B$3:$B8,$B8),"0")) | I8: =IF($A8="","",COUNTIFS(액션아이템!$A$3:$A$1002,$A8))
A9: =IF($B9="","",TEXT($B9,"yymmdd")&"-"&TEXT(COUNTIFS($B$3:$B9,$B9),"0")) | I9: =IF($A9="","",COUNTIFS(액션아이템!$A$3:$A$1002,$A9))
A10: =IF($B10="","",TEXT($B10,"yymmdd")&"-"&TEXT(COUNTIFS($B$3:$B10,$B10),"0")) | I10: =IF($A10="","",COUNTIFS(액션아이템!$A$3:$A$1002,$A10))
A11: =IF($B11="","",TEXT($B11,"yymmdd")&"-"&TEXT(COUNTIFS($B$3:$B11,$B11),"0")) | I11: =IF($A11="","",COUNTIFS(액션아이템!$A$3:$A$1002,$A11))
A12: =IF($B12="","",TEXT($B12,"yymmdd")&"-"&TEXT(COUNTIFS($B$3:$B12,$B12),"0")) | I12: =IF($A12="","",COUNTIFS(액션아이템!$A$3:$A$1002,$A12))
A13: =IF($B13="","",TEXT($B13,"yymmdd")&"-"&TEXT(COUNTIFS($B$3:$B13,$B13),"0")) | I13: =IF($A13="","",COUNTIFS(액션아이템!$A$3:$A$1002,$A13))
A14: =IF($B14="","",TEXT($B14,"yymmdd")&"-"&TEXT(COUNTIFS($B$3:$B14,$B14),"0")) | I14: =IF($A14="","",COUNTIFS(액션아이템!$A$3:$A$1002,$A14))
A15: =IF($B15="","",TEXT($B15,"yymmdd")&"-"&TEXT(COUNTIFS($B$3:$B15,$B15),"0")) | I15: =IF($A15="","",COUNTIFS(액션아이템!$A$3:$A$1002,$A15))
A16: =IF($B16="","",TEXT($B16,"yymmdd")&"-"&TEXT(COUNTIFS($B$3:$B16,$B16),"0")) | I16: =IF($A16="","",COUNTIFS(액션아이템!$A$3:$A$1002,$A16))
... A302: =IF($B302="","",TEXT($B302,"yymmdd")&"-"&TEXT(COUNTIFS($B$3:$B302,$B302),"0")) | I302: =IF($A302="","",COUNTIFS(액션아이템!$A$3:$A$1002,$A302))

Sheet 액션아이템
A1: 액션아이템 (회의에서 나온 할 일)
A2: 회의번호 | B2: 회의명(자동) | C2: 할 일 | D2: 담당자 | E2: 기한 | F2: 상태 | G2: 완료일 | H2: D-Day(자동) | I2: 지연일(자동) | J2: 비고 | K2: 조회키(자동) | L2: 회의내순번(자동)
A3: 260901-1 | B3: =IF($A3="","",IFERROR(INDEX(회의록!$C$3:$C$302,MATCH($A3,회의록!$A$3:$A$302,0)),"회의번호없음")) -> 9월 정기회의 | C3: 4분기 기능 명세 작성 | D3: 이대리 | E3: 46285 | F3: 진행중 | H3: =IF(OR($C3="",$E3="",$F3="완료",$F3="취소"),"",$E3-TODAY()) -> 6 | I3: =IF(OR($C3="",$E3=""),"",IF($F3="완료",IF($G3="","",MAX(0,$G3-$E3)),IF($F3="취소","",MAX(0,TODAY()-$E3)))) -> 0 | K3: =IF($A3="","",$A3&"|"&$L3) -> 260901-1|1 | L3: =IF($A3="","",COUNTIFS($A$3:$A3,$A3)) -> 1
A4: 260901-1 | B4: =IF($A4="","",IFERROR(INDEX(회의록!$C$3:$C$302,MATCH($A4,회의록!$A$3:$A$302,0)),"회의번호없음")) -> 9월 정기회의 | C4: 예산안 재검토 | D4: 김팀장 | E4: 46275 | F4: 진행중 | H4: =IF(OR($C4="",$E4="",$F4="완료",$F4="취소"),"",$E4-TODAY()) -> -4 | I4: =IF(OR($C4="",$E4=""),"",IF($F4="완료",IF($G4="","",MAX(0,$G4-$E4)),IF($F4="취소","",MAX(0,TODAY()-$E4)))) -> 4 | K4: =IF($A4="","",$A4&"|"&$L4) -> 260901-1|2 | L4: =IF($A4="","",COUNTIFS($A$3:$A4,$A4)) -> 2
A5: 260901-1 | B5: =IF($A5="","",IFERROR(INDEX(회의록!$C$3:$C$302,MATCH($A5,회의록!$A$3:$A$302,0)),"회의번호없음")) -> 9월 정기회의 | C5: 실적 자료 정리 | D5: 박주임 | E5: 46270 | F5: 완료 | G5: 46269 | H5: =IF(OR($C5="",$E5="",$F5="완료",$F5="취소"),"",$E5-TODAY()) | I5: =IF(OR($C5="",$E5=""),"",IF($F5="완료",IF($G5="","",MAX(0,$G5-$E5)),IF($F5="취소","",MAX(0,TODAY()-$E5)))) -> 0 | K5: =IF($A5="","",$A5&"|"&$L5) -> 260901-1|3 | L5: =IF($A5="","",COUNTIFS($A$3:$A5,$A5)) -> 3
A6: 260908-1 | B6: =IF($A6="","",IFERROR(INDEX(회의록!$C$3:$C$302,MATCH($A6,회의록!$A$3:$A$302,0)),"회의번호없음")) -> 디자인 리뷰 | C6: 색상 수정본 전달 | D6: 박주임 | E6: 46281 | F6: 진행중 | H6: =IF(OR($C6="",$E6="",$F6="완료",$F6="취소"),"",$E6-TODAY()) -> 2 | I6: =IF(OR($C6="",$E6=""),"",IF($F6="완료",IF($G6="","",MAX(0,$G6-$E6)),IF($F6="취소","",MAX(0,TODAY()-$E6)))) -> 0 | K6: =IF($A6="","",$A6&"|"&$L6) -> 260908-1|1 | L6: =IF($A6="","",COUNTIFS($A$3:$A6,$A6)) -> 1
B7: =IF($A7="","",IFERROR(INDEX(회의록!$C$3:$C$302,MATCH($A7,회의록!$A$3:$A$302,0)),"회의번호없음")) | H7: =IF(OR($C7="",$E7="",$F7="완료",$F7="취소"),"",$E7-TODAY()) | I7: =IF(OR($C7="",$E7=""),"",IF($F7="완료",IF($G7="","",MAX(0,$G7-$E7)),IF($F7="취소","",MAX(0,TODAY()-$E7)))) | K7: =IF($A7="","",$A7&"|"&$L7) | L7: =IF($A7="","",COUNTIFS($A$3:$A7,$A7))
B8: =IF($A8="","",IFERROR(INDEX(회의록!$C$3:$C$302,MATCH($A8,회의록!$A$3:$A$302,0)),"회의번호없음")) | H8: =IF(OR($C8="",$E8="",$F8="완료",$F8="취소"),"",$E8-TODAY()) | I8: =IF(OR($C8="",$E8=""),"",IF($F8="완료",IF($G8="","",MAX(0,$G8-$E8)),IF($F8="취소","",MAX(0,TODAY()-$E8)))) | K8: =IF($A8="","",$A8&"|"&$L8) | L8: =IF($A8="","",COUNTIFS($A$3:$A8,$A8))
B9: =IF($A9="","",IFERROR(INDEX(회의록!$C$3:$C$302,MATCH($A9,회의록!$A$3:$A$302,0)),"회의번호없음")) | H9: =IF(OR($C9="",$E9="",$F9="완료",$F9="취소"),"",$E9-TODAY()) | I9: =IF(OR($C9="",$E9=""),"",IF($F9="완료",IF($G9="","",MAX(0,$G9-$E9)),IF($F9="취소","",MAX(0,TODAY()-$E9)))) | K9: =IF($A9="","",$A9&"|"&$L9) | L9: =IF($A9="","",COUNTIFS($A$3:$A9,$A9))
B10: =IF($A10="","",IFERROR(INDEX(회의록!$C$3:$C$302,MATCH($A10,회의록!$A$3:$A$302,0)),"회의번호없음")) | H10: =IF(OR($C10="",$E10="",$F10="완료",$F10="취소"),"",$E10-TODAY()) | I10: =IF(OR($C10="",$E10=""),"",IF($F10="완료",IF($G10="","",MAX(0,$G10-$E10)),IF($F10="취소","",MAX(0,TODAY()-$E10)))) | K10: =IF($A10="","",$A10&"|"&$L10) | L10: =IF($A10="","",COUNTIFS($A$3:$A10,$A10))
B11: =IF($A11="","",IFERROR(INDEX(회의록!$C$3:$C$302,MATCH($A11,회의록!$A$3:$A$302,0)),"회의번호없음")) | H11: =IF(OR($C11="",$E11="",$F11="완료",$F11="취소"),"",$E11-TODAY()) | I11: =IF(OR($C11="",$E11=""),"",IF($F11="완료",IF($G11="","",MAX(0,$G11-$E11)),IF($F11="취소","",MAX(0,TODAY()-$E11)))) | K11: =IF($A11="","",$A11&"|"&$L11) | L11: =IF($A11="","",COUNTIFS($A$3:$A11,$A11))
B12: =IF($A12="","",IFERROR(INDEX(회의록!$C$3:$C$302,MATCH($A12,회의록!$A$3:$A$302,0)),"회의번호없음")) | H12: =IF(OR($C12="",$E12="",$F12="완료",$F12="취소"),"",$E12-TODAY()) | I12: =IF(OR($C12="",$E12=""),"",IF($F12="완료",IF($G12="","",MAX(0,$G12-$E12)),IF($F12="취소","",MAX(0,TODAY()-$E12)))) | K12: =IF($A12="","",$A12&"|"&$L12) | L12: =IF($A12="","",COUNTIFS($A$3:$A12,$A12))
B13: =IF($A13="","",IFERROR(INDEX(회의록!$C$3:$C$302,MATCH($A13,회의록!$A$3:$A$302,0)),"회의번호없음")) | H13: =IF(OR($C13="",$E13="",$F13="완료",$F13="취소"),"",$E13-TODAY()) | I13: =IF(OR($C13="",$E13=""),"",IF($F13="완료",IF($G13="","",MAX(0,$G13-$E13)),IF($F13="취소","",MAX(0,TODAY()-$E13)))) | K13: =IF($A13="","",$A13&"|"&$L13) | L13: =IF($A13="","",COUNTIFS($A$3:$A13,$A13))
B14: =IF($A14="","",IFERROR(INDEX(회의록!$C$3:$C$302,MATCH($A14,회의록!$A$3:$A$302,0)),"회의번호없음")) | H14: =IF(OR($C14="",$E14="",$F14="완료",$F14="취소"),"",$E14-TODAY()) | I14: =IF(OR($C14="",$E14=""),"",IF($F14="완료",IF($G14="","",MAX(0,$G14-$E14)),IF($F14="취소","",MAX(0,TODAY()-$E14)))) | K14: =IF($A14="","",$A14&"|"&$L14) | L14: =IF($A14="","",COUNTIFS($A$3:$A14,$A14))
B15: =IF($A15="","",IFERROR(INDEX(회의록!$C$3:$C$302,MATCH($A15,회의록!$A$3:$A$302,0)),"회의번호없음")) | H15: =IF(OR($C15="",$E15="",$F15="완료",$F15="취소"),"",$E15-TODAY()) | I15: =IF(OR($C15="",$E15=""),"",IF($F15="완료",IF($G15="","",MAX(0,$G15-$E15)),IF($F15="취소","",MAX(0,TODAY()-$E15)))) | K15: =IF($A15="","",$A15&"|"&$L15) | L15: =IF($A15="","",COUNTIFS($A$3:$A15,$A15))
B16: =IF($A16="","",IFERROR(INDEX(회의록!$C$3:$C$302,MATCH($A16,회의록!$A$3:$A$302,0)),"회의번호없음")) | H16: =IF(OR($C16="",$E16="",$F16="완료",$F16="취소"),"",$E16-TODAY()) | I16: =IF(OR($C16="",$E16=""),"",IF($F16="완료",IF($G16="","",MAX(0,$G16-$E16)),IF($F16="취소","",MAX(0,TODAY()-$E16)))) | K16: =IF($A16="","",$A16&"|"&$L16) | L16: =IF($A16="","",COUNTIFS($A$3:$A16,$A16))
B17: =IF($A17="","",IFERROR(INDEX(회의록!$C$3:$C$302,MATCH($A17,회의록!$A$3:$A$302,0)),"회의번호없음")) | H17: =IF(OR($C17="",$E17="",$F17="완료",$F17="취소"),"",$E17-TODAY()) | I17: =IF(OR($C17="",$E17=""),"",IF($F17="완료",IF($G17="","",MAX(0,$G17-$E17)),IF($F17="취소","",MAX(0,TODAY()-$E17)))) | K17: =IF($A17="","",$A17&"|"&$L17) | L17: =IF($A17="","",COUNTIFS($A$3:$A17,$A17))
B18: =IF($A18="","",IFERROR(INDEX(회의록!$C$3:$C$302,MATCH($A18,회의록!$A$3:$A$302,0)),"회의번호없음")) | H18: =IF(OR($C18="",$E18="",$F18="완료",$F18="취소"),"",$E18-TODAY()) | I18: =IF(OR($C18="",$E18=""),"",IF($F18="완료",IF($G18="","",MAX(0,$G18-$E18)),IF($F18="취소","",MAX(0,TODAY()-$E18)))) | K18: =IF($A18="","",$A18&"|"&$L18) | L18: =IF($A18="","",COUNTIFS($A$3:$A18,$A18))
... B1002: =IF($A1002="","",IFERROR(INDEX(회의록!$C$3:$C$302,MATCH($A1002,회의록!$A$3:$A$302,0)),"회의번호없음")) | H1002: =IF(OR($C1002="",$E1002="",$F1002="완료",$F1002="취소"),"",$E1002-TODAY()) | I1002: =IF(OR($C1002="",$E1002=""),"",IF($F1002="완료",IF($G1002="","",MAX(0,$G1002-$E1002)),IF($F1002="취소","",MAX(0,TODAY()-$E1002)))) | K1002: =IF($A1002="","",$A1002&"|"&$L1002) | L1002: =IF($A1002="","",COUNTIFS($A$3:$A1002,$A1002))
A1004: ※ D-Day가 음수면 기한이 지난 것입니다. 완료·취소 건은 계산하지 않습니다.

Sheet 미완료현황
A1: 미완료현황 (아직 안 끝난 할 일)
A3: 미완료 | B3: =COUNTIFS(액션아이템!$F$3:$F$1002,"진행중")+COUNTIFS(액션아이템!$F$3:$F$1002,"보류") -> 3 | D3: 기한 초과 | E3: =COUNTIFS(액션아이템!$H$3:$H$1002,"<0") -> 1 | G3: 임박 | H3: =COUNTIFS(액션아이템!$H$3:$H$1002,">=0",액션아이템!$H$3:$H$1002,"<="&사용안내!$C$16) -> 1
A5: 순위 | B5: 할 일 | C5: 담당자 | D5: 회의명 | E5: 기한 | F5: D-Day | G5: 상태 | H5: 지연일 | J5: 대상(자동) | K5: 정렬키(자동) | L5: 순위(자동)
A6: =IF($B6="","",1) -> 1 | B6: =IFERROR(INDEX(액션아이템!$C$3:$C$1002,MATCH(1,미완료현황!$L$6:$L$1005,0)),"") -> 예산안 재검토 | C6: =IF($B6="","",IFERROR(INDEX(액션아이템!$D$3:$D$1002,MATCH(1,미완료현황!$L$6:$L$1005,0)),"")) -> 김팀장 | D6: =IF($B6="","",IFERROR(INDEX(액션아이템!$B$3:$B$1002,MATCH(1,미완료현황!$L$6:$L$1005,0)),"")) -> 9월 정기회의 | E6: =IF($B6="","",IFERROR(INDEX(액션아이템!$E$3:$E$1002,MATCH(1,미완료현황!$L$6:$L$1005,0)),"")) -> 46275 | F6: =IF($B6="","",IFERROR(INDEX(액션아이템!$H$3:$H$1002,MATCH(1,미완료현황!$L$6:$L$1005,0)),"")) -> -4 | G6: =IF($B6="","",IFERROR(INDEX(액션아이템!$F$3:$F$1002,MATCH(1,미완료현황!$L$6:$L$1005,0)),"")) -> 진행중 | H6: =IF($B6="","",IFERROR(INDEX(액션아이템!$I$3:$I$1002,MATCH(1,미완료현황!$L$6:$L$1005,0)),"")) -> 4 | J6: =IF(액션아이템!$C3="",FALSE(),OR(액션아이템!$F3="진행중",액션아이템!$F3="보류")) -> TRUE | K6: =IF($J6=FALSE(),"",IF(액션아이템!$E3="",99999999,액션아이템!$E3)*100+ROW()/1000) -> 4628500 | L6: =IF($K6="","",RANK($K6,$K$6:$K$1005,1)) -> 3
A7: =IF($B7="","",2) -> 2 | B7: =IFERROR(INDEX(액션아이템!$C$3:$C$1002,MATCH(2,미완료현황!$L$6:$L$1005,0)),"") -> 색상 수정본 전달 | C7: =IF($B7="","",IFERROR(INDEX(액션아이템!$D$3:$D$1002,MATCH(2,미완료현황!$L$6:$L$1005,0)),"")) -> 박주임 | D7: =IF($B7="","",IFERROR(INDEX(액션아이템!$B$3:$B$1002,MATCH(2,미완료현황!$L$6:$L$1005,0)),"")) -> 디자인 리뷰 | E7: =IF($B7="","",IFERROR(INDEX(액션아이템!$E$3:$E$1002,MATCH(2,미완료현황!$L$6:$L$1005,0)),"")) -> 46281 | F7: =IF($B7="","",IFERROR(INDEX(액션아이템!$H$3:$H$1002,MATCH(2,미완료현황!$L$6:$L$1005,0)),"")) -> 2 | G7: =IF($B7="","",IFERROR(INDEX(액션아이템!$F$3:$F$1002,MATCH(2,미완료현황!$L$6:$L$1005,0)),"")) -> 진행중 | H7: =IF($B7="","",IFERROR(INDEX(액션아이템!$I$3:$I$1002,MATCH(2,미완료현황!$L$6:$L$1005,0)),"")) -> 0 | J7: =IF(액션아이템!$C4="",FALSE(),OR(액션아이템!$F4="진행중",액션아이템!$F4="보류")) -> TRUE | K7: =IF($J7=FALSE(),"",IF(액션아이템!$E4="",99999999,액션아이템!$E4)*100+ROW()/1000) -> 4627500 | L7: =IF($K7="","",RANK($K7,$K$6:$K$1005,1)) -> 1
A8: =IF($B8="","",3) -> 3 | B8: =IFERROR(INDEX(액션아이템!$C$3:$C$1002,MATCH(3,미완료현황!$L$6:$L$1005,0)),"") -> 4분기 기능 명세 작성 | C8: =IF($B8="","",IFERROR(INDEX(액션아이템!$D$3:$D$1002,MATCH(3,미완료현황!$L$6:$L$1005,0)),"")) -> 이대리 | D8: =IF($B8="","",IFERROR(INDEX(액션아이템!$B$3:$B$1002,MATCH(3,미완료현황!$L$6:$L$1005,0)),"")) -> 9월 정기회의 | E8: =IF($B8="","",IFERROR(INDEX(액션아이템!$E$3:$E$1002,MATCH(3,미완료현황!$L$6:$L$1005,0)),"")) -> 46285 | F8: =IF($B8="","",IFERROR(INDEX(액션아이템!$H$3:$H$1002,MATCH(3,미완료현황!$L$6:$L$1005,0)),"")) -> 6 | G8: =IF($B8="","",IFERROR(INDEX(액션아이템!$F$3:$F$1002,MATCH(3,미완료현황!$L$6:$L$1005,0)),"")) -> 진행중 | H8: =IF($B8="","",IFERROR(INDEX(액션아이템!$I$3:$I$1002,MATCH(3,미완료현황!$L$6:$L$1005,0)),"")) -> 0 | J8: =IF(액션아이템!$C5="",FALSE(),OR(액션아이템!$F5="진행중",액션아이템!$F5="보류")) -> FALSE | K8: =IF($J8=FALSE(),"",IF(액션아이템!$E5="",99999999,액션아이템!$E5)*100+ROW()/1000) | L8: =IF($K8="","",RANK($K8,$K$6:$K$1005,1))
A9: =IF($B9="","",4) | B9: =IFERROR(INDEX(액션아이템!$C$3:$C$1002,MATCH(4,미완료현황!$L$6:$L$1005,0)),"") | C9: =IF($B9="","",IFERROR(INDEX(액션아이템!$D$3:$D$1002,MATCH(4,미완료현황!$L$6:$L$1005,0)),"")) | D9: =IF($B9="","",IFERROR(INDEX(액션아이템!$B$3:$B$1002,MATCH(4,미완료현황!$L$6:$L$1005,0)),"")) | E9: =IF($B9="","",IFERROR(INDEX(액션아이템!$E$3:$E$1002,MATCH(4,미완료현황!$L$6:$L$1005,0)),"")) | F9: =IF($B9="","",IFERROR(INDEX(액션아이템!$H$3:$H$1002,MATCH(4,미완료현황!$L$6:$L$1005,0)),"")) | G9: =IF($B9="","",IFERROR(INDEX(액션아이템!$F$3:$F$1002,MATCH(4,미완료현황!$L$6:$L$1005,0)),"")) | H9: =IF($B9="","",IFERROR(INDEX(액션아이템!$I$3:$I$1002,MATCH(4,미완료현황!$L$6:$L$1005,0)),"")) | J9: =IF(액션아이템!$C6="",FALSE(),OR(액션아이템!$F6="진행중",액션아이템!$F6="보류")) -> TRUE | K9: =IF($J9=FALSE(),"",IF(액션아이템!$E6="",99999999,액션아이템!$E6)*100+ROW()/1000) -> 4628100 | L9: =IF($K9="","",RANK($K9,$K$6:$K$1005,1)) -> 2
A10: =IF($B10="","",5) | B10: =IFERROR(INDEX(액션아이템!$C$3:$C$1002,MATCH(5,미완료현황!$L$6:$L$1005,0)),"") | C10: =IF($B10="","",IFERROR(INDEX(액션아이템!$D$3:$D$1002,MATCH(5,미완료현황!$L$6:$L$1005,0)),"")) | D10: =IF($B10="","",IFERROR(INDEX(액션아이템!$B$3:$B$1002,MATCH(5,미완료현황!$L$6:$L$1005,0)),"")) | E10: =IF($B10="","",IFERROR(INDEX(액션아이템!$E$3:$E$1002,MATCH(5,미완료현황!$L$6:$L$1005,0)),"")) | F10: =IF($B10="","",IFERROR(INDEX(액션아이템!$H$3:$H$1002,MATCH(5,미완료현황!$L$6:$L$1005,0)),"")) | G10: =IF($B10="","",IFERROR(INDEX(액션아이템!$F$3:$F$1002,MATCH(5,미완료현황!$L$6:$L$1005,0)),"")) | H10: =IF($B10="","",IFERROR(INDEX(액션아이템!$I$3:$I$1002,MATCH(5,미완료현황!$L$6:$L$1005,0)),"")) | J10: =IF(액션아이템!$C7="",FALSE(),OR(액션아이템!$F7="진행중",액션아이템!$F7="보류")) -> FALSE | K10: =IF($J10=FALSE(),"",IF(액션아이템!$E7="",99999999,액션아이템!$E7)*100+ROW()/1000) | L10: =IF($K10="","",RANK($K10,$K$6:$K$1005,1))
A11: =IF($B11="","",6) | B11: =IFERROR(INDEX(액션아이템!$C$3:$C$1002,MATCH(6,미완료현황!$L$6:$L$1005,0)),"") | C11: =IF($B11="","",IFERROR(INDEX(액션아이템!$D$3:$D$1002,MATCH(6,미완료현황!$L$6:$L$1005,0)),"")) | D11: =IF($B11="","",IFERROR(INDEX(액션아이템!$B$3:$B$1002,MATCH(6,미완료현황!$L$6:$L$1005,0)),"")) | E11: =IF($B11="","",IFERROR(INDEX(액션아이템!$E$3:$E$1002,MATCH(6,미완료현황!$L$6:$L$1005,0)),"")) | F11: =IF($B11="","",IFERROR(INDEX(액션아이템!$H$3:$H$1002,MATCH(6,미완료현황!$L$6:$L$1005,0)),"")) | G11: =IF($B11="","",IFERROR(INDEX(액션아이템!$F$3:$F$1002,MATCH(6,미완료현황!$L$6:$L$1005,0)),"")) | H11: =IF($B11="","",IFERROR(INDEX(액션아이템!$I$3:$I$1002,MATCH(6,미완료현황!$L$6:$L$1005,0)),"")) | J11: =IF(액션아이템!$C8="",FALSE(),OR(액션아이템!$F8="진행중",액션아이템!$F8="보류")) -> FALSE | K11: =IF($J11=FALSE(),"",IF(액션아이템!$E8="",99999999,액션아이템!$E8)*100+ROW()/1000) | L11: =IF($K11="","",RANK($K11,$K$6:$K$1005,1))
A12: =IF($B12="","",7) | B12: =IFERROR(INDEX(액션아이템!$C$3:$C$1002,MATCH(7,미완료현황!$L$6:$L$1005,0)),"") | C12: =IF($B12="","",IFERROR(INDEX(액션아이템!$D$3:$D$1002,MATCH(7,미완료현황!$L$6:$L$1005,0)),"")) | D12: =IF($B12="","",IFERROR(INDEX(액션아이템!$B$3:$B$1002,MATCH(7,미완료현황!$L$6:$L$1005,0)),"")) | E12: =IF($B12="","",IFERROR(INDEX(액션아이템!$E$3:$E$1002,MATCH(7,미완료현황!$L$6:$L$1005,0)),"")) | F12: =IF($B12="","",IFERROR(INDEX(액션아이템!$H$3:$H$1002,MATCH(7,미완료현황!$L$6:$L$1005,0)),"")) | G12: =IF($B12="","",IFERROR(INDEX(액션아이템!$F$3:$F$1002,MATCH(7,미완료현황!$L$6:$L$1005,0)),"")) | H12: =IF($B12="","",IFERROR(INDEX(액션아이템!$I$3:$I$1002,MATCH(7,미완료현황!$L$6:$L$1005,0)),"")) | J12: =IF(액션아이템!$C9="",FALSE(),OR(액션아이템!$F9="진행중",액션아이템!$F9="보류")) -> FALSE | K12: =IF($J12=FALSE(),"",IF(액션아이템!$E9="",99999999,액션아이템!$E9)*100+ROW()/1000) | L12: =IF($K12="","",RANK($K12,$K$6:$K$1005,1))
A13: =IF($B13="","",8) | B13: =IFERROR(INDEX(액션아이템!$C$3:$C$1002,MATCH(8,미완료현황!$L$6:$L$1005,0)),"") | C13: =IF($B13="","",IFERROR(INDEX(액션아이템!$D$3:$D$1002,MATCH(8,미완료현황!$L$6:$L$1005,0)),"")) | D13: =IF($B13="","",IFERROR(INDEX(액션아이템!$B$3:$B$1002,MATCH(8,미완료현황!$L$6:$L$1005,0)),"")) | E13: =IF($B13="","",IFERROR(INDEX(액션아이템!$E$3:$E$1002,MATCH(8,미완료현황!$L$6:$L$1005,0)),"")) | F13: =IF($B13="","",IFERROR(INDEX(액션아이템!$H$3:$H$1002,MATCH(8,미완료현황!$L$6:$L$1005,0)),"")) | G13: =IF($B13="","",IFERROR(INDEX(액션아이템!$F$3:$F$1002,MATCH(8,미완료현황!$L$6:$L$1005,0)),"")) | H13: =IF($B13="","",IFERROR(INDEX(액션아이템!$I$3:$I$1002,MATCH(8,미완료현황!$L$6:$L$1005,0)),"")) | J13: =IF(액션아이템!$C10="",FALSE(),OR(액션아이템!$F10="진행중",액션아이템!$F10="보류")) -> FALSE | K13: =IF($J13=FALSE(),"",IF(액션아이템!$E10="",99999999,액션아이템!$E10)*100+ROW()/1000) | L13: =IF($K13="","",RANK($K13,$K$6:$K$1005,1))
A14: =IF($B14="","",9) | B14: =IFERROR(INDEX(액션아이템!$C$3:$C$1002,MATCH(9,미완료현황!$L$6:$L$1005,0)),"") | C14: =IF($B14="","",IFERROR(INDEX(액션아이템!$D$3:$D$1002,MATCH(9,미완료현황!$L$6:$L$1005,0)),"")) | D14: =IF($B14="","",IFERROR(INDEX(액션아이템!$B$3:$B$1002,MATCH(9,미완료현황!$L$6:$L$1005,0)),"")) | E14: =IF($B14="","",IFERROR(INDEX(액션아이템!$E$3:$E$1002,MATCH(9,미완료현황!$L$6:$L$1005,0)),"")) | F14: =IF($B14="","",IFERROR(INDEX(액션아이템!$H$3:$H$1002,MATCH(9,미완료현황!$L$6:$L$1005,0)),"")) | G14: =IF($B14="","",IFERROR(INDEX(액션아이템!$F$3:$F$1002,MATCH(9,미완료현황!$L$6:$L$1005,0)),"")) | H14: =IF($B14="","",IFERROR(INDEX(액션아이템!$I$3:$I$1002,MATCH(9,미완료현황!$L$6:$L$1005,0)),"")) | J14: =IF(액션아이템!$C11="",FALSE(),OR(액션아이템!$F11="진행중",액션아이템!$F11="보류")) -> FALSE | K14: =IF($J14=FALSE(),"",IF(액션아이템!$E11="",99999999,액션아이템!$E11)*100+ROW()/1000) | L14: =IF($K14="","",RANK($K14,$K$6:$K$1005,1))
A15: =IF($B15="","",10) | B15: =IFERROR(INDEX(액션아이템!$C$3:$C$1002,MATCH(10,미완료현황!$L$6:$L$1005,0)),"") | C15: =IF($B15="","",IFERROR(INDEX(액션아이템!$D$3:$D$1002,MATCH(10,미완료현황!$L$6:$L$1005,0)),"")) | D15: =IF($B15="","",IFERROR(INDEX(액션아이템!$B$3:$B$1002,MATCH(10,미완료현황!$L$6:$L$1005,0)),"")) | E15: =IF($B15="","",IFERROR(INDEX(액션아이템!$E$3:$E$1002,MATCH(10,미완료현황!$L$6:$L$1005,0)),"")) | F15: =IF($B15="","",IFERROR(INDEX(액션아이템!$H$3:$H$1002,MATCH(10,미완료현황!$L$6:$L$1005,0)),"")) | G15: =IF($B15="","",IFERROR(INDEX(액션아이템!$F$3:$F$1002,MATCH(10,미완료현황!$L$6:$L$1005,0)),"")) | H15: =IF($B15="","",IFERROR(INDEX(액션아이템!$I$3:$I$1002,MATCH(10,미완료현황!$L$6:$L$1005,0)),"")) | J15: =IF(액션아이템!$C12="",FALSE(),OR(액션아이템!$F12="진행중",액션아이템!$F12="보류")) -> FALSE | K15: =IF($J15=FALSE(),"",IF(액션아이템!$E12="",99999999,액션아이템!$E12)*100+ROW()/1000) | L15: =IF($K15="","",RANK($K15,$K$6:$K$1005,1))
A16: =IF($B16="","",11) | B16: =IFERROR(INDEX(액션아이템!$C$3:$C$1002,MATCH(11,미완료현황!$L$6:$L$1005,0)),"") | C16: =IF($B16="","",IFERROR(INDEX(액션아이템!$D$3:$D$1002,MATCH(11,미완료현황!$L$6:$L$1005,0)),"")) | D16: =IF($B16="","",IFERROR(INDEX(액션아이템!$B$3:$B$1002,MATCH(11,미완료현황!$L$6:$L$1005,0)),"")) | E16: =IF($B16="","",IFERROR(INDEX(액션아이템!$E$3:$E$1002,MATCH(11,미완료현황!$L$6:$L$1005,0)),"")) | F16: =IF($B16="","",IFERROR(INDEX(액션아이템!$H$3:$H$1002,MATCH(11,미완료현황!$L$6:$L$1005,0)),"")) | G16: =IF($B16="","",IFERROR(INDEX(액션아이템!$F$3:$F$1002,MATCH(11,미완료현황!$L$6:$L$1005,0)),"")) | H16: =IF($B16="","",IFERROR(INDEX(액션아이템!$I$3:$I$1002,MATCH(11,미완료현황!$L$6:$L$1005,0)),"")) | J16: =IF(액션아이템!$C13="",FALSE(),OR(액션아이템!$F13="진행중",액션아이템!$F13="보류")) -> FALSE | K16: =IF($J16=FALSE(),"",IF(액션아이템!$E13="",99999999,액션아이템!$E13)*100+ROW()/1000) | L16: =IF($K16="","",RANK($K16,$K$6:$K$1005,1))
A17: =IF($B17="","",12) | B17: =IFERROR(INDEX(액션아이템!$C$3:$C$1002,MATCH(12,미완료현황!$L$6:$L$1005,0)),"") | C17: =IF($B17="","",IFERROR(INDEX(액션아이템!$D$3:$D$1002,MATCH(12,미완료현황!$L$6:$L$1005,0)),"")) | D17: =IF($B17="","",IFERROR(INDEX(액션아이템!$B$3:$B$1002,MATCH(12,미완료현황!$L$6:$L$1005,0)),"")) | E17: =IF($B17="","",IFERROR(INDEX(액션아이템!$E$3:$E$1002,MATCH(12,미완료현황!$L$6:$L$1005,0)),"")) | F17: =IF($B17="","",IFERROR(INDEX(액션아이템!$H$3:$H$1002,MATCH(12,미완료현황!$L$6:$L$1005,0)),"")) | G17: =IF($B17="","",IFERROR(INDEX(액션아이템!$F$3:$F$1002,MATCH(12,미완료현황!$L$6:$L$1005,0)),"")) | H17: =IF($B17="","",IFERROR(INDEX(액션아이템!$I$3:$I$1002,MATCH(12,미완료현황!$L$6:$L$1005,0)),"")) | J17: =IF(액션아이템!$C14="",FALSE(),OR(액션아이템!$F14="진행중",액션아이템!$F14="보류")) -> FALSE | K17: =IF($J17=FALSE(),"",IF(액션아이템!$E14="",99999999,액션아이템!$E14)*100+ROW()/1000) | L17: =IF($K17="","",RANK($K17,$K$6:$K$1005,1))
A18: =IF($B18="","",13) | B18: =IFERROR(INDEX(액션아이템!$C$3:$C$1002,MATCH(13,미완료현황!$L$6:$L$1005,0)),"") | C18: =IF($B18="","",IFERROR(INDEX(액션아이템!$D$3:$D$1002,MATCH(13,미완료현황!$L$6:$L$1005,0)),"")) | D18: =IF($B18="","",IFERROR(INDEX(액션아이템!$B$3:$B$1002,MATCH(13,미완료현황!$L$6:$L$1005,0)),"")) | E18: =IF($B18="","",IFERROR(INDEX(액션아이템!$E$3:$E$1002,MATCH(13,미완료현황!$L$6:$L$1005,0)),"")) | F18: =IF($B18="","",IFERROR(INDEX(액션아이템!$H$3:$H$1002,MATCH(13,미완료현황!$L$6:$L$1005,0)),"")) | G18: =IF($B18="","",IFERROR(INDEX(액션아이템!$F$3:$F$1002,MATCH(13,미완료현황!$L$6:$L$1005,0)),"")) | H18: =IF($B18="","",IFERROR(INDEX(액션아이템!$I$3:$I$1002,MATCH(13,미완료현황!$L$6:$L$1005,0)),"")) | J18: =IF(액션아이템!$C15="",FALSE(),OR(액션아이템!$F15="진행중",액션아이템!$F15="보류")) -> FALSE | K18: =IF($J18=FALSE(),"",IF(액션아이템!$E15="",99999999,액션아이템!$E15)*100+ROW()/1000) | L18: =IF($K18="","",RANK($K18,$K$6:$K$1005,1))
A19: =IF($B19="","",14) | B19: =IFERROR(INDEX(액션아이템!$C$3:$C$1002,MATCH(14,미완료현황!$L$6:$L$1005,0)),"") | C19: =IF($B19="","",IFERROR(INDEX(액션아이템!$D$3:$D$1002,MATCH(14,미완료현황!$L$6:$L$1005,0)),"")) | D19: =IF($B19="","",IFERROR(INDEX(액션아이템!$B$3:$B$1002,MATCH(14,미완료현황!$L$6:$L$1005,0)),"")) | E19: =IF($B19="","",IFERROR(INDEX(액션아이템!$E$3:$E$1002,MATCH(14,미완료현황!$L$6:$L$1005,0)),"")) | F19: =IF($B19="","",IFERROR(INDEX(액션아이템!$H$3:$H$1002,MATCH(14,미완료현황!$L$6:$L$1005,0)),"")) | G19: =IF($B19="","",IFERROR(INDEX(액션아이템!$F$3:$F$1002,MATCH(14,미완료현황!$L$6:$L$1005,0)),"")) | H19: =IF($B19="","",IFERROR(INDEX(액션아이템!$I$3:$I$1002,MATCH(14,미완료현황!$L$6:$L$1005,0)),"")) | J19: =IF(액션아이템!$C16="",FALSE(),OR(액션아이템!$F16="진행중",액션아이템!$F16="보류")) -> FALSE | K19: =IF($J19=FALSE(),"",IF(액션아이템!$E16="",99999999,액션아이템!$E16)*100+ROW()/1000) | L19: =IF($K19="","",RANK($K19,$K$6:$K$1005,1))
A20: =IF($B20="","",15) | B20: =IFERROR(INDEX(액션아이템!$C$3:$C$1002,MATCH(15,미완료현황!$L$6:$L$1005,0)),"") | C20: =IF($B20="","",IFERROR(INDEX(액션아이템!$D$3:$D$1002,MATCH(15,미완료현황!$L$6:$L$1005,0)),"")) | D20: =IF($B20="","",IFERROR(INDEX(액션아이템!$B$3:$B$1002,MATCH(15,미완료현황!$L$6:$L$1005,0)),"")) | E20: =IF($B20="","",IFERROR(INDEX(액션아이템!$E$3:$E$1002,MATCH(15,미완료현황!$L$6:$L$1005,0)),"")) | F20: =IF($B20="","",IFERROR(INDEX(액션아이템!$H$3:$H$1002,MATCH(15,미완료현황!$L$6:$L$1005,0)),"")) | G20: =IF($B20="","",IFERROR(INDEX(액션아이템!$F$3:$F$1002,MATCH(15,미완료현황!$L$6:$L$1005,0)),"")) | H20: =IF($B20="","",IFERROR(INDEX(액션아이템!$I$3:$I$1002,MATCH(15,미완료현황!$L$6:$L$1005,0)),"")) | J20: =IF(액션아이템!$C17="",FALSE(),OR(액션아이템!$F17="진행중",액션아이템!$F17="보류")) -> FALSE | K20: =IF($J20=FALSE(),"",IF(액션아이템!$E17="",99999999,액션아이템!$E17)*100+ROW()/1000) | L20: =IF($K20="","",RANK($K20,$K$6:$K$1005,1))
A21: =IF($B21="","",16) | B21: =IFERROR(INDEX(액션아이템!$C$3:$C$1002,MATCH(16,미완료현황!$L$6:$L$1005,0)),"") | C21: =IF($B21="","",IFERROR(INDEX(액션아이템!$D$3:$D$1002,MATCH(16,미완료현황!$L$6:$L$1005,0)),"")) | D21: =IF($B21="","",IFERROR(INDEX(액션아이템!$B$3:$B$1002,MATCH(16,미완료현황!$L$6:$L$1005,0)),"")) | E21: =IF($B21="","",IFERROR(INDEX(액션아이템!$E$3:$E$1002,MATCH(16,미완료현황!$L$6:$L$1005,0)),"")) | F21: =IF($B21="","",IFERROR(INDEX(액션아이템!$H$3:$H$1002,MATCH(16,미완료현황!$L$6:$L$1005,0)),"")) | G21: =IF($B21="","",IFERROR(INDEX(액션아이템!$F$3:$F$1002,MATCH(16,미완료현황!$L$6:$L$1005,0)),"")) | H21: =IF($B21="","",IFERROR(INDEX(액션아이템!$I$3:$I$1002,MATCH(16,미완료현황!$L$6:$L$1005,0)),"")) | J21: =IF(액션아이템!$C18="",FALSE(),OR(액션아이템!$F18="진행중",액션아이템!$F18="보류")) -> FALSE | K21: =IF($J21=FALSE(),"",IF(액션아이템!$E18="",99999999,액션아이템!$E18)*100+ROW()/1000) | L21: =IF($K21="","",RANK($K21,$K$6:$K$1005,1))
A22: =IF($B22="","",17) | B22: =IFERROR(INDEX(액션아이템!$C$3:$C$1002,MATCH(17,미완료현황!$L$6:$L$1005,0)),"") | C22: =IF($B22="","",IFERROR(INDEX(액션아이템!$D$3:$D$1002,MATCH(17,미완료현황!$L$6:$L$1005,0)),"")) | D22: =IF($B22="","",IFERROR(INDEX(액션아이템!$B$3:$B$1002,MATCH(17,미완료현황!$L$6:$L$1005,0)),"")) | E22: =IF($B22="","",IFERROR(INDEX(액션아이템!$E$3:$E$1002,MATCH(17,미완료현황!$L$6:$L$1005,0)),"")) | F22: =IF($B22="","",IFERROR(INDEX(액션아이템!$H$3:$H$1002,MATCH(17,미완료현황!$L$6:$L$1005,0)),"")) | G22: =IF($B22="","",IFERROR(INDEX(액션아이템!$F$3:$F$1002,MATCH(17,미완료현황!$L$6:$L$1005,0)),"")) | H22: =IF($B22="","",IFERROR(INDEX(액션아이템!$I$3:$I$1002,MATCH(17,미완료현황!$L$6:$L$1005,0)),"")) | J22: =IF(액션아이템!$C19="",FALSE(),OR(액션아이템!$F19="진행중",액션아이템!$F19="보류")) -> FALSE | K22: =IF($J22=FALSE(),"",IF(액션아이템!$E19="",99999999,액션아이템!$E19)*100+ROW()/1000) | L22: =IF($K22="","",RANK($K22,$K$6:$K$1005,1))
A23: =IF($B23="","",18) | B23: =IFERROR(INDEX(액션아이템!$C$3:$C$1002,MATCH(18,미완료현황!$L$6:$L$1005,0)),"") | C23: =IF($B23="","",IFERROR(INDEX(액션아이템!$D$3:$D$1002,MATCH(18,미완료현황!$L$6:$L$1005,0)),"")) | D23: =IF($B23="","",IFERROR(INDEX(액션아이템!$B$3:$B$1002,MATCH(18,미완료현황!$L$6:$L$1005,0)),"")) | E23: =IF($B23="","",IFERROR(INDEX(액션아이템!$E$3:$E$1002,MATCH(18,미완료현황!$L$6:$L$1005,0)),"")) | F23: =IF($B23="","",IFERROR(INDEX(액션아이템!$H$3:$H$1002,MATCH(18,미완료현황!$L$6:$L$1005,0)),"")) | G23: =IF($B23="","",IFERROR(INDEX(액션아이템!$F$3:$F$1002,MATCH(18,미완료현황!$L$6:$L$1005,0)),"")) | H23: =IF($B23="","",IFERROR(INDEX(액션아이템!$I$3:$I$1002,MATCH(18,미완료현황!$L$6:$L$1005,0)),"")) | J23: =IF(액션아이템!$C20="",FALSE(),OR(액션아이템!$F20="진행중",액션아이템!$F20="보류")) -> FALSE | K23: =IF($J23=FALSE(),"",IF(액션아이템!$E20="",99999999,액션아이템!$E20)*100+ROW()/1000) | L23: =IF($K23="","",RANK($K23,$K$6:$K$1005,1))
A24: =IF($B24="","",19) | B24: =IFERROR(INDEX(액션아이템!$C$3:$C$1002,MATCH(19,미완료현황!$L$6:$L$1005,0)),"") | C24: =IF($B24="","",IFERROR(INDEX(액션아이템!$D$3:$D$1002,MATCH(19,미완료현황!$L$6:$L$1005,0)),"")) | D24: =IF($B24="","",IFERROR(INDEX(액션아이템!$B$3:$B$1002,MATCH(19,미완료현황!$L$6:$L$1005,0)),"")) | E24: =IF($B24="","",IFERROR(INDEX(액션아이템!$E$3:$E$1002,MATCH(19,미완료현황!$L$6:$L$1005,0)),"")) | F24: =IF($B24="","",IFERROR(INDEX(액션아이템!$H$3:$H$1002,MATCH(19,미완료현황!$L$6:$L$1005,0)),"")) | G24: =IF($B24="","",IFERROR(INDEX(액션아이템!$F$3:$F$1002,MATCH(19,미완료현황!$L$6:$L$1005,0)),"")) | H24: =IF($B24="","",IFERROR(INDEX(액션아이템!$I$3:$I$1002,MATCH(19,미완료현황!$L$6:$L$1005,0)),"")) | J24: =IF(액션아이템!$C21="",FALSE(),OR(액션아이템!$F21="진행중",액션아이템!$F21="보류")) -> FALSE | K24: =IF($J24=FALSE(),"",IF(액션아이템!$E21="",99999999,액션아이템!$E21)*100+ROW()/1000) | L24: =IF($K24="","",RANK($K24,$K$6:$K$1005,1))
A25: =IF($B25="","",20) | B25: =IFERROR(INDEX(액션아이템!$C$3:$C$1002,MATCH(20,미완료현황!$L$6:$L$1005,0)),"") | C25: =IF($B25="","",IFERROR(INDEX(액션아이템!$D$3:$D$1002,MATCH(20,미완료현황!$L$6:$L$1005,0)),"")) | D25: =IF($B25="","",IFERROR(INDEX(액션아이템!$B$3:$B$1002,MATCH(20,미완료현황!$L$6:$L$1005,0)),"")) | E25: =IF($B25="","",IFERROR(INDEX(액션아이템!$E$3:$E$1002,MATCH(20,미완료현황!$L$6:$L$1005,0)),"")) | F25: =IF($B25="","",IFERROR(INDEX(액션아이템!$H$3:$H$1002,MATCH(20,미완료현황!$L$6:$L$1005,0)),"")) | G25: =IF($B25="","",IFERROR(INDEX(액션아이템!$F$3:$F$1002,MATCH(20,미완료현황!$L$6:$L$1005,0)),"")) | H25: =IF($B25="","",IFERROR(INDEX(액션아이템!$I$3:$I$1002,MATCH(20,미완료현황!$L$6:$L$1005,0)),"")) | J25: =IF(액션아이템!$C22="",FALSE(),OR(액션아이템!$F22="진행중",액션아이템!$F22="보류")) -> FALSE | K25: =IF($J25=FALSE(),"",IF(액션아이템!$E22="",99999999,액션아이템!$E22)*100+ROW()/1000) | L25: =IF($K25="","",RANK($K25,$K$6:$K$1005,1))
A26: =IF($B26="","",21) | B26: =IFERROR(INDEX(액션아이템!$C$3:$C$1002,MATCH(21,미완료현황!$L$6:$L$1005,0)),"") | C26: =IF($B26="","",IFERROR(INDEX(액션아이템!$D$3:$D$1002,MATCH(21,미완료현황!$L$6:$L$1005,0)),"")) | D26: =IF($B26="","",IFERROR(INDEX(액션아이템!$B$3:$B$1002,MATCH(21,미완료현황!$L$6:$L$1005,0)),"")) | E26: =IF($B26="","",IFERROR(INDEX(액션아이템!$E$3:$E$1002,MATCH(21,미완료현황!$L$6:$L$1005,0)),"")) | F26: =IF($B26="","",IFERROR(INDEX(액션아이템!$H$3:$H$1002,MATCH(21,미완료현황!$L$6:$L$1005,0)),"")) | G26: =IF($B26="","",IFERROR(INDEX(액션아이템!$F$3:$F$1002,MATCH(21,미완료현황!$L$6:$L$1005,0)),"")) | H26: =IF($B26="","",IFERROR(INDEX(액션아이템!$I$3:$I$1002,MATCH(21,미완료현황!$L$6:$L$1005,0)),"")) | J26: =IF(액션아이템!$C23="",FALSE(),OR(액션아이템!$F23="진행중",액션아이템!$F23="보류")) -> FALSE | K26: =IF($J26=FALSE(),"",IF(액션아이템!$E23="",99999999,액션아이템!$E23)*100+ROW()/1000) | L26: =IF($K26="","",RANK($K26,$K$6:$K$1005,1))
A27: =IF($B27="","",22) | B27: =IFERROR(INDEX(액션아이템!$C$3:$C$1002,MATCH(22,미완료현황!$L$6:$L$1005,0)),"") | C27: =IF($B27="","",IFERROR(INDEX(액션아이템!$D$3:$D$1002,MATCH(22,미완료현황!$L$6:$L$1005,0)),"")) | D27: =IF($B27="","",IFERROR(INDEX(액션아이템!$B$3:$B$1002,MATCH(22,미완료현황!$L$6:$L$1005,0)),"")) | E27: =IF($B27="","",IFERROR(INDEX(액션아이템!$E$3:$E$1002,MATCH(22,미완료현황!$L$6:$L$1005,0)),"")) | F27: =IF($B27="","",IFERROR(INDEX(액션아이템!$H$3:$H$1002,MATCH(22,미완료현황!$L$6:$L$1005,0)),"")) | G27: =IF($B27="","",IFERROR(INDEX(액션아이템!$F$3:$F$1002,MATCH(22,미완료현황!$L$6:$L$1005,0)),"")) | H27: =IF($B27="","",IFERROR(INDEX(액션아이템!$I$3:$I$1002,MATCH(22,미완료현황!$L$6:$L$1005,0)),"")) | J27: =IF(액션아이템!$C24="",FALSE(),OR(액션아이템!$F24="진행중",액션아이템!$F24="보류")) -> FALSE | K27: =IF($J27=FALSE(),"",IF(액션아이템!$E24="",99999999,액션아이템!$E24)*100+ROW()/1000) | L27: =IF($K27="","",RANK($K27,$K$6:$K$1005,1))
A28: =IF($B28="","",23) | B28: =IFERROR(INDEX(액션아이템!$C$3:$C$1002,MATCH(23,미완료현황!$L$6:$L$1005,0)),"") | C28: =IF($B28="","",IFERROR(INDEX(액션아이템!$D$3:$D$1002,MATCH(23,미완료현황!$L$6:$L$1005,0)),"")) | D28: =IF($B28="","",IFERROR(INDEX(액션아이템!$B$3:$B$1002,MATCH(23,미완료현황!$L$6:$L$1005,0)),"")) | E28: =IF($B28="","",IFERROR(INDEX(액션아이템!$E$3:$E$1002,MATCH(23,미완료현황!$L$6:$L$1005,0)),"")) | F28: =IF($B28="","",IFERROR(INDEX(액션아이템!$H$3:$H$1002,MATCH(23,미완료현황!$L$6:$L$1005,0)),"")) | G28: =IF($B28="","",IFERROR(INDEX(액션아이템!$F$3:$F$1002,MATCH(23,미완료현황!$L$6:$L$1005,0)),"")) | H28: =IF($B28="","",IFERROR(INDEX(액션아이템!$I$3:$I$1002,MATCH(23,미완료현황!$L$6:$L$1005,0)),"")) | J28: =IF(액션아이템!$C25="",FALSE(),OR(액션아이템!$F25="진행중",액션아이템!$F25="보류")) -> FALSE | K28: =IF($J28=FALSE(),"",IF(액션아이템!$E25="",99999999,액션아이템!$E25)*100+ROW()/1000) | L28: =IF($K28="","",RANK($K28,$K$6:$K$1005,1))
A29: =IF($B29="","",24) | B29: =IFERROR(INDEX(액션아이템!$C$3:$C$1002,MATCH(24,미완료현황!$L$6:$L$1005,0)),"") | C29: =IF($B29="","",IFERROR(INDEX(액션아이템!$D$3:$D$1002,MATCH(24,미완료현황!$L$6:$L$1005,0)),"")) | D29: =IF($B29="","",IFERROR(INDEX(액션아이템!$B$3:$B$1002,MATCH(24,미완료현황!$L$6:$L$1005,0)),"")) | E29: =IF($B29="","",IFERROR(INDEX(액션아이템!$E$3:$E$1002,MATCH(24,미완료현황!$L$6:$L$1005,0)),"")) | F29: =IF($B29="","",IFERROR(INDEX(액션아이템!$H$3:$H$1002,MATCH(24,미완료현황!$L$6:$L$1005,0)),"")) | G29: =IF($B29="","",IFERROR(INDEX(액션아이템!$F$3:$F$1002,MATCH(24,미완료현황!$L$6:$L$1005,0)),"")) | H29: =IF($B29="","",IFERROR(INDEX(액션아이템!$I$3:$I$1002,MATCH(24,미완료현황!$L$6:$L$1005,0)),"")) | J29: =IF(액션아이템!$C26="",FALSE(),OR(액션아이템!$F26="진행중",액션아이템!$F26="보류")) -> FALSE | K29: =IF($J29=FALSE(),"",IF(액션아이템!$E26="",99999999,액션아이템!$E26)*100+ROW()/1000) | L29: =IF($K29="","",RANK($K29,$K$6:$K$1005,1))
A30: =IF($B30="","",25) | B30: =IFERROR(INDEX(액션아이템!$C$3:$C$1002,MATCH(25,미완료현황!$L$6:$L$1005,0)),"") | C30: =IF($B30="","",IFERROR(INDEX(액션아이템!$D$3:$D$1002,MATCH(25,미완료현황!$L$6:$L$1005,0)),"")) | D30: =IF($B30="","",IFERROR(INDEX(액션아이템!$B$3:$B$1002,MATCH(25,미완료현황!$L$6:$L$1005,0)),"")) | E30: =IF($B30="","",IFERROR(INDEX(액션아이템!$E$3:$E$1002,MATCH(25,미완료현황!$L$6:$L$1005,0)),"")) | F30: =IF($B30="","",IFERROR(INDEX(액션아이템!$H$3:$H$1002,MATCH(25,미완료현황!$L$6:$L$1005,0)),"")) | G30: =IF($B30="","",IFERROR(INDEX(액션아이템!$F$3:$F$1002,MATCH(25,미완료현황!$L$6:$L$1005,0)),"")) | H30: =IF($B30="","",IFERROR(INDEX(액션아이템!$I$3:$I$1002,MATCH(25,미완료현황!$L$6:$L$1005,0)),"")) | J30: =IF(액션아이템!$C27="",FALSE(),OR(액션아이템!$F27="진행중",액션아이템!$F27="보류")) -> FALSE | K30: =IF($J30=FALSE(),"",IF(액션아이템!$E27="",99999999,액션아이템!$E27)*100+ROW()/1000) | L30: =IF($K30="","",RANK($K30,$K$6:$K$1005,1))
A31: =IF($B31="","",26) | B31: =IFERROR(INDEX(액션아이템!$C$3:$C$1002,MATCH(26,미완료현황!$L$6:$L$1005,0)),"") | C31: =IF($B31="","",IFERROR(INDEX(액션아이템!$D$3:$D$1002,MATCH(26,미완료현황!$L$6:$L$1005,0)),"")) | D31: =IF($B31="","",IFERROR(INDEX(액션아이템!$B$3:$B$1002,MATCH(26,미완료현황!$L$6:$L$1005,0)),"")) | E31: =IF($B31="","",IFERROR(INDEX(액션아이템!$E$3:$E$1002,MATCH(26,미완료현황!$L$6:$L$1005,0)),"")) | F31: =IF($B31="","",IFERROR(INDEX(액션아이템!$H$3:$H$1002,MATCH(26,미완료현황!$L$6:$L$1005,0)),"")) | G31: =IF($B31="","",IFERROR(INDEX(액션아이템!$F$3:$F$1002,MATCH(26,미완료현황!$L$6:$L$1005,0)),"")) | H31: =IF($B31="","",IFERROR(INDEX(액션아이템!$I$3:$I$1002,MATCH(26,미완료현황!$L$6:$L$1005,0)),"")) | J31: =IF(액션아이템!$C28="",FALSE(),OR(액션아이템!$F28="진행중",액션아이템!$F28="보류")) -> FALSE | K31: =IF($J31=FALSE(),"",IF(액션아이템!$E28="",99999999,액션아이템!$E28)*100+ROW()/1000) | L31: =IF($K31="","",RANK($K31,$K$6:$K$1005,1))
A32: =IF($B32="","",27) | B32: =IFERROR(INDEX(액션아이템!$C$3:$C$1002,MATCH(27,미완료현황!$L$6:$L$1005,0)),"") | C32: =IF($B32="","",IFERROR(INDEX(액션아이템!$D$3:$D$1002,MATCH(27,미완료현황!$L$6:$L$1005,0)),"")) | D32: =IF($B32="","",IFERROR(INDEX(액션아이템!$B$3:$B$1002,MATCH(27,미완료현황!$L$6:$L$1005,0)),"")) | E32: =IF($B32="","",IFERROR(INDEX(액션아이템!$E$3:$E$1002,MATCH(27,미완료현황!$L$6:$L$1005,0)),"")) | F32: =IF($B32="","",IFERROR(INDEX(액션아이템!$H$3:$H$1002,MATCH(27,미완료현황!$L$6:$L$1005,0)),"")) | G32: =IF($B32="","",IFERROR(INDEX(액션아이템!$F$3:$F$1002,MATCH(27,미완료현황!$L$6:$L$1005,0)),"")) | H32: =IF($B32="","",IFERROR(INDEX(액션아이템!$I$3:$I$1002,MATCH(27,미완료현황!$L$6:$L$1005,0)),"")) | J32: =IF(액션아이템!$C29="",FALSE(),OR(액션아이템!$F29="진행중",액션아이템!$F29="보류")) -> FALSE | K32: =IF($J32=FALSE(),"",IF(액션아이템!$E29="",99999999,액션아이템!$E29)*100+ROW()/1000) | L32: =IF($K32="","",RANK($K32,$K$6:$K$1005,1))
A33: =IF($B33="","",28) | B33: =IFERROR(INDEX(액션아이템!$C$3:$C$1002,MATCH(28,미완료현황!$L$6:$L$1005,0)),"") | C33: =IF($B33="","",IFERROR(INDEX(액션아이템!$D$3:$D$1002,MATCH(28,미완료현황!$L$6:$L$1005,0)),"")) | D33: =IF($B33="","",IFERROR(INDEX(액션아이템!$B$3:$B$1002,MATCH(28,미완료현황!$L$6:$L$1005,0)),"")) | E33: =IF($B33="","",IFERROR(INDEX(액션아이템!$E$3:$E$1002,MATCH(28,미완료현황!$L$6:$L$1005,0)),"")) | F33: =IF($B33="","",IFERROR(INDEX(액션아이템!$H$3:$H$1002,MATCH(28,미완료현황!$L$6:$L$1005,0)),"")) | G33: =IF($B33="","",IFERROR(INDEX(액션아이템!$F$3:$F$1002,MATCH(28,미완료현황!$L$6:$L$1005,0)),"")) | H33: =IF($B33="","",IFERROR(INDEX(액션아이템!$I$3:$I$1002,MATCH(28,미완료현황!$L$6:$L$1005,0)),"")) | J33: =IF(액션아이템!$C30="",FALSE(),OR(액션아이템!$F30="진행중",액션아이템!$F30="보류")) -> FALSE | K33: =IF($J33=FALSE(),"",IF(액션아이템!$E30="",99999999,액션아이템!$E30)*100+ROW()/1000) | L33: =IF($K33="","",RANK($K33,$K$6:$K$1005,1))
A34: =IF($B34="","",29) | B34: =IFERROR(INDEX(액션아이템!$C$3:$C$1002,MATCH(29,미완료현황!$L$6:$L$1005,0)),"") | C34: =IF($B34="","",IFERROR(INDEX(액션아이템!$D$3:$D$1002,MATCH(29,미완료현황!$L$6:$L$1005,0)),"")) | D34: =IF($B34="","",IFERROR(INDEX(액션아이템!$B$3:$B$1002,MATCH(29,미완료현황!$L$6:$L$1005,0)),"")) | E34: =IF($B34="","",IFERROR(INDEX(액션아이템!$E$3:$E$1002,MATCH(29,미완료현황!$L$6:$L$1005,0)),"")) | F34: =IF($B34="","",IFERROR(INDEX(액션아이템!$H$3:$H$1002,MATCH(29,미완료현황!$L$6:$L$1005,0)),"")) | G34: =IF($B34="","",IFERROR(INDEX(액션아이템!$F$3:$F$1002,MATCH(29,미완료현황!$L$6:$L$1005,0)),"")) | H34: =IF($B34="","",IFERROR(INDEX(액션아이템!$I$3:$I$1002,MATCH(29,미완료현황!$L$6:$L$1005,0)),"")) | J34: =IF(액션아이템!$C31="",FALSE(),OR(액션아이템!$F31="진행중",액션아이템!$F31="보류")) -> FALSE | K34: =IF($J34=FALSE(),"",IF(액션아이템!$E31="",99999999,액션아이템!$E31)*100+ROW()/1000) | L34: =IF($K34="","",RANK($K34,$K$6:$K$1005,1))
A35: =IF($B35="","",30) | B35: =IFERROR(INDEX(액션아이템!$C$3:$C$1002,MATCH(30,미완료현황!$L$6:$L$1005,0)),"") | C35: =IF($B35="","",IFERROR(INDEX(액션아이템!$D$3:$D$1002,MATCH(30,미완료현황!$L$6:$L$1005,0)),"")) | D35: =IF($B35="","",IFERROR(INDEX(액션아이템!$B$3:$B$1002,MATCH(30,미완료현황!$L$6:$L$1005,0)),"")) | E35: =IF($B35="","",IFERROR(INDEX(액션아이템!$E$3:$E$1002,MATCH(30,미완료현황!$L$6:$L$1005,0)),"")) | F35: =IF($B35="","",IFERROR(INDEX(액션아이템!$H$3:$H$1002,MATCH(30,미완료현황!$L$6:$L$1005,0)),"")) | G35: =IF($B35="","",IFERROR(INDEX(액션아이템!$F$3:$F$1002,MATCH(30,미완료현황!$L$6:$L$1005,0)),"")) | H35: =IF($B35="","",IFERROR(INDEX(액션아이템!$I$3:$I$1002,MATCH(30,미완료현황!$L$6:$L$1005,0)),"")) | J35: =IF(액션아이템!$C32="",FALSE(),OR(액션아이템!$F32="진행중",액션아이템!$F32="보류")) -> FALSE | K35: =IF($J35=FALSE(),"",IF(액션아이템!$E32="",99999999,액션아이템!$E32)*100+ROW()/1000) | L35: =IF($K35="","",RANK($K35,$K$6:$K$1005,1))
A36: =IF($B36="","",31) | B36: =IFERROR(INDEX(액션아이템!$C$3:$C$1002,MATCH(31,미완료현황!$L$6:$L$1005,0)),"") | C36: =IF($B36="","",IFERROR(INDEX(액션아이템!$D$3:$D$1002,MATCH(31,미완료현황!$L$6:$L$1005,0)),"")) | D36: =IF($B36="","",IFERROR(INDEX(액션아이템!$B$3:$B$1002,MATCH(31,미완료현황!$L$6:$L$1005,0)),"")) | E36: =IF($B36="","",IFERROR(INDEX(액션아이템!$E$3:$E$1002,MATCH(31,미완료현황!$L$6:$L$1005,0)),"")) | F36: =IF($B36="","",IFERROR(INDEX(액션아이템!$H$3:$H$1002,MATCH(31,미완료현황!$L$6:$L$1005,0)),"")) | G36: =IF($B36="","",IFERROR(INDEX(액션아이템!$F$3:$F$1002,MATCH(31,미완료현황!$L$6:$L$1005,0)),"")) | H36: =IF($B36="","",IFERROR(INDEX(액션아이템!$I$3:$I$1002,MATCH(31,미완료현황!$L$6:$L$1005,0)),"")) | J36: =IF(액션아이템!$C33="",FALSE(),OR(액션아이템!$F33="진행중",액션아이템!$F33="보류")) -> FALSE | K36: =IF($J36=FALSE(),"",IF(액션아이템!$E33="",99999999,액션아이템!$E33)*100+ROW()/1000) | L36: =IF($K36="","",RANK($K36,$K$6:$K$1005,1))
A37: =IF($B37="","",32) | B37: =IFERROR(INDEX(액션아이템!$C$3:$C$1002,MATCH(32,미완료현황!$L$6:$L$1005,0)),"") | C37: =IF($B37="","",IFERROR(INDEX(액션아이템!$D$3:$D$1002,MATCH(32,미완료현황!$L$6:$L$1005,0)),"")) | D37: =IF($B37="","",IFERROR(INDEX(액션아이템!$B$3:$B$1002,MATCH(32,미완료현황!$L$6:$L$1005,0)),"")) | E37: =IF($B37="","",IFERROR(INDEX(액션아이템!$E$3:$E$1002,MATCH(32,미완료현황!$L$6:$L$1005,0)),"")) | F37: =IF($B37="","",IFERROR(INDEX(액션아이템!$H$3:$H$1002,MATCH(32,미완료현황!$L$6:$L$1005,0)),"")) | G37: =IF($B37="","",IFERROR(INDEX(액션아이템!$F$3:$F$1002,MATCH(32,미완료현황!$L$6:$L$1005,0)),"")) | H37: =IF($B37="","",IFERROR(INDEX(액션아이템!$I$3:$I$1002,MATCH(32,미완료현황!$L$6:$L$1005,0)),"")) | J37: =IF(액션아이템!$C34="",FALSE(),OR(액션아이템!$F34="진행중",액션아이템!$F34="보류")) -> FALSE | K37: =IF($J37=FALSE(),"",IF(액션아이템!$E34="",99999999,액션아이템!$E34)*100+ROW()/1000) | L37: =IF($K37="","",RANK($K37,$K$6:$K$1005,1))
A38: =IF($B38="","",33) | B38: =IFERROR(INDEX(액션아이템!$C$3:$C$1002,MATCH(33,미완료현황!$L$6:$L$1005,0)),"") | C38: =IF($B38="","",IFERROR(INDEX(액션아이템!$D$3:$D$1002,MATCH(33,미완료현황!$L$6:$L$1005,0)),"")) | D38: =IF($B38="","",IFERROR(INDEX(액션아이템!$B$3:$B$1002,MATCH(33,미완료현황!$L$6:$L$1005,0)),"")) | E38: =IF($B38="","",IFERROR(INDEX(액션아이템!$E$3:$E$1002,MATCH(33,미완료현황!$L$6:$L$1005,0)),"")) | F38: =IF($B38="","",IFERROR(INDEX(액션아이템!$H$3:$H$1002,MATCH(33,미완료현황!$L$6:$L$1005,0)),"")) | G38: =IF($B38="","",IFERROR(INDEX(액션아이템!$F$3:$F$1002,MATCH(33,미완료현황!$L$6:$L$1005,0)),"")) | H38: =IF($B38="","",IFERROR(INDEX(액션아이템!$I$3:$I$1002,MATCH(33,미완료현황!$L$6:$L$1005,0)),"")) | J38: =IF(액션아이템!$C35="",FALSE(),OR(액션아이템!$F35="진행중",액션아이템!$F35="보류")) -> FALSE | K38: =IF($J38=FALSE(),"",IF(액션아이템!$E35="",99999999,액션아이템!$E35)*100+ROW()/1000) | L38: =IF($K38="","",RANK($K38,$K$6:$K$1005,1))
A39: =IF($B39="","",34) | B39: =IFERROR(INDEX(액션아이템!$C$3:$C$1002,MATCH(34,미완료현황!$L$6:$L$1005,0)),"") | C39: =IF($B39="","",IFERROR(INDEX(액션아이템!$D$3:$D$1002,MATCH(34,미완료현황!$L$6:$L$1005,0)),"")) | D39: =IF($B39="","",IFERROR(INDEX(액션아이템!$B$3:$B$1002,MATCH(34,미완료현황!$L$6:$L$1005,0)),"")) | E39: =IF($B39="","",IFERROR(INDEX(액션아이템!$E$3:$E$1002,MATCH(34,미완료현황!$L$6:$L$1005,0)),"")) | F39: =IF($B39="","",IFERROR(INDEX(액션아이템!$H$3:$H$1002,MATCH(34,미완료현황!$L$6:$L$1005,0)),"")) | G39: =IF($B39="","",IFERROR(INDEX(액션아이템!$F$3:$F$1002,MATCH(34,미완료현황!$L$6:$L$1005,0)),"")) | H39: =IF($B39="","",IFERROR(INDEX(액션아이템!$I$3:$I$1002,MATCH(34,미완료현황!$L$6:$L$1005,0)),"")) | J39: =IF(액션아이템!$C36="",FALSE(),OR(액션아이템!$F36="진행중",액션아이템!$F36="보류")) -> FALSE | K39: =IF($J39=FALSE(),"",IF(액션아이템!$E36="",99999999,액션아이템!$E36)*100+ROW()/1000) | L39: =IF($K39="","",RANK($K39,$K$6:$K$1005,1))
A40: =IF($B40="","",35) | B40: =IFERROR(INDEX(액션아이템!$C$3:$C$1002,MATCH(35,미완료현황!$L$6:$L$1005,0)),"") | C40: =IF($B40="","",IFERROR(INDEX(액션아이템!$D$3:$D$1002,MATCH(35,미완료현황!$L$6:$L$1005,0)),"")) | D40: =IF($B40="","",IFERROR(INDEX(액션아이템!$B$3:$B$1002,MATCH(35,미완료현황!$L$6:$L$1005,0)),"")) | E40: =IF($B40="","",IFERROR(INDEX(액션아이템!$E$3:$E$1002,MATCH(35,미완료현황!$L$6:$L$1005,0)),"")) | F40: =IF($B40="","",IFERROR(INDEX(액션아이템!$H$3:$H$1002,MATCH(35,미완료현황!$L$6:$L$1005,0)),"")) | G40: =IF($B40="","",IFERROR(INDEX(액션아이템!$F$3:$F$1002,MATCH(35,미완료현황!$L$6:$L$1005,0)),"")) | H40: =IF($B40="","",IFERROR(INDEX(액션아이템!$I$3:$I$1002,MATCH(35,미완료현황!$L$6:$L$1005,0)),"")) | J40: =IF(액션아이템!$C37="",FALSE(),OR(액션아이템!$F37="진행중",액션아이템!$F37="보류")) -> FALSE | K40: =IF($J40=FALSE(),"",IF(액션아이템!$E37="",99999999,액션아이템!$E37)*100+ROW()/1000) | L40: =IF($K40="","",RANK($K40,$K$6:$K$1005,1))
A41: =IF($B41="","",36) | B41: =IFERROR(INDEX(액션아이템!$C$3:$C$1002,MATCH(36,미완료현황!$L$6:$L$1005,0)),"") | C41: =IF($B41="","",IFERROR(INDEX(액션아이템!$D$3:$D$1002,MATCH(36,미완료현황!$L$6:$L$1005,0)),"")) | D41: =IF($B41="","",IFERROR(INDEX(액션아이템!$B$3:$B$1002,MATCH(36,미완료현황!$L$6:$L$1005,0)),"")) | E41: =IF($B41="","",IFERROR(INDEX(액션아이템!$E$3:$E$1002,MATCH(36,미완료현황!$L$6:$L$1005,0)),"")) | F41: =IF($B41="","",IFERROR(INDEX(액션아이템!$H$3:$H$1002,MATCH(36,미완료현황!$L$6:$L$1005,0)),"")) | G41: =IF($B41="","",IFERROR(INDEX(액션아이템!$F$3:$F$1002,MATCH(36,미완료현황!$L$6:$L$1005,0)),"")) | H41: =IF($B41="","",IFERROR(INDEX(액션아이템!$I$3:$I$1002,MATCH(36,미완료현황!$L$6:$L$1005,0)),"")) | J41: =IF(액션아이템!$C38="",FALSE(),OR(액션아이템!$F38="진행중",액션아이템!$F38="보류")) -> FALSE | K41: =IF($J41=FALSE(),"",IF(액션아이템!$E38="",99999999,액션아이템!$E38)*100+ROW()/1000) | L41: =IF($K41="","",RANK($K41,$K$6:$K$1005,1))
A42: =IF($B42="","",37) | B42: =IFERROR(INDEX(액션아이템!$C$3:$C$1002,MATCH(37,미완료현황!$L$6:$L$1005,0)),"") | C42: =IF($B42="","",IFERROR(INDEX(액션아이템!$D$3:$D$1002,MATCH(37,미완료현황!$L$6:$L$1005,0)),"")) | D42: =IF($B42="","",IFERROR(INDEX(액션아이템!$B$3:$B$1002,MATCH(37,미완료현황!$L$6:$L$1005,0)),"")) | E42: =IF($B42="","",IFERROR(INDEX(액션아이템!$E$3:$E$1002,MATCH(37,미완료현황!$L$6:$L$1005,0)),"")) | F42: =IF($B42="","",IFERROR(INDEX(액션아이템!$H$3:$H$1002,MATCH(37,미완료현황!$L$6:$L$1005,0)),"")) | G42: =IF($B42="","",IFERROR(INDEX(액션아이템!$F$3:$F$1002,MATCH(37,미완료현황!$L$6:$L$1005,0)),"")) | H42: =IF($B42="","",IFERROR(INDEX(액션아이템!$I$3:$I$1002,MATCH(37,미완료현황!$L$6:$L$1005,0)),"")) | J42: =IF(액션아이템!$C39="",FALSE(),OR(액션아이템!$F39="진행중",액션아이템!$F39="보류")) -> FALSE | K42: =IF($J42=FALSE(),"",IF(액션아이템!$E39="",99999999,액션아이템!$E39)*100+ROW()/1000) | L42: =IF($K42="","",RANK($K42,$K$6:$K$1005,1))
A43: =IF($B43="","",38) | B43: =IFERROR(INDEX(액션아이템!$C$3:$C$1002,MATCH(38,미완료현황!$L$6:$L$1005,0)),"") | C43: =IF($B43="","",IFERROR(INDEX(액션아이템!$D$3:$D$1002,MATCH(38,미완료현황!$L$6:$L$1005,0)),"")) | D43: =IF($B43="","",IFERROR(INDEX(액션아이템!$B$3:$B$1002,MATCH(38,미완료현황!$L$6:$L$1005,0)),"")) | E43: =IF($B43="","",IFERROR(INDEX(액션아이템!$E$3:$E$1002,MATCH(38,미완료현황!$L$6:$L$1005,0)),"")) | F43: =IF($B43="","",IFERROR(INDEX(액션아이템!$H$3:$H$1002,MATCH(38,미완료현황!$L$6:$L$1005,0)),"")) | G43: =IF($B43="","",IFERROR(INDEX(액션아이템!$F$3:$F$1002,MATCH(38,미완료현황!$L$6:$L$1005,0)),"")) | H43: =IF($B43="","",IFERROR(INDEX(액션아이템!$I$3:$I$1002,MATCH(38,미완료현황!$L$6:$L$1005,0)),"")) | J43: =IF(액션아이템!$C40="",FALSE(),OR(액션아이템!$F40="진행중",액션아이템!$F40="보류")) -> FALSE | K43: =IF($J43=FALSE(),"",IF(액션아이템!$E40="",99999999,액션아이템!$E40)*100+ROW()/1000) | L43: =IF($K43="","",RANK($K43,$K$6:$K$1005,1))
A44: =IF($B44="","",39) | B44: =IFERROR(INDEX(액션아이템!$C$3:$C$1002,MATCH(39,미완료현황!$L$6:$L$1005,0)),"") | C44: =IF($B44="","",IFERROR(INDEX(액션아이템!$D$3:$D$1002,MATCH(39,미완료현황!$L$6:$L$1005,0)),"")) | D44: =IF($B44="","",IFERROR(INDEX(액션아이템!$B$3:$B$1002,MATCH(39,미완료현황!$L$6:$L$1005,0)),"")) | E44: =IF($B44="","",IFERROR(INDEX(액션아이템!$E$3:$E$1002,MATCH(39,미완료현황!$L$6:$L$1005,0)),"")) | F44: =IF($B44="","",IFERROR(INDEX(액션아이템!$H$3:$H$1002,MATCH(39,미완료현황!$L$6:$L$1005,0)),"")) | G44: =IF($B44="","",IFERROR(INDEX(액션아이템!$F$3:$F$1002,MATCH(39,미완료현황!$L$6:$L$1005,0)),"")) | H44: =IF($B44="","",IFERROR(INDEX(액션아이템!$I$3:$I$1002,MATCH(39,미완료현황!$L$6:$L$1005,0)),"")) | J44: =IF(액션아이템!$C41="",FALSE(),OR(액션아이템!$F41="진행중",액션아이템!$F41="보류")) -> FALSE | K44: =IF($J44=FALSE(),"",IF(액션아이템!$E41="",99999999,액션아이템!$E41)*100+ROW()/1000) | L44: =IF($K44="","",RANK($K44,$K$6:$K$1005,1))
A45: =IF($B45="","",40) | B45: =IFERROR(INDEX(액션아이템!$C$3:$C$1002,MATCH(40,미완료현황!$L$6:$L$1005,0)),"") | C45: =IF($B45="","",IFERROR(INDEX(액션아이템!$D$3:$D$1002,MATCH(40,미완료현황!$L$6:$L$1005,0)),"")) | D45: =IF($B45="","",IFERROR(INDEX(액션아이템!$B$3:$B$1002,MATCH(40,미완료현황!$L$6:$L$1005,0)),"")) | E45: =IF($B45="","",IFERROR(INDEX(액션아이템!$E$3:$E$1002,MATCH(40,미완료현황!$L$6:$L$1005,0)),"")) | F45: =IF($B45="","",IFERROR(INDEX(액션아이템!$H$3:$H$1002,MATCH(40,미완료현황!$L$6:$L$1005,0)),"")) | G45: =IF($B45="","",IFERROR(INDEX(액션아이템!$F$3:$F$1002,MATCH(40,미완료현황!$L$6:$L$1005,0)),"")) | H45: =IF($B45="","",IFERROR(INDEX(액션아이템!$I$3:$I$1002,MATCH(40,미완료현황!$L$6:$L$1005,0)),"")) | J45: =IF(액션아이템!$C42="",FALSE(),OR(액션아이템!$F42="진행중",액션아이템!$F42="보류")) -> FALSE | K45: =IF($J45=FALSE(),"",IF(액션아이템!$E42="",99999999,액션아이템!$E42)*100+ROW()/1000) | L45: =IF($K45="","",RANK($K45,$K$6:$K$1005,1))
A46: =IF($B46="","",41) | B46: =IFERROR(INDEX(액션아이템!$C$3:$C$1002,MATCH(41,미완료현황!$L$6:$L$1005,0)),"") | C46: =IF($B46="","",IFERROR(INDEX(액션아이템!$D$3:$D$1002,MATCH(41,미완료현황!$L$6:$L$1005,0)),"")) | D46: =IF($B46="","",IFERROR(INDEX(액션아이템!$B$3:$B$1002,MATCH(41,미완료현황!$L$6:$L$1005,0)),"")) | E46: =IF($B46="","",IFERROR(INDEX(액션아이템!$E$3:$E$1002,MATCH(41,미완료현황!$L$6:$L$1005,0)),"")) | F46: =IF($B46="","",IFERROR(INDEX(액션아이템!$H$3:$H$1002,MATCH(41,미완료현황!$L$6:$L$1005,0)),"")) | G46: =IF($B46="","",IFERROR(INDEX(액션아이템!$F$3:$F$1002,MATCH(41,미완료현황!$L$6:$L$1005,0)),"")) | H46: =IF($B46="","",IFERROR(INDEX(액션아이템!$I$3:$I$1002,MATCH(41,미완료현황!$L$6:$L$1005,0)),"")) | J46: =IF(액션아이템!$C43="",FALSE(),OR(액션아이템!$F43="진행중",액션아이템!$F43="보류")) -> FALSE | K46: =IF($J46=FALSE(),"",IF(액션아이템!$E43="",99999999,액션아이템!$E43)*100+ROW()/1000) | L46: =IF($K46="","",RANK($K46,$K$6:$K$1005,1))
A47: =IF($B47="","",42) | B47: =IFERROR(INDEX(액션아이템!$C$3:$C$1002,MATCH(42,미완료현황!$L$6:$L$1005,0)),"") | C47: =IF($B47="","",IFERROR(INDEX(액션아이템!$D$3:$D$1002,MATCH(42,미완료현황!$L$6:$L$1005,0)),"")) | D47: =IF($B47="","",IFERROR(INDEX(액션아이템!$B$3:$B$1002,MATCH(42,미완료현황!$L$6:$L$1005,0)),"")) | E47: =IF($B47="","",IFERROR(INDEX(액션아이템!$E$3:$E$1002,MATCH(42,미완료현황!$L$6:$L$1005,0)),"")) | F47: =IF($B47="","",IFERROR(INDEX(액션아이템!$H$3:$H$1002,MATCH(42,미완료현황!$L$6:$L$1005,0)),"")) | G47: =IF($B47="","",IFERROR(INDEX(액션아이템!$F$3:$F$1002,MATCH(42,미완료현황!$L$6:$L$1005,0)),"")) | H47: =IF($B47="","",IFERROR(INDEX(액션아이템!$I$3:$I$1002,MATCH(42,미완료현황!$L$6:$L$1005,0)),"")) | J47: =IF(액션아이템!$C44="",FALSE(),OR(액션아이템!$F44="진행중",액션아이템!$F44="보류")) -> FALSE | K47: =IF($J47=FALSE(),"",IF(액션아이템!$E44="",99999999,액션아이템!$E44)*100+ROW()/1000) | L47: =IF($K47="","",RANK($K47,$K$6:$K$1005,1))
A48: =IF($B48="","",43) | B48: =IFERROR(INDEX(액션아이템!$C$3:$C$1002,MATCH(43,미완료현황!$L$6:$L$1005,0)),"") | C48: =IF($B48="","",IFERROR(INDEX(액션아이템!$D$3:$D$1002,MATCH(43,미완료현황!$L$6:$L$1005,0)),"")) | D48: =IF($B48="","",IFERROR(INDEX(액션아이템!$B$3:$B$1002,MATCH(43,미완료현황!$L$6:$L$1005,0)),"")) | E48: =IF($B48="","",IFERROR(INDEX(액션아이템!$E$3:$E$1002,MATCH(43,미완료현황!$L$6:$L$1005,0)),"")) | F48: =IF($B48="","",IFERROR(INDEX(액션아이템!$H$3:$H$1002,MATCH(43,미완료현황!$L$6:$L$1005,0)),"")) | G48: =IF($B48="","",IFERROR(INDEX(액션아이템!$F$3:$F$1002,MATCH(43,미완료현황!$L$6:$L$1005,0)),"")) | H48: =IF($B48="","",IFERROR(INDEX(액션아이템!$I$3:$I$1002,MATCH(43,미완료현황!$L$6:$L$1005,0)),"")) | J48: =IF(액션아이템!$C45="",FALSE(),OR(액션아이템!$F45="진행중",액션아이템!$F45="보류")) -> FALSE | K48: =IF($J48=FALSE(),"",IF(액션아이템!$E45="",99999999,액션아이템!$E45)*100+ROW()/1000) | L48: =IF($K48="","",RANK($K48,$K$6:$K$1005,1))
A49: =IF($B49="","",44) | B49: =IFERROR(INDEX(액션아이템!$C$3:$C$1002,MATCH(44,미완료현황!$L$6:$L$1005,0)),"") | C49: =IF($B49="","",IFERROR(INDEX(액션아이템!$D$3:$D$1002,MATCH(44,미완료현황!$L$6:$L$1005,0)),"")) | D49: =IF($B49="","",IFERROR(INDEX(액션아이템!$B$3:$B$1002,MATCH(44,미완료현황!$L$6:$L$1005,0)),"")) | E49: =IF($B49="","",IFERROR(INDEX(액션아이템!$E$3:$E$1002,MATCH(44,미완료현황!$L$6:$L$1005,0)),"")) | F49: =IF($B49="","",IFERROR(INDEX(액션아이템!$H$3:$H$1002,MATCH(44,미완료현황!$L$6:$L$1005,0)),"")) | G49: =IF($B49="","",IFERROR(INDEX(액션아이템!$F$3:$F$1002,MATCH(44,미완료현황!$L$6:$L$1005,0)),"")) | H49: =IF($B49="","",IFERROR(INDEX(액션아이템!$I$3:$I$1002,MATCH(44,미완료현황!$L$6:$L$1005,0)),"")) | J49: =IF(액션아이템!$C46="",FALSE(),OR(액션아이템!$F46="진행중",액션아이템!$F46="보류")) -> FALSE | K49: =IF($J49=FALSE(),"",IF(액션아이템!$E46="",99999999,액션아이템!$E46)*100+ROW()/1000) | L49: =IF($K49="","",RANK($K49,$K$6:$K$1005,1))
A50: =IF($B50="","",45) | B50: =IFERROR(INDEX(액션아이템!$C$3:$C$1002,MATCH(45,미완료현황!$L$6:$L$1005,0)),"") | C50: =IF($B50="","",IFERROR(INDEX(액션아이템!$D$3:$D$1002,MATCH(45,미완료현황!$L$6:$L$1005,0)),"")) | D50: =IF($B50="","",IFERROR(INDEX(액션아이템!$B$3:$B$1002,MATCH(45,미완료현황!$L$6:$L$1005,0)),"")) | E50: =IF($B50="","",IFERROR(INDEX(액션아이템!$E$3:$E$1002,MATCH(45,미완료현황!$L$6:$L$1005,0)),"")) | F50: =IF($B50="","",IFERROR(INDEX(액션아이템!$H$3:$H$1002,MATCH(45,미완료현황!$L$6:$L$1005,0)),"")) | G50: =IF($B50="","",IFERROR(INDEX(액션아이템!$F$3:$F$1002,MATCH(45,미완료현황!$L$6:$L$1005,0)),"")) | H50: =IF($B50="","",IFERROR(INDEX(액션아이템!$I$3:$I$1002,MATCH(45,미완료현황!$L$6:$L$1005,0)),"")) | J50: =IF(액션아이템!$C47="",FALSE(),OR(액션아이템!$F47="진행중",액션아이템!$F47="보류")) -> FALSE | K50: =IF($J50=FALSE(),"",IF(액션아이템!$E47="",99999999,액션아이템!$E47)*100+ROW()/1000) | L50: =IF($K50="","",RANK($K50,$K$6:$K$1005,1))
A51: =IF($B51="","",46) | B51: =IFERROR(INDEX(액션아이템!$C$3:$C$1002,MATCH(46,미완료현황!$L$6:$L$1005,0)),"") | C51: =IF($B51="","",IFERROR(INDEX(액션아이템!$D$3:$D$1002,MATCH(46,미완료현황!$L$6:$L$1005,0)),"")) | D51: =IF($B51="","",IFERROR(INDEX(액션아이템!$B$3:$B$1002,MATCH(46,미완료현황!$L$6:$L$1005,0)),"")) | E51: =IF($B51="","",IFERROR(INDEX(액션아이템!$E$3:$E$1002,MATCH(46,미완료현황!$L$6:$L$1005,0)),"")) | F51: =IF($B51="","",IFERROR(INDEX(액션아이템!$H$3:$H$1002,MATCH(46,미완료현황!$L$6:$L$1005,0)),"")) | G51: =IF($B51="","",IFERROR(INDEX(액션아이템!$F$3:$F$1002,MATCH(46,미완료현황!$L$6:$L$1005,0)),"")) | H51: =IF($B51="","",IFERROR(INDEX(액션아이템!$I$3:$I$1002,MATCH(46,미완료현황!$L$6:$L$1005,0)),"")) | J51: =IF(액션아이템!$C48="",FALSE(),OR(액션아이템!$F48="진행중",액션아이템!$F48="보류")) -> FALSE | K51: =IF($J51=FALSE(),"",IF(액션아이템!$E48="",99999999,액션아이템!$E48)*100+ROW()/1000) | L51: =IF($K51="","",RANK($K51,$K$6:$K$1005,1))
A52: =IF($B52="","",47) | B52: =IFERROR(INDEX(액션아이템!$C$3:$C$1002,MATCH(47,미완료현황!$L$6:$L$1005,0)),"") | C52: =IF($B52="","",IFERROR(INDEX(액션아이템!$D$3:$D$1002,MATCH(47,미완료현황!$L$6:$L$1005,0)),"")) | D52: =IF($B52="","",IFERROR(INDEX(액션아이템!$B$3:$B$1002,MATCH(47,미완료현황!$L$6:$L$1005,0)),"")) | E52: =IF($B52="","",IFERROR(INDEX(액션아이템!$E$3:$E$1002,MATCH(47,미완료현황!$L$6:$L$1005,0)),"")) | F52: =IF($B52="","",IFERROR(INDEX(액션아이템!$H$3:$H$1002,MATCH(47,미완료현황!$L$6:$L$1005,0)),"")) | G52: =IF($B52="","",IFERROR(INDEX(액션아이템!$F$3:$F$1002,MATCH(47,미완료현황!$L$6:$L$1005,0)),"")) | H52: =IF($B52="","",IFERROR(INDEX(액션아이템!$I$3:$I$1002,MATCH(47,미완료현황!$L$6:$L$1005,0)),"")) | J52: =IF(액션아이템!$C49="",FALSE(),OR(액션아이템!$F49="진행중",액션아이템!$F49="보류")) -> FALSE | K52: =IF($J52=FALSE(),"",IF(액션아이템!$E49="",99999999,액션아이템!$E49)*100+ROW()/1000) | L52: =IF($K52="","",RANK($K52,$K$6:$K$1005,1))
A53: =IF($B53="","",48) | B53: =IFERROR(INDEX(액션아이템!$C$3:$C$1002,MATCH(48,미완료현황!$L$6:$L$1005,0)),"") | C53: =IF($B53="","",IFERROR(INDEX(액션아이템!$D$3:$D$1002,MATCH(48,미완료현황!$L$6:$L$1005,0)),"")) | D53: =IF($B53="","",IFERROR(INDEX(액션아이템!$B$3:$B$1002,MATCH(48,미완료현황!$L$6:$L$1005,0)),"")) | E53: =IF($B53="","",IFERROR(INDEX(액션아이템!$E$3:$E$1002,MATCH(48,미완료현황!$L$6:$L$1005,0)),"")) | F53: =IF($B53="","",IFERROR(INDEX(액션아이템!$H$3:$H$1002,MATCH(48,미완료현황!$L$6:$L$1005,0)),"")) | G53: =IF($B53="","",IFERROR(INDEX(액션아이템!$F$3:$F$1002,MATCH(48,미완료현황!$L$6:$L$1005,0)),"")) | H53: =IF($B53="","",IFERROR(INDEX(액션아이템!$I$3:$I$1002,MATCH(48,미완료현황!$L$6:$L$1005,0)),"")) | J53: =IF(액션아이템!$C50="",FALSE(),OR(액션아이템!$F50="진행중",액션아이템!$F50="보류")) -> FALSE | K53: =IF($J53=FALSE(),"",IF(액션아이템!$E50="",99999999,액션아이템!$E50)*100+ROW()/1000) | L53: =IF($K53="","",RANK($K53,$K$6:$K$1005,1))
A54: =IF($B54="","",49) | B54: =IFERROR(INDEX(액션아이템!$C$3:$C$1002,MATCH(49,미완료현황!$L$6:$L$1005,0)),"") | C54: =IF($B54="","",IFERROR(INDEX(액션아이템!$D$3:$D$1002,MATCH(49,미완료현황!$L$6:$L$1005,0)),"")) | D54: =IF($B54="","",IFERROR(INDEX(액션아이템!$B$3:$B$1002,MATCH(49,미완료현황!$L$6:$L$1005,0)),"")) | E54: =IF($B54="","",IFERROR(INDEX(액션아이템!$E$3:$E$1002,MATCH(49,미완료현황!$L$6:$L$1005,0)),"")) | F54: =IF($B54="","",IFERROR(INDEX(액션아이템!$H$3:$H$1002,MATCH(49,미완료현황!$L$6:$L$1005,0)),"")) | G54: =IF($B54="","",IFERROR(INDEX(액션아이템!$F$3:$F$1002,MATCH(49,미완료현황!$L$6:$L$1005,0)),"")) | H54: =IF($B54="","",IFERROR(INDEX(액션아이템!$I$3:$I$1002,MATCH(49,미완료현황!$L$6:$L$1005,0)),"")) | J54: =IF(액션아이템!$C51="",FALSE(),OR(액션아이템!$F51="진행중",액션아이템!$F51="보류")) -> FALSE | K54: =IF($J54=FALSE(),"",IF(액션아이템!$E51="",99999999,액션아이템!$E51)*100+ROW()/1000) | L54: =IF($K54="","",RANK($K54,$K$6:$K$1005,1))
A55: =IF($B55="","",50) | B55: =IFERROR(INDEX(액션아이템!$C$3:$C$1002,MATCH(50,미완료현황!$L$6:$L$1005,0)),"") | C55: =IF($B55="","",IFERROR(INDEX(액션아이템!$D$3:$D$1002,MATCH(50,미완료현황!$L$6:$L$1005,0)),"")) | D55: =IF($B55="","",IFERROR(INDEX(액션아이템!$B$3:$B$1002,MATCH(50,미완료현황!$L$6:$L$1005,0)),"")) | E55: =IF($B55="","",IFERROR(INDEX(액션아이템!$E$3:$E$1002,MATCH(50,미완료현황!$L$6:$L$1005,0)),"")) | F55: =IF($B55="","",IFERROR(INDEX(액션아이템!$H$3:$H$1002,MATCH(50,미완료현황!$L$6:$L$1005,0)),"")) | G55: =IF($B55="","",IFERROR(INDEX(액션아이템!$F$3:$F$1002,MATCH(50,미완료현황!$L$6:$L$1005,0)),"")) | H55: =IF($B55="","",IFERROR(INDEX(액션아이템!$I$3:$I$1002,MATCH(50,미완료현황!$L$6:$L$1005,0)),"")) | J55: =IF(액션아이템!$C52="",FALSE(),OR(액션아이템!$F52="진행중",액션아이템!$F52="보류")) -> FALSE | K55: =IF($J55=FALSE(),"",IF(액션아이템!$E52="",99999999,액션아이템!$E52)*100+ROW()/1000) | L55: =IF($K55="","",RANK($K55,$K$6:$K$1005,1))
A56: =IF($B56="","",51) | B56: =IFERROR(INDEX(액션아이템!$C$3:$C$1002,MATCH(51,미완료현황!$L$6:$L$1005,0)),"") | C56: =IF($B56="","",IFERROR(INDEX(액션아이템!$D$3:$D$1002,MATCH(51,미완료현황!$L$6:$L$1005,0)),"")) | D56: =IF($B56="","",IFERROR(INDEX(액션아이템!$B$3:$B$1002,MATCH(51,미완료현황!$L$6:$L$1005,0)),"")) | E56: =IF($B56="","",IFERROR(INDEX(액션아이템!$E$3:$E$1002,MATCH(51,미완료현황!$L$6:$L$1005,0)),"")) | F56: =IF($B56="","",IFERROR(INDEX(액션아이템!$H$3:$H$1002,MATCH(51,미완료현황!$L$6:$L$1005,0)),"")) | G56: =IF($B56="","",IFERROR(INDEX(액션아이템!$F$3:$F$1002,MATCH(51,미완료현황!$L$6:$L$1005,0)),"")) | H56: =IF($B56="","",IFERROR(INDEX(액션아이템!$I$3:$I$1002,MATCH(51,미완료현황!$L$6:$L$1005,0)),"")) | J56: =IF(액션아이템!$C53="",FALSE(),OR(액션아이템!$F53="진행중",액션아이템!$F53="보류")) -> FALSE | K56: =IF($J56=FALSE(),"",IF(액션아이템!$E53="",99999999,액션아이템!$E53)*100+ROW()/1000) | L56: =IF($K56="","",RANK($K56,$K$6:$K$1005,1))
A57: =IF($B57="","",52) | B57: =IFERROR(INDEX(액션아이템!$C$3:$C$1002,MATCH(52,미완료현황!$L$6:$L$1005,0)),"") | C57: =IF($B57="","",IFERROR(INDEX(액션아이템!$D$3:$D$1002,MATCH(52,미완료현황!$L$6:$L$1005,0)),"")) | D57: =IF($B57="","",IFERROR(INDEX(액션아이템!$B$3:$B$1002,MATCH(52,미완료현황!$L$6:$L$1005,0)),"")) | E57: =IF($B57="","",IFERROR(INDEX(액션아이템!$E$3:$E$1002,MATCH(52,미완료현황!$L$6:$L$1005,0)),"")) | F57: =IF($B57="","",IFERROR(INDEX(액션아이템!$H$3:$H$1002,MATCH(52,미완료현황!$L$6:$L$1005,0)),"")) | G57: =IF($B57="","",IFERROR(INDEX(액션아이템!$F$3:$F$1002,MATCH(52,미완료현황!$L$6:$L$1005,0)),"")) | H57: =IF($B57="","",IFERROR(INDEX(액션아이템!$I$3:$I$1002,MATCH(52,미완료현황!$L$6:$L$1005,0)),"")) | J57: =IF(액션아이템!$C54="",FALSE(),OR(액션아이템!$F54="진행중",액션아이템!$F54="보류")) -> FALSE | K57: =IF($J57=FALSE(),"",IF(액션아이템!$E54="",99999999,액션아이템!$E54)*100+ROW()/1000) | L57: =IF($K57="","",RANK($K57,$K$6:$K$1005,1))
A58: =IF($B58="","",53) | B58: =IFERROR(INDEX(액션아이템!$C$3:$C$1002,MATCH(53,미완료현황!$L$6:$L$1005,0)),"") | C58: =IF($B58="","",IFERROR(INDEX(액션아이템!$D$3:$D$1002,MATCH(53,미완료현황!$L$6:$L$1005,0)),"")) | D58: =IF($B58="","",IFERROR(INDEX(액션아이템!$B$3:$B$1002,MATCH(53,미완료현황!$L$6:$L$1005,0)),"")) | E58: =IF($B58="","",IFERROR(INDEX(액션아이템!$E$3:$E$1002,MATCH(53,미완료현황!$L$6:$L$1005,0)),"")) | F58: =IF($B58="","",IFERROR(INDEX(액션아이템!$H$3:$H$1002,MATCH(53,미완료현황!$L$6:$L$1005,0)),"")) | G58: =IF($B58="","",IFERROR(INDEX(액션아이템!$F$3:$F$1002,MATCH(53,미완료현황!$L$6:$L$1005,0)),"")) | H58: =IF($B58="","",IFERROR(INDEX(액션아이템!$I$3:$I$1002,MATCH(53,미완료현황!$L$6:$L$1005,0)),"")) | J58: =IF(액션아이템!$C55="",FALSE(),OR(액션아이템!$F55="진행중",액션아이템!$F55="보류")) -> FALSE | K58: =IF($J58=FALSE(),"",IF(액션아이템!$E55="",99999999,액션아이템!$E55)*100+ROW()/1000) | L58: =IF($K58="","",RANK($K58,$K$6:$K$1005,1))
A59: =IF($B59="","",54) | B59: =IFERROR(INDEX(액션아이템!$C$3:$C$1002,MATCH(54,미완료현황!$L$6:$L$1005,0)),"") | C59: =IF($B59="","",IFERROR(INDEX(액션아이템!$D$3:$D$1002,MATCH(54,미완료현황!$L$6:$L$1005,0)),"")) | D59: =IF($B59="","",IFERROR(INDEX(액션아이템!$B$3:$B$1002,MATCH(54,미완료현황!$L$6:$L$1005,0)),"")) | E59: =IF($B59="","",IFERROR(INDEX(액션아이템!$E$3:$E$1002,MATCH(54,미완료현황!$L$6:$L$1005,0)),"")) | F59: =IF($B59="","",IFERROR(INDEX(액션아이템!$H$3:$H$1002,MATCH(54,미완료현황!$L$6:$L$1005,0)),"")) | G59: =IF($B59="","",IFERROR(INDEX(액션아이템!$F$3:$F$1002,MATCH(54,미완료현황!$L$6:$L$1005,0)),"")) | H59: =IF($B59="","",IFERROR(INDEX(액션아이템!$I$3:$I$1002,MATCH(54,미완료현황!$L$6:$L$1005,0)),"")) | J59: =IF(액션아이템!$C56="",FALSE(),OR(액션아이템!$F56="진행중",액션아이템!$F56="보류")) -> FALSE | K59: =IF($J59=FALSE(),"",IF(액션아이템!$E56="",99999999,액션아이템!$E56)*100+ROW()/1000) | L59: =IF($K59="","",RANK($K59,$K$6:$K$1005,1))
A60: =IF($B60="","",55) | B60: =IFERROR(INDEX(액션아이템!$C$3:$C$1002,MATCH(55,미완료현황!$L$6:$L$1005,0)),"") | C60: =IF($B60="","",IFERROR(INDEX(액션아이템!$D$3:$D$1002,MATCH(55,미완료현황!$L$6:$L$1005,0)),"")) | D60: =IF($B60="","",IFERROR(INDEX(액션아이템!$B$3:$B$1002,MATCH(55,미완료현황!$L$6:$L$1005,0)),"")) | E60: =IF($B60="","",IFERROR(INDEX(액션아이템!$E$3:$E$1002,MATCH(55,미완료현황!$L$6:$L$1005,0)),"")) | F60: =IF($B60="","",IFERROR(INDEX(액션아이템!$H$3:$H$1002,MATCH(55,미완료현황!$L$6:$L$1005,0)),"")) | G60: =IF($B60="","",IFERROR(INDEX(액션아이템!$F$3:$F$1002,MATCH(55,미완료현황!$L$6:$L$1005,0)),"")) | H60: =IF($B60="","",IFERROR(INDEX(액션아이템!$I$3:$I$1002,MATCH(55,미완료현황!$L$6:$L$1005,0)),"")) | J60: =IF(액션아이템!$C57="",FALSE(),OR(액션아이템!$F57="진행중",액션아이템!$F57="보류")) -> FALSE | K60: =IF($J60=FALSE(),"",IF(액션아이템!$E57="",99999999,액션아이템!$E57)*100+ROW()/1000) | L60: =IF($K60="","",RANK($K60,$K$6:$K$1005,1))
A61: =IF($B61="","",56) | B61: =IFERROR(INDEX(액션아이템!$C$3:$C$1002,MATCH(56,미완료현황!$L$6:$L$1005,0)),"") | C61: =IF($B61="","",IFERROR(INDEX(액션아이템!$D$3:$D$1002,MATCH(56,미완료현황!$L$6:$L$1005,0)),"")) | D61: =IF($B61="","",IFERROR(INDEX(액션아이템!$B$3:$B$1002,MATCH(56,미완료현황!$L$6:$L$1005,0)),"")) | E61: =IF($B61="","",IFERROR(INDEX(액션아이템!$E$3:$E$1002,MATCH(56,미완료현황!$L$6:$L$1005,0)),"")) | F61: =IF($B61="","",IFERROR(INDEX(액션아이템!$H$3:$H$1002,MATCH(56,미완료현황!$L$6:$L$1005,0)),"")) | G61: =IF($B61="","",IFERROR(INDEX(액션아이템!$F$3:$F$1002,MATCH(56,미완료현황!$L$6:$L$1005,0)),"")) | H61: =IF($B61="","",IFERROR(INDEX(액션아이템!$I$3:$I$1002,MATCH(56,미완료현황!$L$6:$L$1005,0)),"")) | J61: =IF(액션아이템!$C58="",FALSE(),OR(액션아이템!$F58="진행중",액션아이템!$F58="보류")) -> FALSE | K61: =IF($J61=FALSE(),"",IF(액션아이템!$E58="",99999999,액션아이템!$E58)*100+ROW()/1000) | L61: =IF($K61="","",RANK($K61,$K$6:$K$1005,1))
A62: =IF($B62="","",57) | B62: =IFERROR(INDEX(액션아이템!$C$3:$C$1002,MATCH(57,미완료현황!$L$6:$L$1005,0)),"") | C62: =IF($B62="","",IFERROR(INDEX(액션아이템!$D$3:$D$1002,MATCH(57,미완료현황!$L$6:$L$1005,0)),"")) | D62: =IF($B62="","",IFERROR(INDEX(액션아이템!$B$3:$B$1002,MATCH(57,미완료현황!$L$6:$L$1005,0)),"")) | E62: =IF($B62="","",IFERROR(INDEX(액션아이템!$E$3:$E$1002,MATCH(57,미완료현황!$L$6:$L$1005,0)),"")) | F62: =IF($B62="","",IFERROR(INDEX(액션아이템!$H$3:$H$1002,MATCH(57,미완료현황!$L$6:$L$1005,0)),"")) | G62: =IF($B62="","",IFERROR(INDEX(액션아이템!$F$3:$F$1002,MATCH(57,미완료현황!$L$6:$L$1005,0)),"")) | H62: =IF($B62="","",IFERROR(INDEX(액션아이템!$I$3:$I$1002,MATCH(57,미완료현황!$L$6:$L$1005,0)),"")) | J62: =IF(액션아이템!$C59="",FALSE(),OR(액션아이템!$F59="진행중",액션아이템!$F59="보류")) -> FALSE | K62: =IF($J62=FALSE(),"",IF(액션아이템!$E59="",99999999,액션아이템!$E59)*100+ROW()/1000) | L62: =IF($K62="","",RANK($K62,$K$6:$K$1005,1))
A63: =IF($B63="","",58) | B63: =IFERROR(INDEX(액션아이템!$C$3:$C$1002,MATCH(58,미완료현황!$L$6:$L$1005,0)),"") | C63: =IF($B63="","",IFERROR(INDEX(액션아이템!$D$3:$D$1002,MATCH(58,미완료현황!$L$6:$L$1005,0)),"")) | D63: =IF($B63="","",IFERROR(INDEX(액션아이템!$B$3:$B$1002,MATCH(58,미완료현황!$L$6:$L$1005,0)),"")) | E63: =IF($B63="","",IFERROR(INDEX(액션아이템!$E$3:$E$1002,MATCH(58,미완료현황!$L$6:$L$1005,0)),"")) | F63: =IF($B63="","",IFERROR(INDEX(액션아이템!$H$3:$H$1002,MATCH(58,미완료현황!$L$6:$L$1005,0)),"")) | G63: =IF($B63="","",IFERROR(INDEX(액션아이템!$F$3:$F$1002,MATCH(58,미완료현황!$L$6:$L$1005,0)),"")) | H63: =IF($B63="","",IFERROR(INDEX(액션아이템!$I$3:$I$1002,MATCH(58,미완료현황!$L$6:$L$1005,0)),"")) | J63: =IF(액션아이템!$C60="",FALSE(),OR(액션아이템!$F60="진행중",액션아이템!$F60="보류")) -> FALSE | K63: =IF($J63=FALSE(),"",IF(액션아이템!$E60="",99999999,액션아이템!$E60)*100+ROW()/1000) | L63: =IF($K63="","",RANK($K63,$K$6:$K$1005,1))
A64: =IF($B64="","",59) | B64: =IFERROR(INDEX(액션아이템!$C$3:$C$1002,MATCH(59,미완료현황!$L$6:$L$1005,0)),"") | C64: =IF($B64="","",IFERROR(INDEX(액션아이템!$D$3:$D$1002,MATCH(59,미완료현황!$L$6:$L$1005,0)),"")) | D64: =IF($B64="","",IFERROR(INDEX(액션아이템!$B$3:$B$1002,MATCH(59,미완료현황!$L$6:$L$1005,0)),"")) | E64: =IF($B64="","",IFERROR(INDEX(액션아이템!$E$3:$E$1002,MATCH(59,미완료현황!$L$6:$L$1005,0)),"")) | F64: =IF($B64="","",IFERROR(INDEX(액션아이템!$H$3:$H$1002,MATCH(59,미완료현황!$L$6:$L$1005,0)),"")) | G64: =IF($B64="","",IFERROR(INDEX(액션아이템!$F$3:$F$1002,MATCH(59,미완료현황!$L$6:$L$1005,0)),"")) | H64: =IF($B64="","",IFERROR(INDEX(액션아이템!$I$3:$I$1002,MATCH(59,미완료현황!$L$6:$L$1005,0)),"")) | J64: =IF(액션아이템!$C61="",FALSE(),OR(액션아이템!$F61="진행중",액션아이템!$F61="보류")) -> FALSE | K64: =IF($J64=FALSE(),"",IF(액션아이템!$E61="",99999999,액션아이템!$E61)*100+ROW()/1000) | L64: =IF($K64="","",RANK($K64,$K$6:$K$1005,1))
A65: =IF($B65="","",60) | B65: =IFERROR(INDEX(액션아이템!$C$3:$C$1002,MATCH(60,미완료현황!$L$6:$L$1005,0)),"") | C65: =IF($B65="","",IFERROR(INDEX(액션아이템!$D$3:$D$1002,MATCH(60,미완료현황!$L$6:$L$1005,0)),"")) | D65: =IF($B65="","",IFERROR(INDEX(액션아이템!$B$3:$B$1002,MATCH(60,미완료현황!$L$6:$L$1005,0)),"")) | E65: =IF($B65="","",IFERROR(INDEX(액션아이템!$E$3:$E$1002,MATCH(60,미완료현황!$L$6:$L$1005,0)),"")) | F65: =IF($B65="","",IFERROR(INDEX(액션아이템!$H$3:$H$1002,MATCH(60,미완료현황!$L$6:$L$1005,0)),"")) | G65: =IF($B65="","",IFERROR(INDEX(액션아이템!$F$3:$F$1002,MATCH(60,미완료현황!$L$6:$L$1005,0)),"")) | H65: =IF($B65="","",IFERROR(INDEX(액션아이템!$I$3:$I$1002,MATCH(60,미완료현황!$L$6:$L$1005,0)),"")) | J65: =IF(액션아이템!$C62="",FALSE(),OR(액션아이템!$F62="진행중",액션아이템!$F62="보류")) -> FALSE | K65: =IF($J65=FALSE(),"",IF(액션아이템!$E62="",99999999,액션아이템!$E62)*100+ROW()/1000) | L65: =IF($K65="","",RANK($K65,$K$6:$K$1005,1))
A66: =IF($B66="","",61) | B66: =IFERROR(INDEX(액션아이템!$C$3:$C$1002,MATCH(61,미완료현황!$L$6:$L$1005,0)),"") | C66: =IF($B66="","",IFERROR(INDEX(액션아이템!$D$3:$D$1002,MATCH(61,미완료현황!$L$6:$L$1005,0)),"")) | D66: =IF($B66="","",IFERROR(INDEX(액션아이템!$B$3:$B$1002,MATCH(61,미완료현황!$L$6:$L$1005,0)),"")) | E66: =IF($B66="","",IFERROR(INDEX(액션아이템!$E$3:$E$1002,MATCH(61,미완료현황!$L$6:$L$1005,0)),"")) | F66: =IF($B66="","",IFERROR(INDEX(액션아이템!$H$3:$H$1002,MATCH(61,미완료현황!$L$6:$L$1005,0)),"")) | G66: =IF($B66="","",IFERROR(INDEX(액션아이템!$F$3:$F$1002,MATCH(61,미완료현황!$L$6:$L$1005,0)),"")) | H66: =IF($B66="","",IFERROR(INDEX(액션아이템!$I$3:$I$1002,MATCH(61,미완료현황!$L$6:$L$1005,0)),"")) | J66: =IF(액션아이템!$C63="",FALSE(),OR(액션아이템!$F63="진행중",액션아이템!$F63="보류")) -> FALSE | K66: =IF($J66=FALSE(),"",IF(액션아이템!$E63="",99999999,액션아이템!$E63)*100+ROW()/1000) | L66: =IF($K66="","",RANK($K66,$K$6:$K$1005,1))
A67: =IF($B67="","",62) | B67: =IFERROR(INDEX(액션아이템!$C$3:$C$1002,MATCH(62,미완료현황!$L$6:$L$1005,0)),"") | C67: =IF($B67="","",IFERROR(INDEX(액션아이템!$D$3:$D$1002,MATCH(62,미완료현황!$L$6:$L$1005,0)),"")) | D67: =IF($B67="","",IFERROR(INDEX(액션아이템!$B$3:$B$1002,MATCH(62,미완료현황!$L$6:$L$1005,0)),"")) | E67: =IF($B67="","",IFERROR(INDEX(액션아이템!$E$3:$E$1002,MATCH(62,미완료현황!$L$6:$L$1005,0)),"")) | F67: =IF($B67="","",IFERROR(INDEX(액션아이템!$H$3:$H$1002,MATCH(62,미완료현황!$L$6:$L$1005,0)),"")) | G67: =IF($B67="","",IFERROR(INDEX(액션아이템!$F$3:$F$1002,MATCH(62,미완료현황!$L$6:$L$1005,0)),"")) | H67: =IF($B67="","",IFERROR(INDEX(액션아이템!$I$3:$I$1002,MATCH(62,미완료현황!$L$6:$L$1005,0)),"")) | J67: =IF(액션아이템!$C64="",FALSE(),OR(액션아이템!$F64="진행중",액션아이템!$F64="보류")) -> FALSE | K67: =IF($J67=FALSE(),"",IF(액션아이템!$E64="",99999999,액션아이템!$E64)*100+ROW()/1000) | L67: =IF($K67="","",RANK($K67,$K$6:$K$1005,1))
A68: =IF($B68="","",63) | B68: =IFERROR(INDEX(액션아이템!$C$3:$C$1002,MATCH(63,미완료현황!$L$6:$L$1005,0)),"") | C68: =IF($B68="","",IFERROR(INDEX(액션아이템!$D$3:$D$1002,MATCH(63,미완료현황!$L$6:$L$1005,0)),"")) | D68: =IF($B68="","",IFERROR(INDEX(액션아이템!$B$3:$B$1002,MATCH(63,미완료현황!$L$6:$L$1005,0)),"")) | E68: =IF($B68="","",IFERROR(INDEX(액션아이템!$E$3:$E$1002,MATCH(63,미완료현황!$L$6:$L$1005,0)),"")) | F68: =IF($B68="","",IFERROR(INDEX(액션아이템!$H$3:$H$1002,MATCH(63,미완료현황!$L$6:$L$1005,0)),"")) | G68: =IF($B68="","",IFERROR(INDEX(액션아이템!$F$3:$F$1002,MATCH(63,미완료현황!$L$6:$L$1005,0)),"")) | H68: =IF($B68="","",IFERROR(INDEX(액션아이템!$I$3:$I$1002,MATCH(63,미완료현황!$L$6:$L$1005,0)),"")) | J68: =IF(액션아이템!$C65="",FALSE(),OR(액션아이템!$F65="진행중",액션아이템!$F65="보류")) -> FALSE | K68: =IF($J68=FALSE(),"",IF(액션아이템!$E65="",99999999,액션아이템!$E65)*100+ROW()/1000) | L68: =IF($K68="","",RANK($K68,$K$6:$K$1005,1))
A69: =IF($B69="","",64) | B69: =IFERROR(INDEX(액션아이템!$C$3:$C$1002,MATCH(64,미완료현황!$L$6:$L$1005,0)),"") | C69: =IF($B69="","",IFERROR(INDEX(액션아이템!$D$3:$D$1002,MATCH(64,미완료현황!$L$6:$L$1005,0)),"")) | D69: =IF($B69="","",IFERROR(INDEX(액션아이템!$B$3:$B$1002,MATCH(64,미완료현황!$L$6:$L$1005,0)),"")) | E69: =IF($B69="","",IFERROR(INDEX(액션아이템!$E$3:$E$1002,MATCH(64,미완료현황!$L$6:$L$1005,0)),"")) | F69: =IF($B69="","",IFERROR(INDEX(액션아이템!$H$3:$H$1002,MATCH(64,미완료현황!$L$6:$L$1005,0)),"")) | G69: =IF($B69="","",IFERROR(INDEX(액션아이템!$F$3:$F$1002,MATCH(64,미완료현황!$L$6:$L$1005,0)),"")) | H69: =IF($B69="","",IFERROR(INDEX(액션아이템!$I$3:$I$1002,MATCH(64,미완료현황!$L$6:$L$1005,0)),"")) | J69: =IF(액션아이템!$C66="",FALSE(),OR(액션아이템!$F66="진행중",액션아이템!$F66="보류")) -> FALSE | K69: =IF($J69=FALSE(),"",IF(액션아이템!$E66="",99999999,액션아이템!$E66)*100+ROW()/1000) | L69: =IF($K69="","",RANK($K69,$K$6:$K$1005,1))
A70: =IF($B70="","",65) | B70: =IFERROR(INDEX(액션아이템!$C$3:$C$1002,MATCH(65,미완료현황!$L$6:$L$1005,0)),"") | C70: =IF($B70="","",IFERROR(INDEX(액션아이템!$D$3:$D$1002,MATCH(65,미완료현황!$L$6:$L$1005,0)),"")) | D70: =IF($B70="","",IFERROR(INDEX(액션아이템!$B$3:$B$1002,MATCH(65,미완료현황!$L$6:$L$1005,0)),"")) | E70: =IF($B70="","",IFERROR(INDEX(액션아이템!$E$3:$E$1002,MATCH(65,미완료현황!$L$6:$L$1005,0)),"")) | F70: =IF($B70="","",IFERROR(INDEX(액션아이템!$H$3:$H$1002,MATCH(65,미완료현황!$L$6:$L$1005,0)),"")) | G70: =IF($B70="","",IFERROR(INDEX(액션아이템!$F$3:$F$1002,MATCH(65,미완료현황!$L$6:$L$1005,0)),"")) | H70: =IF($B70="","",IFERROR(INDEX(액션아이템!$I$3:$I$1002,MATCH(65,미완료현황!$L$6:$L$1005,0)),"")) | J70: =IF(액션아이템!$C67="",FALSE(),OR(액션아이템!$F67="진행중",액션아이템!$F67="보류")) -> FALSE | K70: =IF($J70=FALSE(),"",IF(액션아이템!$E67="",99999999,액션아이템!$E67)*100+ROW()/1000) | L70: =IF($K70="","",RANK($K70,$K$6:$K$1005,1))
A71: =IF($B71="","",66) | B71: =IFERROR(INDEX(액션아이템!$C$3:$C$1002,MATCH(66,미완료현황!$L$6:$L$1005,0)),"") | C71: =IF($B71="","",IFERROR(INDEX(액션아이템!$D$3:$D$1002,MATCH(66,미완료현황!$L$6:$L$1005,0)),"")) | D71: =IF($B71="","",IFERROR(INDEX(액션아이템!$B$3:$B$1002,MATCH(66,미완료현황!$L$6:$L$1005,0)),"")) | E71: =IF($B71="","",IFERROR(INDEX(액션아이템!$E$3:$E$1002,MATCH(66,미완료현황!$L$6:$L$1005,0)),"")) | F71: =IF($B71="","",IFERROR(INDEX(액션아이템!$H$3:$H$1002,MATCH(66,미완료현황!$L$6:$L$1005,0)),"")) | G71: =IF($B71="","",IFERROR(INDEX(액션아이템!$F$3:$F$1002,MATCH(66,미완료현황!$L$6:$L$1005,0)),"")) | H71: =IF($B71="","",IFERROR(INDEX(액션아이템!$I$3:$I$1002,MATCH(66,미완료현황!$L$6:$L$1005,0)),"")) | J71: =IF(액션아이템!$C68="",FALSE(),OR(액션아이템!$F68="진행중",액션아이템!$F68="보류")) -> FALSE | K71: =IF($J71=FALSE(),"",IF(액션아이템!$E68="",99999999,액션아이템!$E68)*100+ROW()/1000) | L71: =IF($K71="","",RANK($K71,$K$6:$K$1005,1))
A72: =IF($B72="","",67) | B72: =IFERROR(INDEX(액션아이템!$C$3:$C$1002,MATCH(67,미완료현황!$L$6:$L$1005,0)),"") | C72: =IF($B72="","",IFERROR(INDEX(액션아이템!$D$3:$D$1002,MATCH(67,미완료현황!$L$6:$L$1005,0)),"")) | D72: =IF($B72="","",IFERROR(INDEX(액션아이템!$B$3:$B$1002,MATCH(67,미완료현황!$L$6:$L$1005,0)),"")) | E72: =IF($B72="","",IFERROR(INDEX(액션아이템!$E$3:$E$1002,MATCH(67,미완료현황!$L$6:$L$1005,0)),"")) | F72: =IF($B72="","",IFERROR(INDEX(액션아이템!$H$3:$H$1002,MATCH(67,미완료현황!$L$6:$L$1005,0)),"")) | G72: =IF($B72="","",IFERROR(INDEX(액션아이템!$F$3:$F$1002,MATCH(67,미완료현황!$L$6:$L$1005,0)),"")) | H72: =IF($B72="","",IFERROR(INDEX(액션아이템!$I$3:$I$1002,MATCH(67,미완료현황!$L$6:$L$1005,0)),"")) | J72: =IF(액션아이템!$C69="",FALSE(),OR(액션아이템!$F69="진행중",액션아이템!$F69="보류")) -> FALSE | K72: =IF($J72=FALSE(),"",IF(액션아이템!$E69="",99999999,액션아이템!$E69)*100+ROW()/1000) | L72: =IF($K72="","",RANK($K72,$K$6:$K$1005,1))
A73: =IF($B73="","",68) | B73: =IFERROR(INDEX(액션아이템!$C$3:$C$1002,MATCH(68,미완료현황!$L$6:$L$1005,0)),"") | C73: =IF($B73="","",IFERROR(INDEX(액션아이템!$D$3:$D$1002,MATCH(68,미완료현황!$L$6:$L$1005,0)),"")) | D73: =IF($B73="","",IFERROR(INDEX(액션아이템!$B$3:$B$1002,MATCH(68,미완료현황!$L$6:$L$1005,0)),"")) | E73: =IF($B73="","",IFERROR(INDEX(액션아이템!$E$3:$E$1002,MATCH(68,미완료현황!$L$6:$L$1005,0)),"")) | F73: =IF($B73="","",IFERROR(INDEX(액션아이템!$H$3:$H$1002,MATCH(68,미완료현황!$L$6:$L$1005,0)),"")) | G73: =IF($B73="","",IFERROR(INDEX(액션아이템!$F$3:$F$1002,MATCH(68,미완료현황!$L$6:$L$1005,0)),"")) | H73: =IF($B73="","",IFERROR(INDEX(액션아이템!$I$3:$I$1002,MATCH(68,미완료현황!$L$6:$L$1005,0)),"")) | J73: =IF(액션아이템!$C70="",FALSE(),OR(액션아이템!$F70="진행중",액션아이템!$F70="보류")) -> FALSE | K73: =IF($J73=FALSE(),"",IF(액션아이템!$E70="",99999999,액션아이템!$E70)*100+ROW()/1000) | L73: =IF($K73="","",RANK($K73,$K$6:$K$1005,1))
A74: =IF($B74="","",69) | B74: =IFERROR(INDEX(액션아이템!$C$3:$C$1002,MATCH(69,미완료현황!$L$6:$L$1005,0)),"") | C74: =IF($B74="","",IFERROR(INDEX(액션아이템!$D$3:$D$1002,MATCH(69,미완료현황!$L$6:$L$1005,0)),"")) | D74: =IF($B74="","",IFERROR(INDEX(액션아이템!$B$3:$B$1002,MATCH(69,미완료현황!$L$6:$L$1005,0)),"")) | E74: =IF($B74="","",IFERROR(INDEX(액션아이템!$E$3:$E$1002,MATCH(69,미완료현황!$L$6:$L$1005,0)),"")) | F74: =IF($B74="","",IFERROR(INDEX(액션아이템!$H$3:$H$1002,MATCH(69,미완료현황!$L$6:$L$1005,0)),"")) | G74: =IF($B74="","",IFERROR(INDEX(액션아이템!$F$3:$F$1002,MATCH(69,미완료현황!$L$6:$L$1005,0)),"")) | H74: =IF($B74="","",IFERROR(INDEX(액션아이템!$I$3:$I$1002,MATCH(69,미완료현황!$L$6:$L$1005,0)),"")) | J74: =IF(액션아이템!$C71="",FALSE(),OR(액션아이템!$F71="진행중",액션아이템!$F71="보류")) -> FALSE | K74: =IF($J74=FALSE(),"",IF(액션아이템!$E71="",99999999,액션아이템!$E71)*100+ROW()/1000) | L74: =IF($K74="","",RANK($K74,$K$6:$K$1005,1))
A75: =IF($B75="","",70) | B75: =IFERROR(INDEX(액션아이템!$C$3:$C$1002,MATCH(70,미완료현황!$L$6:$L$1005,0)),"") | C75: =IF($B75="","",IFERROR(INDEX(액션아이템!$D$3:$D$1002,MATCH(70,미완료현황!$L$6:$L$1005,0)),"")) | D75: =IF($B75="","",IFERROR(INDEX(액션아이템!$B$3:$B$1002,MATCH(70,미완료현황!$L$6:$L$1005,0)),"")) | E75: =IF($B75="","",IFERROR(INDEX(액션아이템!$E$3:$E$1002,MATCH(70,미완료현황!$L$6:$L$1005,0)),"")) | F75: =IF($B75="","",IFERROR(INDEX(액션아이템!$H$3:$H$1002,MATCH(70,미완료현황!$L$6:$L$1005,0)),"")) | G75: =IF($B75="","",IFERROR(INDEX(액션아이템!$F$3:$F$1002,MATCH(70,미완료현황!$L$6:$L$1005,0)),"")) | H75: =IF($B75="","",IFERROR(INDEX(액션아이템!$I$3:$I$1002,MATCH(70,미완료현황!$L$6:$L$1005,0)),"")) | J75: =IF(액션아이템!$C72="",FALSE(),OR(액션아이템!$F72="진행중",액션아이템!$F72="보류")) -> FALSE | K75: =IF($J75=FALSE(),"",IF(액션아이템!$E72="",99999999,액션아이템!$E72)*100+ROW()/1000) | L75: =IF($K75="","",RANK($K75,$K$6:$K$1005,1))
A76: =IF($B76="","",71) | B76: =IFERROR(INDEX(액션아이템!$C$3:$C$1002,MATCH(71,미완료현황!$L$6:$L$1005,0)),"") | C76: =IF($B76="","",IFERROR(INDEX(액션아이템!$D$3:$D$1002,MATCH(71,미완료현황!$L$6:$L$1005,0)),"")) | D76: =IF($B76="","",IFERROR(INDEX(액션아이템!$B$3:$B$1002,MATCH(71,미완료현황!$L$6:$L$1005,0)),"")) | E76: =IF($B76="","",IFERROR(INDEX(액션아이템!$E$3:$E$1002,MATCH(71,미완료현황!$L$6:$L$1005,0)),"")) | F76: =IF($B76="","",IFERROR(INDEX(액션아이템!$H$3:$H$1002,MATCH(71,미완료현황!$L$6:$L$1005,0)),"")) | G76: =IF($B76="","",IFERROR(INDEX(액션아이템!$F$3:$F$1002,MATCH(71,미완료현황!$L$6:$L$1005,0)),"")) | H76: =IF($B76="","",IFERROR(INDEX(액션아이템!$I$3:$I$1002,MATCH(71,미완료현황!$L$6:$L$1005,0)),"")) | J76: =IF(액션아이템!$C73="",FALSE(),OR(액션아이템!$F73="진행중",액션아이템!$F73="보류")) -> FALSE | K76: =IF($J76=FALSE(),"",IF(액션아이템!$E73="",99999999,액션아이템!$E73)*100+ROW()/1000) | L76: =IF($K76="","",RANK($K76,$K$6:$K$1005,1))
A77: =IF($B77="","",72) | B77: =IFERROR(INDEX(액션아이템!$C$3:$C$1002,MATCH(72,미완료현황!$L$6:$L$1005,0)),"") | C77: =IF($B77="","",IFERROR(INDEX(액션아이템!$D$3:$D$1002,MATCH(72,미완료현황!$L$6:$L$1005,0)),"")) | D77: =IF($B77="","",IFERROR(INDEX(액션아이템!$B$3:$B$1002,MATCH(72,미완료현황!$L$6:$L$1005,0)),"")) | E77: =IF($B77="","",IFERROR(INDEX(액션아이템!$E$3:$E$1002,MATCH(72,미완료현황!$L$6:$L$1005,0)),"")) | F77: =IF($B77="","",IFERROR(INDEX(액션아이템!$H$3:$H$1002,MATCH(72,미완료현황!$L$6:$L$1005,0)),"")) | G77: =IF($B77="","",IFERROR(INDEX(액션아이템!$F$3:$F$1002,MATCH(72,미완료현황!$L$6:$L$1005,0)),"")) | H77: =IF($B77="","",IFERROR(INDEX(액션아이템!$I$3:$I$1002,MATCH(72,미완료현황!$L$6:$L$1005,0)),"")) | J77: =IF(액션아이템!$C74="",FALSE(),OR(액션아이템!$F74="진행중",액션아이템!$F74="보류")) -> FALSE | K77: =IF($J77=FALSE(),"",IF(액션아이템!$E74="",99999999,액션아이템!$E74)*100+ROW()/1000) | L77: =IF($K77="","",RANK($K77,$K$6:$K$1005,1))
A78: =IF($B78="","",73) | B78: =IFERROR(INDEX(액션아이템!$C$3:$C$1002,MATCH(73,미완료현황!$L$6:$L$1005,0)),"") | C78: =IF($B78="","",IFERROR(INDEX(액션아이템!$D$3:$D$1002,MATCH(73,미완료현황!$L$6:$L$1005,0)),"")) | D78: =IF($B78="","",IFERROR(INDEX(액션아이템!$B$3:$B$1002,MATCH(73,미완료현황!$L$6:$L$1005,0)),"")) | E78: =IF($B78="","",IFERROR(INDEX(액션아이템!$E$3:$E$1002,MATCH(73,미완료현황!$L$6:$L$1005,0)),"")) | F78: =IF($B78="","",IFERROR(INDEX(액션아이템!$H$3:$H$1002,MATCH(73,미완료현황!$L$6:$L$1005,0)),"")) | G78: =IF($B78="","",IFERROR(INDEX(액션아이템!$F$3:$F$1002,MATCH(73,미완료현황!$L$6:$L$1005,0)),"")) | H78: =IF($B78="","",IFERROR(INDEX(액션아이템!$I$3:$I$1002,MATCH(73,미완료현황!$L$6:$L$1005,0)),"")) | J78: =IF(액션아이템!$C75="",FALSE(),OR(액션아이템!$F75="진행중",액션아이템!$F75="보류")) -> FALSE | K78: =IF($J78=FALSE(),"",IF(액션아이템!$E75="",99999999,액션아이템!$E75)*100+ROW()/1000) | L78: =IF($K78="","",RANK($K78,$K$6:$K$1005,1))
A79: =IF($B79="","",74) | B79: =IFERROR(INDEX(액션아이템!$C$3:$C$1002,MATCH(74,미완료현황!$L$6:$L$1005,0)),"") | C79: =IF($B79="","",IFERROR(INDEX(액션아이템!$D$3:$D$1002,MATCH(74,미완료현황!$L$6:$L$1005,0)),"")) | D79: =IF($B79="","",IFERROR(INDEX(액션아이템!$B$3:$B$1002,MATCH(74,미완료현황!$L$6:$L$1005,0)),"")) | E79: =IF($B79="","",IFERROR(INDEX(액션아이템!$E$3:$E$1002,MATCH(74,미완료현황!$L$6:$L$1005,0)),"")) | F79: =IF($B79="","",IFERROR(INDEX(액션아이템!$H$3:$H$1002,MATCH(74,미완료현황!$L$6:$L$1005,0)),"")) | G79: =IF($B79="","",IFERROR(INDEX(액션아이템!$F$3:$F$1002,MATCH(74,미완료현황!$L$6:$L$1005,0)),"")) | H79: =IF($B79="","",IFERROR(INDEX(액션아이템!$I$3:$I$1002,MATCH(74,미완료현황!$L$6:$L$1005,0)),"")) | J79: =IF(액션아이템!$C76="",FALSE(),OR(액션아이템!$F76="진행중",액션아이템!$F76="보류")) -> FALSE | K79: =IF($J79=FALSE(),"",IF(액션아이템!$E76="",99999999,액션아이템!$E76)*100+ROW()/1000) | L79: =IF($K79="","",RANK($K79,$K$6:$K$1005,1))
A80: =IF($B80="","",75) | B80: =IFERROR(INDEX(액션아이템!$C$3:$C$1002,MATCH(75,미완료현황!$L$6:$L$1005,0)),"") | C80: =IF($B80="","",IFERROR(INDEX(액션아이템!$D$3:$D$1002,MATCH(75,미완료현황!$L$6:$L$1005,0)),"")) | D80: =IF($B80="","",IFERROR(INDEX(액션아이템!$B$3:$B$1002,MATCH(75,미완료현황!$L$6:$L$1005,0)),"")) | E80: =IF($B80="","",IFERROR(INDEX(액션아이템!$E$3:$E$1002,MATCH(75,미완료현황!$L$6:$L$1005,0)),"")) | F80: =IF($B80="","",IFERROR(INDEX(액션아이템!$H$3:$H$1002,MATCH(75,미완료현황!$L$6:$L$1005,0)),"")) | G80: =IF($B80="","",IFERROR(INDEX(액션아이템!$F$3:$F$1002,MATCH(75,미완료현황!$L$6:$L$1005,0)),"")) | H80: =IF($B80="","",IFERROR(INDEX(액션아이템!$I$3:$I$1002,MATCH(75,미완료현황!$L$6:$L$1005,0)),"")) | J80: =IF(액션아이템!$C77="",FALSE(),OR(액션아이템!$F77="진행중",액션아이템!$F77="보류")) -> FALSE | K80: =IF($J80=FALSE(),"",IF(액션아이템!$E77="",99999999,액션아이템!$E77)*100+ROW()/1000) | L80: =IF($K80="","",RANK($K80,$K$6:$K$1005,1))
A81: =IF($B81="","",76) | B81: =IFERROR(INDEX(액션아이템!$C$3:$C$1002,MATCH(76,미완료현황!$L$6:$L$1005,0)),"") | C81: =IF($B81="","",IFERROR(INDEX(액션아이템!$D$3:$D$1002,MATCH(76,미완료현황!$L$6:$L$1005,0)),"")) | D81: =IF($B81="","",IFERROR(INDEX(액션아이템!$B$3:$B$1002,MATCH(76,미완료현황!$L$6:$L$1005,0)),"")) | E81: =IF($B81="","",IFERROR(INDEX(액션아이템!$E$3:$E$1002,MATCH(76,미완료현황!$L$6:$L$1005,0)),"")) | F81: =IF($B81="","",IFERROR(INDEX(액션아이템!$H$3:$H$1002,MATCH(76,미완료현황!$L$6:$L$1005,0)),"")) | G81: =IF($B81="","",IFERROR(INDEX(액션아이템!$F$3:$F$1002,MATCH(76,미완료현황!$L$6:$L$1005,0)),"")) | H81: =IF($B81="","",IFERROR(INDEX(액션아이템!$I$3:$I$1002,MATCH(76,미완료현황!$L$6:$L$1005,0)),"")) | J81: =IF(액션아이템!$C78="",FALSE(),OR(액션아이템!$F78="진행중",액션아이템!$F78="보류")) -> FALSE | K81: =IF($J81=FALSE(),"",IF(액션아이템!$E78="",99999999,액션아이템!$E78)*100+ROW()/1000) | L81: =IF($K81="","",RANK($K81,$K$6:$K$1005,1))
A82: =IF($B82="","",77) | B82: =IFERROR(INDEX(액션아이템!$C$3:$C$1002,MATCH(77,미완료현황!$L$6:$L$1005,0)),"") | C82: =IF($B82="","",IFERROR(INDEX(액션아이템!$D$3:$D$1002,MATCH(77,미완료현황!$L$6:$L$1005,0)),"")) | D82: =IF($B82="","",IFERROR(INDEX(액션아이템!$B$3:$B$1002,MATCH(77,미완료현황!$L$6:$L$1005,0)),"")) | E82: =IF($B82="","",IFERROR(INDEX(액션아이템!$E$3:$E$1002,MATCH(77,미완료현황!$L$6:$L$1005,0)),"")) | F82: =IF($B82="","",IFERROR(INDEX(액션아이템!$H$3:$H$1002,MATCH(77,미완료현황!$L$6:$L$1005,0)),"")) | G82: =IF($B82="","",IFERROR(INDEX(액션아이템!$F$3:$F$1002,MATCH(77,미완료현황!$L$6:$L$1005,0)),"")) | H82: =IF($B82="","",IFERROR(INDEX(액션아이템!$I$3:$I$1002,MATCH(77,미완료현황!$L$6:$L$1005,0)),"")) | J82: =IF(액션아이템!$C79="",FALSE(),OR(액션아이템!$F79="진행중",액션아이템!$F79="보류")) -> FALSE | K82: =IF($J82=FALSE(),"",IF(액션아이템!$E79="",99999999,액션아이템!$E79)*100+ROW()/1000) | L82: =IF($K82="","",RANK($K82,$K$6:$K$1005,1))
A83: =IF($B83="","",78) | B83: =IFERROR(INDEX(액션아이템!$C$3:$C$1002,MATCH(78,미완료현황!$L$6:$L$1005,0)),"") | C83: =IF($B83="","",IFERROR(INDEX(액션아이템!$D$3:$D$1002,MATCH(78,미완료현황!$L$6:$L$1005,0)),"")) | D83: =IF($B83="","",IFERROR(INDEX(액션아이템!$B$3:$B$1002,MATCH(78,미완료현황!$L$6:$L$1005,0)),"")) | E83: =IF($B83="","",IFERROR(INDEX(액션아이템!$E$3:$E$1002,MATCH(78,미완료현황!$L$6:$L$1005,0)),"")) | F83: =IF($B83="","",IFERROR(INDEX(액션아이템!$H$3:$H$1002,MATCH(78,미완료현황!$L$6:$L$1005,0)),"")) | G83: =IF($B83="","",IFERROR(INDEX(액션아이템!$F$3:$F$1002,MATCH(78,미완료현황!$L$6:$L$1005,0)),"")) | H83: =IF($B83="","",IFERROR(INDEX(액션아이템!$I$3:$I$1002,MATCH(78,미완료현황!$L$6:$L$1005,0)),"")) | J83: =IF(액션아이템!$C80="",FALSE(),OR(액션아이템!$F80="진행중",액션아이템!$F80="보류")) -> FALSE | K83: =IF($J83=FALSE(),"",IF(액션아이템!$E80="",99999999,액션아이템!$E80)*100+ROW()/1000) | L83: =IF($K83="","",RANK($K83,$K$6:$K$1005,1))
A84: =IF($B84="","",79) | B84: =IFERROR(INDEX(액션아이템!$C$3:$C$1002,MATCH(79,미완료현황!$L$6:$L$1005,0)),"") | C84: =IF($B84="","",IFERROR(INDEX(액션아이템!$D$3:$D$1002,MATCH(79,미완료현황!$L$6:$L$1005,0)),"")) | D84: =IF($B84="","",IFERROR(INDEX(액션아이템!$B$3:$B$1002,MATCH(79,미완료현황!$L$6:$L$1005,0)),"")) | E84: =IF($B84="","",IFERROR(INDEX(액션아이템!$E$3:$E$1002,MATCH(79,미완료현황!$L$6:$L$1005,0)),"")) | F84: =IF($B84="","",IFERROR(INDEX(액션아이템!$H$3:$H$1002,MATCH(79,미완료현황!$L$6:$L$1005,0)),"")) | G84: =IF($B84="","",IFERROR(INDEX(액션아이템!$F$3:$F$1002,MATCH(79,미완료현황!$L$6:$L$1005,0)),"")) | H84: =IF($B84="","",IFERROR(INDEX(액션아이템!$I$3:$I$1002,MATCH(79,미완료현황!$L$6:$L$1005,0)),"")) | J84: =IF(액션아이템!$C81="",FALSE(),OR(액션아이템!$F81="진행중",액션아이템!$F81="보류")) -> FALSE | K84: =IF($J84=FALSE(),"",IF(액션아이템!$E81="",99999999,액션아이템!$E81)*100+ROW()/1000) | L84: =IF($K84="","",RANK($K84,$K$6:$K$1005,1))
A85: =IF($B85="","",80) | B85: =IFERROR(INDEX(액션아이템!$C$3:$C$1002,MATCH(80,미완료현황!$L$6:$L$1005,0)),"") | C85: =IF($B85="","",IFERROR(INDEX(액션아이템!$D$3:$D$1002,MATCH(80,미완료현황!$L$6:$L$1005,0)),"")) | D85: =IF($B85="","",IFERROR(INDEX(액션아이템!$B$3:$B$1002,MATCH(80,미완료현황!$L$6:$L$1005,0)),"")) | E85: =IF($B85="","",IFERROR(INDEX(액션아이템!$E$3:$E$1002,MATCH(80,미완료현황!$L$6:$L$1005,0)),"")) | F85: =IF($B85="","",IFERROR(INDEX(액션아이템!$H$3:$H$1002,MATCH(80,미완료현황!$L$6:$L$1005,0)),"")) | G85: =IF($B85="","",IFERROR(INDEX(액션아이템!$F$3:$F$1002,MATCH(80,미완료현황!$L$6:$L$1005,0)),"")) | H85: =IF($B85="","",IFERROR(INDEX(액션아이템!$I$3:$I$1002,MATCH(80,미완료현황!$L$6:$L$1005,0)),"")) | J85: =IF(액션아이템!$C82="",FALSE(),OR(액션아이템!$F82="진행중",액션아이템!$F82="보류")) -> FALSE | K85: =IF($J85=FALSE(),"",IF(액션아이템!$E82="",99999999,액션아이템!$E82)*100+ROW()/1000) | L85: =IF($K85="","",RANK($K85,$K$6:$K$1005,1))
J86: =IF(액션아이템!$C83="",FALSE(),OR(액션아이템!$F83="진행중",액션아이템!$F83="보류")) -> FALSE | K86: =IF($J86=FALSE(),"",IF(액션아이템!$E83="",99999999,액션아이템!$E83)*100+ROW()/1000) | L86: =IF($K86="","",RANK($K86,$K$6:$K$1005,1))
J87: =IF(액션아이템!$C84="",FALSE(),OR(액션아이템!$F84="진행중",액션아이템!$F84="보류")) -> FALSE | K87: =IF($J87=FALSE(),"",IF(액션아이템!$E84="",99999999,액션아이템!$E84)*100+ROW()/1000) | L87: =IF($K87="","",RANK($K87,$K$6:$K$1005,1))
A88: ※ 기한이 빠른 순서로 정렬됩니다. 80건까지 표시됩니다. | J88: =IF(액션아이템!$C85="",FALSE(),OR(액션아이템!$F85="진행중",액션아이템!$F85="보류")) -> FALSE | K88: =IF($J88=FALSE(),"",IF(액션아이템!$E85="",99999999,액션아이템!$E85)*100+ROW()/1000) | L88: =IF($K88="","",RANK($K88,$K$6:$K$1005,1))
J89: =IF(액션아이템!$C86="",FALSE(),OR(액션아이템!$F86="진행중",액션아이템!$F86="보류")) -> FALSE | K89: =IF($J89=FALSE(),"",IF(액션아이템!$E86="",99999999,액션아이템!$E86)*100+ROW()/1000) | L89: =IF($K89="","",RANK($K89,$K$6:$K$1005,1))
J90: =IF(액션아이템!$C87="",FALSE(),OR(액션아이템!$F87="진행중",액션아이템!$F87="보류")) -> FALSE | K90: =IF($J90=FALSE(),"",IF(액션아이템!$E87="",99999999,액션아이템!$E87)*100+ROW()/1000) | L90: =IF($K90="","",RANK($K90,$K$6:$K$1005,1))
J91: =IF(액션아이템!$C88="",FALSE(),OR(액션아이템!$F88="진행중",액션아이템!$F88="보류")) -> FALSE | K91: =IF($J91=FALSE(),"",IF(액션아이템!$E88="",99999999,액션아이템!$E88)*100+ROW()/1000) | L91: =IF($K91="","",RANK($K91,$K$6:$K$1005,1))
J92: =IF(액션아이템!$C89="",FALSE(),OR(액션아이템!$F89="진행중",액션아이템!$F89="보류")) -> FALSE | K92: =IF($J92=FALSE(),"",IF(액션아이템!$E89="",99999999,액션아이템!$E89)*100+ROW()/1000) | L92: =IF($K92="","",RANK($K92,$K$6:$K$1005,1))
J93: =IF(액션아이템!$C90="",FALSE(),OR(액션아이템!$F90="진행중",액션아이템!$F90="보류")) -> FALSE | K93: =IF($J93=FALSE(),"",IF(액션아이템!$E90="",99999999,액션아이템!$E90)*100+ROW()/1000) | L93: =IF($K93="","",RANK($K93,$K$6:$K$1005,1))
J94: =IF(액션아이템!$C91="",FALSE(),OR(액션아이템!$F91="진행중",액션아이템!$F91="보류")) -> FALSE | K94: =IF($J94=FALSE(),"",IF(액션아이템!$E91="",99999999,액션아이템!$E91)*100+ROW()/1000) | L94: =IF($K94="","",RANK($K94,$K$6:$K$1005,1))
J95: =IF(액션아이템!$C92="",FALSE(),OR(액션아이템!$F92="진행중",액션아이템!$F92="보류")) -> FALSE | K95: =IF($J95=FALSE(),"",IF(액션아이템!$E92="",99999999,액션아이템!$E92)*100+ROW()/1000) | L95: =IF($K95="","",RANK($K95,$K$6:$K$1005,1))
J96: =IF(액션아이템!$C93="",FALSE(),OR(액션아이템!$F93="진행중",액션아이템!$F93="보류")) -> FALSE | K96: =IF($J96=FALSE(),"",IF(액션아이템!$E93="",99999999,액션아이템!$E93)*100+ROW()/1000) | L96: =IF($K96="","",RANK($K96,$K$6:$K$1005,1))
J97: =IF(액션아이템!$C94="",FALSE(),OR(액션아이템!$F94="진행중",액션아이템!$F94="보류")) -> FALSE | K97: =IF($J97=FALSE(),"",IF(액션아이템!$E94="",99999999,액션아이템!$E94)*100+ROW()/1000) | L97: =IF($K97="","",RANK($K97,$K$6:$K$1005,1))
J98: =IF(액션아이템!$C95="",FALSE(),OR(액션아이템!$F95="진행중",액션아이템!$F95="보류")) -> FALSE | K98: =IF($J98=FALSE(),"",IF(액션아이템!$E95="",99999999,액션아이템!$E95)*100+ROW()/1000) | L98: =IF($K98="","",RANK($K98,$K$6:$K$1005,1))
J99: =IF(액션아이템!$C96="",FALSE(),OR(액션아이템!$F96="진행중",액션아이템!$F96="보류")) -> FALSE | K99: =IF($J99=FALSE(),"",IF(액션아이템!$E96="",99999999,액션아이템!$E96)*100+ROW()/1000) | L99: =IF($K99="","",RANK($K99,$K$6:$K$1005,1))
J100: =IF(액션아이템!$C97="",FALSE(),OR(액션아이템!$F97="진행중",액션아이템!$F97="보류")) -> FALSE | K100: =IF($J100=FALSE(),"",IF(액션아이템!$E97="",99999999,액션아이템!$E97)*100+ROW()/1000) | L100: =IF($K100="","",RANK($K100,$K$6:$K$1005,1))
... J1005: =IF(액션아이템!$C1002="",FALSE(),OR(액션아이템!$F1002="진행중",액션아이템!$F1002="보류")) -> FALSE | K1005: =IF($J1005=FALSE(),"",IF(액션아이템!$E1002="",99999999,액션아이템!$E1002)*100+ROW()/1000) | L1005: =IF($K1005="","",RANK($K1005,$K$6:$K$1005,1))

Sheet 담당자별현황
A1: 담당자별현황
A3: 담당자 | B3: 소속 | C3: 전체 | D3: 진행중 | E3: 완료 | F3: 기한 초과 | G3: 완료율
A4: =IF(구성원목록!$A3="","",구성원목록!$A3) -> 김팀장 | B4: =IF($A4="","",구성원목록!$B3) -> 기획팀 | C4: =IF($A4="","",COUNTIFS(액션아이템!$D$3:$D$1002,$A4)) -> 1 | D4: =IF($A4="","",COUNTIFS(액션아이템!$D$3:$D$1002,$A4,액션아이템!$F$3:$F$1002,"진행중")) -> 1 | E4: =IF($A4="","",COUNTIFS(액션아이템!$D$3:$D$1002,$A4,액션아이템!$F$3:$F$1002,"완료")) -> 0 | F4: =IF($A4="","",COUNTIFS(액션아이템!$D$3:$D$1002,$A4,액션아이템!$H$3:$H$1002,"<0")) -> 1 | G4: =IF($A4="","",IF($C4=0,"",$E4/$C4)) -> 0
A5: =IF(구성원목록!$A4="","",구성원목록!$A4) -> 이대리 | B5: =IF($A5="","",구성원목록!$B4) -> 개발팀 | C5: =IF($A5="","",COUNTIFS(액션아이템!$D$3:$D$1002,$A5)) -> 1 | D5: =IF($A5="","",COUNTIFS(액션아이템!$D$3:$D$1002,$A5,액션아이템!$F$3:$F$1002,"진행중")) -> 1 | E5: =IF($A5="","",COUNTIFS(액션아이템!$D$3:$D$1002,$A5,액션아이템!$F$3:$F$1002,"완료")) -> 0 | F5: =IF($A5="","",COUNTIFS(액션아이템!$D$3:$D$1002,$A5,액션아이템!$H$3:$H$1002,"<0")) -> 0 | G5: =IF($A5="","",IF($C5=0,"",$E5/$C5)) -> 0
A6: =IF(구성원목록!$A5="","",구성원목록!$A5) -> 박주임 | B6: =IF($A6="","",구성원목록!$B5) -> 디자인팀 | C6: =IF($A6="","",COUNTIFS(액션아이템!$D$3:$D$1002,$A6)) -> 2 | D6: =IF($A6="","",COUNTIFS(액션아이템!$D$3:$D$1002,$A6,액션아이템!$F$3:$F$1002,"진행중")) -> 1 | E6: =IF($A6="","",COUNTIFS(액션아이템!$D$3:$D$1002,$A6,액션아이템!$F$3:$F$1002,"완료")) -> 1 | F6: =IF($A6="","",COUNTIFS(액션아이템!$D$3:$D$1002,$A6,액션아이템!$H$3:$H$1002,"<0")) -> 0 | G6: =IF($A6="","",IF($C6=0,"",$E6/$C6)) -> 0.5
A7: =IF(구성원목록!$A6="","",구성원목록!$A6) | B7: =IF($A7="","",구성원목록!$B6) | C7: =IF($A7="","",COUNTIFS(액션아이템!$D$3:$D$1002,$A7)) | D7: =IF($A7="","",COUNTIFS(액션아이템!$D$3:$D$1002,$A7,액션아이템!$F$3:$F$1002,"진행중")) | E7: =IF($A7="","",COUNTIFS(액션아이템!$D$3:$D$1002,$A7,액션아이템!$F$3:$F$1002,"완료")) | F7: =IF($A7="","",COUNTIFS(액션아이템!$D$3:$D$1002,$A7,액션아이템!$H$3:$H$1002,"<0")) | G7: =IF($A7="","",IF($C7=0,"",$E7/$C7))
A8: =IF(구성원목록!$A7="","",구성원목록!$A7) | B8: =IF($A8="","",구성원목록!$B7) | C8: =IF($A8="","",COUNTIFS(액션아이템!$D$3:$D$1002,$A8)) | D8: =IF($A8="","",COUNTIFS(액션아이템!$D$3:$D$1002,$A8,액션아이템!$F$3:$F$1002,"진행중")) | E8: =IF($A8="","",COUNTIFS(액션아이템!$D$3:$D$1002,$A8,액션아이템!$F$3:$F$1002,"완료")) | F8: =IF($A8="","",COUNTIFS(액션아이템!$D$3:$D$1002,$A8,액션아이템!$H$3:$H$1002,"<0")) | G8: =IF($A8="","",IF($C8=0,"",$E8/$C8))
A9: =IF(구성원목록!$A8="","",구성원목록!$A8) | B9: =IF($A9="","",구성원목록!$B8) | C9: =IF($A9="","",COUNTIFS(액션아이템!$D$3:$D$1002,$A9)) | D9: =IF($A9="","",COUNTIFS(액션아이템!$D$3:$D$1002,$A9,액션아이템!$F$3:$F$1002,"진행중")) | E9: =IF($A9="","",COUNTIFS(액션아이템!$D$3:$D$1002,$A9,액션아이템!$F$3:$F$1002,"완료")) | F9: =IF($A9="","",COUNTIFS(액션아이템!$D$3:$D$1002,$A9,액션아이템!$H$3:$H$1002,"<0")) | G9: =IF($A9="","",IF($C9=0,"",$E9/$C9))
A10: =IF(구성원목록!$A9="","",구성원목록!$A9) | B10: =IF($A10="","",구성원목록!$B9) | C10: =IF($A10="","",COUNTIFS(액션아이템!$D$3:$D$1002,$A10)) | D10: =IF($A10="","",COUNTIFS(액션아이템!$D$3:$D$1002,$A10,액션아이템!$F$3:$F$1002,"진행중")) | E10: =IF($A10="","",COUNTIFS(액션아이템!$D$3:$D$1002,$A10,액션아이템!$F$3:$F$1002,"완료")) | F10: =IF($A10="","",COUNTIFS(액션아이템!$D$3:$D$1002,$A10,액션아이템!$H$3:$H$1002,"<0")) | G10: =IF($A10="","",IF($C10=0,"",$E10/$C10))
A11: =IF(구성원목록!$A10="","",구성원목록!$A10) | B11: =IF($A11="","",구성원목록!$B10) | C11: =IF($A11="","",COUNTIFS(액션아이템!$D$3:$D$1002,$A11)) | D11: =IF($A11="","",COUNTIFS(액션아이템!$D$3:$D$1002,$A11,액션아이템!$F$3:$F$1002,"진행중")) | E11: =IF($A11="","",COUNTIFS(액션아이템!$D$3:$D$1002,$A11,액션아이템!$F$3:$F$1002,"완료")) | F11: =IF($A11="","",COUNTIFS(액션아이템!$D$3:$D$1002,$A11,액션아이템!$H$3:$H$1002,"<0")) | G11: =IF($A11="","",IF($C11=0,"",$E11/$C11))
A12: =IF(구성원목록!$A11="","",구성원목록!$A11) | B12: =IF($A12="","",구성원목록!$B11) | C12: =IF($A12="","",COUNTIFS(액션아이템!$D$3:$D$1002,$A12)) | D12: =IF($A12="","",COUNTIFS(액션아이템!$D$3:$D$1002,$A12,액션아이템!$F$3:$F$1002,"진행중")) | E12: =IF($A12="","",COUNTIFS(액션아이템!$D$3:$D$1002,$A12,액션아이템!$F$3:$F$1002,"완료")) | F12: =IF($A12="","",COUNTIFS(액션아이템!$D$3:$D$1002,$A12,액션아이템!$H$3:$H$1002,"<0")) | G12: =IF($A12="","",IF($C12=0,"",$E12/$C12))
A13: =IF(구성원목록!$A12="","",구성원목록!$A12) | B13: =IF($A13="","",구성원목록!$B12) | C13: =IF($A13="","",COUNTIFS(액션아이템!$D$3:$D$1002,$A13)) | D13: =IF($A13="","",COUNTIFS(액션아이템!$D$3:$D$1002,$A13,액션아이템!$F$3:$F$1002,"진행중")) | E13: =IF($A13="","",COUNTIFS(액션아이템!$D$3:$D$1002,$A13,액션아이템!$F$3:$F$1002,"완료")) | F13: =IF($A13="","",COUNTIFS(액션아이템!$D$3:$D$1002,$A13,액션아이템!$H$3:$H$1002,"<0")) | G13: =IF($A13="","",IF($C13=0,"",$E13/$C13))
A14: =IF(구성원목록!$A13="","",구성원목록!$A13) | B14: =IF($A14="","",구성원목록!$B13) | C14: =IF($A14="","",COUNTIFS(액션아이템!$D$3:$D$1002,$A14)) | D14: =IF($A14="","",COUNTIFS(액션아이템!$D$3:$D$1002,$A14,액션아이템!$F$3:$F$1002,"진행중")) | E14: =IF($A14="","",COUNTIFS(액션아이템!$D$3:$D$1002,$A14,액션아이템!$F$3:$F$1002,"완료")) | F14: =IF($A14="","",COUNTIFS(액션아이템!$D$3:$D$1002,$A14,액션아이템!$H$3:$H$1002,"<0")) | G14: =IF($A14="","",IF($C14=0,"",$E14/$C14))
A15: =IF(구성원목록!$A14="","",구성원목록!$A14) | B15: =IF($A15="","",구성원목록!$B14) | C15: =IF($A15="","",COUNTIFS(액션아이템!$D$3:$D$1002,$A15)) | D15: =IF($A15="","",COUNTIFS(액션아이템!$D$3:$D$1002,$A15,액션아이템!$F$3:$F$1002,"진행중")) | E15: =IF($A15="","",COUNTIFS(액션아이템!$D$3:$D$1002,$A15,액션아이템!$F$3:$F$1002,"완료")) | F15: =IF($A15="","",COUNTIFS(액션아이템!$D$3:$D$1002,$A15,액션아이템!$H$3:$H$1002,"<0")) | G15: =IF($A15="","",IF($C15=0,"",$E15/$C15))
... A203: =IF(구성원목록!$A202="","",구성원목록!$A202) | B203: =IF($A203="","",구성원목록!$B202) | C203: =IF($A203="","",COUNTIFS(액션아이템!$D$3:$D$1002,$A203)) | D203: =IF($A203="","",COUNTIFS(액션아이템!$D$3:$D$1002,$A203,액션아이템!$F$3:$F$1002,"진행중")) | E203: =IF($A203="","",COUNTIFS(액션아이템!$D$3:$D$1002,$A203,액션아이템!$F$3:$F$1002,"완료")) | F203: =IF($A203="","",COUNTIFS(액션아이템!$D$3:$D$1002,$A203,액션아이템!$H$3:$H$1002,"<0")) | G203: =IF($A203="","",IF($C203=0,"",$E203/$C203))
B205: 합계 | C205: =SUM(C4:C203) -> 4 | D205: =SUM(D4:D203) -> 3 | E205: =SUM(E4:E203) -> 1 | F205: =SUM(F4:F203) -> 1

Sheet 회의록_출력
B2: 회 의 록
B4: 회의번호 | C4: 260901-1 | D4: ← 이 칸만 바꾸세요
B6: 회 의 명 | C6: =IFERROR(INDEX(회의록!$C$3:$C$302,MATCH($C$4,회의록!$A$3:$A$302,0)),"") -> 9월 정기회의
B7: 일 시 | C7: =IFERROR(INDEX(회의록!$B$3:$B$302,MATCH($C$4,회의록!$A$3:$A$302,0)),"") -> 46266
B8: 장 소 | C8: =IFERROR(INDEX(회의록!$D$3:$D$302,MATCH($C$4,회의록!$A$3:$A$302,0)),"") -> 대회의실
B9: 주 관 자 | C9: =IFERROR(INDEX(회의록!$E$3:$E$302,MATCH($C$4,회의록!$A$3:$A$302,0)),"") -> 김팀장
B10: 참 석 자 | C10: =IFERROR(INDEX(회의록!$F$3:$F$302,MATCH($C$4,회의록!$A$3:$A$302,0)),"") -> 김팀장, 이대리, 박주임
B11: 안 건 | C11: =IFERROR(INDEX(회의록!$G$3:$G$302,MATCH($C$4,회의록!$A$3:$A$302,0)),"") -> 3분기 실적 / 4분기 계획
B12: 논의·결정사항 | C12: =IFERROR(INDEX(회의록!$H$3:$H$302,MATCH($C$4,회의록!$A$3:$A$302,0)),"") -> 3분기 목표 달성. 4분기 신규 기능 2건 추가 결정.
B17: 할 일 (액션아이템)
B18: No | C18: 할 일 | D18: 담당자 | E18: 기한 | F18: 상태
B19: 1 | C19: =IFERROR(INDEX(액션아이템!$C$3:$C$1002,MATCH($C$4&"|"&1,액션아이템!$K$3:$K$1002,0)),"") -> 4분기 기능 명세 작성 | D19: =IF($C19="","",IFERROR(INDEX(액션아이템!$D$3:$D$1002,MATCH($C$4&"|"&1,액션아이템!$K$3:$K$1002,0)),"")) -> 이대리 | E19: =IF($C19="","",IFERROR(INDEX(액션아이템!$E$3:$E$1002,MATCH($C$4&"|"&1,액션아이템!$K$3:$K$1002,0)),"")) -> 46285 | F19: =IF($C19="","",IFERROR(INDEX(액션아이템!$F$3:$F$1002,MATCH($C$4&"|"&1,액션아이템!$K$3:$K$1002,0)),"")) -> 진행중
B20: 2 | C20: =IFERROR(INDEX(액션아이템!$C$3:$C$1002,MATCH($C$4&"|"&2,액션아이템!$K$3:$K$1002,0)),"") -> 예산안 재검토 | D20: =IF($C20="","",IFERROR(INDEX(액션아이템!$D$3:$D$1002,MATCH($C$4&"|"&2,액션아이템!$K$3:$K$1002,0)),"")) -> 김팀장 | E20: =IF($C20="","",IFERROR(INDEX(액션아이템!$E$3:$E$1002,MATCH($C$4&"|"&2,액션아이템!$K$3:$K$1002,0)),"")) -> 46275 | F20: =IF($C20="","",IFERROR(INDEX(액션아이템!$F$3:$F$1002,MATCH($C$4&"|"&2,액션아이템!$K$3:$K$1002,0)),"")) -> 진행중
B21: 3 | C21: =IFERROR(INDEX(액션아이템!$C$3:$C$1002,MATCH($C$4&"|"&3,액션아이템!$K$3:$K$1002,0)),"") -> 실적 자료 정리 | D21: =IF($C21="","",IFERROR(INDEX(액션아이템!$D$3:$D$1002,MATCH($C$4&"|"&3,액션아이템!$K$3:$K$1002,0)),"")) -> 박주임 | E21: =IF($C21="","",IFERROR(INDEX(액션아이템!$E$3:$E$1002,MATCH($C$4&"|"&3,액션아이템!$K$3:$K$1002,0)),"")) -> 46270 | F21: =IF($C21="","",IFERROR(INDEX(액션아이템!$F$3:$F$1002,MATCH($C$4&"|"&3,액션아이템!$K$3:$K$1002,0)),"")) -> 완료
B22: 4 | C22: =IFERROR(INDEX(액션아이템!$C$3:$C$1002,MATCH($C$4&"|"&4,액션아이템!$K$3:$K$1002,0)),"") | D22: =IF($C22="","",IFERROR(INDEX(액션아이템!$D$3:$D$1002,MATCH($C$4&"|"&4,액션아이템!$K$3:$K$1002,0)),"")) | E22: =IF($C22="","",IFERROR(INDEX(액션아이템!$E$3:$E$1002,MATCH($C$4&"|"&4,액션아이템!$K$3:$K$1002,0)),"")) | F22: =IF($C22="","",IFERROR(INDEX(액션아이템!$F$3:$F$1002,MATCH($C$4&"|"&4,액션아이템!$K$3:$K$1002,0)),""))
B23: 5 | C23: =IFERROR(INDEX(액션아이템!$C$3:$C$1002,MATCH($C$4&"|"&5,액션아이템!$K$3:$K$1002,0)),"") | D23: =IF($C23="","",IFERROR(INDEX(액션아이템!$D$3:$D$1002,MATCH($C$4&"|"&5,액션아이템!$K$3:$K$1002,0)),"")) | E23: =IF($C23="","",IFERROR(INDEX(액션아이템!$E$3:$E$1002,MATCH($C$4&"|"&5,액션아이템!$K$3:$K$1002,0)),"")) | F23: =IF($C23="","",IFERROR(INDEX(액션아이템!$F$3:$F$1002,MATCH($C$4&"|"&5,액션아이템!$K$3:$K$1002,0)),""))
B24: 6 | C24: =IFERROR(INDEX(액션아이템!$C$3:$C$1002,MATCH($C$4&"|"&6,액션아이템!$K$3:$K$1002,0)),"") | D24: =IF($C24="","",IFERROR(INDEX(액션아이템!$D$3:$D$1002,MATCH($C$4&"|"&6,액션아이템!$K$3:$K$1002,0)),"")) | E24: =IF($C24="","",IFERROR(INDEX(액션아이템!$E$3:$E$1002,MATCH($C$4&"|"&6,액션아이템!$K$3:$K$1002,0)),"")) | F24: =IF($C24="","",IFERROR(INDEX(액션아이템!$F$3:$F$1002,MATCH($C$4&"|"&6,액션아이템!$K$3:$K$1002,0)),""))
B25: 7 | C25: =IFERROR(INDEX(액션아이템!$C$3:$C$1002,MATCH($C$4&"|"&7,액션아이템!$K$3:$K$1002,0)),"") | D25: =IF($C25="","",IFERROR(INDEX(액션아이템!$D$3:$D$1002,MATCH($C$4&"|"&7,액션아이템!$K$3:$K$1002,0)),"")) | E25: =IF($C25="","",IFERROR(INDEX(액션아이템!$E$3:$E$1002,MATCH($C$4&"|"&7,액션아이템!$K$3:$K$1002,0)),"")) | F25: =IF($C25="","",IFERROR(INDEX(액션아이템!$F$3:$F$1002,MATCH($C$4&"|"&7,액션아이템!$K$3:$K$1002,0)),""))
B26: 8 | C26: =IFERROR(INDEX(액션아이템!$C$3:$C$1002,MATCH($C$4&"|"&8,액션아이템!$K$3:$K$1002,0)),"") | D26: =IF($C26="","",IFERROR(INDEX(액션아이템!$D$3:$D$1002,MATCH($C$4&"|"&8,액션아이템!$K$3:$K$1002,0)),"")) | E26: =IF($C26="","",IFERROR(INDEX(액션아이템!$E$3:$E$1002,MATCH($C$4&"|"&8,액션아이템!$K$3:$K$1002,0)),"")) | F26: =IF($C26="","",IFERROR(INDEX(액션아이템!$F$3:$F$1002,MATCH($C$4&"|"&8,액션아이템!$K$3:$K$1002,0)),""))
B27: 9 | C27: =IFERROR(INDEX(액션아이템!$C$3:$C$1002,MATCH($C$4&"|"&9,액션아이템!$K$3:$K$1002,0)),"") | D27: =IF($C27="","",IFERROR(INDEX(액션아이템!$D$3:$D$1002,MATCH($C$4&"|"&9,액션아이템!$K$3:$K$1002,0)),"")) | E27: =IF($C27="","",IFERROR(INDEX(액션아이템!$E$3:$E$1002,MATCH($C$4&"|"&9,액션아이템!$K$3:$K$1002,0)),"")) | F27: =IF($C27="","",IFERROR(INDEX(액션아이템!$F$3:$F$1002,MATCH($C$4&"|"&9,액션아이템!$K$3:$K$1002,0)),""))
B28: 10 | C28: =IFERROR(INDEX(액션아이템!$C$3:$C$1002,MATCH($C$4&"|"&10,액션아이템!$K$3:$K$1002,0)),"") | D28: =IF($C28="","",IFERROR(INDEX(액션아이템!$D$3:$D$1002,MATCH($C$4&"|"&10,액션아이템!$K$3:$K$1002,0)),"")) | E28: =IF($C28="","",IFERROR(INDEX(액션아이템!$E$3:$E$1002,MATCH($C$4&"|"&10,액션아이템!$K$3:$K$1002,0)),"")) | F28: =IF($C28="","",IFERROR(INDEX(액션아이템!$F$3:$F$1002,MATCH($C$4&"|"&10,액션아이템!$K$3:$K$1002,0)),""))
B29: 11 | C29: =IFERROR(INDEX(액션아이템!$C$3:$C$1002,MATCH($C$4&"|"&11,액션아이템!$K$3:$K$1002,0)),"") | D29: =IF($C29="","",IFERROR(INDEX(액션아이템!$D$3:$D$1002,MATCH($C$4&"|"&11,액션아이템!$K$3:$K$1002,0)),"")) | E29: =IF($C29="","",IFERROR(INDEX(액션아이템!$E$3:$E$1002,MATCH($C$4&"|"&11,액션아이템!$K$3:$K$1002,0)),"")) | F29: =IF($C29="","",IFERROR(INDEX(액션아이템!$F$3:$F$1002,MATCH($C$4&"|"&11,액션아이템!$K$3:$K$1002,0)),""))
B30: 12 | C30: =IFERROR(INDEX(액션아이템!$C$3:$C$1002,MATCH($C$4&"|"&12,액션아이템!$K$3:$K$1002,0)),"") | D30: =IF($C30="","",IFERROR(INDEX(액션아이템!$D$3:$D$1002,MATCH($C$4&"|"&12,액션아이템!$K$3:$K$1002,0)),"")) | E30: =IF($C30="","",IFERROR(INDEX(액션아이템!$E$3:$E$1002,MATCH($C$4&"|"&12,액션아이템!$K$3:$K$1002,0)),"")) | F30: =IF($C30="","",IFERROR(INDEX(액션아이템!$F$3:$F$1002,MATCH($C$4&"|"&12,액션아이템!$K$3:$K$1002,0)),""))
B32: ※ 한 회의의 할 일이 12개를 넘으면 표시되지 않습니다.
