Workbook

Sheet 사용안내
B2: 견적 비교표 · 최저가 자동 선정
B4: 핵심 | C4: 품목별로 여러 업체 견적을 입력하면 최저가와 최저가 업체가 자동으로 표시됩니다.
B5: 입력 규칙 | C5: 파란색 글씨 칸만 입력하세요. 검은색은 자동 계산입니다.
B6: ① 품목목록 | C6: 견적을 받을 품목과 필요수량을 등록합니다.
B7: ② 업체목록 | C7: 견적을 받는 업체를 등록합니다. 업체코드(V1, V2…)가 다른 시트의 기준이 됩니다.
B8: ③ 견적입력 | C8: 품목과 업체코드를 고를 때마다 한 줄. 견적단가만 넣으면 최저가 여부가 자동으로 표시됩니다.
B9: ④ 업체별비교 | C9: 품목별로 업체마다 낸 단가를 한 표에 모아 비교합니다. 열 머리글의 V1·V2는 업체목록의 업체코드입니다.
B10: ⑤ 최저가결과 | C10: 품목별 최저가 업체와 구매금액이 자동으로 정리됩니다. 이대로 발주하면 됩니다.
C12: ※ 회사명·업체명·담당자명은 모두 예시로 만든 가상의 정보입니다.

Sheet 품목목록
A1: 품목목록
A2: 품번 | B2: 품명 | C2: 규격 | D2: 필요수량
A3: P01 | B3: A4용지 80g | C3: 박스(2500매) | D3: 50
A4: P02 | B4: 사무용의자 | C4: 메쉬형 | D4: 10
A5: P03 | B5: 모니터 | C5: 27인치 | D5: 5
A6: P04 | B6: 복합기토너 | C6: 정품 | D6: 8
A7: P05 | B7: 사무용책상 | C7: 1200x600 | D7: 8

Sheet 업체목록
A1: 업체목록
A2: 업체코드 | B2: 업체명 | C2: 담당자 | D2: 연락처
A3: V1 | B3: 한빛오피스 | C3: 김대리 | D3: 010-0000-0011
A4: V2 | B4: 서울사무기기 | C4: 이과장 | D4: 010-0000-0012
A5: V3 | B5: 대성물산 | C5: 박대리 | D5: 010-0000-0013
A6: V4 | B6: 그린오피스 | C6: 최과장 | D6: 010-0000-0014

Sheet 견적입력
A1: 견적입력 (품번·업체코드만 넣으면 나머지 자동)
A2: 품번 | B2: 업체코드 | C2: 품명(자동) | D2: 업체명(자동) | E2: 필요수량(자동) | F2: 견적단가 | G2: 견적금액(자동) | H2: 최저가(자동) | I2: 조회키(자동)
A3: P01 | B3: V1 | C3: =IF($A3="","",IFERROR(INDEX(품목목록!$B$3:$B$102,MATCH($A3,품목목록!$A$3:$A$102,0)),"")) -> A4용지 80g | D3: =IF($B3="","",IFERROR(INDEX(업체목록!$B$3:$B$52,MATCH($B3,업체목록!$A$3:$A$52,0)),"")) -> 한빛오피스 | E3: =IF($A3="","",IFERROR(INDEX(품목목록!$D$3:$D$102,MATCH($A3,품목목록!$A$3:$A$102,0)),"")) -> 50 | F3: 3200 | G3: =IF(OR($A3="",$F3=""),"",ROUND($E3*$F3,0)) -> 160000 | H3: =IF(OR($A3="",$F3=""),"",IF($F3=_xlfn.MINIFS($F$3:$F$502,$A$3:$A$502,$A3),"최저가","")) | I3: =IF($H3="최저가",$A3,"")
A4: P01 | B4: V2 | C4: =IF($A4="","",IFERROR(INDEX(품목목록!$B$3:$B$102,MATCH($A4,품목목록!$A$3:$A$102,0)),"")) -> A4용지 80g | D4: =IF($B4="","",IFERROR(INDEX(업체목록!$B$3:$B$52,MATCH($B4,업체목록!$A$3:$A$52,0)),"")) -> 서울사무기기 | E4: =IF($A4="","",IFERROR(INDEX(품목목록!$D$3:$D$102,MATCH($A4,품목목록!$A$3:$A$102,0)),"")) -> 50 | F4: 3100 | G4: =IF(OR($A4="",$F4=""),"",ROUND($E4*$F4,0)) -> 155000 | H4: =IF(OR($A4="",$F4=""),"",IF($F4=_xlfn.MINIFS($F$3:$F$502,$A$3:$A$502,$A4),"최저가","")) -> 최저가 | I4: =IF($H4="최저가",$A4,"") -> P01
A5: P01 | B5: V3 | C5: =IF($A5="","",IFERROR(INDEX(품목목록!$B$3:$B$102,MATCH($A5,품목목록!$A$3:$A$102,0)),"")) -> A4용지 80g | D5: =IF($B5="","",IFERROR(INDEX(업체목록!$B$3:$B$52,MATCH($B5,업체목록!$A$3:$A$52,0)),"")) -> 대성물산 | E5: =IF($A5="","",IFERROR(INDEX(품목목록!$D$3:$D$102,MATCH($A5,품목목록!$A$3:$A$102,0)),"")) -> 50 | F5: 3400 | G5: =IF(OR($A5="",$F5=""),"",ROUND($E5*$F5,0)) -> 170000 | H5: =IF(OR($A5="",$F5=""),"",IF($F5=_xlfn.MINIFS($F$3:$F$502,$A$3:$A$502,$A5),"최저가","")) | I5: =IF($H5="최저가",$A5,"")
A6: P02 | B6: V1 | C6: =IF($A6="","",IFERROR(INDEX(품목목록!$B$3:$B$102,MATCH($A6,품목목록!$A$3:$A$102,0)),"")) -> 사무용의자 | D6: =IF($B6="","",IFERROR(INDEX(업체목록!$B$3:$B$52,MATCH($B6,업체목록!$A$3:$A$52,0)),"")) -> 한빛오피스 | E6: =IF($A6="","",IFERROR(INDEX(품목목록!$D$3:$D$102,MATCH($A6,품목목록!$A$3:$A$102,0)),"")) -> 10 | F6: 45000 | G6: =IF(OR($A6="",$F6=""),"",ROUND($E6*$F6,0)) -> 450000 | H6: =IF(OR($A6="",$F6=""),"",IF($F6=_xlfn.MINIFS($F$3:$F$502,$A$3:$A$502,$A6),"최저가","")) | I6: =IF($H6="최저가",$A6,"")
A7: P02 | B7: V2 | C7: =IF($A7="","",IFERROR(INDEX(품목목록!$B$3:$B$102,MATCH($A7,품목목록!$A$3:$A$102,0)),"")) -> 사무용의자 | D7: =IF($B7="","",IFERROR(INDEX(업체목록!$B$3:$B$52,MATCH($B7,업체목록!$A$3:$A$52,0)),"")) -> 서울사무기기 | E7: =IF($A7="","",IFERROR(INDEX(품목목록!$D$3:$D$102,MATCH($A7,품목목록!$A$3:$A$102,0)),"")) -> 10 | F7: 42000 | G7: =IF(OR($A7="",$F7=""),"",ROUND($E7*$F7,0)) -> 420000 | H7: =IF(OR($A7="",$F7=""),"",IF($F7=_xlfn.MINIFS($F$3:$F$502,$A$3:$A$502,$A7),"최저가","")) -> 최저가 | I7: =IF($H7="최저가",$A7,"") -> P02
A8: P02 | B8: V4 | C8: =IF($A8="","",IFERROR(INDEX(품목목록!$B$3:$B$102,MATCH($A8,품목목록!$A$3:$A$102,0)),"")) -> 사무용의자 | D8: =IF($B8="","",IFERROR(INDEX(업체목록!$B$3:$B$52,MATCH($B8,업체목록!$A$3:$A$52,0)),"")) -> 그린오피스 | E8: =IF($A8="","",IFERROR(INDEX(품목목록!$D$3:$D$102,MATCH($A8,품목목록!$A$3:$A$102,0)),"")) -> 10 | F8: 47000 | G8: =IF(OR($A8="",$F8=""),"",ROUND($E8*$F8,0)) -> 470000 | H8: =IF(OR($A8="",$F8=""),"",IF($F8=_xlfn.MINIFS($F$3:$F$502,$A$3:$A$502,$A8),"최저가","")) | I8: =IF($H8="최저가",$A8,"")
A9: P03 | B9: V2 | C9: =IF($A9="","",IFERROR(INDEX(품목목록!$B$3:$B$102,MATCH($A9,품목목록!$A$3:$A$102,0)),"")) -> 모니터 | D9: =IF($B9="","",IFERROR(INDEX(업체목록!$B$3:$B$52,MATCH($B9,업체목록!$A$3:$A$52,0)),"")) -> 서울사무기기 | E9: =IF($A9="","",IFERROR(INDEX(품목목록!$D$3:$D$102,MATCH($A9,품목목록!$A$3:$A$102,0)),"")) -> 5 | F9: 185000 | G9: =IF(OR($A9="",$F9=""),"",ROUND($E9*$F9,0)) -> 925000 | H9: =IF(OR($A9="",$F9=""),"",IF($F9=_xlfn.MINIFS($F$3:$F$502,$A$3:$A$502,$A9),"최저가","")) | I9: =IF($H9="최저가",$A9,"")
A10: P03 | B10: V3 | C10: =IF($A10="","",IFERROR(INDEX(품목목록!$B$3:$B$102,MATCH($A10,품목목록!$A$3:$A$102,0)),"")) -> 모니터 | D10: =IF($B10="","",IFERROR(INDEX(업체목록!$B$3:$B$52,MATCH($B10,업체목록!$A$3:$A$52,0)),"")) -> 대성물산 | E10: =IF($A10="","",IFERROR(INDEX(품목목록!$D$3:$D$102,MATCH($A10,품목목록!$A$3:$A$102,0)),"")) -> 5 | F10: 179000 | G10: =IF(OR($A10="",$F10=""),"",ROUND($E10*$F10,0)) -> 895000 | H10: =IF(OR($A10="",$F10=""),"",IF($F10=_xlfn.MINIFS($F$3:$F$502,$A$3:$A$502,$A10),"최저가","")) -> 최저가 | I10: =IF($H10="최저가",$A10,"") -> P03
A11: P03 | B11: V4 | C11: =IF($A11="","",IFERROR(INDEX(품목목록!$B$3:$B$102,MATCH($A11,품목목록!$A$3:$A$102,0)),"")) -> 모니터 | D11: =IF($B11="","",IFERROR(INDEX(업체목록!$B$3:$B$52,MATCH($B11,업체목록!$A$3:$A$52,0)),"")) -> 그린오피스 | E11: =IF($A11="","",IFERROR(INDEX(품목목록!$D$3:$D$102,MATCH($A11,품목목록!$A$3:$A$102,0)),"")) -> 5 | F11: 182000 | G11: =IF(OR($A11="",$F11=""),"",ROUND($E11*$F11,0)) -> 910000 | H11: =IF(OR($A11="",$F11=""),"",IF($F11=_xlfn.MINIFS($F$3:$F$502,$A$3:$A$502,$A11),"최저가","")) | I11: =IF($H11="최저가",$A11,"")
A12: P04 | B12: V1 | C12: =IF($A12="","",IFERROR(INDEX(품목목록!$B$3:$B$102,MATCH($A12,품목목록!$A$3:$A$102,0)),"")) -> 복합기토너 | D12: =IF($B12="","",IFERROR(INDEX(업체목록!$B$3:$B$52,MATCH($B12,업체목록!$A$3:$A$52,0)),"")) -> 한빛오피스 | E12: =IF($A12="","",IFERROR(INDEX(품목목록!$D$3:$D$102,MATCH($A12,품목목록!$A$3:$A$102,0)),"")) -> 8 | F12: 28000 | G12: =IF(OR($A12="",$F12=""),"",ROUND($E12*$F12,0)) -> 224000 | H12: =IF(OR($A12="",$F12=""),"",IF($F12=_xlfn.MINIFS($F$3:$F$502,$A$3:$A$502,$A12),"최저가","")) | I12: =IF($H12="최저가",$A12,"")
A13: P04 | B13: V3 | C13: =IF($A13="","",IFERROR(INDEX(품목목록!$B$3:$B$102,MATCH($A13,품목목록!$A$3:$A$102,0)),"")) -> 복합기토너 | D13: =IF($B13="","",IFERROR(INDEX(업체목록!$B$3:$B$52,MATCH($B13,업체목록!$A$3:$A$52,0)),"")) -> 대성물산 | E13: =IF($A13="","",IFERROR(INDEX(품목목록!$D$3:$D$102,MATCH($A13,품목목록!$A$3:$A$102,0)),"")) -> 8 | F13: 26000 | G13: =IF(OR($A13="",$F13=""),"",ROUND($E13*$F13,0)) -> 208000 | H13: =IF(OR($A13="",$F13=""),"",IF($F13=_xlfn.MINIFS($F$3:$F$502,$A$3:$A$502,$A13),"최저가","")) -> 최저가 | I13: =IF($H13="최저가",$A13,"") -> P04
A14: P05 | B14: V1 | C14: =IF($A14="","",IFERROR(INDEX(품목목록!$B$3:$B$102,MATCH($A14,품목목록!$A$3:$A$102,0)),"")) -> 사무용책상 | D14: =IF($B14="","",IFERROR(INDEX(업체목록!$B$3:$B$52,MATCH($B14,업체목록!$A$3:$A$52,0)),"")) -> 한빛오피스 | E14: =IF($A14="","",IFERROR(INDEX(품목목록!$D$3:$D$102,MATCH($A14,품목목록!$A$3:$A$102,0)),"")) -> 8 | F14: 95000 | G14: =IF(OR($A14="",$F14=""),"",ROUND($E14*$F14,0)) -> 760000 | H14: =IF(OR($A14="",$F14=""),"",IF($F14=_xlfn.MINIFS($F$3:$F$502,$A$3:$A$502,$A14),"최저가","")) | I14: =IF($H14="최저가",$A14,"")
A15: P05 | B15: V4 | C15: =IF($A15="","",IFERROR(INDEX(품목목록!$B$3:$B$102,MATCH($A15,품목목록!$A$3:$A$102,0)),"")) -> 사무용책상 | D15: =IF($B15="","",IFERROR(INDEX(업체목록!$B$3:$B$52,MATCH($B15,업체목록!$A$3:$A$52,0)),"")) -> 그린오피스 | E15: =IF($A15="","",IFERROR(INDEX(품목목록!$D$3:$D$102,MATCH($A15,품목목록!$A$3:$A$102,0)),"")) -> 8 | F15: 89000 | G15: =IF(OR($A15="",$F15=""),"",ROUND($E15*$F15,0)) -> 712000 | H15: =IF(OR($A15="",$F15=""),"",IF($F15=_xlfn.MINIFS($F$3:$F$502,$A$3:$A$502,$A15),"최저가","")) -> 최저가 | I15: =IF($H15="최저가",$A15,"") -> P05
C16: =IF($A16="","",IFERROR(INDEX(품목목록!$B$3:$B$102,MATCH($A16,품목목록!$A$3:$A$102,0)),"")) | D16: =IF($B16="","",IFERROR(INDEX(업체목록!$B$3:$B$52,MATCH($B16,업체목록!$A$3:$A$52,0)),"")) | E16: =IF($A16="","",IFERROR(INDEX(품목목록!$D$3:$D$102,MATCH($A16,품목목록!$A$3:$A$102,0)),"")) | G16: =IF(OR($A16="",$F16=""),"",ROUND($E16*$F16,0)) | H16: =IF(OR($A16="",$F16=""),"",IF($F16=_xlfn.MINIFS($F$3:$F$502,$A$3:$A$502,$A16),"최저가","")) | I16: =IF($H16="최저가",$A16,"")
C17: =IF($A17="","",IFERROR(INDEX(품목목록!$B$3:$B$102,MATCH($A17,품목목록!$A$3:$A$102,0)),"")) | D17: =IF($B17="","",IFERROR(INDEX(업체목록!$B$3:$B$52,MATCH($B17,업체목록!$A$3:$A$52,0)),"")) | E17: =IF($A17="","",IFERROR(INDEX(품목목록!$D$3:$D$102,MATCH($A17,품목목록!$A$3:$A$102,0)),"")) | G17: =IF(OR($A17="",$F17=""),"",ROUND($E17*$F17,0)) | H17: =IF(OR($A17="",$F17=""),"",IF($F17=_xlfn.MINIFS($F$3:$F$502,$A$3:$A$502,$A17),"최저가","")) | I17: =IF($H17="최저가",$A17,"")
C18: =IF($A18="","",IFERROR(INDEX(품목목록!$B$3:$B$102,MATCH($A18,품목목록!$A$3:$A$102,0)),"")) | D18: =IF($B18="","",IFERROR(INDEX(업체목록!$B$3:$B$52,MATCH($B18,업체목록!$A$3:$A$52,0)),"")) | E18: =IF($A18="","",IFERROR(INDEX(품목목록!$D$3:$D$102,MATCH($A18,품목목록!$A$3:$A$102,0)),"")) | G18: =IF(OR($A18="",$F18=""),"",ROUND($E18*$F18,0)) | H18: =IF(OR($A18="",$F18=""),"",IF($F18=_xlfn.MINIFS($F$3:$F$502,$A$3:$A$502,$A18),"최저가","")) | I18: =IF($H18="최저가",$A18,"")
C19: =IF($A19="","",IFERROR(INDEX(품목목록!$B$3:$B$102,MATCH($A19,품목목록!$A$3:$A$102,0)),"")) | D19: =IF($B19="","",IFERROR(INDEX(업체목록!$B$3:$B$52,MATCH($B19,업체목록!$A$3:$A$52,0)),"")) | E19: =IF($A19="","",IFERROR(INDEX(품목목록!$D$3:$D$102,MATCH($A19,품목목록!$A$3:$A$102,0)),"")) | G19: =IF(OR($A19="",$F19=""),"",ROUND($E19*$F19,0)) | H19: =IF(OR($A19="",$F19=""),"",IF($F19=_xlfn.MINIFS($F$3:$F$502,$A$3:$A$502,$A19),"최저가","")) | I19: =IF($H19="최저가",$A19,"")
C20: =IF($A20="","",IFERROR(INDEX(품목목록!$B$3:$B$102,MATCH($A20,품목목록!$A$3:$A$102,0)),"")) | D20: =IF($B20="","",IFERROR(INDEX(업체목록!$B$3:$B$52,MATCH($B20,업체목록!$A$3:$A$52,0)),"")) | E20: =IF($A20="","",IFERROR(INDEX(품목목록!$D$3:$D$102,MATCH($A20,품목목록!$A$3:$A$102,0)),"")) | G20: =IF(OR($A20="",$F20=""),"",ROUND($E20*$F20,0)) | H20: =IF(OR($A20="",$F20=""),"",IF($F20=_xlfn.MINIFS($F$3:$F$502,$A$3:$A$502,$A20),"최저가","")) | I20: =IF($H20="최저가",$A20,"")
C21: =IF($A21="","",IFERROR(INDEX(품목목록!$B$3:$B$102,MATCH($A21,품목목록!$A$3:$A$102,0)),"")) | D21: =IF($B21="","",IFERROR(INDEX(업체목록!$B$3:$B$52,MATCH($B21,업체목록!$A$3:$A$52,0)),"")) | E21: =IF($A21="","",IFERROR(INDEX(품목목록!$D$3:$D$102,MATCH($A21,품목목록!$A$3:$A$102,0)),"")) | G21: =IF(OR($A21="",$F21=""),"",ROUND($E21*$F21,0)) | H21: =IF(OR($A21="",$F21=""),"",IF($F21=_xlfn.MINIFS($F$3:$F$502,$A$3:$A$502,$A21),"최저가","")) | I21: =IF($H21="최저가",$A21,"")
C22: =IF($A22="","",IFERROR(INDEX(품목목록!$B$3:$B$102,MATCH($A22,품목목록!$A$3:$A$102,0)),"")) | D22: =IF($B22="","",IFERROR(INDEX(업체목록!$B$3:$B$52,MATCH($B22,업체목록!$A$3:$A$52,0)),"")) | E22: =IF($A22="","",IFERROR(INDEX(품목목록!$D$3:$D$102,MATCH($A22,품목목록!$A$3:$A$102,0)),"")) | G22: =IF(OR($A22="",$F22=""),"",ROUND($E22*$F22,0)) | H22: =IF(OR($A22="",$F22=""),"",IF($F22=_xlfn.MINIFS($F$3:$F$502,$A$3:$A$502,$A22),"최저가","")) | I22: =IF($H22="최저가",$A22,"")
C23: =IF($A23="","",IFERROR(INDEX(품목목록!$B$3:$B$102,MATCH($A23,품목목록!$A$3:$A$102,0)),"")) | D23: =IF($B23="","",IFERROR(INDEX(업체목록!$B$3:$B$52,MATCH($B23,업체목록!$A$3:$A$52,0)),"")) | E23: =IF($A23="","",IFERROR(INDEX(품목목록!$D$3:$D$102,MATCH($A23,품목목록!$A$3:$A$102,0)),"")) | G23: =IF(OR($A23="",$F23=""),"",ROUND($E23*$F23,0)) | H23: =IF(OR($A23="",$F23=""),"",IF($F23=_xlfn.MINIFS($F$3:$F$502,$A$3:$A$502,$A23),"최저가","")) | I23: =IF($H23="최저가",$A23,"")
C24: =IF($A24="","",IFERROR(INDEX(품목목록!$B$3:$B$102,MATCH($A24,품목목록!$A$3:$A$102,0)),"")) | D24: =IF($B24="","",IFERROR(INDEX(업체목록!$B$3:$B$52,MATCH($B24,업체목록!$A$3:$A$52,0)),"")) | E24: =IF($A24="","",IFERROR(INDEX(품목목록!$D$3:$D$102,MATCH($A24,품목목록!$A$3:$A$102,0)),"")) | G24: =IF(OR($A24="",$F24=""),"",ROUND($E24*$F24,0)) | H24: =IF(OR($A24="",$F24=""),"",IF($F24=_xlfn.MINIFS($F$3:$F$502,$A$3:$A$502,$A24),"최저가","")) | I24: =IF($H24="최저가",$A24,"")
C25: =IF($A25="","",IFERROR(INDEX(품목목록!$B$3:$B$102,MATCH($A25,품목목록!$A$3:$A$102,0)),"")) | D25: =IF($B25="","",IFERROR(INDEX(업체목록!$B$3:$B$52,MATCH($B25,업체목록!$A$3:$A$52,0)),"")) | E25: =IF($A25="","",IFERROR(INDEX(품목목록!$D$3:$D$102,MATCH($A25,품목목록!$A$3:$A$102,0)),"")) | G25: =IF(OR($A25="",$F25=""),"",ROUND($E25*$F25,0)) | H25: =IF(OR($A25="",$F25=""),"",IF($F25=_xlfn.MINIFS($F$3:$F$502,$A$3:$A$502,$A25),"최저가","")) | I25: =IF($H25="최저가",$A25,"")
C26: =IF($A26="","",IFERROR(INDEX(품목목록!$B$3:$B$102,MATCH($A26,품목목록!$A$3:$A$102,0)),"")) | D26: =IF($B26="","",IFERROR(INDEX(업체목록!$B$3:$B$52,MATCH($B26,업체목록!$A$3:$A$52,0)),"")) | E26: =IF($A26="","",IFERROR(INDEX(품목목록!$D$3:$D$102,MATCH($A26,품목목록!$A$3:$A$102,0)),"")) | G26: =IF(OR($A26="",$F26=""),"",ROUND($E26*$F26,0)) | H26: =IF(OR($A26="",$F26=""),"",IF($F26=_xlfn.MINIFS($F$3:$F$502,$A$3:$A$502,$A26),"최저가","")) | I26: =IF($H26="최저가",$A26,"")
C27: =IF($A27="","",IFERROR(INDEX(품목목록!$B$3:$B$102,MATCH($A27,품목목록!$A$3:$A$102,0)),"")) | D27: =IF($B27="","",IFERROR(INDEX(업체목록!$B$3:$B$52,MATCH($B27,업체목록!$A$3:$A$52,0)),"")) | E27: =IF($A27="","",IFERROR(INDEX(품목목록!$D$3:$D$102,MATCH($A27,품목목록!$A$3:$A$102,0)),"")) | G27: =IF(OR($A27="",$F27=""),"",ROUND($E27*$F27,0)) | H27: =IF(OR($A27="",$F27=""),"",IF($F27=_xlfn.MINIFS($F$3:$F$502,$A$3:$A$502,$A27),"최저가","")) | I27: =IF($H27="최저가",$A27,"")
... C502: =IF($A502="","",IFERROR(INDEX(품목목록!$B$3:$B$102,MATCH($A502,품목목록!$A$3:$A$102,0)),"")) | D502: =IF($B502="","",IFERROR(INDEX(업체목록!$B$3:$B$52,MATCH($B502,업체목록!$A$3:$A$52,0)),"")) | E502: =IF($A502="","",IFERROR(INDEX(품목목록!$D$3:$D$102,MATCH($A502,품목목록!$A$3:$A$102,0)),"")) | G502: =IF(OR($A502="",$F502=""),"",ROUND($E502*$F502,0)) | H502: =IF(OR($A502="",$F502=""),"",IF($F502=_xlfn.MINIFS($F$3:$F$502,$A$3:$A$502,$A502),"최저가","")) | I502: =IF($H502="최저가",$A502,"")

Sheet 업체별비교
A1: 업체별비교 (자동, 열 머리글의 V1~V4는 업체목록의 업체코드)
A2: 품번 | B2: 품명 | C2: V1 | D2: V2 | E2: V3 | F2: V4 | G2: 최저단가 | H2: 최저업체
A3: =IF(품목목록!$A3="","",품목목록!$A3) -> P01 | B3: =IF($A3="","",품목목록!$B3) -> A4용지 80g | C3: =IF($A3="","",IF(SUMIFS(견적입력!$F$3:$F$502,견적입력!$A$3:$A$502,$A3,견적입력!$B$3:$B$502,"V1")=0,"",SUMIFS(견적입력!$F$3:$F$502,견적입력!$A$3:$A$502,$A3,견적입력!$B$3:$B$502,"V1"))) -> 3200 | D3: =IF($A3="","",IF(SUMIFS(견적입력!$F$3:$F$502,견적입력!$A$3:$A$502,$A3,견적입력!$B$3:$B$502,"V2")=0,"",SUMIFS(견적입력!$F$3:$F$502,견적입력!$A$3:$A$502,$A3,견적입력!$B$3:$B$502,"V2"))) -> 3100 | E3: =IF($A3="","",IF(SUMIFS(견적입력!$F$3:$F$502,견적입력!$A$3:$A$502,$A3,견적입력!$B$3:$B$502,"V3")=0,"",SUMIFS(견적입력!$F$3:$F$502,견적입력!$A$3:$A$502,$A3,견적입력!$B$3:$B$502,"V3"))) -> 3400 | F3: =IF($A3="","",IF(SUMIFS(견적입력!$F$3:$F$502,견적입력!$A$3:$A$502,$A3,견적입력!$B$3:$B$502,"V4")=0,"",SUMIFS(견적입력!$F$3:$F$502,견적입력!$A$3:$A$502,$A3,견적입력!$B$3:$B$502,"V4"))) | G3: =IF($A3="","",IFERROR(_xlfn.MINIFS(견적입력!$F$3:$F$502,견적입력!$A$3:$A$502,$A3),"")) -> 3100 | H3: =IF($A3="","",IFERROR(INDEX(견적입력!$D$3:$D$502,MATCH($A3,견적입력!$I$3:$I$502,0)),"")) -> 서울사무기기
A4: =IF(품목목록!$A4="","",품목목록!$A4) -> P02 | B4: =IF($A4="","",품목목록!$B4) -> 사무용의자 | C4: =IF($A4="","",IF(SUMIFS(견적입력!$F$3:$F$502,견적입력!$A$3:$A$502,$A4,견적입력!$B$3:$B$502,"V1")=0,"",SUMIFS(견적입력!$F$3:$F$502,견적입력!$A$3:$A$502,$A4,견적입력!$B$3:$B$502,"V1"))) -> 45000 | D4: =IF($A4="","",IF(SUMIFS(견적입력!$F$3:$F$502,견적입력!$A$3:$A$502,$A4,견적입력!$B$3:$B$502,"V2")=0,"",SUMIFS(견적입력!$F$3:$F$502,견적입력!$A$3:$A$502,$A4,견적입력!$B$3:$B$502,"V2"))) -> 42000 | E4: =IF($A4="","",IF(SUMIFS(견적입력!$F$3:$F$502,견적입력!$A$3:$A$502,$A4,견적입력!$B$3:$B$502,"V3")=0,"",SUMIFS(견적입력!$F$3:$F$502,견적입력!$A$3:$A$502,$A4,견적입력!$B$3:$B$502,"V3"))) | F4: =IF($A4="","",IF(SUMIFS(견적입력!$F$3:$F$502,견적입력!$A$3:$A$502,$A4,견적입력!$B$3:$B$502,"V4")=0,"",SUMIFS(견적입력!$F$3:$F$502,견적입력!$A$3:$A$502,$A4,견적입력!$B$3:$B$502,"V4"))) -> 47000 | G4: =IF($A4="","",IFERROR(_xlfn.MINIFS(견적입력!$F$3:$F$502,견적입력!$A$3:$A$502,$A4),"")) -> 42000 | H4: =IF($A4="","",IFERROR(INDEX(견적입력!$D$3:$D$502,MATCH($A4,견적입력!$I$3:$I$502,0)),"")) -> 서울사무기기
A5: =IF(품목목록!$A5="","",품목목록!$A5) -> P03 | B5: =IF($A5="","",품목목록!$B5) -> 모니터 | C5: =IF($A5="","",IF(SUMIFS(견적입력!$F$3:$F$502,견적입력!$A$3:$A$502,$A5,견적입력!$B$3:$B$502,"V1")=0,"",SUMIFS(견적입력!$F$3:$F$502,견적입력!$A$3:$A$502,$A5,견적입력!$B$3:$B$502,"V1"))) | D5: =IF($A5="","",IF(SUMIFS(견적입력!$F$3:$F$502,견적입력!$A$3:$A$502,$A5,견적입력!$B$3:$B$502,"V2")=0,"",SUMIFS(견적입력!$F$3:$F$502,견적입력!$A$3:$A$502,$A5,견적입력!$B$3:$B$502,"V2"))) -> 185000 | E5: =IF($A5="","",IF(SUMIFS(견적입력!$F$3:$F$502,견적입력!$A$3:$A$502,$A5,견적입력!$B$3:$B$502,"V3")=0,"",SUMIFS(견적입력!$F$3:$F$502,견적입력!$A$3:$A$502,$A5,견적입력!$B$3:$B$502,"V3"))) -> 179000 | F5: =IF($A5="","",IF(SUMIFS(견적입력!$F$3:$F$502,견적입력!$A$3:$A$502,$A5,견적입력!$B$3:$B$502,"V4")=0,"",SUMIFS(견적입력!$F$3:$F$502,견적입력!$A$3:$A$502,$A5,견적입력!$B$3:$B$502,"V4"))) -> 182000 | G5: =IF($A5="","",IFERROR(_xlfn.MINIFS(견적입력!$F$3:$F$502,견적입력!$A$3:$A$502,$A5),"")) -> 179000 | H5: =IF($A5="","",IFERROR(INDEX(견적입력!$D$3:$D$502,MATCH($A5,견적입력!$I$3:$I$502,0)),"")) -> 대성물산
A6: =IF(품목목록!$A6="","",품목목록!$A6) -> P04 | B6: =IF($A6="","",품목목록!$B6) -> 복합기토너 | C6: =IF($A6="","",IF(SUMIFS(견적입력!$F$3:$F$502,견적입력!$A$3:$A$502,$A6,견적입력!$B$3:$B$502,"V1")=0,"",SUMIFS(견적입력!$F$3:$F$502,견적입력!$A$3:$A$502,$A6,견적입력!$B$3:$B$502,"V1"))) -> 28000 | D6: =IF($A6="","",IF(SUMIFS(견적입력!$F$3:$F$502,견적입력!$A$3:$A$502,$A6,견적입력!$B$3:$B$502,"V2")=0,"",SUMIFS(견적입력!$F$3:$F$502,견적입력!$A$3:$A$502,$A6,견적입력!$B$3:$B$502,"V2"))) | E6: =IF($A6="","",IF(SUMIFS(견적입력!$F$3:$F$502,견적입력!$A$3:$A$502,$A6,견적입력!$B$3:$B$502,"V3")=0,"",SUMIFS(견적입력!$F$3:$F$502,견적입력!$A$3:$A$502,$A6,견적입력!$B$3:$B$502,"V3"))) -> 26000 | F6: =IF($A6="","",IF(SUMIFS(견적입력!$F$3:$F$502,견적입력!$A$3:$A$502,$A6,견적입력!$B$3:$B$502,"V4")=0,"",SUMIFS(견적입력!$F$3:$F$502,견적입력!$A$3:$A$502,$A6,견적입력!$B$3:$B$502,"V4"))) | G6: =IF($A6="","",IFERROR(_xlfn.MINIFS(견적입력!$F$3:$F$502,견적입력!$A$3:$A$502,$A6),"")) -> 26000 | H6: =IF($A6="","",IFERROR(INDEX(견적입력!$D$3:$D$502,MATCH($A6,견적입력!$I$3:$I$502,0)),"")) -> 대성물산
A7: =IF(품목목록!$A7="","",품목목록!$A7) -> P05 | B7: =IF($A7="","",품목목록!$B7) -> 사무용책상 | C7: =IF($A7="","",IF(SUMIFS(견적입력!$F$3:$F$502,견적입력!$A$3:$A$502,$A7,견적입력!$B$3:$B$502,"V1")=0,"",SUMIFS(견적입력!$F$3:$F$502,견적입력!$A$3:$A$502,$A7,견적입력!$B$3:$B$502,"V1"))) -> 95000 | D7: =IF($A7="","",IF(SUMIFS(견적입력!$F$3:$F$502,견적입력!$A$3:$A$502,$A7,견적입력!$B$3:$B$502,"V2")=0,"",SUMIFS(견적입력!$F$3:$F$502,견적입력!$A$3:$A$502,$A7,견적입력!$B$3:$B$502,"V2"))) | E7: =IF($A7="","",IF(SUMIFS(견적입력!$F$3:$F$502,견적입력!$A$3:$A$502,$A7,견적입력!$B$3:$B$502,"V3")=0,"",SUMIFS(견적입력!$F$3:$F$502,견적입력!$A$3:$A$502,$A7,견적입력!$B$3:$B$502,"V3"))) | F7: =IF($A7="","",IF(SUMIFS(견적입력!$F$3:$F$502,견적입력!$A$3:$A$502,$A7,견적입력!$B$3:$B$502,"V4")=0,"",SUMIFS(견적입력!$F$3:$F$502,견적입력!$A$3:$A$502,$A7,견적입력!$B$3:$B$502,"V4"))) -> 89000 | G7: =IF($A7="","",IFERROR(_xlfn.MINIFS(견적입력!$F$3:$F$502,견적입력!$A$3:$A$502,$A7),"")) -> 89000 | H7: =IF($A7="","",IFERROR(INDEX(견적입력!$D$3:$D$502,MATCH($A7,견적입력!$I$3:$I$502,0)),"")) -> 그린오피스
A8: =IF(품목목록!$A8="","",품목목록!$A8) | B8: =IF($A8="","",품목목록!$B8) | C8: =IF($A8="","",IF(SUMIFS(견적입력!$F$3:$F$502,견적입력!$A$3:$A$502,$A8,견적입력!$B$3:$B$502,"V1")=0,"",SUMIFS(견적입력!$F$3:$F$502,견적입력!$A$3:$A$502,$A8,견적입력!$B$3:$B$502,"V1"))) | D8: =IF($A8="","",IF(SUMIFS(견적입력!$F$3:$F$502,견적입력!$A$3:$A$502,$A8,견적입력!$B$3:$B$502,"V2")=0,"",SUMIFS(견적입력!$F$3:$F$502,견적입력!$A$3:$A$502,$A8,견적입력!$B$3:$B$502,"V2"))) | E8: =IF($A8="","",IF(SUMIFS(견적입력!$F$3:$F$502,견적입력!$A$3:$A$502,$A8,견적입력!$B$3:$B$502,"V3")=0,"",SUMIFS(견적입력!$F$3:$F$502,견적입력!$A$3:$A$502,$A8,견적입력!$B$3:$B$502,"V3"))) | F8: =IF($A8="","",IF(SUMIFS(견적입력!$F$3:$F$502,견적입력!$A$3:$A$502,$A8,견적입력!$B$3:$B$502,"V4")=0,"",SUMIFS(견적입력!$F$3:$F$502,견적입력!$A$3:$A$502,$A8,견적입력!$B$3:$B$502,"V4"))) | G8: =IF($A8="","",IFERROR(_xlfn.MINIFS(견적입력!$F$3:$F$502,견적입력!$A$3:$A$502,$A8),"")) | H8: =IF($A8="","",IFERROR(INDEX(견적입력!$D$3:$D$502,MATCH($A8,견적입력!$I$3:$I$502,0)),""))
A9: =IF(품목목록!$A9="","",품목목록!$A9) | B9: =IF($A9="","",품목목록!$B9) | C9: =IF($A9="","",IF(SUMIFS(견적입력!$F$3:$F$502,견적입력!$A$3:$A$502,$A9,견적입력!$B$3:$B$502,"V1")=0,"",SUMIFS(견적입력!$F$3:$F$502,견적입력!$A$3:$A$502,$A9,견적입력!$B$3:$B$502,"V1"))) | D9: =IF($A9="","",IF(SUMIFS(견적입력!$F$3:$F$502,견적입력!$A$3:$A$502,$A9,견적입력!$B$3:$B$502,"V2")=0,"",SUMIFS(견적입력!$F$3:$F$502,견적입력!$A$3:$A$502,$A9,견적입력!$B$3:$B$502,"V2"))) | E9: =IF($A9="","",IF(SUMIFS(견적입력!$F$3:$F$502,견적입력!$A$3:$A$502,$A9,견적입력!$B$3:$B$502,"V3")=0,"",SUMIFS(견적입력!$F$3:$F$502,견적입력!$A$3:$A$502,$A9,견적입력!$B$3:$B$502,"V3"))) | F9: =IF($A9="","",IF(SUMIFS(견적입력!$F$3:$F$502,견적입력!$A$3:$A$502,$A9,견적입력!$B$3:$B$502,"V4")=0,"",SUMIFS(견적입력!$F$3:$F$502,견적입력!$A$3:$A$502,$A9,견적입력!$B$3:$B$502,"V4"))) | G9: =IF($A9="","",IFERROR(_xlfn.MINIFS(견적입력!$F$3:$F$502,견적입력!$A$3:$A$502,$A9),"")) | H9: =IF($A9="","",IFERROR(INDEX(견적입력!$D$3:$D$502,MATCH($A9,견적입력!$I$3:$I$502,0)),""))
A10: =IF(품목목록!$A10="","",품목목록!$A10) | B10: =IF($A10="","",품목목록!$B10) | C10: =IF($A10="","",IF(SUMIFS(견적입력!$F$3:$F$502,견적입력!$A$3:$A$502,$A10,견적입력!$B$3:$B$502,"V1")=0,"",SUMIFS(견적입력!$F$3:$F$502,견적입력!$A$3:$A$502,$A10,견적입력!$B$3:$B$502,"V1"))) | D10: =IF($A10="","",IF(SUMIFS(견적입력!$F$3:$F$502,견적입력!$A$3:$A$502,$A10,견적입력!$B$3:$B$502,"V2")=0,"",SUMIFS(견적입력!$F$3:$F$502,견적입력!$A$3:$A$502,$A10,견적입력!$B$3:$B$502,"V2"))) | E10: =IF($A10="","",IF(SUMIFS(견적입력!$F$3:$F$502,견적입력!$A$3:$A$502,$A10,견적입력!$B$3:$B$502,"V3")=0,"",SUMIFS(견적입력!$F$3:$F$502,견적입력!$A$3:$A$502,$A10,견적입력!$B$3:$B$502,"V3"))) | F10: =IF($A10="","",IF(SUMIFS(견적입력!$F$3:$F$502,견적입력!$A$3:$A$502,$A10,견적입력!$B$3:$B$502,"V4")=0,"",SUMIFS(견적입력!$F$3:$F$502,견적입력!$A$3:$A$502,$A10,견적입력!$B$3:$B$502,"V4"))) | G10: =IF($A10="","",IFERROR(_xlfn.MINIFS(견적입력!$F$3:$F$502,견적입력!$A$3:$A$502,$A10),"")) | H10: =IF($A10="","",IFERROR(INDEX(견적입력!$D$3:$D$502,MATCH($A10,견적입력!$I$3:$I$502,0)),""))
A11: =IF(품목목록!$A11="","",품목목록!$A11) | B11: =IF($A11="","",품목목록!$B11) | C11: =IF($A11="","",IF(SUMIFS(견적입력!$F$3:$F$502,견적입력!$A$3:$A$502,$A11,견적입력!$B$3:$B$502,"V1")=0,"",SUMIFS(견적입력!$F$3:$F$502,견적입력!$A$3:$A$502,$A11,견적입력!$B$3:$B$502,"V1"))) | D11: =IF($A11="","",IF(SUMIFS(견적입력!$F$3:$F$502,견적입력!$A$3:$A$502,$A11,견적입력!$B$3:$B$502,"V2")=0,"",SUMIFS(견적입력!$F$3:$F$502,견적입력!$A$3:$A$502,$A11,견적입력!$B$3:$B$502,"V2"))) | E11: =IF($A11="","",IF(SUMIFS(견적입력!$F$3:$F$502,견적입력!$A$3:$A$502,$A11,견적입력!$B$3:$B$502,"V3")=0,"",SUMIFS(견적입력!$F$3:$F$502,견적입력!$A$3:$A$502,$A11,견적입력!$B$3:$B$502,"V3"))) | F11: =IF($A11="","",IF(SUMIFS(견적입력!$F$3:$F$502,견적입력!$A$3:$A$502,$A11,견적입력!$B$3:$B$502,"V4")=0,"",SUMIFS(견적입력!$F$3:$F$502,견적입력!$A$3:$A$502,$A11,견적입력!$B$3:$B$502,"V4"))) | G11: =IF($A11="","",IFERROR(_xlfn.MINIFS(견적입력!$F$3:$F$502,견적입력!$A$3:$A$502,$A11),"")) | H11: =IF($A11="","",IFERROR(INDEX(견적입력!$D$3:$D$502,MATCH($A11,견적입력!$I$3:$I$502,0)),""))
A12: =IF(품목목록!$A12="","",품목목록!$A12) | B12: =IF($A12="","",품목목록!$B12) | C12: =IF($A12="","",IF(SUMIFS(견적입력!$F$3:$F$502,견적입력!$A$3:$A$502,$A12,견적입력!$B$3:$B$502,"V1")=0,"",SUMIFS(견적입력!$F$3:$F$502,견적입력!$A$3:$A$502,$A12,견적입력!$B$3:$B$502,"V1"))) | D12: =IF($A12="","",IF(SUMIFS(견적입력!$F$3:$F$502,견적입력!$A$3:$A$502,$A12,견적입력!$B$3:$B$502,"V2")=0,"",SUMIFS(견적입력!$F$3:$F$502,견적입력!$A$3:$A$502,$A12,견적입력!$B$3:$B$502,"V2"))) | E12: =IF($A12="","",IF(SUMIFS(견적입력!$F$3:$F$502,견적입력!$A$3:$A$502,$A12,견적입력!$B$3:$B$502,"V3")=0,"",SUMIFS(견적입력!$F$3:$F$502,견적입력!$A$3:$A$502,$A12,견적입력!$B$3:$B$502,"V3"))) | F12: =IF($A12="","",IF(SUMIFS(견적입력!$F$3:$F$502,견적입력!$A$3:$A$502,$A12,견적입력!$B$3:$B$502,"V4")=0,"",SUMIFS(견적입력!$F$3:$F$502,견적입력!$A$3:$A$502,$A12,견적입력!$B$3:$B$502,"V4"))) | G12: =IF($A12="","",IFERROR(_xlfn.MINIFS(견적입력!$F$3:$F$502,견적입력!$A$3:$A$502,$A12),"")) | H12: =IF($A12="","",IFERROR(INDEX(견적입력!$D$3:$D$502,MATCH($A12,견적입력!$I$3:$I$502,0)),""))
A13: =IF(품목목록!$A13="","",품목목록!$A13) | B13: =IF($A13="","",품목목록!$B13) | C13: =IF($A13="","",IF(SUMIFS(견적입력!$F$3:$F$502,견적입력!$A$3:$A$502,$A13,견적입력!$B$3:$B$502,"V1")=0,"",SUMIFS(견적입력!$F$3:$F$502,견적입력!$A$3:$A$502,$A13,견적입력!$B$3:$B$502,"V1"))) | D13: =IF($A13="","",IF(SUMIFS(견적입력!$F$3:$F$502,견적입력!$A$3:$A$502,$A13,견적입력!$B$3:$B$502,"V2")=0,"",SUMIFS(견적입력!$F$3:$F$502,견적입력!$A$3:$A$502,$A13,견적입력!$B$3:$B$502,"V2"))) | E13: =IF($A13="","",IF(SUMIFS(견적입력!$F$3:$F$502,견적입력!$A$3:$A$502,$A13,견적입력!$B$3:$B$502,"V3")=0,"",SUMIFS(견적입력!$F$3:$F$502,견적입력!$A$3:$A$502,$A13,견적입력!$B$3:$B$502,"V3"))) | F13: =IF($A13="","",IF(SUMIFS(견적입력!$F$3:$F$502,견적입력!$A$3:$A$502,$A13,견적입력!$B$3:$B$502,"V4")=0,"",SUMIFS(견적입력!$F$3:$F$502,견적입력!$A$3:$A$502,$A13,견적입력!$B$3:$B$502,"V4"))) | G13: =IF($A13="","",IFERROR(_xlfn.MINIFS(견적입력!$F$3:$F$502,견적입력!$A$3:$A$502,$A13),"")) | H13: =IF($A13="","",IFERROR(INDEX(견적입력!$D$3:$D$502,MATCH($A13,견적입력!$I$3:$I$502,0)),""))
A14: =IF(품목목록!$A14="","",품목목록!$A14) | B14: =IF($A14="","",품목목록!$B14) | C14: =IF($A14="","",IF(SUMIFS(견적입력!$F$3:$F$502,견적입력!$A$3:$A$502,$A14,견적입력!$B$3:$B$502,"V1")=0,"",SUMIFS(견적입력!$F$3:$F$502,견적입력!$A$3:$A$502,$A14,견적입력!$B$3:$B$502,"V1"))) | D14: =IF($A14="","",IF(SUMIFS(견적입력!$F$3:$F$502,견적입력!$A$3:$A$502,$A14,견적입력!$B$3:$B$502,"V2")=0,"",SUMIFS(견적입력!$F$3:$F$502,견적입력!$A$3:$A$502,$A14,견적입력!$B$3:$B$502,"V2"))) | E14: =IF($A14="","",IF(SUMIFS(견적입력!$F$3:$F$502,견적입력!$A$3:$A$502,$A14,견적입력!$B$3:$B$502,"V3")=0,"",SUMIFS(견적입력!$F$3:$F$502,견적입력!$A$3:$A$502,$A14,견적입력!$B$3:$B$502,"V3"))) | F14: =IF($A14="","",IF(SUMIFS(견적입력!$F$3:$F$502,견적입력!$A$3:$A$502,$A14,견적입력!$B$3:$B$502,"V4")=0,"",SUMIFS(견적입력!$F$3:$F$502,견적입력!$A$3:$A$502,$A14,견적입력!$B$3:$B$502,"V4"))) | G14: =IF($A14="","",IFERROR(_xlfn.MINIFS(견적입력!$F$3:$F$502,견적입력!$A$3:$A$502,$A14),"")) | H14: =IF($A14="","",IFERROR(INDEX(견적입력!$D$3:$D$502,MATCH($A14,견적입력!$I$3:$I$502,0)),""))
... A102: =IF(품목목록!$A102="","",품목목록!$A102) | B102: =IF($A102="","",품목목록!$B102) | C102: =IF($A102="","",IF(SUMIFS(견적입력!$F$3:$F$502,견적입력!$A$3:$A$502,$A102,견적입력!$B$3:$B$502,"V1")=0,"",SUMIFS(견적입력!$F$3:$F$502,견적입력!$A$3:$A$502,$A102,견적입력!$B$3:$B$502,"V1"))) | D102: =IF($A102="","",IF(SUMIFS(견적입력!$F$3:$F$502,견적입력!$A$3:$A$502,$A102,견적입력!$B$3:$B$502,"V2")=0,"",SUMIFS(견적입력!$F$3:$F$502,견적입력!$A$3:$A$502,$A102,견적입력!$B$3:$B$502,"V2"))) | E102: =IF($A102="","",IF(SUMIFS(견적입력!$F$3:$F$502,견적입력!$A$3:$A$502,$A102,견적입력!$B$3:$B$502,"V3")=0,"",SUMIFS(견적입력!$F$3:$F$502,견적입력!$A$3:$A$502,$A102,견적입력!$B$3:$B$502,"V3"))) | F102: =IF($A102="","",IF(SUMIFS(견적입력!$F$3:$F$502,견적입력!$A$3:$A$502,$A102,견적입력!$B$3:$B$502,"V4")=0,"",SUMIFS(견적입력!$F$3:$F$502,견적입력!$A$3:$A$502,$A102,견적입력!$B$3:$B$502,"V4"))) | G102: =IF($A102="","",IFERROR(_xlfn.MINIFS(견적입력!$F$3:$F$502,견적입력!$A$3:$A$502,$A102),"")) | H102: =IF($A102="","",IFERROR(INDEX(견적입력!$D$3:$D$502,MATCH($A102,견적입력!$I$3:$I$502,0)),""))

Sheet 최저가결과
A1: 최저가결과 (자동, 이대로 발주하면 됩니다)
A2: 품번 | B2: 품명 | C2: 필요수량 | D2: 최저업체 | E2: 최저단가 | F2: 구매금액
A3: =품목목록!$A3 -> P01 | B3: =품목목록!$B3 -> A4용지 80g | C3: =품목목록!$D3 -> 50 | D3: =IFERROR(INDEX(업체별비교!$H$3:$H$102,MATCH($A3,업체별비교!$A$3:$A$102,0)),"") -> 서울사무기기 | E3: =IFERROR(INDEX(업체별비교!$G$3:$G$102,MATCH($A3,업체별비교!$A$3:$A$102,0)),"") -> 3100 | F3: =IF(OR($C3="",$E3=""),"",ROUND($C3*$E3,0)) -> 155000
A4: =품목목록!$A4 -> P02 | B4: =품목목록!$B4 -> 사무용의자 | C4: =품목목록!$D4 -> 10 | D4: =IFERROR(INDEX(업체별비교!$H$3:$H$102,MATCH($A4,업체별비교!$A$3:$A$102,0)),"") -> 서울사무기기 | E4: =IFERROR(INDEX(업체별비교!$G$3:$G$102,MATCH($A4,업체별비교!$A$3:$A$102,0)),"") -> 42000 | F4: =IF(OR($C4="",$E4=""),"",ROUND($C4*$E4,0)) -> 420000
A5: =품목목록!$A5 -> P03 | B5: =품목목록!$B5 -> 모니터 | C5: =품목목록!$D5 -> 5 | D5: =IFERROR(INDEX(업체별비교!$H$3:$H$102,MATCH($A5,업체별비교!$A$3:$A$102,0)),"") -> 대성물산 | E5: =IFERROR(INDEX(업체별비교!$G$3:$G$102,MATCH($A5,업체별비교!$A$3:$A$102,0)),"") -> 179000 | F5: =IF(OR($C5="",$E5=""),"",ROUND($C5*$E5,0)) -> 895000
A6: =품목목록!$A6 -> P04 | B6: =품목목록!$B6 -> 복합기토너 | C6: =품목목록!$D6 -> 8 | D6: =IFERROR(INDEX(업체별비교!$H$3:$H$102,MATCH($A6,업체별비교!$A$3:$A$102,0)),"") -> 대성물산 | E6: =IFERROR(INDEX(업체별비교!$G$3:$G$102,MATCH($A6,업체별비교!$A$3:$A$102,0)),"") -> 26000 | F6: =IF(OR($C6="",$E6=""),"",ROUND($C6*$E6,0)) -> 208000
A7: =품목목록!$A7 -> P05 | B7: =품목목록!$B7 -> 사무용책상 | C7: =품목목록!$D7 -> 8 | D7: =IFERROR(INDEX(업체별비교!$H$3:$H$102,MATCH($A7,업체별비교!$A$3:$A$102,0)),"") -> 그린오피스 | E7: =IFERROR(INDEX(업체별비교!$G$3:$G$102,MATCH($A7,업체별비교!$A$3:$A$102,0)),"") -> 89000 | F7: =IF(OR($C7="",$E7=""),"",ROUND($C7*$E7,0)) -> 712000
B8: 합계 | F8: =SUM(F3:F7) -> 2390000
