Workbook

Sheet 사용안내
B2: 일일매출 · 거래처별 미수금 관리
B4: 핵심 | C4: 매출과 수금을 한 곳에 기록하면 거래처별 미수금과 며칠 밀렸는지가 자동으로 나옵니다.
B5: 입력 규칙 | C5: 파란색 글씨 칸만 입력하세요. 검은색은 자동 계산입니다.
B6: ① 거래처목록 | C6: 거래처명·담당자·여신한도를 등록합니다.
B7: ② 매출내역 | C7: 매출이 발생할 때마다 한 줄. 그 자리에서 받았으면 수금액에 같은 금액을 넣으세요.
C8: 나중에 받으면 비워두고, 입금되면 그때 수금일과 수금액을 채우면 됩니다.
B9: ③ 거래처별미수 | C9: 거래처별 총매출·총수금·미수금과 가장 오래된 미수 경과일이 나옵니다.
B10: ④ 미수연령분석 | C10: 미수금을 30일·60일·90일 구간으로 나눠 보여줍니다. 독촉 순서를 정할 때 씁니다.
B11: ⑤ 일별매출 | C11: 날짜별 매출·수금·미수 증감이 나옵니다.
B12: ⑥ 월별집계 | C12: 월별 합계입니다.
B13: 미수금 계산 | C13: 매출액 − 수금액. 부분 수금도 그대로 반영됩니다.
B14: 여신한도 | C14: 거래처별로 허용할 미수 상한입니다. 넘으면 빨간색으로 표시됩니다.
B16: 설정 | C16: 값을 바꾸면 모든 계산에 반영됩니다
B17: 미수 경고 기준(일) | C17: 30
B19: ※ 이 파일은 매출 3,000건까지 처리하도록 만들어졌습니다.

Sheet 거래처목록
A1: 거래처목록
A2: 거래처명 | B2: 담당자 | C2: 연락처 | D2: 여신한도 | E2: 결제조건 | F2: 비고
A3: ○○건재 | B3: 김소장 | C3: 010-0000-0001 | D3: 10000000 | E3: 월말 정산
A4: △△인테리어 | B4: 이소장 | C4: 010-0000-0002 | D4: 5000000 | E4: 익월 15일
A5: □□산업 | B5: 박부장 | C5: 010-0000-0003 | D5: 20000000 | E5: 현금

Sheet 매출내역
A1: 매출내역 (매출일·거래처·금액만 넣으면 됩니다)
A2: 매출일 | B2: 거래처명 | C2: 품목/내용 | D2: 수량 | E2: 단가 | F2: 매출액(자동) | G2: 수금일 | H2: 수금액 | I2: 미수금(자동) | J2: 경과일(자동) | K2: 비고
A3: 46188 | B3: △△인테리어 | C3: 도배지 300롤 | D3: 300 | E3: 12000 | F3: =IF($B3="","",IF(AND($D3="",$E3=""),"",IF(OR($D3="",$E3=""),0,ROUND($D3*$E3,0)))) -> 3600000 | I3: =IF($F3="","",$F3-IF($H3="",0,$H3)) -> 3600000 | J3: =IF(OR($A3="",$I3="",$I3<=0),"",TODAY()-$A3) -> 91 | K3: ← 예시 행입니다. 지우고 쓰세요.
A4: 46213 | B4: ○○건재 | C4: 시멘트 200포 | D4: 200 | E4: 8000 | F4: =IF($B4="","",IF(AND($D4="",$E4=""),"",IF(OR($D4="",$E4=""),0,ROUND($D4*$E4,0)))) -> 1600000 | G4: 46234 | H4: 1600000 | I4: =IF($F4="","",$F4-IF($H4="",0,$H4)) -> 0 | J4: =IF(OR($A4="",$I4="",$I4<=0),"",TODAY()-$A4)
A5: 46239 | B5: △△인테리어 | C5: 석고보드 300장 | D5: 300 | E5: 6500 | F5: =IF($B5="","",IF(AND($D5="",$E5=""),"",IF(OR($D5="",$E5=""),0,ROUND($D5*$E5,0)))) -> 1950000 | I5: =IF($F5="","",$F5-IF($H5="",0,$H5)) -> 1950000 | J5: =IF(OR($A5="",$I5="",$I5<=0),"",TODAY()-$A5) -> 40
A6: 46254 | B6: ○○건재 | C6: 단열재 100롤 | D6: 100 | E6: 45000 | F6: =IF($B6="","",IF(AND($D6="",$E6=""),"",IF(OR($D6="",$E6=""),0,ROUND($D6*$E6,0)))) -> 4500000 | G6: 46270 | H6: 2000000 | I6: =IF($F6="","",$F6-IF($H6="",0,$H6)) -> 2500000 | J6: =IF(OR($A6="",$I6="",$I6<=0),"",TODAY()-$A6) -> 25
A7: 46267 | B7: □□산업 | C7: 철근 5톤 | D7: 5 | E7: 900000 | F7: =IF($B7="","",IF(AND($D7="",$E7=""),"",IF(OR($D7="",$E7=""),0,ROUND($D7*$E7,0)))) -> 4500000 | I7: =IF($F7="","",$F7-IF($H7="",0,$H7)) -> 4500000 | J7: =IF(OR($A7="",$I7="",$I7<=0),"",TODAY()-$A7) -> 12
A8: 46275 | B8: ○○건재 | C8: 몰탈 100포 | D8: 100 | E8: 9000 | F8: =IF($B8="","",IF(AND($D8="",$E8=""),"",IF(OR($D8="",$E8=""),0,ROUND($D8*$E8,0)))) -> 900000 | G8: 46277 | H8: 900000 | I8: =IF($F8="","",$F8-IF($H8="",0,$H8)) -> 0 | J8: =IF(OR($A8="",$I8="",$I8<=0),"",TODAY()-$A8)
F9: =IF($B9="","",IF(AND($D9="",$E9=""),"",IF(OR($D9="",$E9=""),0,ROUND($D9*$E9,0)))) | I9: =IF($F9="","",$F9-IF($H9="",0,$H9)) | J9: =IF(OR($A9="",$I9="",$I9<=0),"",TODAY()-$A9)
F10: =IF($B10="","",IF(AND($D10="",$E10=""),"",IF(OR($D10="",$E10=""),0,ROUND($D10*$E10,0)))) | I10: =IF($F10="","",$F10-IF($H10="",0,$H10)) | J10: =IF(OR($A10="",$I10="",$I10<=0),"",TODAY()-$A10)
F11: =IF($B11="","",IF(AND($D11="",$E11=""),"",IF(OR($D11="",$E11=""),0,ROUND($D11*$E11,0)))) | I11: =IF($F11="","",$F11-IF($H11="",0,$H11)) | J11: =IF(OR($A11="",$I11="",$I11<=0),"",TODAY()-$A11)
F12: =IF($B12="","",IF(AND($D12="",$E12=""),"",IF(OR($D12="",$E12=""),0,ROUND($D12*$E12,0)))) | I12: =IF($F12="","",$F12-IF($H12="",0,$H12)) | J12: =IF(OR($A12="",$I12="",$I12<=0),"",TODAY()-$A12)
F13: =IF($B13="","",IF(AND($D13="",$E13=""),"",IF(OR($D13="",$E13=""),0,ROUND($D13*$E13,0)))) | I13: =IF($F13="","",$F13-IF($H13="",0,$H13)) | J13: =IF(OR($A13="",$I13="",$I13<=0),"",TODAY()-$A13)
F14: =IF($B14="","",IF(AND($D14="",$E14=""),"",IF(OR($D14="",$E14=""),0,ROUND($D14*$E14,0)))) | I14: =IF($F14="","",$F14-IF($H14="",0,$H14)) | J14: =IF(OR($A14="",$I14="",$I14<=0),"",TODAY()-$A14)
F15: =IF($B15="","",IF(AND($D15="",$E15=""),"",IF(OR($D15="",$E15=""),0,ROUND($D15*$E15,0)))) | I15: =IF($F15="","",$F15-IF($H15="",0,$H15)) | J15: =IF(OR($A15="",$I15="",$I15<=0),"",TODAY()-$A15)
F16: =IF($B16="","",IF(AND($D16="",$E16=""),"",IF(OR($D16="",$E16=""),0,ROUND($D16*$E16,0)))) | I16: =IF($F16="","",$F16-IF($H16="",0,$H16)) | J16: =IF(OR($A16="",$I16="",$I16<=0),"",TODAY()-$A16)
F17: =IF($B17="","",IF(AND($D17="",$E17=""),"",IF(OR($D17="",$E17=""),0,ROUND($D17*$E17,0)))) | I17: =IF($F17="","",$F17-IF($H17="",0,$H17)) | J17: =IF(OR($A17="",$I17="",$I17<=0),"",TODAY()-$A17)
F18: =IF($B18="","",IF(AND($D18="",$E18=""),"",IF(OR($D18="",$E18=""),0,ROUND($D18*$E18,0)))) | I18: =IF($F18="","",$F18-IF($H18="",0,$H18)) | J18: =IF(OR($A18="",$I18="",$I18<=0),"",TODAY()-$A18)
F19: =IF($B19="","",IF(AND($D19="",$E19=""),"",IF(OR($D19="",$E19=""),0,ROUND($D19*$E19,0)))) | I19: =IF($F19="","",$F19-IF($H19="",0,$H19)) | J19: =IF(OR($A19="",$I19="",$I19<=0),"",TODAY()-$A19)
F20: =IF($B20="","",IF(AND($D20="",$E20=""),"",IF(OR($D20="",$E20=""),0,ROUND($D20*$E20,0)))) | I20: =IF($F20="","",$F20-IF($H20="",0,$H20)) | J20: =IF(OR($A20="",$I20="",$I20<=0),"",TODAY()-$A20)
... F3002: =IF($B3002="","",IF(AND($D3002="",$E3002=""),"",IF(OR($D3002="",$E3002=""),0,ROUND($D3002*$E3002,0)))) | I3002: =IF($F3002="","",$F3002-IF($H3002="",0,$H3002)) | J3002: =IF(OR($A3002="",$I3002="",$I3002<=0),"",TODAY()-$A3002)
A3004: ※ 매출액은 수량×단가로 자동 계산되지만, 직접 금액만 넣어도 됩니다.
A3005: ※ 완납된 줄은 회색, 경고 기준을 넘긴 미수는 빨간색으로 표시됩니다.

Sheet 거래처별미수
A1: 거래처별미수 (전부 자동)
A3: 총 미수금 | B3: =SUM($E$6:$E$305) -> 12550000 | D3: 한도 초과 거래처 | E3: =SUMPRODUCT(($A$6:$A$305<>"")*($H$6:$H$305="한도초과")) -> 1
A5: 거래처명 | B5: 담당자 | C5: 총 매출 | D5: 총 수금 | E5: 미수금 | F5: 미수 건수 | G5: 최장 경과일 | H5: 한도 판정 | I5: 여신한도
A6: =IF(거래처목록!$A3="","",거래처목록!$A3) -> ○○건재 | B6: =IF($A6="","",거래처목록!$B3) -> 김소장 | C6: =IF($A6="","",SUMIFS(매출내역!$F$3:$F$3002,매출내역!$B$3:$B$3002,$A6)) -> 7000000 | D6: =IF($A6="","",SUMIFS(매출내역!$H$3:$H$3002,매출내역!$B$3:$B$3002,$A6)) -> 4500000 | E6: =IF($A6="","",$C6-$D6) -> 2500000 | F6: =IF($A6="","",COUNTIFS(매출내역!$B$3:$B$3002,$A6,매출내역!$I$3:$I$3002,">0")) -> 1 | G6: =IF($A6="","",IF($F6=0,0,TODAY()-_xlfn.MINIFS(매출내역!$A$3:$A$3002,매출내역!$B$3:$B$3002,$A6,매출내역!$I$3:$I$3002,">0"))) -> 25 | H6: =IF($A6="","",IF($I6=0,"한도미설정",IF($E6>$I6,"한도초과","정상"))) -> 정상 | I6: =IF($A6="","",IF(거래처목록!$D3="",0,거래처목록!$D3)) -> 10000000
A7: =IF(거래처목록!$A4="","",거래처목록!$A4) -> △△인테리어 | B7: =IF($A7="","",거래처목록!$B4) -> 이소장 | C7: =IF($A7="","",SUMIFS(매출내역!$F$3:$F$3002,매출내역!$B$3:$B$3002,$A7)) -> 5550000 | D7: =IF($A7="","",SUMIFS(매출내역!$H$3:$H$3002,매출내역!$B$3:$B$3002,$A7)) -> 0 | E7: =IF($A7="","",$C7-$D7) -> 5550000 | F7: =IF($A7="","",COUNTIFS(매출내역!$B$3:$B$3002,$A7,매출내역!$I$3:$I$3002,">0")) -> 2 | G7: =IF($A7="","",IF($F7=0,0,TODAY()-_xlfn.MINIFS(매출내역!$A$3:$A$3002,매출내역!$B$3:$B$3002,$A7,매출내역!$I$3:$I$3002,">0"))) -> 91 | H7: =IF($A7="","",IF($I7=0,"한도미설정",IF($E7>$I7,"한도초과","정상"))) -> 한도초과 | I7: =IF($A7="","",IF(거래처목록!$D4="",0,거래처목록!$D4)) -> 5000000
A8: =IF(거래처목록!$A5="","",거래처목록!$A5) -> □□산업 | B8: =IF($A8="","",거래처목록!$B5) -> 박부장 | C8: =IF($A8="","",SUMIFS(매출내역!$F$3:$F$3002,매출내역!$B$3:$B$3002,$A8)) -> 4500000 | D8: =IF($A8="","",SUMIFS(매출내역!$H$3:$H$3002,매출내역!$B$3:$B$3002,$A8)) -> 0 | E8: =IF($A8="","",$C8-$D8) -> 4500000 | F8: =IF($A8="","",COUNTIFS(매출내역!$B$3:$B$3002,$A8,매출내역!$I$3:$I$3002,">0")) -> 1 | G8: =IF($A8="","",IF($F8=0,0,TODAY()-_xlfn.MINIFS(매출내역!$A$3:$A$3002,매출내역!$B$3:$B$3002,$A8,매출내역!$I$3:$I$3002,">0"))) -> 12 | H8: =IF($A8="","",IF($I8=0,"한도미설정",IF($E8>$I8,"한도초과","정상"))) -> 정상 | I8: =IF($A8="","",IF(거래처목록!$D5="",0,거래처목록!$D5)) -> 20000000
A9: =IF(거래처목록!$A6="","",거래처목록!$A6) | B9: =IF($A9="","",거래처목록!$B6) | C9: =IF($A9="","",SUMIFS(매출내역!$F$3:$F$3002,매출내역!$B$3:$B$3002,$A9)) | D9: =IF($A9="","",SUMIFS(매출내역!$H$3:$H$3002,매출내역!$B$3:$B$3002,$A9)) | E9: =IF($A9="","",$C9-$D9) | F9: =IF($A9="","",COUNTIFS(매출내역!$B$3:$B$3002,$A9,매출내역!$I$3:$I$3002,">0")) | G9: =IF($A9="","",IF($F9=0,0,TODAY()-_xlfn.MINIFS(매출내역!$A$3:$A$3002,매출내역!$B$3:$B$3002,$A9,매출내역!$I$3:$I$3002,">0"))) | H9: =IF($A9="","",IF($I9=0,"한도미설정",IF($E9>$I9,"한도초과","정상"))) | I9: =IF($A9="","",IF(거래처목록!$D6="",0,거래처목록!$D6))
A10: =IF(거래처목록!$A7="","",거래처목록!$A7) | B10: =IF($A10="","",거래처목록!$B7) | C10: =IF($A10="","",SUMIFS(매출내역!$F$3:$F$3002,매출내역!$B$3:$B$3002,$A10)) | D10: =IF($A10="","",SUMIFS(매출내역!$H$3:$H$3002,매출내역!$B$3:$B$3002,$A10)) | E10: =IF($A10="","",$C10-$D10) | F10: =IF($A10="","",COUNTIFS(매출내역!$B$3:$B$3002,$A10,매출내역!$I$3:$I$3002,">0")) | G10: =IF($A10="","",IF($F10=0,0,TODAY()-_xlfn.MINIFS(매출내역!$A$3:$A$3002,매출내역!$B$3:$B$3002,$A10,매출내역!$I$3:$I$3002,">0"))) | H10: =IF($A10="","",IF($I10=0,"한도미설정",IF($E10>$I10,"한도초과","정상"))) | I10: =IF($A10="","",IF(거래처목록!$D7="",0,거래처목록!$D7))
A11: =IF(거래처목록!$A8="","",거래처목록!$A8) | B11: =IF($A11="","",거래처목록!$B8) | C11: =IF($A11="","",SUMIFS(매출내역!$F$3:$F$3002,매출내역!$B$3:$B$3002,$A11)) | D11: =IF($A11="","",SUMIFS(매출내역!$H$3:$H$3002,매출내역!$B$3:$B$3002,$A11)) | E11: =IF($A11="","",$C11-$D11) | F11: =IF($A11="","",COUNTIFS(매출내역!$B$3:$B$3002,$A11,매출내역!$I$3:$I$3002,">0")) | G11: =IF($A11="","",IF($F11=0,0,TODAY()-_xlfn.MINIFS(매출내역!$A$3:$A$3002,매출내역!$B$3:$B$3002,$A11,매출내역!$I$3:$I$3002,">0"))) | H11: =IF($A11="","",IF($I11=0,"한도미설정",IF($E11>$I11,"한도초과","정상"))) | I11: =IF($A11="","",IF(거래처목록!$D8="",0,거래처목록!$D8))
A12: =IF(거래처목록!$A9="","",거래처목록!$A9) | B12: =IF($A12="","",거래처목록!$B9) | C12: =IF($A12="","",SUMIFS(매출내역!$F$3:$F$3002,매출내역!$B$3:$B$3002,$A12)) | D12: =IF($A12="","",SUMIFS(매출내역!$H$3:$H$3002,매출내역!$B$3:$B$3002,$A12)) | E12: =IF($A12="","",$C12-$D12) | F12: =IF($A12="","",COUNTIFS(매출내역!$B$3:$B$3002,$A12,매출내역!$I$3:$I$3002,">0")) | G12: =IF($A12="","",IF($F12=0,0,TODAY()-_xlfn.MINIFS(매출내역!$A$3:$A$3002,매출내역!$B$3:$B$3002,$A12,매출내역!$I$3:$I$3002,">0"))) | H12: =IF($A12="","",IF($I12=0,"한도미설정",IF($E12>$I12,"한도초과","정상"))) | I12: =IF($A12="","",IF(거래처목록!$D9="",0,거래처목록!$D9))
A13: =IF(거래처목록!$A10="","",거래처목록!$A10) | B13: =IF($A13="","",거래처목록!$B10) | C13: =IF($A13="","",SUMIFS(매출내역!$F$3:$F$3002,매출내역!$B$3:$B$3002,$A13)) | D13: =IF($A13="","",SUMIFS(매출내역!$H$3:$H$3002,매출내역!$B$3:$B$3002,$A13)) | E13: =IF($A13="","",$C13-$D13) | F13: =IF($A13="","",COUNTIFS(매출내역!$B$3:$B$3002,$A13,매출내역!$I$3:$I$3002,">0")) | G13: =IF($A13="","",IF($F13=0,0,TODAY()-_xlfn.MINIFS(매출내역!$A$3:$A$3002,매출내역!$B$3:$B$3002,$A13,매출내역!$I$3:$I$3002,">0"))) | H13: =IF($A13="","",IF($I13=0,"한도미설정",IF($E13>$I13,"한도초과","정상"))) | I13: =IF($A13="","",IF(거래처목록!$D10="",0,거래처목록!$D10))
A14: =IF(거래처목록!$A11="","",거래처목록!$A11) | B14: =IF($A14="","",거래처목록!$B11) | C14: =IF($A14="","",SUMIFS(매출내역!$F$3:$F$3002,매출내역!$B$3:$B$3002,$A14)) | D14: =IF($A14="","",SUMIFS(매출내역!$H$3:$H$3002,매출내역!$B$3:$B$3002,$A14)) | E14: =IF($A14="","",$C14-$D14) | F14: =IF($A14="","",COUNTIFS(매출내역!$B$3:$B$3002,$A14,매출내역!$I$3:$I$3002,">0")) | G14: =IF($A14="","",IF($F14=0,0,TODAY()-_xlfn.MINIFS(매출내역!$A$3:$A$3002,매출내역!$B$3:$B$3002,$A14,매출내역!$I$3:$I$3002,">0"))) | H14: =IF($A14="","",IF($I14=0,"한도미설정",IF($E14>$I14,"한도초과","정상"))) | I14: =IF($A14="","",IF(거래처목록!$D11="",0,거래처목록!$D11))
A15: =IF(거래처목록!$A12="","",거래처목록!$A12) | B15: =IF($A15="","",거래처목록!$B12) | C15: =IF($A15="","",SUMIFS(매출내역!$F$3:$F$3002,매출내역!$B$3:$B$3002,$A15)) | D15: =IF($A15="","",SUMIFS(매출내역!$H$3:$H$3002,매출내역!$B$3:$B$3002,$A15)) | E15: =IF($A15="","",$C15-$D15) | F15: =IF($A15="","",COUNTIFS(매출내역!$B$3:$B$3002,$A15,매출내역!$I$3:$I$3002,">0")) | G15: =IF($A15="","",IF($F15=0,0,TODAY()-_xlfn.MINIFS(매출내역!$A$3:$A$3002,매출내역!$B$3:$B$3002,$A15,매출내역!$I$3:$I$3002,">0"))) | H15: =IF($A15="","",IF($I15=0,"한도미설정",IF($E15>$I15,"한도초과","정상"))) | I15: =IF($A15="","",IF(거래처목록!$D12="",0,거래처목록!$D12))
A16: =IF(거래처목록!$A13="","",거래처목록!$A13) | B16: =IF($A16="","",거래처목록!$B13) | C16: =IF($A16="","",SUMIFS(매출내역!$F$3:$F$3002,매출내역!$B$3:$B$3002,$A16)) | D16: =IF($A16="","",SUMIFS(매출내역!$H$3:$H$3002,매출내역!$B$3:$B$3002,$A16)) | E16: =IF($A16="","",$C16-$D16) | F16: =IF($A16="","",COUNTIFS(매출내역!$B$3:$B$3002,$A16,매출내역!$I$3:$I$3002,">0")) | G16: =IF($A16="","",IF($F16=0,0,TODAY()-_xlfn.MINIFS(매출내역!$A$3:$A$3002,매출내역!$B$3:$B$3002,$A16,매출내역!$I$3:$I$3002,">0"))) | H16: =IF($A16="","",IF($I16=0,"한도미설정",IF($E16>$I16,"한도초과","정상"))) | I16: =IF($A16="","",IF(거래처목록!$D13="",0,거래처목록!$D13))
A17: =IF(거래처목록!$A14="","",거래처목록!$A14) | B17: =IF($A17="","",거래처목록!$B14) | C17: =IF($A17="","",SUMIFS(매출내역!$F$3:$F$3002,매출내역!$B$3:$B$3002,$A17)) | D17: =IF($A17="","",SUMIFS(매출내역!$H$3:$H$3002,매출내역!$B$3:$B$3002,$A17)) | E17: =IF($A17="","",$C17-$D17) | F17: =IF($A17="","",COUNTIFS(매출내역!$B$3:$B$3002,$A17,매출내역!$I$3:$I$3002,">0")) | G17: =IF($A17="","",IF($F17=0,0,TODAY()-_xlfn.MINIFS(매출내역!$A$3:$A$3002,매출내역!$B$3:$B$3002,$A17,매출내역!$I$3:$I$3002,">0"))) | H17: =IF($A17="","",IF($I17=0,"한도미설정",IF($E17>$I17,"한도초과","정상"))) | I17: =IF($A17="","",IF(거래처목록!$D14="",0,거래처목록!$D14))
... A305: =IF(거래처목록!$A302="","",거래처목록!$A302) | B305: =IF($A305="","",거래처목록!$B302) | C305: =IF($A305="","",SUMIFS(매출내역!$F$3:$F$3002,매출내역!$B$3:$B$3002,$A305)) | D305: =IF($A305="","",SUMIFS(매출내역!$H$3:$H$3002,매출내역!$B$3:$B$3002,$A305)) | E305: =IF($A305="","",$C305-$D305) | F305: =IF($A305="","",COUNTIFS(매출내역!$B$3:$B$3002,$A305,매출내역!$I$3:$I$3002,">0")) | G305: =IF($A305="","",IF($F305=0,0,TODAY()-_xlfn.MINIFS(매출내역!$A$3:$A$3002,매출내역!$B$3:$B$3002,$A305,매출내역!$I$3:$I$3002,">0"))) | H305: =IF($A305="","",IF($I305=0,"한도미설정",IF($E305>$I305,"한도초과","정상"))) | I305: =IF($A305="","",IF(거래처목록!$D302="",0,거래처목록!$D302))
B307: 합계 | C307: =SUM(C6:C305) -> 17050000 | D307: =SUM(D6:D305) -> 4500000 | E307: =SUM(E6:E305) -> 12550000 | F307: =SUM(F6:F305) -> 4
A309: ※ 최장 경과일은 아직 못 받은 건 중 가장 오래된 매출일 기준입니다.

Sheet 미수연령분석
A1: 미수연령분석 (독촉 순서를 정할 때)
A3: 기준일 | B3: =TODAY() -> 46279
A5: 거래처명 | B5: 30일 이내 | C5: 31~60일 | D5: 61~90일 | E5: 90일 초과 | F5: 미수 합계 | G5: 비중
A6: =IF(거래처목록!$A3="","",거래처목록!$A3) -> ○○건재 | B6: =IF($A6="","",SUMIFS(매출내역!$I$3:$I$3002,매출내역!$I$3:$I$3002,">0",매출내역!$B$3:$B$3002,$A6,매출내역!$A$3:$A$3002,">"&($B$3-30))) -> 2500000 | C6: =IF($A6="","",SUMIFS(매출내역!$I$3:$I$3002,매출내역!$I$3:$I$3002,">0",매출내역!$B$3:$B$3002,$A6,매출내역!$A$3:$A$3002,"<="&($B$3-30),매출내역!$A$3:$A$3002,">"&($B$3-60))) -> 0 | D6: =IF($A6="","",SUMIFS(매출내역!$I$3:$I$3002,매출내역!$I$3:$I$3002,">0",매출내역!$B$3:$B$3002,$A6,매출내역!$A$3:$A$3002,"<="&($B$3-60),매출내역!$A$3:$A$3002,">"&($B$3-90))) -> 0 | E6: =IF($A6="","",SUMIFS(매출내역!$I$3:$I$3002,매출내역!$I$3:$I$3002,">0",매출내역!$B$3:$B$3002,$A6,매출내역!$A$3:$A$3002,"<="&($B$3-90))) -> 0 | F6: =IF($A6="","",SUM($B6:$E6)) -> 2500000 | G6: =IF($A6="","",IF($F$307=0,"",$F6/$F$307)) -> 0.19920319
A7: =IF(거래처목록!$A4="","",거래처목록!$A4) -> △△인테리어 | B7: =IF($A7="","",SUMIFS(매출내역!$I$3:$I$3002,매출내역!$I$3:$I$3002,">0",매출내역!$B$3:$B$3002,$A7,매출내역!$A$3:$A$3002,">"&($B$3-30))) -> 0 | C7: =IF($A7="","",SUMIFS(매출내역!$I$3:$I$3002,매출내역!$I$3:$I$3002,">0",매출내역!$B$3:$B$3002,$A7,매출내역!$A$3:$A$3002,"<="&($B$3-30),매출내역!$A$3:$A$3002,">"&($B$3-60))) -> 1950000 | D7: =IF($A7="","",SUMIFS(매출내역!$I$3:$I$3002,매출내역!$I$3:$I$3002,">0",매출내역!$B$3:$B$3002,$A7,매출내역!$A$3:$A$3002,"<="&($B$3-60),매출내역!$A$3:$A$3002,">"&($B$3-90))) -> 0 | E7: =IF($A7="","",SUMIFS(매출내역!$I$3:$I$3002,매출내역!$I$3:$I$3002,">0",매출내역!$B$3:$B$3002,$A7,매출내역!$A$3:$A$3002,"<="&($B$3-90))) -> 3600000 | F7: =IF($A7="","",SUM($B7:$E7)) -> 5550000 | G7: =IF($A7="","",IF($F$307=0,"",$F7/$F$307)) -> 0.44223108
A8: =IF(거래처목록!$A5="","",거래처목록!$A5) -> □□산업 | B8: =IF($A8="","",SUMIFS(매출내역!$I$3:$I$3002,매출내역!$I$3:$I$3002,">0",매출내역!$B$3:$B$3002,$A8,매출내역!$A$3:$A$3002,">"&($B$3-30))) -> 4500000 | C8: =IF($A8="","",SUMIFS(매출내역!$I$3:$I$3002,매출내역!$I$3:$I$3002,">0",매출내역!$B$3:$B$3002,$A8,매출내역!$A$3:$A$3002,"<="&($B$3-30),매출내역!$A$3:$A$3002,">"&($B$3-60))) -> 0 | D8: =IF($A8="","",SUMIFS(매출내역!$I$3:$I$3002,매출내역!$I$3:$I$3002,">0",매출내역!$B$3:$B$3002,$A8,매출내역!$A$3:$A$3002,"<="&($B$3-60),매출내역!$A$3:$A$3002,">"&($B$3-90))) -> 0 | E8: =IF($A8="","",SUMIFS(매출내역!$I$3:$I$3002,매출내역!$I$3:$I$3002,">0",매출내역!$B$3:$B$3002,$A8,매출내역!$A$3:$A$3002,"<="&($B$3-90))) -> 0 | F8: =IF($A8="","",SUM($B8:$E8)) -> 4500000 | G8: =IF($A8="","",IF($F$307=0,"",$F8/$F$307)) -> 0.35856574
A9: =IF(거래처목록!$A6="","",거래처목록!$A6) | B9: =IF($A9="","",SUMIFS(매출내역!$I$3:$I$3002,매출내역!$I$3:$I$3002,">0",매출내역!$B$3:$B$3002,$A9,매출내역!$A$3:$A$3002,">"&($B$3-30))) | C9: =IF($A9="","",SUMIFS(매출내역!$I$3:$I$3002,매출내역!$I$3:$I$3002,">0",매출내역!$B$3:$B$3002,$A9,매출내역!$A$3:$A$3002,"<="&($B$3-30),매출내역!$A$3:$A$3002,">"&($B$3-60))) | D9: =IF($A9="","",SUMIFS(매출내역!$I$3:$I$3002,매출내역!$I$3:$I$3002,">0",매출내역!$B$3:$B$3002,$A9,매출내역!$A$3:$A$3002,"<="&($B$3-60),매출내역!$A$3:$A$3002,">"&($B$3-90))) | E9: =IF($A9="","",SUMIFS(매출내역!$I$3:$I$3002,매출내역!$I$3:$I$3002,">0",매출내역!$B$3:$B$3002,$A9,매출내역!$A$3:$A$3002,"<="&($B$3-90))) | F9: =IF($A9="","",SUM($B9:$E9)) | G9: =IF($A9="","",IF($F$307=0,"",$F9/$F$307))
A10: =IF(거래처목록!$A7="","",거래처목록!$A7) | B10: =IF($A10="","",SUMIFS(매출내역!$I$3:$I$3002,매출내역!$I$3:$I$3002,">0",매출내역!$B$3:$B$3002,$A10,매출내역!$A$3:$A$3002,">"&($B$3-30))) | C10: =IF($A10="","",SUMIFS(매출내역!$I$3:$I$3002,매출내역!$I$3:$I$3002,">0",매출내역!$B$3:$B$3002,$A10,매출내역!$A$3:$A$3002,"<="&($B$3-30),매출내역!$A$3:$A$3002,">"&($B$3-60))) | D10: =IF($A10="","",SUMIFS(매출내역!$I$3:$I$3002,매출내역!$I$3:$I$3002,">0",매출내역!$B$3:$B$3002,$A10,매출내역!$A$3:$A$3002,"<="&($B$3-60),매출내역!$A$3:$A$3002,">"&($B$3-90))) | E10: =IF($A10="","",SUMIFS(매출내역!$I$3:$I$3002,매출내역!$I$3:$I$3002,">0",매출내역!$B$3:$B$3002,$A10,매출내역!$A$3:$A$3002,"<="&($B$3-90))) | F10: =IF($A10="","",SUM($B10:$E10)) | G10: =IF($A10="","",IF($F$307=0,"",$F10/$F$307))
A11: =IF(거래처목록!$A8="","",거래처목록!$A8) | B11: =IF($A11="","",SUMIFS(매출내역!$I$3:$I$3002,매출내역!$I$3:$I$3002,">0",매출내역!$B$3:$B$3002,$A11,매출내역!$A$3:$A$3002,">"&($B$3-30))) | C11: =IF($A11="","",SUMIFS(매출내역!$I$3:$I$3002,매출내역!$I$3:$I$3002,">0",매출내역!$B$3:$B$3002,$A11,매출내역!$A$3:$A$3002,"<="&($B$3-30),매출내역!$A$3:$A$3002,">"&($B$3-60))) | D11: =IF($A11="","",SUMIFS(매출내역!$I$3:$I$3002,매출내역!$I$3:$I$3002,">0",매출내역!$B$3:$B$3002,$A11,매출내역!$A$3:$A$3002,"<="&($B$3-60),매출내역!$A$3:$A$3002,">"&($B$3-90))) | E11: =IF($A11="","",SUMIFS(매출내역!$I$3:$I$3002,매출내역!$I$3:$I$3002,">0",매출내역!$B$3:$B$3002,$A11,매출내역!$A$3:$A$3002,"<="&($B$3-90))) | F11: =IF($A11="","",SUM($B11:$E11)) | G11: =IF($A11="","",IF($F$307=0,"",$F11/$F$307))
A12: =IF(거래처목록!$A9="","",거래처목록!$A9) | B12: =IF($A12="","",SUMIFS(매출내역!$I$3:$I$3002,매출내역!$I$3:$I$3002,">0",매출내역!$B$3:$B$3002,$A12,매출내역!$A$3:$A$3002,">"&($B$3-30))) | C12: =IF($A12="","",SUMIFS(매출내역!$I$3:$I$3002,매출내역!$I$3:$I$3002,">0",매출내역!$B$3:$B$3002,$A12,매출내역!$A$3:$A$3002,"<="&($B$3-30),매출내역!$A$3:$A$3002,">"&($B$3-60))) | D12: =IF($A12="","",SUMIFS(매출내역!$I$3:$I$3002,매출내역!$I$3:$I$3002,">0",매출내역!$B$3:$B$3002,$A12,매출내역!$A$3:$A$3002,"<="&($B$3-60),매출내역!$A$3:$A$3002,">"&($B$3-90))) | E12: =IF($A12="","",SUMIFS(매출내역!$I$3:$I$3002,매출내역!$I$3:$I$3002,">0",매출내역!$B$3:$B$3002,$A12,매출내역!$A$3:$A$3002,"<="&($B$3-90))) | F12: =IF($A12="","",SUM($B12:$E12)) | G12: =IF($A12="","",IF($F$307=0,"",$F12/$F$307))
A13: =IF(거래처목록!$A10="","",거래처목록!$A10) | B13: =IF($A13="","",SUMIFS(매출내역!$I$3:$I$3002,매출내역!$I$3:$I$3002,">0",매출내역!$B$3:$B$3002,$A13,매출내역!$A$3:$A$3002,">"&($B$3-30))) | C13: =IF($A13="","",SUMIFS(매출내역!$I$3:$I$3002,매출내역!$I$3:$I$3002,">0",매출내역!$B$3:$B$3002,$A13,매출내역!$A$3:$A$3002,"<="&($B$3-30),매출내역!$A$3:$A$3002,">"&($B$3-60))) | D13: =IF($A13="","",SUMIFS(매출내역!$I$3:$I$3002,매출내역!$I$3:$I$3002,">0",매출내역!$B$3:$B$3002,$A13,매출내역!$A$3:$A$3002,"<="&($B$3-60),매출내역!$A$3:$A$3002,">"&($B$3-90))) | E13: =IF($A13="","",SUMIFS(매출내역!$I$3:$I$3002,매출내역!$I$3:$I$3002,">0",매출내역!$B$3:$B$3002,$A13,매출내역!$A$3:$A$3002,"<="&($B$3-90))) | F13: =IF($A13="","",SUM($B13:$E13)) | G13: =IF($A13="","",IF($F$307=0,"",$F13/$F$307))
A14: =IF(거래처목록!$A11="","",거래처목록!$A11) | B14: =IF($A14="","",SUMIFS(매출내역!$I$3:$I$3002,매출내역!$I$3:$I$3002,">0",매출내역!$B$3:$B$3002,$A14,매출내역!$A$3:$A$3002,">"&($B$3-30))) | C14: =IF($A14="","",SUMIFS(매출내역!$I$3:$I$3002,매출내역!$I$3:$I$3002,">0",매출내역!$B$3:$B$3002,$A14,매출내역!$A$3:$A$3002,"<="&($B$3-30),매출내역!$A$3:$A$3002,">"&($B$3-60))) | D14: =IF($A14="","",SUMIFS(매출내역!$I$3:$I$3002,매출내역!$I$3:$I$3002,">0",매출내역!$B$3:$B$3002,$A14,매출내역!$A$3:$A$3002,"<="&($B$3-60),매출내역!$A$3:$A$3002,">"&($B$3-90))) | E14: =IF($A14="","",SUMIFS(매출내역!$I$3:$I$3002,매출내역!$I$3:$I$3002,">0",매출내역!$B$3:$B$3002,$A14,매출내역!$A$3:$A$3002,"<="&($B$3-90))) | F14: =IF($A14="","",SUM($B14:$E14)) | G14: =IF($A14="","",IF($F$307=0,"",$F14/$F$307))
A15: =IF(거래처목록!$A12="","",거래처목록!$A12) | B15: =IF($A15="","",SUMIFS(매출내역!$I$3:$I$3002,매출내역!$I$3:$I$3002,">0",매출내역!$B$3:$B$3002,$A15,매출내역!$A$3:$A$3002,">"&($B$3-30))) | C15: =IF($A15="","",SUMIFS(매출내역!$I$3:$I$3002,매출내역!$I$3:$I$3002,">0",매출내역!$B$3:$B$3002,$A15,매출내역!$A$3:$A$3002,"<="&($B$3-30),매출내역!$A$3:$A$3002,">"&($B$3-60))) | D15: =IF($A15="","",SUMIFS(매출내역!$I$3:$I$3002,매출내역!$I$3:$I$3002,">0",매출내역!$B$3:$B$3002,$A15,매출내역!$A$3:$A$3002,"<="&($B$3-60),매출내역!$A$3:$A$3002,">"&($B$3-90))) | E15: =IF($A15="","",SUMIFS(매출내역!$I$3:$I$3002,매출내역!$I$3:$I$3002,">0",매출내역!$B$3:$B$3002,$A15,매출내역!$A$3:$A$3002,"<="&($B$3-90))) | F15: =IF($A15="","",SUM($B15:$E15)) | G15: =IF($A15="","",IF($F$307=0,"",$F15/$F$307))
A16: =IF(거래처목록!$A13="","",거래처목록!$A13) | B16: =IF($A16="","",SUMIFS(매출내역!$I$3:$I$3002,매출내역!$I$3:$I$3002,">0",매출내역!$B$3:$B$3002,$A16,매출내역!$A$3:$A$3002,">"&($B$3-30))) | C16: =IF($A16="","",SUMIFS(매출내역!$I$3:$I$3002,매출내역!$I$3:$I$3002,">0",매출내역!$B$3:$B$3002,$A16,매출내역!$A$3:$A$3002,"<="&($B$3-30),매출내역!$A$3:$A$3002,">"&($B$3-60))) | D16: =IF($A16="","",SUMIFS(매출내역!$I$3:$I$3002,매출내역!$I$3:$I$3002,">0",매출내역!$B$3:$B$3002,$A16,매출내역!$A$3:$A$3002,"<="&($B$3-60),매출내역!$A$3:$A$3002,">"&($B$3-90))) | E16: =IF($A16="","",SUMIFS(매출내역!$I$3:$I$3002,매출내역!$I$3:$I$3002,">0",매출내역!$B$3:$B$3002,$A16,매출내역!$A$3:$A$3002,"<="&($B$3-90))) | F16: =IF($A16="","",SUM($B16:$E16)) | G16: =IF($A16="","",IF($F$307=0,"",$F16/$F$307))
A17: =IF(거래처목록!$A14="","",거래처목록!$A14) | B17: =IF($A17="","",SUMIFS(매출내역!$I$3:$I$3002,매출내역!$I$3:$I$3002,">0",매출내역!$B$3:$B$3002,$A17,매출내역!$A$3:$A$3002,">"&($B$3-30))) | C17: =IF($A17="","",SUMIFS(매출내역!$I$3:$I$3002,매출내역!$I$3:$I$3002,">0",매출내역!$B$3:$B$3002,$A17,매출내역!$A$3:$A$3002,"<="&($B$3-30),매출내역!$A$3:$A$3002,">"&($B$3-60))) | D17: =IF($A17="","",SUMIFS(매출내역!$I$3:$I$3002,매출내역!$I$3:$I$3002,">0",매출내역!$B$3:$B$3002,$A17,매출내역!$A$3:$A$3002,"<="&($B$3-60),매출내역!$A$3:$A$3002,">"&($B$3-90))) | E17: =IF($A17="","",SUMIFS(매출내역!$I$3:$I$3002,매출내역!$I$3:$I$3002,">0",매출내역!$B$3:$B$3002,$A17,매출내역!$A$3:$A$3002,"<="&($B$3-90))) | F17: =IF($A17="","",SUM($B17:$E17)) | G17: =IF($A17="","",IF($F$307=0,"",$F17/$F$307))
... A305: =IF(거래처목록!$A302="","",거래처목록!$A302) | B305: =IF($A305="","",SUMIFS(매출내역!$I$3:$I$3002,매출내역!$I$3:$I$3002,">0",매출내역!$B$3:$B$3002,$A305,매출내역!$A$3:$A$3002,">"&($B$3-30))) | C305: =IF($A305="","",SUMIFS(매출내역!$I$3:$I$3002,매출내역!$I$3:$I$3002,">0",매출내역!$B$3:$B$3002,$A305,매출내역!$A$3:$A$3002,"<="&($B$3-30),매출내역!$A$3:$A$3002,">"&($B$3-60))) | D305: =IF($A305="","",SUMIFS(매출내역!$I$3:$I$3002,매출내역!$I$3:$I$3002,">0",매출내역!$B$3:$B$3002,$A305,매출내역!$A$3:$A$3002,"<="&($B$3-60),매출내역!$A$3:$A$3002,">"&($B$3-90))) | E305: =IF($A305="","",SUMIFS(매출내역!$I$3:$I$3002,매출내역!$I$3:$I$3002,">0",매출내역!$B$3:$B$3002,$A305,매출내역!$A$3:$A$3002,"<="&($B$3-90))) | F305: =IF($A305="","",SUM($B305:$E305)) | G305: =IF($A305="","",IF($F$307=0,"",$F305/$F$307))
A307: 합계 | B307: =SUM(B6:B305) -> 7000000 | C307: =SUM(C6:C305) -> 1950000 | D307: =SUM(D6:D305) -> 0 | E307: =SUM(E6:E305) -> 3600000 | F307: =SUM(F6:F305) -> 12550000
A309: ※ 90일 초과 금액이 있는 거래처는 빨간색입니다. 먼저 연락하세요.

Sheet 일별매출
A1: 일별매출
A3: 시작일 | B3: 46266 | C3: ← 이 날부터 31일간 표시됩니다
A5: 날짜 | B5: 요일 | C5: 매출 건수 | D5: 매출액 | E5: 수금액 | F5: 당일 미수 증감
A6: =$B$3+0 -> 46266 | B6: =CHOOSE(WEEKDAY($A6),"일","월","화","수","목","금","토") -> 화 | C6: =COUNTIFS(매출내역!$A$3:$A$3002,$A6) -> 0 | D6: =SUMIFS(매출내역!$F$3:$F$3002,매출내역!$A$3:$A$3002,$A6) -> 0 | E6: =SUMIFS(매출내역!$H$3:$H$3002,매출내역!$G$3:$G$3002,$A6) -> 0 | F6: =$D6-$E6 -> 0
A7: =$B$3+1 -> 46267 | B7: =CHOOSE(WEEKDAY($A7),"일","월","화","수","목","금","토") -> 수 | C7: =COUNTIFS(매출내역!$A$3:$A$3002,$A7) -> 1 | D7: =SUMIFS(매출내역!$F$3:$F$3002,매출내역!$A$3:$A$3002,$A7) -> 4500000 | E7: =SUMIFS(매출내역!$H$3:$H$3002,매출내역!$G$3:$G$3002,$A7) -> 0 | F7: =$D7-$E7 -> 4500000
A8: =$B$3+2 -> 46268 | B8: =CHOOSE(WEEKDAY($A8),"일","월","화","수","목","금","토") -> 목 | C8: =COUNTIFS(매출내역!$A$3:$A$3002,$A8) -> 0 | D8: =SUMIFS(매출내역!$F$3:$F$3002,매출내역!$A$3:$A$3002,$A8) -> 0 | E8: =SUMIFS(매출내역!$H$3:$H$3002,매출내역!$G$3:$G$3002,$A8) -> 0 | F8: =$D8-$E8 -> 0
A9: =$B$3+3 -> 46269 | B9: =CHOOSE(WEEKDAY($A9),"일","월","화","수","목","금","토") -> 금 | C9: =COUNTIFS(매출내역!$A$3:$A$3002,$A9) -> 0 | D9: =SUMIFS(매출내역!$F$3:$F$3002,매출내역!$A$3:$A$3002,$A9) -> 0 | E9: =SUMIFS(매출내역!$H$3:$H$3002,매출내역!$G$3:$G$3002,$A9) -> 0 | F9: =$D9-$E9 -> 0
A10: =$B$3+4 -> 46270 | B10: =CHOOSE(WEEKDAY($A10),"일","월","화","수","목","금","토") -> 토 | C10: =COUNTIFS(매출내역!$A$3:$A$3002,$A10) -> 0 | D10: =SUMIFS(매출내역!$F$3:$F$3002,매출내역!$A$3:$A$3002,$A10) -> 0 | E10: =SUMIFS(매출내역!$H$3:$H$3002,매출내역!$G$3:$G$3002,$A10) -> 2000000 | F10: =$D10-$E10 -> -2000000
A11: =$B$3+5 -> 46271 | B11: =CHOOSE(WEEKDAY($A11),"일","월","화","수","목","금","토") -> 일 | C11: =COUNTIFS(매출내역!$A$3:$A$3002,$A11) -> 0 | D11: =SUMIFS(매출내역!$F$3:$F$3002,매출내역!$A$3:$A$3002,$A11) -> 0 | E11: =SUMIFS(매출내역!$H$3:$H$3002,매출내역!$G$3:$G$3002,$A11) -> 0 | F11: =$D11-$E11 -> 0
A12: =$B$3+6 -> 46272 | B12: =CHOOSE(WEEKDAY($A12),"일","월","화","수","목","금","토") -> 월 | C12: =COUNTIFS(매출내역!$A$3:$A$3002,$A12) -> 0 | D12: =SUMIFS(매출내역!$F$3:$F$3002,매출내역!$A$3:$A$3002,$A12) -> 0 | E12: =SUMIFS(매출내역!$H$3:$H$3002,매출내역!$G$3:$G$3002,$A12) -> 0 | F12: =$D12-$E12 -> 0
A13: =$B$3+7 -> 46273 | B13: =CHOOSE(WEEKDAY($A13),"일","월","화","수","목","금","토") -> 화 | C13: =COUNTIFS(매출내역!$A$3:$A$3002,$A13) -> 0 | D13: =SUMIFS(매출내역!$F$3:$F$3002,매출내역!$A$3:$A$3002,$A13) -> 0 | E13: =SUMIFS(매출내역!$H$3:$H$3002,매출내역!$G$3:$G$3002,$A13) -> 0 | F13: =$D13-$E13 -> 0
A14: =$B$3+8 -> 46274 | B14: =CHOOSE(WEEKDAY($A14),"일","월","화","수","목","금","토") -> 수 | C14: =COUNTIFS(매출내역!$A$3:$A$3002,$A14) -> 0 | D14: =SUMIFS(매출내역!$F$3:$F$3002,매출내역!$A$3:$A$3002,$A14) -> 0 | E14: =SUMIFS(매출내역!$H$3:$H$3002,매출내역!$G$3:$G$3002,$A14) -> 0 | F14: =$D14-$E14 -> 0
A15: =$B$3+9 -> 46275 | B15: =CHOOSE(WEEKDAY($A15),"일","월","화","수","목","금","토") -> 목 | C15: =COUNTIFS(매출내역!$A$3:$A$3002,$A15) -> 1 | D15: =SUMIFS(매출내역!$F$3:$F$3002,매출내역!$A$3:$A$3002,$A15) -> 900000 | E15: =SUMIFS(매출내역!$H$3:$H$3002,매출내역!$G$3:$G$3002,$A15) -> 0 | F15: =$D15-$E15 -> 900000
A16: =$B$3+10 -> 46276 | B16: =CHOOSE(WEEKDAY($A16),"일","월","화","수","목","금","토") -> 금 | C16: =COUNTIFS(매출내역!$A$3:$A$3002,$A16) -> 0 | D16: =SUMIFS(매출내역!$F$3:$F$3002,매출내역!$A$3:$A$3002,$A16) -> 0 | E16: =SUMIFS(매출내역!$H$3:$H$3002,매출내역!$G$3:$G$3002,$A16) -> 0 | F16: =$D16-$E16 -> 0
A17: =$B$3+11 -> 46277 | B17: =CHOOSE(WEEKDAY($A17),"일","월","화","수","목","금","토") -> 토 | C17: =COUNTIFS(매출내역!$A$3:$A$3002,$A17) -> 0 | D17: =SUMIFS(매출내역!$F$3:$F$3002,매출내역!$A$3:$A$3002,$A17) -> 0 | E17: =SUMIFS(매출내역!$H$3:$H$3002,매출내역!$G$3:$G$3002,$A17) -> 900000 | F17: =$D17-$E17 -> -900000
A18: =$B$3+12 -> 46278 | B18: =CHOOSE(WEEKDAY($A18),"일","월","화","수","목","금","토") -> 일 | C18: =COUNTIFS(매출내역!$A$3:$A$3002,$A18) -> 0 | D18: =SUMIFS(매출내역!$F$3:$F$3002,매출내역!$A$3:$A$3002,$A18) -> 0 | E18: =SUMIFS(매출내역!$H$3:$H$3002,매출내역!$G$3:$G$3002,$A18) -> 0 | F18: =$D18-$E18 -> 0
A19: =$B$3+13 -> 46279 | B19: =CHOOSE(WEEKDAY($A19),"일","월","화","수","목","금","토") -> 월 | C19: =COUNTIFS(매출내역!$A$3:$A$3002,$A19) -> 0 | D19: =SUMIFS(매출내역!$F$3:$F$3002,매출내역!$A$3:$A$3002,$A19) -> 0 | E19: =SUMIFS(매출내역!$H$3:$H$3002,매출내역!$G$3:$G$3002,$A19) -> 0 | F19: =$D19-$E19 -> 0
A20: =$B$3+14 -> 46280 | B20: =CHOOSE(WEEKDAY($A20),"일","월","화","수","목","금","토") -> 화 | C20: =COUNTIFS(매출내역!$A$3:$A$3002,$A20) -> 0 | D20: =SUMIFS(매출내역!$F$3:$F$3002,매출내역!$A$3:$A$3002,$A20) -> 0 | E20: =SUMIFS(매출내역!$H$3:$H$3002,매출내역!$G$3:$G$3002,$A20) -> 0 | F20: =$D20-$E20 -> 0
A21: =$B$3+15 -> 46281 | B21: =CHOOSE(WEEKDAY($A21),"일","월","화","수","목","금","토") -> 수 | C21: =COUNTIFS(매출내역!$A$3:$A$3002,$A21) -> 0 | D21: =SUMIFS(매출내역!$F$3:$F$3002,매출내역!$A$3:$A$3002,$A21) -> 0 | E21: =SUMIFS(매출내역!$H$3:$H$3002,매출내역!$G$3:$G$3002,$A21) -> 0 | F21: =$D21-$E21 -> 0
A22: =$B$3+16 -> 46282 | B22: =CHOOSE(WEEKDAY($A22),"일","월","화","수","목","금","토") -> 목 | C22: =COUNTIFS(매출내역!$A$3:$A$3002,$A22) -> 0 | D22: =SUMIFS(매출내역!$F$3:$F$3002,매출내역!$A$3:$A$3002,$A22) -> 0 | E22: =SUMIFS(매출내역!$H$3:$H$3002,매출내역!$G$3:$G$3002,$A22) -> 0 | F22: =$D22-$E22 -> 0
A23: =$B$3+17 -> 46283 | B23: =CHOOSE(WEEKDAY($A23),"일","월","화","수","목","금","토") -> 금 | C23: =COUNTIFS(매출내역!$A$3:$A$3002,$A23) -> 0 | D23: =SUMIFS(매출내역!$F$3:$F$3002,매출내역!$A$3:$A$3002,$A23) -> 0 | E23: =SUMIFS(매출내역!$H$3:$H$3002,매출내역!$G$3:$G$3002,$A23) -> 0 | F23: =$D23-$E23 -> 0
A24: =$B$3+18 -> 46284 | B24: =CHOOSE(WEEKDAY($A24),"일","월","화","수","목","금","토") -> 토 | C24: =COUNTIFS(매출내역!$A$3:$A$3002,$A24) -> 0 | D24: =SUMIFS(매출내역!$F$3:$F$3002,매출내역!$A$3:$A$3002,$A24) -> 0 | E24: =SUMIFS(매출내역!$H$3:$H$3002,매출내역!$G$3:$G$3002,$A24) -> 0 | F24: =$D24-$E24 -> 0
A25: =$B$3+19 -> 46285 | B25: =CHOOSE(WEEKDAY($A25),"일","월","화","수","목","금","토") -> 일 | C25: =COUNTIFS(매출내역!$A$3:$A$3002,$A25) -> 0 | D25: =SUMIFS(매출내역!$F$3:$F$3002,매출내역!$A$3:$A$3002,$A25) -> 0 | E25: =SUMIFS(매출내역!$H$3:$H$3002,매출내역!$G$3:$G$3002,$A25) -> 0 | F25: =$D25-$E25 -> 0
A26: =$B$3+20 -> 46286 | B26: =CHOOSE(WEEKDAY($A26),"일","월","화","수","목","금","토") -> 월 | C26: =COUNTIFS(매출내역!$A$3:$A$3002,$A26) -> 0 | D26: =SUMIFS(매출내역!$F$3:$F$3002,매출내역!$A$3:$A$3002,$A26) -> 0 | E26: =SUMIFS(매출내역!$H$3:$H$3002,매출내역!$G$3:$G$3002,$A26) -> 0 | F26: =$D26-$E26 -> 0
A27: =$B$3+21 -> 46287 | B27: =CHOOSE(WEEKDAY($A27),"일","월","화","수","목","금","토") -> 화 | C27: =COUNTIFS(매출내역!$A$3:$A$3002,$A27) -> 0 | D27: =SUMIFS(매출내역!$F$3:$F$3002,매출내역!$A$3:$A$3002,$A27) -> 0 | E27: =SUMIFS(매출내역!$H$3:$H$3002,매출내역!$G$3:$G$3002,$A27) -> 0 | F27: =$D27-$E27 -> 0
A28: =$B$3+22 -> 46288 | B28: =CHOOSE(WEEKDAY($A28),"일","월","화","수","목","금","토") -> 수 | C28: =COUNTIFS(매출내역!$A$3:$A$3002,$A28) -> 0 | D28: =SUMIFS(매출내역!$F$3:$F$3002,매출내역!$A$3:$A$3002,$A28) -> 0 | E28: =SUMIFS(매출내역!$H$3:$H$3002,매출내역!$G$3:$G$3002,$A28) -> 0 | F28: =$D28-$E28 -> 0
A29: =$B$3+23 -> 46289 | B29: =CHOOSE(WEEKDAY($A29),"일","월","화","수","목","금","토") -> 목 | C29: =COUNTIFS(매출내역!$A$3:$A$3002,$A29) -> 0 | D29: =SUMIFS(매출내역!$F$3:$F$3002,매출내역!$A$3:$A$3002,$A29) -> 0 | E29: =SUMIFS(매출내역!$H$3:$H$3002,매출내역!$G$3:$G$3002,$A29) -> 0 | F29: =$D29-$E29 -> 0
A30: =$B$3+24 -> 46290 | B30: =CHOOSE(WEEKDAY($A30),"일","월","화","수","목","금","토") -> 금 | C30: =COUNTIFS(매출내역!$A$3:$A$3002,$A30) -> 0 | D30: =SUMIFS(매출내역!$F$3:$F$3002,매출내역!$A$3:$A$3002,$A30) -> 0 | E30: =SUMIFS(매출내역!$H$3:$H$3002,매출내역!$G$3:$G$3002,$A30) -> 0 | F30: =$D30-$E30 -> 0
A31: =$B$3+25 -> 46291 | B31: =CHOOSE(WEEKDAY($A31),"일","월","화","수","목","금","토") -> 토 | C31: =COUNTIFS(매출내역!$A$3:$A$3002,$A31) -> 0 | D31: =SUMIFS(매출내역!$F$3:$F$3002,매출내역!$A$3:$A$3002,$A31) -> 0 | E31: =SUMIFS(매출내역!$H$3:$H$3002,매출내역!$G$3:$G$3002,$A31) -> 0 | F31: =$D31-$E31 -> 0
A32: =$B$3+26 -> 46292 | B32: =CHOOSE(WEEKDAY($A32),"일","월","화","수","목","금","토") -> 일 | C32: =COUNTIFS(매출내역!$A$3:$A$3002,$A32) -> 0 | D32: =SUMIFS(매출내역!$F$3:$F$3002,매출내역!$A$3:$A$3002,$A32) -> 0 | E32: =SUMIFS(매출내역!$H$3:$H$3002,매출내역!$G$3:$G$3002,$A32) -> 0 | F32: =$D32-$E32 -> 0
A33: =$B$3+27 -> 46293 | B33: =CHOOSE(WEEKDAY($A33),"일","월","화","수","목","금","토") -> 월 | C33: =COUNTIFS(매출내역!$A$3:$A$3002,$A33) -> 0 | D33: =SUMIFS(매출내역!$F$3:$F$3002,매출내역!$A$3:$A$3002,$A33) -> 0 | E33: =SUMIFS(매출내역!$H$3:$H$3002,매출내역!$G$3:$G$3002,$A33) -> 0 | F33: =$D33-$E33 -> 0
A34: =$B$3+28 -> 46294 | B34: =CHOOSE(WEEKDAY($A34),"일","월","화","수","목","금","토") -> 화 | C34: =COUNTIFS(매출내역!$A$3:$A$3002,$A34) -> 0 | D34: =SUMIFS(매출내역!$F$3:$F$3002,매출내역!$A$3:$A$3002,$A34) -> 0 | E34: =SUMIFS(매출내역!$H$3:$H$3002,매출내역!$G$3:$G$3002,$A34) -> 0 | F34: =$D34-$E34 -> 0
A35: =$B$3+29 -> 46295 | B35: =CHOOSE(WEEKDAY($A35),"일","월","화","수","목","금","토") -> 수 | C35: =COUNTIFS(매출내역!$A$3:$A$3002,$A35) -> 0 | D35: =SUMIFS(매출내역!$F$3:$F$3002,매출내역!$A$3:$A$3002,$A35) -> 0 | E35: =SUMIFS(매출내역!$H$3:$H$3002,매출내역!$G$3:$G$3002,$A35) -> 0 | F35: =$D35-$E35 -> 0
A36: =$B$3+30 -> 46296 | B36: =CHOOSE(WEEKDAY($A36),"일","월","화","수","목","금","토") -> 목 | C36: =COUNTIFS(매출내역!$A$3:$A$3002,$A36) -> 0 | D36: =SUMIFS(매출내역!$F$3:$F$3002,매출내역!$A$3:$A$3002,$A36) -> 0 | E36: =SUMIFS(매출내역!$H$3:$H$3002,매출내역!$G$3:$G$3002,$A36) -> 0 | F36: =$D36-$E36 -> 0
B38: 합계 | C38: =SUM(C6:C36) -> 2 | D38: =SUM(D6:D36) -> 5400000 | E38: =SUM(E6:E36) -> 2900000 | F38: =SUM(F6:F36) -> 2500000

Sheet 월별집계
A1: 월별집계
A3: 대상 연도 | B3: 2026
A5: 월 | B5: 매출 건수 | C5: 매출액 | D5: 수금액 | E5: 미수 증감 | F5: 거래처 수
A6: 1 | B6: =COUNTIFS(매출내역!$A$3:$A$3002,">="&DATE($B$3,1,1),매출내역!$A$3:$A$3002,"<="&EOMONTH(DATE($B$3,1,1),0)) -> 0 | C6: =SUMIFS(매출내역!$F$3:$F$3002,매출내역!$A$3:$A$3002,">="&DATE($B$3,1,1),매출내역!$A$3:$A$3002,"<="&EOMONTH(DATE($B$3,1,1),0)) -> 0 | D6: =SUMIFS(매출내역!$H$3:$H$3002,매출내역!$G$3:$G$3002,">="&DATE($B$3,1,1),매출내역!$G$3:$G$3002,"<="&EOMONTH(DATE($B$3,1,1),0)) -> 0 | E6: =$C6-$D6 -> 0 | F6: =SUMPRODUCT((거래처목록!$A$3:$A$302<>"")*(COUNTIFS(매출내역!$B$3:$B$3002,거래처목록!$A$3:$A$302,매출내역!$A$3:$A$3002,">="&DATE($B$3,1,1),매출내역!$A$3:$A$3002,"<="&EOMONTH(DATE($B$3,1,1),0))>0)) -> 0
A7: 2 | B7: =COUNTIFS(매출내역!$A$3:$A$3002,">="&DATE($B$3,2,1),매출내역!$A$3:$A$3002,"<="&EOMONTH(DATE($B$3,2,1),0)) -> 0 | C7: =SUMIFS(매출내역!$F$3:$F$3002,매출내역!$A$3:$A$3002,">="&DATE($B$3,2,1),매출내역!$A$3:$A$3002,"<="&EOMONTH(DATE($B$3,2,1),0)) -> 0 | D7: =SUMIFS(매출내역!$H$3:$H$3002,매출내역!$G$3:$G$3002,">="&DATE($B$3,2,1),매출내역!$G$3:$G$3002,"<="&EOMONTH(DATE($B$3,2,1),0)) -> 0 | E7: =$C7-$D7 -> 0 | F7: =SUMPRODUCT((거래처목록!$A$3:$A$302<>"")*(COUNTIFS(매출내역!$B$3:$B$3002,거래처목록!$A$3:$A$302,매출내역!$A$3:$A$3002,">="&DATE($B$3,2,1),매출내역!$A$3:$A$3002,"<="&EOMONTH(DATE($B$3,2,1),0))>0)) -> 0
A8: 3 | B8: =COUNTIFS(매출내역!$A$3:$A$3002,">="&DATE($B$3,3,1),매출내역!$A$3:$A$3002,"<="&EOMONTH(DATE($B$3,3,1),0)) -> 0 | C8: =SUMIFS(매출내역!$F$3:$F$3002,매출내역!$A$3:$A$3002,">="&DATE($B$3,3,1),매출내역!$A$3:$A$3002,"<="&EOMONTH(DATE($B$3,3,1),0)) -> 0 | D8: =SUMIFS(매출내역!$H$3:$H$3002,매출내역!$G$3:$G$3002,">="&DATE($B$3,3,1),매출내역!$G$3:$G$3002,"<="&EOMONTH(DATE($B$3,3,1),0)) -> 0 | E8: =$C8-$D8 -> 0 | F8: =SUMPRODUCT((거래처목록!$A$3:$A$302<>"")*(COUNTIFS(매출내역!$B$3:$B$3002,거래처목록!$A$3:$A$302,매출내역!$A$3:$A$3002,">="&DATE($B$3,3,1),매출내역!$A$3:$A$3002,"<="&EOMONTH(DATE($B$3,3,1),0))>0)) -> 0
A9: 4 | B9: =COUNTIFS(매출내역!$A$3:$A$3002,">="&DATE($B$3,4,1),매출내역!$A$3:$A$3002,"<="&EOMONTH(DATE($B$3,4,1),0)) -> 0 | C9: =SUMIFS(매출내역!$F$3:$F$3002,매출내역!$A$3:$A$3002,">="&DATE($B$3,4,1),매출내역!$A$3:$A$3002,"<="&EOMONTH(DATE($B$3,4,1),0)) -> 0 | D9: =SUMIFS(매출내역!$H$3:$H$3002,매출내역!$G$3:$G$3002,">="&DATE($B$3,4,1),매출내역!$G$3:$G$3002,"<="&EOMONTH(DATE($B$3,4,1),0)) -> 0 | E9: =$C9-$D9 -> 0 | F9: =SUMPRODUCT((거래처목록!$A$3:$A$302<>"")*(COUNTIFS(매출내역!$B$3:$B$3002,거래처목록!$A$3:$A$302,매출내역!$A$3:$A$3002,">="&DATE($B$3,4,1),매출내역!$A$3:$A$3002,"<="&EOMONTH(DATE($B$3,4,1),0))>0)) -> 0
A10: 5 | B10: =COUNTIFS(매출내역!$A$3:$A$3002,">="&DATE($B$3,5,1),매출내역!$A$3:$A$3002,"<="&EOMONTH(DATE($B$3,5,1),0)) -> 0 | C10: =SUMIFS(매출내역!$F$3:$F$3002,매출내역!$A$3:$A$3002,">="&DATE($B$3,5,1),매출내역!$A$3:$A$3002,"<="&EOMONTH(DATE($B$3,5,1),0)) -> 0 | D10: =SUMIFS(매출내역!$H$3:$H$3002,매출내역!$G$3:$G$3002,">="&DATE($B$3,5,1),매출내역!$G$3:$G$3002,"<="&EOMONTH(DATE($B$3,5,1),0)) -> 0 | E10: =$C10-$D10 -> 0 | F10: =SUMPRODUCT((거래처목록!$A$3:$A$302<>"")*(COUNTIFS(매출내역!$B$3:$B$3002,거래처목록!$A$3:$A$302,매출내역!$A$3:$A$3002,">="&DATE($B$3,5,1),매출내역!$A$3:$A$3002,"<="&EOMONTH(DATE($B$3,5,1),0))>0)) -> 0
A11: 6 | B11: =COUNTIFS(매출내역!$A$3:$A$3002,">="&DATE($B$3,6,1),매출내역!$A$3:$A$3002,"<="&EOMONTH(DATE($B$3,6,1),0)) -> 1 | C11: =SUMIFS(매출내역!$F$3:$F$3002,매출내역!$A$3:$A$3002,">="&DATE($B$3,6,1),매출내역!$A$3:$A$3002,"<="&EOMONTH(DATE($B$3,6,1),0)) -> 3600000 | D11: =SUMIFS(매출내역!$H$3:$H$3002,매출내역!$G$3:$G$3002,">="&DATE($B$3,6,1),매출내역!$G$3:$G$3002,"<="&EOMONTH(DATE($B$3,6,1),0)) -> 0 | E11: =$C11-$D11 -> 3600000 | F11: =SUMPRODUCT((거래처목록!$A$3:$A$302<>"")*(COUNTIFS(매출내역!$B$3:$B$3002,거래처목록!$A$3:$A$302,매출내역!$A$3:$A$3002,">="&DATE($B$3,6,1),매출내역!$A$3:$A$3002,"<="&EOMONTH(DATE($B$3,6,1),0))>0)) -> 1
A12: 7 | B12: =COUNTIFS(매출내역!$A$3:$A$3002,">="&DATE($B$3,7,1),매출내역!$A$3:$A$3002,"<="&EOMONTH(DATE($B$3,7,1),0)) -> 1 | C12: =SUMIFS(매출내역!$F$3:$F$3002,매출내역!$A$3:$A$3002,">="&DATE($B$3,7,1),매출내역!$A$3:$A$3002,"<="&EOMONTH(DATE($B$3,7,1),0)) -> 1600000 | D12: =SUMIFS(매출내역!$H$3:$H$3002,매출내역!$G$3:$G$3002,">="&DATE($B$3,7,1),매출내역!$G$3:$G$3002,"<="&EOMONTH(DATE($B$3,7,1),0)) -> 1600000 | E12: =$C12-$D12 -> 0 | F12: =SUMPRODUCT((거래처목록!$A$3:$A$302<>"")*(COUNTIFS(매출내역!$B$3:$B$3002,거래처목록!$A$3:$A$302,매출내역!$A$3:$A$3002,">="&DATE($B$3,7,1),매출내역!$A$3:$A$3002,"<="&EOMONTH(DATE($B$3,7,1),0))>0)) -> 1
A13: 8 | B13: =COUNTIFS(매출내역!$A$3:$A$3002,">="&DATE($B$3,8,1),매출내역!$A$3:$A$3002,"<="&EOMONTH(DATE($B$3,8,1),0)) -> 2 | C13: =SUMIFS(매출내역!$F$3:$F$3002,매출내역!$A$3:$A$3002,">="&DATE($B$3,8,1),매출내역!$A$3:$A$3002,"<="&EOMONTH(DATE($B$3,8,1),0)) -> 6450000 | D13: =SUMIFS(매출내역!$H$3:$H$3002,매출내역!$G$3:$G$3002,">="&DATE($B$3,8,1),매출내역!$G$3:$G$3002,"<="&EOMONTH(DATE($B$3,8,1),0)) -> 0 | E13: =$C13-$D13 -> 6450000 | F13: =SUMPRODUCT((거래처목록!$A$3:$A$302<>"")*(COUNTIFS(매출내역!$B$3:$B$3002,거래처목록!$A$3:$A$302,매출내역!$A$3:$A$3002,">="&DATE($B$3,8,1),매출내역!$A$3:$A$3002,"<="&EOMONTH(DATE($B$3,8,1),0))>0)) -> 2
A14: 9 | B14: =COUNTIFS(매출내역!$A$3:$A$3002,">="&DATE($B$3,9,1),매출내역!$A$3:$A$3002,"<="&EOMONTH(DATE($B$3,9,1),0)) -> 2 | C14: =SUMIFS(매출내역!$F$3:$F$3002,매출내역!$A$3:$A$3002,">="&DATE($B$3,9,1),매출내역!$A$3:$A$3002,"<="&EOMONTH(DATE($B$3,9,1),0)) -> 5400000 | D14: =SUMIFS(매출내역!$H$3:$H$3002,매출내역!$G$3:$G$3002,">="&DATE($B$3,9,1),매출내역!$G$3:$G$3002,"<="&EOMONTH(DATE($B$3,9,1),0)) -> 2900000 | E14: =$C14-$D14 -> 2500000 | F14: =SUMPRODUCT((거래처목록!$A$3:$A$302<>"")*(COUNTIFS(매출내역!$B$3:$B$3002,거래처목록!$A$3:$A$302,매출내역!$A$3:$A$3002,">="&DATE($B$3,9,1),매출내역!$A$3:$A$3002,"<="&EOMONTH(DATE($B$3,9,1),0))>0)) -> 2
A15: 10 | B15: =COUNTIFS(매출내역!$A$3:$A$3002,">="&DATE($B$3,10,1),매출내역!$A$3:$A$3002,"<="&EOMONTH(DATE($B$3,10,1),0)) -> 0 | C15: =SUMIFS(매출내역!$F$3:$F$3002,매출내역!$A$3:$A$3002,">="&DATE($B$3,10,1),매출내역!$A$3:$A$3002,"<="&EOMONTH(DATE($B$3,10,1),0)) -> 0 | D15: =SUMIFS(매출내역!$H$3:$H$3002,매출내역!$G$3:$G$3002,">="&DATE($B$3,10,1),매출내역!$G$3:$G$3002,"<="&EOMONTH(DATE($B$3,10,1),0)) -> 0 | E15: =$C15-$D15 -> 0 | F15: =SUMPRODUCT((거래처목록!$A$3:$A$302<>"")*(COUNTIFS(매출내역!$B$3:$B$3002,거래처목록!$A$3:$A$302,매출내역!$A$3:$A$3002,">="&DATE($B$3,10,1),매출내역!$A$3:$A$3002,"<="&EOMONTH(DATE($B$3,10,1),0))>0)) -> 0
A16: 11 | B16: =COUNTIFS(매출내역!$A$3:$A$3002,">="&DATE($B$3,11,1),매출내역!$A$3:$A$3002,"<="&EOMONTH(DATE($B$3,11,1),0)) -> 0 | C16: =SUMIFS(매출내역!$F$3:$F$3002,매출내역!$A$3:$A$3002,">="&DATE($B$3,11,1),매출내역!$A$3:$A$3002,"<="&EOMONTH(DATE($B$3,11,1),0)) -> 0 | D16: =SUMIFS(매출내역!$H$3:$H$3002,매출내역!$G$3:$G$3002,">="&DATE($B$3,11,1),매출내역!$G$3:$G$3002,"<="&EOMONTH(DATE($B$3,11,1),0)) -> 0 | E16: =$C16-$D16 -> 0 | F16: =SUMPRODUCT((거래처목록!$A$3:$A$302<>"")*(COUNTIFS(매출내역!$B$3:$B$3002,거래처목록!$A$3:$A$302,매출내역!$A$3:$A$3002,">="&DATE($B$3,11,1),매출내역!$A$3:$A$3002,"<="&EOMONTH(DATE($B$3,11,1),0))>0)) -> 0
A17: 12 | B17: =COUNTIFS(매출내역!$A$3:$A$3002,">="&DATE($B$3,12,1),매출내역!$A$3:$A$3002,"<="&EOMONTH(DATE($B$3,12,1),0)) -> 0 | C17: =SUMIFS(매출내역!$F$3:$F$3002,매출내역!$A$3:$A$3002,">="&DATE($B$3,12,1),매출내역!$A$3:$A$3002,"<="&EOMONTH(DATE($B$3,12,1),0)) -> 0 | D17: =SUMIFS(매출내역!$H$3:$H$3002,매출내역!$G$3:$G$3002,">="&DATE($B$3,12,1),매출내역!$G$3:$G$3002,"<="&EOMONTH(DATE($B$3,12,1),0)) -> 0 | E17: =$C17-$D17 -> 0 | F17: =SUMPRODUCT((거래처목록!$A$3:$A$302<>"")*(COUNTIFS(매출내역!$B$3:$B$3002,거래처목록!$A$3:$A$302,매출내역!$A$3:$A$3002,">="&DATE($B$3,12,1),매출내역!$A$3:$A$3002,"<="&EOMONTH(DATE($B$3,12,1),0))>0)) -> 0
A18: 합계 | B18: =SUM(B6:B17) -> 6 | C18: =SUM(C6:C17) -> 17050000 | D18: =SUM(D6:D17) -> 4500000 | E18: =SUM(E6:E17) -> 12550000
