Workbook

Sheet 사용안내
B2: 경조사 · 기념일 관리
B4: 핵심 | C4: 생일·창립일·계약기념일을 등록해두면 올해 언제인지, 며칠 남았는지 자동으로 나옵니다.
B5: 입력 규칙 | C5: 파란색 글씨 칸만 입력하세요. 검은색은 자동 계산입니다.
B6: ① 대상목록 | C6: 거래처 담당자·직원 등 챙길 사람을 등록합니다.
B7: ② 기념일등록 | C7: 생일·창립일 등 매년 돌아오는 날을 등록합니다.
B8: ③ 경조사내역 | C8: 실제로 챙긴 기록입니다. 언제 얼마를 보냈는지 남깁니다.
B9: ④ 다가오는 일정 | C9: 앞으로 90일 안에 오는 기념일을 순서대로 보여줍니다.
B10: ⑤ 월별달력 | C10: 월을 고르면 그 달의 기념일이 나옵니다.
B11: ⑥ 거래처별 이력 | C11: 어느 거래처에 얼마나 썼는지 집계합니다.
B12: 올해 기념일 계산 | C12: 등록한 날짜의 월·일만 가져와 올해 날짜로 만듭니다. 지났으면 내년으로 넘깁니다.
B13: 주의 | C13: 음력 생일은 지원하지 않습니다. 양력으로 변환해서 넣으세요.
B15: 설정 | C15: 값을 바꾸면 모든 계산에 반영됩니다
B16: 알림 기준(일) | C16: 14

Sheet 대상목록
A1: 대상목록
A2: 이름 | B2: 구분 | C2: 거래처/소속 | D2: 직위 | E2: 연락처 | F2: 비고
A3: 김사장 | B3: 거래처 | C3: ○○상사 | D3: 대표 | E3: 010-0000-0001
A4: 이과장 | B4: 거래처 | C4: △△유통 | D4: 과장 | E4: 010-0000-0002
A5: 박직원 | B5: 내부 | C5: 영업팀 | D5: 대리 | E5: 010-0000-0003

Sheet 기념일등록
A1: 기념일등록 (매년 돌아오는 날)
A2: No(자동) | B2: 이름 | C2: 거래처(자동) | D2: 종류 | E2: 기준일 | F2: 월(자동) | G2: 일(자동) | H2: 올해 날짜(자동) | I2: D-Day(자동) | J2: 비고
A3: =IF($B3="","",ROW()-2) -> 1 | B3: 김사장 | C3: =IF($B3="","",IFERROR(INDEX(대상목록!$C$3:$C$302,MATCH($B3,대상목록!$A$3:$A$302,0)),"")) -> ○○상사 | D3: 생일 | E3: 27662 | F3: =IF($E3="","",MONTH($E3)) -> 9 | G3: =IF($E3="","",DAY($E3)) -> 25 | H3: =IF($E3="","",IF(DATE(YEAR(TODAY()),$F3,$G3)<TODAY(),DATE(YEAR(TODAY())+1,$F3,$G3),DATE(YEAR(TODAY()),$F3,$G3))) -> 46290 | I3: =IF($H3="","",$H3-TODAY()) -> 11
A4: =IF($B4="","",ROW()-2) -> 2 | B4: 이과장 | C4: =IF($B4="","",IFERROR(INDEX(대상목록!$C$3:$C$302,MATCH($B4,대상목록!$A$3:$A$302,0)),"")) -> △△유통 | D4: 생일 | E4: 30020 | F4: =IF($E4="","",MONTH($E4)) -> 3 | G4: =IF($E4="","",DAY($E4)) -> 10 | H4: =IF($E4="","",IF(DATE(YEAR(TODAY()),$F4,$G4)<TODAY(),DATE(YEAR(TODAY())+1,$F4,$G4),DATE(YEAR(TODAY()),$F4,$G4))) -> 46456 | I4: =IF($H4="","",$H4-TODAY()) -> 177
A5: =IF($B5="","",ROW()-2) -> 3 | B5: 김사장 | C5: =IF($B5="","",IFERROR(INDEX(대상목록!$C$3:$C$302,MATCH($B5,대상목록!$A$3:$A$302,0)),"")) -> ○○상사 | D5: 창립기념일 | E5: 38615 | F5: =IF($E5="","",MONTH($E5)) -> 9 | G5: =IF($E5="","",DAY($E5)) -> 20 | H5: =IF($E5="","",IF(DATE(YEAR(TODAY()),$F5,$G5)<TODAY(),DATE(YEAR(TODAY())+1,$F5,$G5),DATE(YEAR(TODAY()),$F5,$G5))) -> 46285 | I5: =IF($H5="","",$H5-TODAY()) -> 6
A6: =IF($B6="","",ROW()-2) -> 4 | B6: 박직원 | C6: =IF($B6="","",IFERROR(INDEX(대상목록!$C$3:$C$302,MATCH($B6,대상목록!$A$3:$A$302,0)),"")) -> 영업팀 | D6: 입사기념일 | E6: 44501 | F6: =IF($E6="","",MONTH($E6)) -> 11 | G6: =IF($E6="","",DAY($E6)) -> 1 | H6: =IF($E6="","",IF(DATE(YEAR(TODAY()),$F6,$G6)<TODAY(),DATE(YEAR(TODAY())+1,$F6,$G6),DATE(YEAR(TODAY()),$F6,$G6))) -> 46327 | I6: =IF($H6="","",$H6-TODAY()) -> 48
A7: =IF($B7="","",ROW()-2) | C7: =IF($B7="","",IFERROR(INDEX(대상목록!$C$3:$C$302,MATCH($B7,대상목록!$A$3:$A$302,0)),"")) | F7: =IF($E7="","",MONTH($E7)) | G7: =IF($E7="","",DAY($E7)) | H7: =IF($E7="","",IF(DATE(YEAR(TODAY()),$F7,$G7)<TODAY(),DATE(YEAR(TODAY())+1,$F7,$G7),DATE(YEAR(TODAY()),$F7,$G7))) | I7: =IF($H7="","",$H7-TODAY())
A8: =IF($B8="","",ROW()-2) | C8: =IF($B8="","",IFERROR(INDEX(대상목록!$C$3:$C$302,MATCH($B8,대상목록!$A$3:$A$302,0)),"")) | F8: =IF($E8="","",MONTH($E8)) | G8: =IF($E8="","",DAY($E8)) | H8: =IF($E8="","",IF(DATE(YEAR(TODAY()),$F8,$G8)<TODAY(),DATE(YEAR(TODAY())+1,$F8,$G8),DATE(YEAR(TODAY()),$F8,$G8))) | I8: =IF($H8="","",$H8-TODAY())
A9: =IF($B9="","",ROW()-2) | C9: =IF($B9="","",IFERROR(INDEX(대상목록!$C$3:$C$302,MATCH($B9,대상목록!$A$3:$A$302,0)),"")) | F9: =IF($E9="","",MONTH($E9)) | G9: =IF($E9="","",DAY($E9)) | H9: =IF($E9="","",IF(DATE(YEAR(TODAY()),$F9,$G9)<TODAY(),DATE(YEAR(TODAY())+1,$F9,$G9),DATE(YEAR(TODAY()),$F9,$G9))) | I9: =IF($H9="","",$H9-TODAY())
A10: =IF($B10="","",ROW()-2) | C10: =IF($B10="","",IFERROR(INDEX(대상목록!$C$3:$C$302,MATCH($B10,대상목록!$A$3:$A$302,0)),"")) | F10: =IF($E10="","",MONTH($E10)) | G10: =IF($E10="","",DAY($E10)) | H10: =IF($E10="","",IF(DATE(YEAR(TODAY()),$F10,$G10)<TODAY(),DATE(YEAR(TODAY())+1,$F10,$G10),DATE(YEAR(TODAY()),$F10,$G10))) | I10: =IF($H10="","",$H10-TODAY())
A11: =IF($B11="","",ROW()-2) | C11: =IF($B11="","",IFERROR(INDEX(대상목록!$C$3:$C$302,MATCH($B11,대상목록!$A$3:$A$302,0)),"")) | F11: =IF($E11="","",MONTH($E11)) | G11: =IF($E11="","",DAY($E11)) | H11: =IF($E11="","",IF(DATE(YEAR(TODAY()),$F11,$G11)<TODAY(),DATE(YEAR(TODAY())+1,$F11,$G11),DATE(YEAR(TODAY()),$F11,$G11))) | I11: =IF($H11="","",$H11-TODAY())
A12: =IF($B12="","",ROW()-2) | C12: =IF($B12="","",IFERROR(INDEX(대상목록!$C$3:$C$302,MATCH($B12,대상목록!$A$3:$A$302,0)),"")) | F12: =IF($E12="","",MONTH($E12)) | G12: =IF($E12="","",DAY($E12)) | H12: =IF($E12="","",IF(DATE(YEAR(TODAY()),$F12,$G12)<TODAY(),DATE(YEAR(TODAY())+1,$F12,$G12),DATE(YEAR(TODAY()),$F12,$G12))) | I12: =IF($H12="","",$H12-TODAY())
A13: =IF($B13="","",ROW()-2) | C13: =IF($B13="","",IFERROR(INDEX(대상목록!$C$3:$C$302,MATCH($B13,대상목록!$A$3:$A$302,0)),"")) | F13: =IF($E13="","",MONTH($E13)) | G13: =IF($E13="","",DAY($E13)) | H13: =IF($E13="","",IF(DATE(YEAR(TODAY()),$F13,$G13)<TODAY(),DATE(YEAR(TODAY())+1,$F13,$G13),DATE(YEAR(TODAY()),$F13,$G13))) | I13: =IF($H13="","",$H13-TODAY())
A14: =IF($B14="","",ROW()-2) | C14: =IF($B14="","",IFERROR(INDEX(대상목록!$C$3:$C$302,MATCH($B14,대상목록!$A$3:$A$302,0)),"")) | F14: =IF($E14="","",MONTH($E14)) | G14: =IF($E14="","",DAY($E14)) | H14: =IF($E14="","",IF(DATE(YEAR(TODAY()),$F14,$G14)<TODAY(),DATE(YEAR(TODAY())+1,$F14,$G14),DATE(YEAR(TODAY()),$F14,$G14))) | I14: =IF($H14="","",$H14-TODAY())
A15: =IF($B15="","",ROW()-2) | C15: =IF($B15="","",IFERROR(INDEX(대상목록!$C$3:$C$302,MATCH($B15,대상목록!$A$3:$A$302,0)),"")) | F15: =IF($E15="","",MONTH($E15)) | G15: =IF($E15="","",DAY($E15)) | H15: =IF($E15="","",IF(DATE(YEAR(TODAY()),$F15,$G15)<TODAY(),DATE(YEAR(TODAY())+1,$F15,$G15),DATE(YEAR(TODAY()),$F15,$G15))) | I15: =IF($H15="","",$H15-TODAY())
A16: =IF($B16="","",ROW()-2) | C16: =IF($B16="","",IFERROR(INDEX(대상목록!$C$3:$C$302,MATCH($B16,대상목록!$A$3:$A$302,0)),"")) | F16: =IF($E16="","",MONTH($E16)) | G16: =IF($E16="","",DAY($E16)) | H16: =IF($E16="","",IF(DATE(YEAR(TODAY()),$F16,$G16)<TODAY(),DATE(YEAR(TODAY())+1,$F16,$G16),DATE(YEAR(TODAY()),$F16,$G16))) | I16: =IF($H16="","",$H16-TODAY())
A17: =IF($B17="","",ROW()-2) | C17: =IF($B17="","",IFERROR(INDEX(대상목록!$C$3:$C$302,MATCH($B17,대상목록!$A$3:$A$302,0)),"")) | F17: =IF($E17="","",MONTH($E17)) | G17: =IF($E17="","",DAY($E17)) | H17: =IF($E17="","",IF(DATE(YEAR(TODAY()),$F17,$G17)<TODAY(),DATE(YEAR(TODAY())+1,$F17,$G17),DATE(YEAR(TODAY()),$F17,$G17))) | I17: =IF($H17="","",$H17-TODAY())
A18: =IF($B18="","",ROW()-2) | C18: =IF($B18="","",IFERROR(INDEX(대상목록!$C$3:$C$302,MATCH($B18,대상목록!$A$3:$A$302,0)),"")) | F18: =IF($E18="","",MONTH($E18)) | G18: =IF($E18="","",DAY($E18)) | H18: =IF($E18="","",IF(DATE(YEAR(TODAY()),$F18,$G18)<TODAY(),DATE(YEAR(TODAY())+1,$F18,$G18),DATE(YEAR(TODAY()),$F18,$G18))) | I18: =IF($H18="","",$H18-TODAY())
... A502: =IF($B502="","",ROW()-2) | C502: =IF($B502="","",IFERROR(INDEX(대상목록!$C$3:$C$302,MATCH($B502,대상목록!$A$3:$A$302,0)),"")) | F502: =IF($E502="","",MONTH($E502)) | G502: =IF($E502="","",DAY($E502)) | H502: =IF($E502="","",IF(DATE(YEAR(TODAY()),$F502,$G502)<TODAY(),DATE(YEAR(TODAY())+1,$F502,$G502),DATE(YEAR(TODAY()),$F502,$G502))) | I502: =IF($H502="","",$H502-TODAY())
A504: ※ 기준일은 태어난 해·창립한 해를 그대로 넣으세요. 월·일만 사용합니다.
A505: ※ 2월 29일은 윤년이 아닌 해에 3월 1일로 넘어갑니다.

Sheet 경조사내역
A1: 경조사내역 (실제로 챙긴 기록)
A2: 일자 | B2: 이름 | C2: 거래처(자동) | D2: 종류 | E2: 내용 | F2: 금액 | G2: 비고
A3: 45920 | B3: 김사장 | C3: =IF($B3="","",IFERROR(INDEX(대상목록!$C$3:$C$302,MATCH($B3,대상목록!$A$3:$A$302,0)),"")) -> ○○상사 | D3: 창립 | E3: 창립기념 화환 | F3: 100000 | G3: ← 예시 행입니다. 지우고 쓰세요.
A4: 45925 | B4: 김사장 | C4: =IF($B4="","",IFERROR(INDEX(대상목록!$C$3:$C$302,MATCH($B4,대상목록!$A$3:$A$302,0)),"")) -> ○○상사 | D4: 생일 | E4: 생일 선물 (홍삼세트) | F4: 150000
A5: 46091 | B5: 이과장 | C5: =IF($B5="","",IFERROR(INDEX(대상목록!$C$3:$C$302,MATCH($B5,대상목록!$A$3:$A$302,0)),"")) -> △△유통 | D5: 생일 | E5: 생일 축하 기프티콘 | F5: 50000
A6: 46160 | B6: 김사장 | C6: =IF($B6="","",IFERROR(INDEX(대상목록!$C$3:$C$302,MATCH($B6,대상목록!$A$3:$A$302,0)),"")) -> ○○상사 | D6: 결혼 | E6: 자녀 결혼 축의금 | F6: 200000
A7: 46195 | B7: 박직원 | C7: =IF($B7="","",IFERROR(INDEX(대상목록!$C$3:$C$302,MATCH($B7,대상목록!$A$3:$A$302,0)),"")) -> 영업팀 | D7: 출산 | E7: 출산 축하금 | F7: 300000
A8: 46248 | B8: 이과장 | C8: =IF($B8="","",IFERROR(INDEX(대상목록!$C$3:$C$302,MATCH($B8,대상목록!$A$3:$A$302,0)),"")) -> △△유통 | D8: 부고 | E8: 조의금 (모친상) | F8: 100000
C9: =IF($B9="","",IFERROR(INDEX(대상목록!$C$3:$C$302,MATCH($B9,대상목록!$A$3:$A$302,0)),""))
C10: =IF($B10="","",IFERROR(INDEX(대상목록!$C$3:$C$302,MATCH($B10,대상목록!$A$3:$A$302,0)),""))
C11: =IF($B11="","",IFERROR(INDEX(대상목록!$C$3:$C$302,MATCH($B11,대상목록!$A$3:$A$302,0)),""))
C12: =IF($B12="","",IFERROR(INDEX(대상목록!$C$3:$C$302,MATCH($B12,대상목록!$A$3:$A$302,0)),""))
C13: =IF($B13="","",IFERROR(INDEX(대상목록!$C$3:$C$302,MATCH($B13,대상목록!$A$3:$A$302,0)),""))
C14: =IF($B14="","",IFERROR(INDEX(대상목록!$C$3:$C$302,MATCH($B14,대상목록!$A$3:$A$302,0)),""))
C15: =IF($B15="","",IFERROR(INDEX(대상목록!$C$3:$C$302,MATCH($B15,대상목록!$A$3:$A$302,0)),""))
C16: =IF($B16="","",IFERROR(INDEX(대상목록!$C$3:$C$302,MATCH($B16,대상목록!$A$3:$A$302,0)),""))
C17: =IF($B17="","",IFERROR(INDEX(대상목록!$C$3:$C$302,MATCH($B17,대상목록!$A$3:$A$302,0)),""))
C18: =IF($B18="","",IFERROR(INDEX(대상목록!$C$3:$C$302,MATCH($B18,대상목록!$A$3:$A$302,0)),""))
C19: =IF($B19="","",IFERROR(INDEX(대상목록!$C$3:$C$302,MATCH($B19,대상목록!$A$3:$A$302,0)),""))
C20: =IF($B20="","",IFERROR(INDEX(대상목록!$C$3:$C$302,MATCH($B20,대상목록!$A$3:$A$302,0)),""))
... C1002: =IF($B1002="","",IFERROR(INDEX(대상목록!$C$3:$C$302,MATCH($B1002,대상목록!$A$3:$A$302,0)),""))

Sheet 다가오는일정
A1: 다가오는 일정 (앞으로 90일)
A3: 오늘 | B3: =TODAY() -> 46279 | D3: 알림 대상 | E3: =COUNTIFS(기념일등록!$I$3:$I$502,">=0",기념일등록!$I$3:$I$502,"<="&사용안내!$C$16) -> 2
A5: 순위 | B5: 날짜 | C5: D-Day | D5: 이름 | E5: 거래처 | F5: 종류 | G5: 작년 기록
A6: =IF($D6="","",1) -> 1 | B6: =IFERROR(INDEX(기념일등록!$H$3:$H$502,MATCH(1,다가오는일정!$K$6:$K$505,0)),"") -> 46285 | C6: =IF($B6="","",IFERROR(INDEX(기념일등록!$I$3:$I$502,MATCH(1,다가오는일정!$K$6:$K$505,0)),"")) -> 6 | D6: =IFERROR(INDEX(기념일등록!$B$3:$B$502,MATCH(1,다가오는일정!$K$6:$K$505,0)),"") -> 김사장 | E6: =IF($D6="","",IFERROR(INDEX(기념일등록!$C$3:$C$502,MATCH(1,다가오는일정!$K$6:$K$505,0)),"")) -> ○○상사 | F6: =IF($D6="","",IFERROR(INDEX(기념일등록!$D$3:$D$502,MATCH(1,다가오는일정!$K$6:$K$505,0)),"")) -> 창립기념일 | G6: =IF($D6="","",SUMIFS(경조사내역!$F$3:$F$1002,경조사내역!$B$3:$B$1002,$D6,경조사내역!$A$3:$A$1002,">="&DATE(YEAR(TODAY())-1,1,1),경조사내역!$A$3:$A$1002,"<="&DATE(YEAR(TODAY())-1,12,31))) -> 250000 | I6: =IF(기념일등록!$B3="",FALSE(),AND(기념일등록!$I3>=0,기념일등록!$I3<=90)) -> TRUE | J6: =IF($I6=FALSE(),"",기념일등록!$I3*1000+ROW()) -> 11006 | K6: =IF($J6="","",RANK($J6,$J$6:$J$505,1)) -> 2
A7: =IF($D7="","",2) -> 2 | B7: =IFERROR(INDEX(기념일등록!$H$3:$H$502,MATCH(2,다가오는일정!$K$6:$K$505,0)),"") -> 46290 | C7: =IF($B7="","",IFERROR(INDEX(기념일등록!$I$3:$I$502,MATCH(2,다가오는일정!$K$6:$K$505,0)),"")) -> 11 | D7: =IFERROR(INDEX(기념일등록!$B$3:$B$502,MATCH(2,다가오는일정!$K$6:$K$505,0)),"") -> 김사장 | E7: =IF($D7="","",IFERROR(INDEX(기념일등록!$C$3:$C$502,MATCH(2,다가오는일정!$K$6:$K$505,0)),"")) -> ○○상사 | F7: =IF($D7="","",IFERROR(INDEX(기념일등록!$D$3:$D$502,MATCH(2,다가오는일정!$K$6:$K$505,0)),"")) -> 생일 | G7: =IF($D7="","",SUMIFS(경조사내역!$F$3:$F$1002,경조사내역!$B$3:$B$1002,$D7,경조사내역!$A$3:$A$1002,">="&DATE(YEAR(TODAY())-1,1,1),경조사내역!$A$3:$A$1002,"<="&DATE(YEAR(TODAY())-1,12,31))) -> 250000 | I7: =IF(기념일등록!$B4="",FALSE(),AND(기념일등록!$I4>=0,기념일등록!$I4<=90)) -> FALSE | J7: =IF($I7=FALSE(),"",기념일등록!$I4*1000+ROW()) | K7: =IF($J7="","",RANK($J7,$J$6:$J$505,1))
A8: =IF($D8="","",3) -> 3 | B8: =IFERROR(INDEX(기념일등록!$H$3:$H$502,MATCH(3,다가오는일정!$K$6:$K$505,0)),"") -> 46327 | C8: =IF($B8="","",IFERROR(INDEX(기념일등록!$I$3:$I$502,MATCH(3,다가오는일정!$K$6:$K$505,0)),"")) -> 48 | D8: =IFERROR(INDEX(기념일등록!$B$3:$B$502,MATCH(3,다가오는일정!$K$6:$K$505,0)),"") -> 박직원 | E8: =IF($D8="","",IFERROR(INDEX(기념일등록!$C$3:$C$502,MATCH(3,다가오는일정!$K$6:$K$505,0)),"")) -> 영업팀 | F8: =IF($D8="","",IFERROR(INDEX(기념일등록!$D$3:$D$502,MATCH(3,다가오는일정!$K$6:$K$505,0)),"")) -> 입사기념일 | G8: =IF($D8="","",SUMIFS(경조사내역!$F$3:$F$1002,경조사내역!$B$3:$B$1002,$D8,경조사내역!$A$3:$A$1002,">="&DATE(YEAR(TODAY())-1,1,1),경조사내역!$A$3:$A$1002,"<="&DATE(YEAR(TODAY())-1,12,31))) -> 0 | I8: =IF(기념일등록!$B5="",FALSE(),AND(기념일등록!$I5>=0,기념일등록!$I5<=90)) -> TRUE | J8: =IF($I8=FALSE(),"",기념일등록!$I5*1000+ROW()) -> 6008 | K8: =IF($J8="","",RANK($J8,$J$6:$J$505,1)) -> 1
A9: =IF($D9="","",4) | B9: =IFERROR(INDEX(기념일등록!$H$3:$H$502,MATCH(4,다가오는일정!$K$6:$K$505,0)),"") | C9: =IF($B9="","",IFERROR(INDEX(기념일등록!$I$3:$I$502,MATCH(4,다가오는일정!$K$6:$K$505,0)),"")) | D9: =IFERROR(INDEX(기념일등록!$B$3:$B$502,MATCH(4,다가오는일정!$K$6:$K$505,0)),"") | E9: =IF($D9="","",IFERROR(INDEX(기념일등록!$C$3:$C$502,MATCH(4,다가오는일정!$K$6:$K$505,0)),"")) | F9: =IF($D9="","",IFERROR(INDEX(기념일등록!$D$3:$D$502,MATCH(4,다가오는일정!$K$6:$K$505,0)),"")) | G9: =IF($D9="","",SUMIFS(경조사내역!$F$3:$F$1002,경조사내역!$B$3:$B$1002,$D9,경조사내역!$A$3:$A$1002,">="&DATE(YEAR(TODAY())-1,1,1),경조사내역!$A$3:$A$1002,"<="&DATE(YEAR(TODAY())-1,12,31))) | I9: =IF(기념일등록!$B6="",FALSE(),AND(기념일등록!$I6>=0,기념일등록!$I6<=90)) -> TRUE | J9: =IF($I9=FALSE(),"",기념일등록!$I6*1000+ROW()) -> 48009 | K9: =IF($J9="","",RANK($J9,$J$6:$J$505,1)) -> 3
A10: =IF($D10="","",5) | B10: =IFERROR(INDEX(기념일등록!$H$3:$H$502,MATCH(5,다가오는일정!$K$6:$K$505,0)),"") | C10: =IF($B10="","",IFERROR(INDEX(기념일등록!$I$3:$I$502,MATCH(5,다가오는일정!$K$6:$K$505,0)),"")) | D10: =IFERROR(INDEX(기념일등록!$B$3:$B$502,MATCH(5,다가오는일정!$K$6:$K$505,0)),"") | E10: =IF($D10="","",IFERROR(INDEX(기념일등록!$C$3:$C$502,MATCH(5,다가오는일정!$K$6:$K$505,0)),"")) | F10: =IF($D10="","",IFERROR(INDEX(기념일등록!$D$3:$D$502,MATCH(5,다가오는일정!$K$6:$K$505,0)),"")) | G10: =IF($D10="","",SUMIFS(경조사내역!$F$3:$F$1002,경조사내역!$B$3:$B$1002,$D10,경조사내역!$A$3:$A$1002,">="&DATE(YEAR(TODAY())-1,1,1),경조사내역!$A$3:$A$1002,"<="&DATE(YEAR(TODAY())-1,12,31))) | I10: =IF(기념일등록!$B7="",FALSE(),AND(기념일등록!$I7>=0,기념일등록!$I7<=90)) -> FALSE | J10: =IF($I10=FALSE(),"",기념일등록!$I7*1000+ROW()) | K10: =IF($J10="","",RANK($J10,$J$6:$J$505,1))
A11: =IF($D11="","",6) | B11: =IFERROR(INDEX(기념일등록!$H$3:$H$502,MATCH(6,다가오는일정!$K$6:$K$505,0)),"") | C11: =IF($B11="","",IFERROR(INDEX(기념일등록!$I$3:$I$502,MATCH(6,다가오는일정!$K$6:$K$505,0)),"")) | D11: =IFERROR(INDEX(기념일등록!$B$3:$B$502,MATCH(6,다가오는일정!$K$6:$K$505,0)),"") | E11: =IF($D11="","",IFERROR(INDEX(기념일등록!$C$3:$C$502,MATCH(6,다가오는일정!$K$6:$K$505,0)),"")) | F11: =IF($D11="","",IFERROR(INDEX(기념일등록!$D$3:$D$502,MATCH(6,다가오는일정!$K$6:$K$505,0)),"")) | G11: =IF($D11="","",SUMIFS(경조사내역!$F$3:$F$1002,경조사내역!$B$3:$B$1002,$D11,경조사내역!$A$3:$A$1002,">="&DATE(YEAR(TODAY())-1,1,1),경조사내역!$A$3:$A$1002,"<="&DATE(YEAR(TODAY())-1,12,31))) | I11: =IF(기념일등록!$B8="",FALSE(),AND(기념일등록!$I8>=0,기념일등록!$I8<=90)) -> FALSE | J11: =IF($I11=FALSE(),"",기념일등록!$I8*1000+ROW()) | K11: =IF($J11="","",RANK($J11,$J$6:$J$505,1))
A12: =IF($D12="","",7) | B12: =IFERROR(INDEX(기념일등록!$H$3:$H$502,MATCH(7,다가오는일정!$K$6:$K$505,0)),"") | C12: =IF($B12="","",IFERROR(INDEX(기념일등록!$I$3:$I$502,MATCH(7,다가오는일정!$K$6:$K$505,0)),"")) | D12: =IFERROR(INDEX(기념일등록!$B$3:$B$502,MATCH(7,다가오는일정!$K$6:$K$505,0)),"") | E12: =IF($D12="","",IFERROR(INDEX(기념일등록!$C$3:$C$502,MATCH(7,다가오는일정!$K$6:$K$505,0)),"")) | F12: =IF($D12="","",IFERROR(INDEX(기념일등록!$D$3:$D$502,MATCH(7,다가오는일정!$K$6:$K$505,0)),"")) | G12: =IF($D12="","",SUMIFS(경조사내역!$F$3:$F$1002,경조사내역!$B$3:$B$1002,$D12,경조사내역!$A$3:$A$1002,">="&DATE(YEAR(TODAY())-1,1,1),경조사내역!$A$3:$A$1002,"<="&DATE(YEAR(TODAY())-1,12,31))) | I12: =IF(기념일등록!$B9="",FALSE(),AND(기념일등록!$I9>=0,기념일등록!$I9<=90)) -> FALSE | J12: =IF($I12=FALSE(),"",기념일등록!$I9*1000+ROW()) | K12: =IF($J12="","",RANK($J12,$J$6:$J$505,1))
A13: =IF($D13="","",8) | B13: =IFERROR(INDEX(기념일등록!$H$3:$H$502,MATCH(8,다가오는일정!$K$6:$K$505,0)),"") | C13: =IF($B13="","",IFERROR(INDEX(기념일등록!$I$3:$I$502,MATCH(8,다가오는일정!$K$6:$K$505,0)),"")) | D13: =IFERROR(INDEX(기념일등록!$B$3:$B$502,MATCH(8,다가오는일정!$K$6:$K$505,0)),"") | E13: =IF($D13="","",IFERROR(INDEX(기념일등록!$C$3:$C$502,MATCH(8,다가오는일정!$K$6:$K$505,0)),"")) | F13: =IF($D13="","",IFERROR(INDEX(기념일등록!$D$3:$D$502,MATCH(8,다가오는일정!$K$6:$K$505,0)),"")) | G13: =IF($D13="","",SUMIFS(경조사내역!$F$3:$F$1002,경조사내역!$B$3:$B$1002,$D13,경조사내역!$A$3:$A$1002,">="&DATE(YEAR(TODAY())-1,1,1),경조사내역!$A$3:$A$1002,"<="&DATE(YEAR(TODAY())-1,12,31))) | I13: =IF(기념일등록!$B10="",FALSE(),AND(기념일등록!$I10>=0,기념일등록!$I10<=90)) -> FALSE | J13: =IF($I13=FALSE(),"",기념일등록!$I10*1000+ROW()) | K13: =IF($J13="","",RANK($J13,$J$6:$J$505,1))
A14: =IF($D14="","",9) | B14: =IFERROR(INDEX(기념일등록!$H$3:$H$502,MATCH(9,다가오는일정!$K$6:$K$505,0)),"") | C14: =IF($B14="","",IFERROR(INDEX(기념일등록!$I$3:$I$502,MATCH(9,다가오는일정!$K$6:$K$505,0)),"")) | D14: =IFERROR(INDEX(기념일등록!$B$3:$B$502,MATCH(9,다가오는일정!$K$6:$K$505,0)),"") | E14: =IF($D14="","",IFERROR(INDEX(기념일등록!$C$3:$C$502,MATCH(9,다가오는일정!$K$6:$K$505,0)),"")) | F14: =IF($D14="","",IFERROR(INDEX(기념일등록!$D$3:$D$502,MATCH(9,다가오는일정!$K$6:$K$505,0)),"")) | G14: =IF($D14="","",SUMIFS(경조사내역!$F$3:$F$1002,경조사내역!$B$3:$B$1002,$D14,경조사내역!$A$3:$A$1002,">="&DATE(YEAR(TODAY())-1,1,1),경조사내역!$A$3:$A$1002,"<="&DATE(YEAR(TODAY())-1,12,31))) | I14: =IF(기념일등록!$B11="",FALSE(),AND(기념일등록!$I11>=0,기념일등록!$I11<=90)) -> FALSE | J14: =IF($I14=FALSE(),"",기념일등록!$I11*1000+ROW()) | K14: =IF($J14="","",RANK($J14,$J$6:$J$505,1))
A15: =IF($D15="","",10) | B15: =IFERROR(INDEX(기념일등록!$H$3:$H$502,MATCH(10,다가오는일정!$K$6:$K$505,0)),"") | C15: =IF($B15="","",IFERROR(INDEX(기념일등록!$I$3:$I$502,MATCH(10,다가오는일정!$K$6:$K$505,0)),"")) | D15: =IFERROR(INDEX(기념일등록!$B$3:$B$502,MATCH(10,다가오는일정!$K$6:$K$505,0)),"") | E15: =IF($D15="","",IFERROR(INDEX(기념일등록!$C$3:$C$502,MATCH(10,다가오는일정!$K$6:$K$505,0)),"")) | F15: =IF($D15="","",IFERROR(INDEX(기념일등록!$D$3:$D$502,MATCH(10,다가오는일정!$K$6:$K$505,0)),"")) | G15: =IF($D15="","",SUMIFS(경조사내역!$F$3:$F$1002,경조사내역!$B$3:$B$1002,$D15,경조사내역!$A$3:$A$1002,">="&DATE(YEAR(TODAY())-1,1,1),경조사내역!$A$3:$A$1002,"<="&DATE(YEAR(TODAY())-1,12,31))) | I15: =IF(기념일등록!$B12="",FALSE(),AND(기념일등록!$I12>=0,기념일등록!$I12<=90)) -> FALSE | J15: =IF($I15=FALSE(),"",기념일등록!$I12*1000+ROW()) | K15: =IF($J15="","",RANK($J15,$J$6:$J$505,1))
A16: =IF($D16="","",11) | B16: =IFERROR(INDEX(기념일등록!$H$3:$H$502,MATCH(11,다가오는일정!$K$6:$K$505,0)),"") | C16: =IF($B16="","",IFERROR(INDEX(기념일등록!$I$3:$I$502,MATCH(11,다가오는일정!$K$6:$K$505,0)),"")) | D16: =IFERROR(INDEX(기념일등록!$B$3:$B$502,MATCH(11,다가오는일정!$K$6:$K$505,0)),"") | E16: =IF($D16="","",IFERROR(INDEX(기념일등록!$C$3:$C$502,MATCH(11,다가오는일정!$K$6:$K$505,0)),"")) | F16: =IF($D16="","",IFERROR(INDEX(기념일등록!$D$3:$D$502,MATCH(11,다가오는일정!$K$6:$K$505,0)),"")) | G16: =IF($D16="","",SUMIFS(경조사내역!$F$3:$F$1002,경조사내역!$B$3:$B$1002,$D16,경조사내역!$A$3:$A$1002,">="&DATE(YEAR(TODAY())-1,1,1),경조사내역!$A$3:$A$1002,"<="&DATE(YEAR(TODAY())-1,12,31))) | I16: =IF(기념일등록!$B13="",FALSE(),AND(기념일등록!$I13>=0,기념일등록!$I13<=90)) -> FALSE | J16: =IF($I16=FALSE(),"",기념일등록!$I13*1000+ROW()) | K16: =IF($J16="","",RANK($J16,$J$6:$J$505,1))
A17: =IF($D17="","",12) | B17: =IFERROR(INDEX(기념일등록!$H$3:$H$502,MATCH(12,다가오는일정!$K$6:$K$505,0)),"") | C17: =IF($B17="","",IFERROR(INDEX(기념일등록!$I$3:$I$502,MATCH(12,다가오는일정!$K$6:$K$505,0)),"")) | D17: =IFERROR(INDEX(기념일등록!$B$3:$B$502,MATCH(12,다가오는일정!$K$6:$K$505,0)),"") | E17: =IF($D17="","",IFERROR(INDEX(기념일등록!$C$3:$C$502,MATCH(12,다가오는일정!$K$6:$K$505,0)),"")) | F17: =IF($D17="","",IFERROR(INDEX(기념일등록!$D$3:$D$502,MATCH(12,다가오는일정!$K$6:$K$505,0)),"")) | G17: =IF($D17="","",SUMIFS(경조사내역!$F$3:$F$1002,경조사내역!$B$3:$B$1002,$D17,경조사내역!$A$3:$A$1002,">="&DATE(YEAR(TODAY())-1,1,1),경조사내역!$A$3:$A$1002,"<="&DATE(YEAR(TODAY())-1,12,31))) | I17: =IF(기념일등록!$B14="",FALSE(),AND(기념일등록!$I14>=0,기념일등록!$I14<=90)) -> FALSE | J17: =IF($I17=FALSE(),"",기념일등록!$I14*1000+ROW()) | K17: =IF($J17="","",RANK($J17,$J$6:$J$505,1))
A18: =IF($D18="","",13) | B18: =IFERROR(INDEX(기념일등록!$H$3:$H$502,MATCH(13,다가오는일정!$K$6:$K$505,0)),"") | C18: =IF($B18="","",IFERROR(INDEX(기념일등록!$I$3:$I$502,MATCH(13,다가오는일정!$K$6:$K$505,0)),"")) | D18: =IFERROR(INDEX(기념일등록!$B$3:$B$502,MATCH(13,다가오는일정!$K$6:$K$505,0)),"") | E18: =IF($D18="","",IFERROR(INDEX(기념일등록!$C$3:$C$502,MATCH(13,다가오는일정!$K$6:$K$505,0)),"")) | F18: =IF($D18="","",IFERROR(INDEX(기념일등록!$D$3:$D$502,MATCH(13,다가오는일정!$K$6:$K$505,0)),"")) | G18: =IF($D18="","",SUMIFS(경조사내역!$F$3:$F$1002,경조사내역!$B$3:$B$1002,$D18,경조사내역!$A$3:$A$1002,">="&DATE(YEAR(TODAY())-1,1,1),경조사내역!$A$3:$A$1002,"<="&DATE(YEAR(TODAY())-1,12,31))) | I18: =IF(기념일등록!$B15="",FALSE(),AND(기념일등록!$I15>=0,기념일등록!$I15<=90)) -> FALSE | J18: =IF($I18=FALSE(),"",기념일등록!$I15*1000+ROW()) | K18: =IF($J18="","",RANK($J18,$J$6:$J$505,1))
A19: =IF($D19="","",14) | B19: =IFERROR(INDEX(기념일등록!$H$3:$H$502,MATCH(14,다가오는일정!$K$6:$K$505,0)),"") | C19: =IF($B19="","",IFERROR(INDEX(기념일등록!$I$3:$I$502,MATCH(14,다가오는일정!$K$6:$K$505,0)),"")) | D19: =IFERROR(INDEX(기념일등록!$B$3:$B$502,MATCH(14,다가오는일정!$K$6:$K$505,0)),"") | E19: =IF($D19="","",IFERROR(INDEX(기념일등록!$C$3:$C$502,MATCH(14,다가오는일정!$K$6:$K$505,0)),"")) | F19: =IF($D19="","",IFERROR(INDEX(기념일등록!$D$3:$D$502,MATCH(14,다가오는일정!$K$6:$K$505,0)),"")) | G19: =IF($D19="","",SUMIFS(경조사내역!$F$3:$F$1002,경조사내역!$B$3:$B$1002,$D19,경조사내역!$A$3:$A$1002,">="&DATE(YEAR(TODAY())-1,1,1),경조사내역!$A$3:$A$1002,"<="&DATE(YEAR(TODAY())-1,12,31))) | I19: =IF(기념일등록!$B16="",FALSE(),AND(기념일등록!$I16>=0,기념일등록!$I16<=90)) -> FALSE | J19: =IF($I19=FALSE(),"",기념일등록!$I16*1000+ROW()) | K19: =IF($J19="","",RANK($J19,$J$6:$J$505,1))
A20: =IF($D20="","",15) | B20: =IFERROR(INDEX(기념일등록!$H$3:$H$502,MATCH(15,다가오는일정!$K$6:$K$505,0)),"") | C20: =IF($B20="","",IFERROR(INDEX(기념일등록!$I$3:$I$502,MATCH(15,다가오는일정!$K$6:$K$505,0)),"")) | D20: =IFERROR(INDEX(기념일등록!$B$3:$B$502,MATCH(15,다가오는일정!$K$6:$K$505,0)),"") | E20: =IF($D20="","",IFERROR(INDEX(기념일등록!$C$3:$C$502,MATCH(15,다가오는일정!$K$6:$K$505,0)),"")) | F20: =IF($D20="","",IFERROR(INDEX(기념일등록!$D$3:$D$502,MATCH(15,다가오는일정!$K$6:$K$505,0)),"")) | G20: =IF($D20="","",SUMIFS(경조사내역!$F$3:$F$1002,경조사내역!$B$3:$B$1002,$D20,경조사내역!$A$3:$A$1002,">="&DATE(YEAR(TODAY())-1,1,1),경조사내역!$A$3:$A$1002,"<="&DATE(YEAR(TODAY())-1,12,31))) | I20: =IF(기념일등록!$B17="",FALSE(),AND(기념일등록!$I17>=0,기념일등록!$I17<=90)) -> FALSE | J20: =IF($I20=FALSE(),"",기념일등록!$I17*1000+ROW()) | K20: =IF($J20="","",RANK($J20,$J$6:$J$505,1))
A21: =IF($D21="","",16) | B21: =IFERROR(INDEX(기념일등록!$H$3:$H$502,MATCH(16,다가오는일정!$K$6:$K$505,0)),"") | C21: =IF($B21="","",IFERROR(INDEX(기념일등록!$I$3:$I$502,MATCH(16,다가오는일정!$K$6:$K$505,0)),"")) | D21: =IFERROR(INDEX(기념일등록!$B$3:$B$502,MATCH(16,다가오는일정!$K$6:$K$505,0)),"") | E21: =IF($D21="","",IFERROR(INDEX(기념일등록!$C$3:$C$502,MATCH(16,다가오는일정!$K$6:$K$505,0)),"")) | F21: =IF($D21="","",IFERROR(INDEX(기념일등록!$D$3:$D$502,MATCH(16,다가오는일정!$K$6:$K$505,0)),"")) | G21: =IF($D21="","",SUMIFS(경조사내역!$F$3:$F$1002,경조사내역!$B$3:$B$1002,$D21,경조사내역!$A$3:$A$1002,">="&DATE(YEAR(TODAY())-1,1,1),경조사내역!$A$3:$A$1002,"<="&DATE(YEAR(TODAY())-1,12,31))) | I21: =IF(기념일등록!$B18="",FALSE(),AND(기념일등록!$I18>=0,기념일등록!$I18<=90)) -> FALSE | J21: =IF($I21=FALSE(),"",기념일등록!$I18*1000+ROW()) | K21: =IF($J21="","",RANK($J21,$J$6:$J$505,1))
A22: =IF($D22="","",17) | B22: =IFERROR(INDEX(기념일등록!$H$3:$H$502,MATCH(17,다가오는일정!$K$6:$K$505,0)),"") | C22: =IF($B22="","",IFERROR(INDEX(기념일등록!$I$3:$I$502,MATCH(17,다가오는일정!$K$6:$K$505,0)),"")) | D22: =IFERROR(INDEX(기념일등록!$B$3:$B$502,MATCH(17,다가오는일정!$K$6:$K$505,0)),"") | E22: =IF($D22="","",IFERROR(INDEX(기념일등록!$C$3:$C$502,MATCH(17,다가오는일정!$K$6:$K$505,0)),"")) | F22: =IF($D22="","",IFERROR(INDEX(기념일등록!$D$3:$D$502,MATCH(17,다가오는일정!$K$6:$K$505,0)),"")) | G22: =IF($D22="","",SUMIFS(경조사내역!$F$3:$F$1002,경조사내역!$B$3:$B$1002,$D22,경조사내역!$A$3:$A$1002,">="&DATE(YEAR(TODAY())-1,1,1),경조사내역!$A$3:$A$1002,"<="&DATE(YEAR(TODAY())-1,12,31))) | I22: =IF(기념일등록!$B19="",FALSE(),AND(기념일등록!$I19>=0,기념일등록!$I19<=90)) -> FALSE | J22: =IF($I22=FALSE(),"",기념일등록!$I19*1000+ROW()) | K22: =IF($J22="","",RANK($J22,$J$6:$J$505,1))
A23: =IF($D23="","",18) | B23: =IFERROR(INDEX(기념일등록!$H$3:$H$502,MATCH(18,다가오는일정!$K$6:$K$505,0)),"") | C23: =IF($B23="","",IFERROR(INDEX(기념일등록!$I$3:$I$502,MATCH(18,다가오는일정!$K$6:$K$505,0)),"")) | D23: =IFERROR(INDEX(기념일등록!$B$3:$B$502,MATCH(18,다가오는일정!$K$6:$K$505,0)),"") | E23: =IF($D23="","",IFERROR(INDEX(기념일등록!$C$3:$C$502,MATCH(18,다가오는일정!$K$6:$K$505,0)),"")) | F23: =IF($D23="","",IFERROR(INDEX(기념일등록!$D$3:$D$502,MATCH(18,다가오는일정!$K$6:$K$505,0)),"")) | G23: =IF($D23="","",SUMIFS(경조사내역!$F$3:$F$1002,경조사내역!$B$3:$B$1002,$D23,경조사내역!$A$3:$A$1002,">="&DATE(YEAR(TODAY())-1,1,1),경조사내역!$A$3:$A$1002,"<="&DATE(YEAR(TODAY())-1,12,31))) | I23: =IF(기념일등록!$B20="",FALSE(),AND(기념일등록!$I20>=0,기념일등록!$I20<=90)) -> FALSE | J23: =IF($I23=FALSE(),"",기념일등록!$I20*1000+ROW()) | K23: =IF($J23="","",RANK($J23,$J$6:$J$505,1))
A24: =IF($D24="","",19) | B24: =IFERROR(INDEX(기념일등록!$H$3:$H$502,MATCH(19,다가오는일정!$K$6:$K$505,0)),"") | C24: =IF($B24="","",IFERROR(INDEX(기념일등록!$I$3:$I$502,MATCH(19,다가오는일정!$K$6:$K$505,0)),"")) | D24: =IFERROR(INDEX(기념일등록!$B$3:$B$502,MATCH(19,다가오는일정!$K$6:$K$505,0)),"") | E24: =IF($D24="","",IFERROR(INDEX(기념일등록!$C$3:$C$502,MATCH(19,다가오는일정!$K$6:$K$505,0)),"")) | F24: =IF($D24="","",IFERROR(INDEX(기념일등록!$D$3:$D$502,MATCH(19,다가오는일정!$K$6:$K$505,0)),"")) | G24: =IF($D24="","",SUMIFS(경조사내역!$F$3:$F$1002,경조사내역!$B$3:$B$1002,$D24,경조사내역!$A$3:$A$1002,">="&DATE(YEAR(TODAY())-1,1,1),경조사내역!$A$3:$A$1002,"<="&DATE(YEAR(TODAY())-1,12,31))) | I24: =IF(기념일등록!$B21="",FALSE(),AND(기념일등록!$I21>=0,기념일등록!$I21<=90)) -> FALSE | J24: =IF($I24=FALSE(),"",기념일등록!$I21*1000+ROW()) | K24: =IF($J24="","",RANK($J24,$J$6:$J$505,1))
A25: =IF($D25="","",20) | B25: =IFERROR(INDEX(기념일등록!$H$3:$H$502,MATCH(20,다가오는일정!$K$6:$K$505,0)),"") | C25: =IF($B25="","",IFERROR(INDEX(기념일등록!$I$3:$I$502,MATCH(20,다가오는일정!$K$6:$K$505,0)),"")) | D25: =IFERROR(INDEX(기념일등록!$B$3:$B$502,MATCH(20,다가오는일정!$K$6:$K$505,0)),"") | E25: =IF($D25="","",IFERROR(INDEX(기념일등록!$C$3:$C$502,MATCH(20,다가오는일정!$K$6:$K$505,0)),"")) | F25: =IF($D25="","",IFERROR(INDEX(기념일등록!$D$3:$D$502,MATCH(20,다가오는일정!$K$6:$K$505,0)),"")) | G25: =IF($D25="","",SUMIFS(경조사내역!$F$3:$F$1002,경조사내역!$B$3:$B$1002,$D25,경조사내역!$A$3:$A$1002,">="&DATE(YEAR(TODAY())-1,1,1),경조사내역!$A$3:$A$1002,"<="&DATE(YEAR(TODAY())-1,12,31))) | I25: =IF(기념일등록!$B22="",FALSE(),AND(기념일등록!$I22>=0,기념일등록!$I22<=90)) -> FALSE | J25: =IF($I25=FALSE(),"",기념일등록!$I22*1000+ROW()) | K25: =IF($J25="","",RANK($J25,$J$6:$J$505,1))
A26: =IF($D26="","",21) | B26: =IFERROR(INDEX(기념일등록!$H$3:$H$502,MATCH(21,다가오는일정!$K$6:$K$505,0)),"") | C26: =IF($B26="","",IFERROR(INDEX(기념일등록!$I$3:$I$502,MATCH(21,다가오는일정!$K$6:$K$505,0)),"")) | D26: =IFERROR(INDEX(기념일등록!$B$3:$B$502,MATCH(21,다가오는일정!$K$6:$K$505,0)),"") | E26: =IF($D26="","",IFERROR(INDEX(기념일등록!$C$3:$C$502,MATCH(21,다가오는일정!$K$6:$K$505,0)),"")) | F26: =IF($D26="","",IFERROR(INDEX(기념일등록!$D$3:$D$502,MATCH(21,다가오는일정!$K$6:$K$505,0)),"")) | G26: =IF($D26="","",SUMIFS(경조사내역!$F$3:$F$1002,경조사내역!$B$3:$B$1002,$D26,경조사내역!$A$3:$A$1002,">="&DATE(YEAR(TODAY())-1,1,1),경조사내역!$A$3:$A$1002,"<="&DATE(YEAR(TODAY())-1,12,31))) | I26: =IF(기념일등록!$B23="",FALSE(),AND(기념일등록!$I23>=0,기념일등록!$I23<=90)) -> FALSE | J26: =IF($I26=FALSE(),"",기념일등록!$I23*1000+ROW()) | K26: =IF($J26="","",RANK($J26,$J$6:$J$505,1))
A27: =IF($D27="","",22) | B27: =IFERROR(INDEX(기념일등록!$H$3:$H$502,MATCH(22,다가오는일정!$K$6:$K$505,0)),"") | C27: =IF($B27="","",IFERROR(INDEX(기념일등록!$I$3:$I$502,MATCH(22,다가오는일정!$K$6:$K$505,0)),"")) | D27: =IFERROR(INDEX(기념일등록!$B$3:$B$502,MATCH(22,다가오는일정!$K$6:$K$505,0)),"") | E27: =IF($D27="","",IFERROR(INDEX(기념일등록!$C$3:$C$502,MATCH(22,다가오는일정!$K$6:$K$505,0)),"")) | F27: =IF($D27="","",IFERROR(INDEX(기념일등록!$D$3:$D$502,MATCH(22,다가오는일정!$K$6:$K$505,0)),"")) | G27: =IF($D27="","",SUMIFS(경조사내역!$F$3:$F$1002,경조사내역!$B$3:$B$1002,$D27,경조사내역!$A$3:$A$1002,">="&DATE(YEAR(TODAY())-1,1,1),경조사내역!$A$3:$A$1002,"<="&DATE(YEAR(TODAY())-1,12,31))) | I27: =IF(기념일등록!$B24="",FALSE(),AND(기념일등록!$I24>=0,기념일등록!$I24<=90)) -> FALSE | J27: =IF($I27=FALSE(),"",기념일등록!$I24*1000+ROW()) | K27: =IF($J27="","",RANK($J27,$J$6:$J$505,1))
A28: =IF($D28="","",23) | B28: =IFERROR(INDEX(기념일등록!$H$3:$H$502,MATCH(23,다가오는일정!$K$6:$K$505,0)),"") | C28: =IF($B28="","",IFERROR(INDEX(기념일등록!$I$3:$I$502,MATCH(23,다가오는일정!$K$6:$K$505,0)),"")) | D28: =IFERROR(INDEX(기념일등록!$B$3:$B$502,MATCH(23,다가오는일정!$K$6:$K$505,0)),"") | E28: =IF($D28="","",IFERROR(INDEX(기념일등록!$C$3:$C$502,MATCH(23,다가오는일정!$K$6:$K$505,0)),"")) | F28: =IF($D28="","",IFERROR(INDEX(기념일등록!$D$3:$D$502,MATCH(23,다가오는일정!$K$6:$K$505,0)),"")) | G28: =IF($D28="","",SUMIFS(경조사내역!$F$3:$F$1002,경조사내역!$B$3:$B$1002,$D28,경조사내역!$A$3:$A$1002,">="&DATE(YEAR(TODAY())-1,1,1),경조사내역!$A$3:$A$1002,"<="&DATE(YEAR(TODAY())-1,12,31))) | I28: =IF(기념일등록!$B25="",FALSE(),AND(기념일등록!$I25>=0,기념일등록!$I25<=90)) -> FALSE | J28: =IF($I28=FALSE(),"",기념일등록!$I25*1000+ROW()) | K28: =IF($J28="","",RANK($J28,$J$6:$J$505,1))
A29: =IF($D29="","",24) | B29: =IFERROR(INDEX(기념일등록!$H$3:$H$502,MATCH(24,다가오는일정!$K$6:$K$505,0)),"") | C29: =IF($B29="","",IFERROR(INDEX(기념일등록!$I$3:$I$502,MATCH(24,다가오는일정!$K$6:$K$505,0)),"")) | D29: =IFERROR(INDEX(기념일등록!$B$3:$B$502,MATCH(24,다가오는일정!$K$6:$K$505,0)),"") | E29: =IF($D29="","",IFERROR(INDEX(기념일등록!$C$3:$C$502,MATCH(24,다가오는일정!$K$6:$K$505,0)),"")) | F29: =IF($D29="","",IFERROR(INDEX(기념일등록!$D$3:$D$502,MATCH(24,다가오는일정!$K$6:$K$505,0)),"")) | G29: =IF($D29="","",SUMIFS(경조사내역!$F$3:$F$1002,경조사내역!$B$3:$B$1002,$D29,경조사내역!$A$3:$A$1002,">="&DATE(YEAR(TODAY())-1,1,1),경조사내역!$A$3:$A$1002,"<="&DATE(YEAR(TODAY())-1,12,31))) | I29: =IF(기념일등록!$B26="",FALSE(),AND(기념일등록!$I26>=0,기념일등록!$I26<=90)) -> FALSE | J29: =IF($I29=FALSE(),"",기념일등록!$I26*1000+ROW()) | K29: =IF($J29="","",RANK($J29,$J$6:$J$505,1))
A30: =IF($D30="","",25) | B30: =IFERROR(INDEX(기념일등록!$H$3:$H$502,MATCH(25,다가오는일정!$K$6:$K$505,0)),"") | C30: =IF($B30="","",IFERROR(INDEX(기념일등록!$I$3:$I$502,MATCH(25,다가오는일정!$K$6:$K$505,0)),"")) | D30: =IFERROR(INDEX(기념일등록!$B$3:$B$502,MATCH(25,다가오는일정!$K$6:$K$505,0)),"") | E30: =IF($D30="","",IFERROR(INDEX(기념일등록!$C$3:$C$502,MATCH(25,다가오는일정!$K$6:$K$505,0)),"")) | F30: =IF($D30="","",IFERROR(INDEX(기념일등록!$D$3:$D$502,MATCH(25,다가오는일정!$K$6:$K$505,0)),"")) | G30: =IF($D30="","",SUMIFS(경조사내역!$F$3:$F$1002,경조사내역!$B$3:$B$1002,$D30,경조사내역!$A$3:$A$1002,">="&DATE(YEAR(TODAY())-1,1,1),경조사내역!$A$3:$A$1002,"<="&DATE(YEAR(TODAY())-1,12,31))) | I30: =IF(기념일등록!$B27="",FALSE(),AND(기념일등록!$I27>=0,기념일등록!$I27<=90)) -> FALSE | J30: =IF($I30=FALSE(),"",기념일등록!$I27*1000+ROW()) | K30: =IF($J30="","",RANK($J30,$J$6:$J$505,1))
A31: =IF($D31="","",26) | B31: =IFERROR(INDEX(기념일등록!$H$3:$H$502,MATCH(26,다가오는일정!$K$6:$K$505,0)),"") | C31: =IF($B31="","",IFERROR(INDEX(기념일등록!$I$3:$I$502,MATCH(26,다가오는일정!$K$6:$K$505,0)),"")) | D31: =IFERROR(INDEX(기념일등록!$B$3:$B$502,MATCH(26,다가오는일정!$K$6:$K$505,0)),"") | E31: =IF($D31="","",IFERROR(INDEX(기념일등록!$C$3:$C$502,MATCH(26,다가오는일정!$K$6:$K$505,0)),"")) | F31: =IF($D31="","",IFERROR(INDEX(기념일등록!$D$3:$D$502,MATCH(26,다가오는일정!$K$6:$K$505,0)),"")) | G31: =IF($D31="","",SUMIFS(경조사내역!$F$3:$F$1002,경조사내역!$B$3:$B$1002,$D31,경조사내역!$A$3:$A$1002,">="&DATE(YEAR(TODAY())-1,1,1),경조사내역!$A$3:$A$1002,"<="&DATE(YEAR(TODAY())-1,12,31))) | I31: =IF(기념일등록!$B28="",FALSE(),AND(기념일등록!$I28>=0,기념일등록!$I28<=90)) -> FALSE | J31: =IF($I31=FALSE(),"",기념일등록!$I28*1000+ROW()) | K31: =IF($J31="","",RANK($J31,$J$6:$J$505,1))
A32: =IF($D32="","",27) | B32: =IFERROR(INDEX(기념일등록!$H$3:$H$502,MATCH(27,다가오는일정!$K$6:$K$505,0)),"") | C32: =IF($B32="","",IFERROR(INDEX(기념일등록!$I$3:$I$502,MATCH(27,다가오는일정!$K$6:$K$505,0)),"")) | D32: =IFERROR(INDEX(기념일등록!$B$3:$B$502,MATCH(27,다가오는일정!$K$6:$K$505,0)),"") | E32: =IF($D32="","",IFERROR(INDEX(기념일등록!$C$3:$C$502,MATCH(27,다가오는일정!$K$6:$K$505,0)),"")) | F32: =IF($D32="","",IFERROR(INDEX(기념일등록!$D$3:$D$502,MATCH(27,다가오는일정!$K$6:$K$505,0)),"")) | G32: =IF($D32="","",SUMIFS(경조사내역!$F$3:$F$1002,경조사내역!$B$3:$B$1002,$D32,경조사내역!$A$3:$A$1002,">="&DATE(YEAR(TODAY())-1,1,1),경조사내역!$A$3:$A$1002,"<="&DATE(YEAR(TODAY())-1,12,31))) | I32: =IF(기념일등록!$B29="",FALSE(),AND(기념일등록!$I29>=0,기념일등록!$I29<=90)) -> FALSE | J32: =IF($I32=FALSE(),"",기념일등록!$I29*1000+ROW()) | K32: =IF($J32="","",RANK($J32,$J$6:$J$505,1))
A33: =IF($D33="","",28) | B33: =IFERROR(INDEX(기념일등록!$H$3:$H$502,MATCH(28,다가오는일정!$K$6:$K$505,0)),"") | C33: =IF($B33="","",IFERROR(INDEX(기념일등록!$I$3:$I$502,MATCH(28,다가오는일정!$K$6:$K$505,0)),"")) | D33: =IFERROR(INDEX(기념일등록!$B$3:$B$502,MATCH(28,다가오는일정!$K$6:$K$505,0)),"") | E33: =IF($D33="","",IFERROR(INDEX(기념일등록!$C$3:$C$502,MATCH(28,다가오는일정!$K$6:$K$505,0)),"")) | F33: =IF($D33="","",IFERROR(INDEX(기념일등록!$D$3:$D$502,MATCH(28,다가오는일정!$K$6:$K$505,0)),"")) | G33: =IF($D33="","",SUMIFS(경조사내역!$F$3:$F$1002,경조사내역!$B$3:$B$1002,$D33,경조사내역!$A$3:$A$1002,">="&DATE(YEAR(TODAY())-1,1,1),경조사내역!$A$3:$A$1002,"<="&DATE(YEAR(TODAY())-1,12,31))) | I33: =IF(기념일등록!$B30="",FALSE(),AND(기념일등록!$I30>=0,기념일등록!$I30<=90)) -> FALSE | J33: =IF($I33=FALSE(),"",기념일등록!$I30*1000+ROW()) | K33: =IF($J33="","",RANK($J33,$J$6:$J$505,1))
A34: =IF($D34="","",29) | B34: =IFERROR(INDEX(기념일등록!$H$3:$H$502,MATCH(29,다가오는일정!$K$6:$K$505,0)),"") | C34: =IF($B34="","",IFERROR(INDEX(기념일등록!$I$3:$I$502,MATCH(29,다가오는일정!$K$6:$K$505,0)),"")) | D34: =IFERROR(INDEX(기념일등록!$B$3:$B$502,MATCH(29,다가오는일정!$K$6:$K$505,0)),"") | E34: =IF($D34="","",IFERROR(INDEX(기념일등록!$C$3:$C$502,MATCH(29,다가오는일정!$K$6:$K$505,0)),"")) | F34: =IF($D34="","",IFERROR(INDEX(기념일등록!$D$3:$D$502,MATCH(29,다가오는일정!$K$6:$K$505,0)),"")) | G34: =IF($D34="","",SUMIFS(경조사내역!$F$3:$F$1002,경조사내역!$B$3:$B$1002,$D34,경조사내역!$A$3:$A$1002,">="&DATE(YEAR(TODAY())-1,1,1),경조사내역!$A$3:$A$1002,"<="&DATE(YEAR(TODAY())-1,12,31))) | I34: =IF(기념일등록!$B31="",FALSE(),AND(기념일등록!$I31>=0,기념일등록!$I31<=90)) -> FALSE | J34: =IF($I34=FALSE(),"",기념일등록!$I31*1000+ROW()) | K34: =IF($J34="","",RANK($J34,$J$6:$J$505,1))
A35: =IF($D35="","",30) | B35: =IFERROR(INDEX(기념일등록!$H$3:$H$502,MATCH(30,다가오는일정!$K$6:$K$505,0)),"") | C35: =IF($B35="","",IFERROR(INDEX(기념일등록!$I$3:$I$502,MATCH(30,다가오는일정!$K$6:$K$505,0)),"")) | D35: =IFERROR(INDEX(기념일등록!$B$3:$B$502,MATCH(30,다가오는일정!$K$6:$K$505,0)),"") | E35: =IF($D35="","",IFERROR(INDEX(기념일등록!$C$3:$C$502,MATCH(30,다가오는일정!$K$6:$K$505,0)),"")) | F35: =IF($D35="","",IFERROR(INDEX(기념일등록!$D$3:$D$502,MATCH(30,다가오는일정!$K$6:$K$505,0)),"")) | G35: =IF($D35="","",SUMIFS(경조사내역!$F$3:$F$1002,경조사내역!$B$3:$B$1002,$D35,경조사내역!$A$3:$A$1002,">="&DATE(YEAR(TODAY())-1,1,1),경조사내역!$A$3:$A$1002,"<="&DATE(YEAR(TODAY())-1,12,31))) | I35: =IF(기념일등록!$B32="",FALSE(),AND(기념일등록!$I32>=0,기념일등록!$I32<=90)) -> FALSE | J35: =IF($I35=FALSE(),"",기념일등록!$I32*1000+ROW()) | K35: =IF($J35="","",RANK($J35,$J$6:$J$505,1))
A36: =IF($D36="","",31) | B36: =IFERROR(INDEX(기념일등록!$H$3:$H$502,MATCH(31,다가오는일정!$K$6:$K$505,0)),"") | C36: =IF($B36="","",IFERROR(INDEX(기념일등록!$I$3:$I$502,MATCH(31,다가오는일정!$K$6:$K$505,0)),"")) | D36: =IFERROR(INDEX(기념일등록!$B$3:$B$502,MATCH(31,다가오는일정!$K$6:$K$505,0)),"") | E36: =IF($D36="","",IFERROR(INDEX(기념일등록!$C$3:$C$502,MATCH(31,다가오는일정!$K$6:$K$505,0)),"")) | F36: =IF($D36="","",IFERROR(INDEX(기념일등록!$D$3:$D$502,MATCH(31,다가오는일정!$K$6:$K$505,0)),"")) | G36: =IF($D36="","",SUMIFS(경조사내역!$F$3:$F$1002,경조사내역!$B$3:$B$1002,$D36,경조사내역!$A$3:$A$1002,">="&DATE(YEAR(TODAY())-1,1,1),경조사내역!$A$3:$A$1002,"<="&DATE(YEAR(TODAY())-1,12,31))) | I36: =IF(기념일등록!$B33="",FALSE(),AND(기념일등록!$I33>=0,기념일등록!$I33<=90)) -> FALSE | J36: =IF($I36=FALSE(),"",기념일등록!$I33*1000+ROW()) | K36: =IF($J36="","",RANK($J36,$J$6:$J$505,1))
A37: =IF($D37="","",32) | B37: =IFERROR(INDEX(기념일등록!$H$3:$H$502,MATCH(32,다가오는일정!$K$6:$K$505,0)),"") | C37: =IF($B37="","",IFERROR(INDEX(기념일등록!$I$3:$I$502,MATCH(32,다가오는일정!$K$6:$K$505,0)),"")) | D37: =IFERROR(INDEX(기념일등록!$B$3:$B$502,MATCH(32,다가오는일정!$K$6:$K$505,0)),"") | E37: =IF($D37="","",IFERROR(INDEX(기념일등록!$C$3:$C$502,MATCH(32,다가오는일정!$K$6:$K$505,0)),"")) | F37: =IF($D37="","",IFERROR(INDEX(기념일등록!$D$3:$D$502,MATCH(32,다가오는일정!$K$6:$K$505,0)),"")) | G37: =IF($D37="","",SUMIFS(경조사내역!$F$3:$F$1002,경조사내역!$B$3:$B$1002,$D37,경조사내역!$A$3:$A$1002,">="&DATE(YEAR(TODAY())-1,1,1),경조사내역!$A$3:$A$1002,"<="&DATE(YEAR(TODAY())-1,12,31))) | I37: =IF(기념일등록!$B34="",FALSE(),AND(기념일등록!$I34>=0,기념일등록!$I34<=90)) -> FALSE | J37: =IF($I37=FALSE(),"",기념일등록!$I34*1000+ROW()) | K37: =IF($J37="","",RANK($J37,$J$6:$J$505,1))
A38: =IF($D38="","",33) | B38: =IFERROR(INDEX(기념일등록!$H$3:$H$502,MATCH(33,다가오는일정!$K$6:$K$505,0)),"") | C38: =IF($B38="","",IFERROR(INDEX(기념일등록!$I$3:$I$502,MATCH(33,다가오는일정!$K$6:$K$505,0)),"")) | D38: =IFERROR(INDEX(기념일등록!$B$3:$B$502,MATCH(33,다가오는일정!$K$6:$K$505,0)),"") | E38: =IF($D38="","",IFERROR(INDEX(기념일등록!$C$3:$C$502,MATCH(33,다가오는일정!$K$6:$K$505,0)),"")) | F38: =IF($D38="","",IFERROR(INDEX(기념일등록!$D$3:$D$502,MATCH(33,다가오는일정!$K$6:$K$505,0)),"")) | G38: =IF($D38="","",SUMIFS(경조사내역!$F$3:$F$1002,경조사내역!$B$3:$B$1002,$D38,경조사내역!$A$3:$A$1002,">="&DATE(YEAR(TODAY())-1,1,1),경조사내역!$A$3:$A$1002,"<="&DATE(YEAR(TODAY())-1,12,31))) | I38: =IF(기념일등록!$B35="",FALSE(),AND(기념일등록!$I35>=0,기념일등록!$I35<=90)) -> FALSE | J38: =IF($I38=FALSE(),"",기념일등록!$I35*1000+ROW()) | K38: =IF($J38="","",RANK($J38,$J$6:$J$505,1))
A39: =IF($D39="","",34) | B39: =IFERROR(INDEX(기념일등록!$H$3:$H$502,MATCH(34,다가오는일정!$K$6:$K$505,0)),"") | C39: =IF($B39="","",IFERROR(INDEX(기념일등록!$I$3:$I$502,MATCH(34,다가오는일정!$K$6:$K$505,0)),"")) | D39: =IFERROR(INDEX(기념일등록!$B$3:$B$502,MATCH(34,다가오는일정!$K$6:$K$505,0)),"") | E39: =IF($D39="","",IFERROR(INDEX(기념일등록!$C$3:$C$502,MATCH(34,다가오는일정!$K$6:$K$505,0)),"")) | F39: =IF($D39="","",IFERROR(INDEX(기념일등록!$D$3:$D$502,MATCH(34,다가오는일정!$K$6:$K$505,0)),"")) | G39: =IF($D39="","",SUMIFS(경조사내역!$F$3:$F$1002,경조사내역!$B$3:$B$1002,$D39,경조사내역!$A$3:$A$1002,">="&DATE(YEAR(TODAY())-1,1,1),경조사내역!$A$3:$A$1002,"<="&DATE(YEAR(TODAY())-1,12,31))) | I39: =IF(기념일등록!$B36="",FALSE(),AND(기념일등록!$I36>=0,기념일등록!$I36<=90)) -> FALSE | J39: =IF($I39=FALSE(),"",기념일등록!$I36*1000+ROW()) | K39: =IF($J39="","",RANK($J39,$J$6:$J$505,1))
A40: =IF($D40="","",35) | B40: =IFERROR(INDEX(기념일등록!$H$3:$H$502,MATCH(35,다가오는일정!$K$6:$K$505,0)),"") | C40: =IF($B40="","",IFERROR(INDEX(기념일등록!$I$3:$I$502,MATCH(35,다가오는일정!$K$6:$K$505,0)),"")) | D40: =IFERROR(INDEX(기념일등록!$B$3:$B$502,MATCH(35,다가오는일정!$K$6:$K$505,0)),"") | E40: =IF($D40="","",IFERROR(INDEX(기념일등록!$C$3:$C$502,MATCH(35,다가오는일정!$K$6:$K$505,0)),"")) | F40: =IF($D40="","",IFERROR(INDEX(기념일등록!$D$3:$D$502,MATCH(35,다가오는일정!$K$6:$K$505,0)),"")) | G40: =IF($D40="","",SUMIFS(경조사내역!$F$3:$F$1002,경조사내역!$B$3:$B$1002,$D40,경조사내역!$A$3:$A$1002,">="&DATE(YEAR(TODAY())-1,1,1),경조사내역!$A$3:$A$1002,"<="&DATE(YEAR(TODAY())-1,12,31))) | I40: =IF(기념일등록!$B37="",FALSE(),AND(기념일등록!$I37>=0,기념일등록!$I37<=90)) -> FALSE | J40: =IF($I40=FALSE(),"",기념일등록!$I37*1000+ROW()) | K40: =IF($J40="","",RANK($J40,$J$6:$J$505,1))
A41: =IF($D41="","",36) | B41: =IFERROR(INDEX(기념일등록!$H$3:$H$502,MATCH(36,다가오는일정!$K$6:$K$505,0)),"") | C41: =IF($B41="","",IFERROR(INDEX(기념일등록!$I$3:$I$502,MATCH(36,다가오는일정!$K$6:$K$505,0)),"")) | D41: =IFERROR(INDEX(기념일등록!$B$3:$B$502,MATCH(36,다가오는일정!$K$6:$K$505,0)),"") | E41: =IF($D41="","",IFERROR(INDEX(기념일등록!$C$3:$C$502,MATCH(36,다가오는일정!$K$6:$K$505,0)),"")) | F41: =IF($D41="","",IFERROR(INDEX(기념일등록!$D$3:$D$502,MATCH(36,다가오는일정!$K$6:$K$505,0)),"")) | G41: =IF($D41="","",SUMIFS(경조사내역!$F$3:$F$1002,경조사내역!$B$3:$B$1002,$D41,경조사내역!$A$3:$A$1002,">="&DATE(YEAR(TODAY())-1,1,1),경조사내역!$A$3:$A$1002,"<="&DATE(YEAR(TODAY())-1,12,31))) | I41: =IF(기념일등록!$B38="",FALSE(),AND(기념일등록!$I38>=0,기념일등록!$I38<=90)) -> FALSE | J41: =IF($I41=FALSE(),"",기념일등록!$I38*1000+ROW()) | K41: =IF($J41="","",RANK($J41,$J$6:$J$505,1))
A42: =IF($D42="","",37) | B42: =IFERROR(INDEX(기념일등록!$H$3:$H$502,MATCH(37,다가오는일정!$K$6:$K$505,0)),"") | C42: =IF($B42="","",IFERROR(INDEX(기념일등록!$I$3:$I$502,MATCH(37,다가오는일정!$K$6:$K$505,0)),"")) | D42: =IFERROR(INDEX(기념일등록!$B$3:$B$502,MATCH(37,다가오는일정!$K$6:$K$505,0)),"") | E42: =IF($D42="","",IFERROR(INDEX(기념일등록!$C$3:$C$502,MATCH(37,다가오는일정!$K$6:$K$505,0)),"")) | F42: =IF($D42="","",IFERROR(INDEX(기념일등록!$D$3:$D$502,MATCH(37,다가오는일정!$K$6:$K$505,0)),"")) | G42: =IF($D42="","",SUMIFS(경조사내역!$F$3:$F$1002,경조사내역!$B$3:$B$1002,$D42,경조사내역!$A$3:$A$1002,">="&DATE(YEAR(TODAY())-1,1,1),경조사내역!$A$3:$A$1002,"<="&DATE(YEAR(TODAY())-1,12,31))) | I42: =IF(기념일등록!$B39="",FALSE(),AND(기념일등록!$I39>=0,기념일등록!$I39<=90)) -> FALSE | J42: =IF($I42=FALSE(),"",기념일등록!$I39*1000+ROW()) | K42: =IF($J42="","",RANK($J42,$J$6:$J$505,1))
A43: =IF($D43="","",38) | B43: =IFERROR(INDEX(기념일등록!$H$3:$H$502,MATCH(38,다가오는일정!$K$6:$K$505,0)),"") | C43: =IF($B43="","",IFERROR(INDEX(기념일등록!$I$3:$I$502,MATCH(38,다가오는일정!$K$6:$K$505,0)),"")) | D43: =IFERROR(INDEX(기념일등록!$B$3:$B$502,MATCH(38,다가오는일정!$K$6:$K$505,0)),"") | E43: =IF($D43="","",IFERROR(INDEX(기념일등록!$C$3:$C$502,MATCH(38,다가오는일정!$K$6:$K$505,0)),"")) | F43: =IF($D43="","",IFERROR(INDEX(기념일등록!$D$3:$D$502,MATCH(38,다가오는일정!$K$6:$K$505,0)),"")) | G43: =IF($D43="","",SUMIFS(경조사내역!$F$3:$F$1002,경조사내역!$B$3:$B$1002,$D43,경조사내역!$A$3:$A$1002,">="&DATE(YEAR(TODAY())-1,1,1),경조사내역!$A$3:$A$1002,"<="&DATE(YEAR(TODAY())-1,12,31))) | I43: =IF(기념일등록!$B40="",FALSE(),AND(기념일등록!$I40>=0,기념일등록!$I40<=90)) -> FALSE | J43: =IF($I43=FALSE(),"",기념일등록!$I40*1000+ROW()) | K43: =IF($J43="","",RANK($J43,$J$6:$J$505,1))
A44: =IF($D44="","",39) | B44: =IFERROR(INDEX(기념일등록!$H$3:$H$502,MATCH(39,다가오는일정!$K$6:$K$505,0)),"") | C44: =IF($B44="","",IFERROR(INDEX(기념일등록!$I$3:$I$502,MATCH(39,다가오는일정!$K$6:$K$505,0)),"")) | D44: =IFERROR(INDEX(기념일등록!$B$3:$B$502,MATCH(39,다가오는일정!$K$6:$K$505,0)),"") | E44: =IF($D44="","",IFERROR(INDEX(기념일등록!$C$3:$C$502,MATCH(39,다가오는일정!$K$6:$K$505,0)),"")) | F44: =IF($D44="","",IFERROR(INDEX(기념일등록!$D$3:$D$502,MATCH(39,다가오는일정!$K$6:$K$505,0)),"")) | G44: =IF($D44="","",SUMIFS(경조사내역!$F$3:$F$1002,경조사내역!$B$3:$B$1002,$D44,경조사내역!$A$3:$A$1002,">="&DATE(YEAR(TODAY())-1,1,1),경조사내역!$A$3:$A$1002,"<="&DATE(YEAR(TODAY())-1,12,31))) | I44: =IF(기념일등록!$B41="",FALSE(),AND(기념일등록!$I41>=0,기념일등록!$I41<=90)) -> FALSE | J44: =IF($I44=FALSE(),"",기념일등록!$I41*1000+ROW()) | K44: =IF($J44="","",RANK($J44,$J$6:$J$505,1))
A45: =IF($D45="","",40) | B45: =IFERROR(INDEX(기념일등록!$H$3:$H$502,MATCH(40,다가오는일정!$K$6:$K$505,0)),"") | C45: =IF($B45="","",IFERROR(INDEX(기념일등록!$I$3:$I$502,MATCH(40,다가오는일정!$K$6:$K$505,0)),"")) | D45: =IFERROR(INDEX(기념일등록!$B$3:$B$502,MATCH(40,다가오는일정!$K$6:$K$505,0)),"") | E45: =IF($D45="","",IFERROR(INDEX(기념일등록!$C$3:$C$502,MATCH(40,다가오는일정!$K$6:$K$505,0)),"")) | F45: =IF($D45="","",IFERROR(INDEX(기념일등록!$D$3:$D$502,MATCH(40,다가오는일정!$K$6:$K$505,0)),"")) | G45: =IF($D45="","",SUMIFS(경조사내역!$F$3:$F$1002,경조사내역!$B$3:$B$1002,$D45,경조사내역!$A$3:$A$1002,">="&DATE(YEAR(TODAY())-1,1,1),경조사내역!$A$3:$A$1002,"<="&DATE(YEAR(TODAY())-1,12,31))) | I45: =IF(기념일등록!$B42="",FALSE(),AND(기념일등록!$I42>=0,기념일등록!$I42<=90)) -> FALSE | J45: =IF($I45=FALSE(),"",기념일등록!$I42*1000+ROW()) | K45: =IF($J45="","",RANK($J45,$J$6:$J$505,1))
A46: =IF($D46="","",41) | B46: =IFERROR(INDEX(기념일등록!$H$3:$H$502,MATCH(41,다가오는일정!$K$6:$K$505,0)),"") | C46: =IF($B46="","",IFERROR(INDEX(기념일등록!$I$3:$I$502,MATCH(41,다가오는일정!$K$6:$K$505,0)),"")) | D46: =IFERROR(INDEX(기념일등록!$B$3:$B$502,MATCH(41,다가오는일정!$K$6:$K$505,0)),"") | E46: =IF($D46="","",IFERROR(INDEX(기념일등록!$C$3:$C$502,MATCH(41,다가오는일정!$K$6:$K$505,0)),"")) | F46: =IF($D46="","",IFERROR(INDEX(기념일등록!$D$3:$D$502,MATCH(41,다가오는일정!$K$6:$K$505,0)),"")) | G46: =IF($D46="","",SUMIFS(경조사내역!$F$3:$F$1002,경조사내역!$B$3:$B$1002,$D46,경조사내역!$A$3:$A$1002,">="&DATE(YEAR(TODAY())-1,1,1),경조사내역!$A$3:$A$1002,"<="&DATE(YEAR(TODAY())-1,12,31))) | I46: =IF(기념일등록!$B43="",FALSE(),AND(기념일등록!$I43>=0,기념일등록!$I43<=90)) -> FALSE | J46: =IF($I46=FALSE(),"",기념일등록!$I43*1000+ROW()) | K46: =IF($J46="","",RANK($J46,$J$6:$J$505,1))
A47: =IF($D47="","",42) | B47: =IFERROR(INDEX(기념일등록!$H$3:$H$502,MATCH(42,다가오는일정!$K$6:$K$505,0)),"") | C47: =IF($B47="","",IFERROR(INDEX(기념일등록!$I$3:$I$502,MATCH(42,다가오는일정!$K$6:$K$505,0)),"")) | D47: =IFERROR(INDEX(기념일등록!$B$3:$B$502,MATCH(42,다가오는일정!$K$6:$K$505,0)),"") | E47: =IF($D47="","",IFERROR(INDEX(기념일등록!$C$3:$C$502,MATCH(42,다가오는일정!$K$6:$K$505,0)),"")) | F47: =IF($D47="","",IFERROR(INDEX(기념일등록!$D$3:$D$502,MATCH(42,다가오는일정!$K$6:$K$505,0)),"")) | G47: =IF($D47="","",SUMIFS(경조사내역!$F$3:$F$1002,경조사내역!$B$3:$B$1002,$D47,경조사내역!$A$3:$A$1002,">="&DATE(YEAR(TODAY())-1,1,1),경조사내역!$A$3:$A$1002,"<="&DATE(YEAR(TODAY())-1,12,31))) | I47: =IF(기념일등록!$B44="",FALSE(),AND(기념일등록!$I44>=0,기념일등록!$I44<=90)) -> FALSE | J47: =IF($I47=FALSE(),"",기념일등록!$I44*1000+ROW()) | K47: =IF($J47="","",RANK($J47,$J$6:$J$505,1))
A48: =IF($D48="","",43) | B48: =IFERROR(INDEX(기념일등록!$H$3:$H$502,MATCH(43,다가오는일정!$K$6:$K$505,0)),"") | C48: =IF($B48="","",IFERROR(INDEX(기념일등록!$I$3:$I$502,MATCH(43,다가오는일정!$K$6:$K$505,0)),"")) | D48: =IFERROR(INDEX(기념일등록!$B$3:$B$502,MATCH(43,다가오는일정!$K$6:$K$505,0)),"") | E48: =IF($D48="","",IFERROR(INDEX(기념일등록!$C$3:$C$502,MATCH(43,다가오는일정!$K$6:$K$505,0)),"")) | F48: =IF($D48="","",IFERROR(INDEX(기념일등록!$D$3:$D$502,MATCH(43,다가오는일정!$K$6:$K$505,0)),"")) | G48: =IF($D48="","",SUMIFS(경조사내역!$F$3:$F$1002,경조사내역!$B$3:$B$1002,$D48,경조사내역!$A$3:$A$1002,">="&DATE(YEAR(TODAY())-1,1,1),경조사내역!$A$3:$A$1002,"<="&DATE(YEAR(TODAY())-1,12,31))) | I48: =IF(기념일등록!$B45="",FALSE(),AND(기념일등록!$I45>=0,기념일등록!$I45<=90)) -> FALSE | J48: =IF($I48=FALSE(),"",기념일등록!$I45*1000+ROW()) | K48: =IF($J48="","",RANK($J48,$J$6:$J$505,1))
A49: =IF($D49="","",44) | B49: =IFERROR(INDEX(기념일등록!$H$3:$H$502,MATCH(44,다가오는일정!$K$6:$K$505,0)),"") | C49: =IF($B49="","",IFERROR(INDEX(기념일등록!$I$3:$I$502,MATCH(44,다가오는일정!$K$6:$K$505,0)),"")) | D49: =IFERROR(INDEX(기념일등록!$B$3:$B$502,MATCH(44,다가오는일정!$K$6:$K$505,0)),"") | E49: =IF($D49="","",IFERROR(INDEX(기념일등록!$C$3:$C$502,MATCH(44,다가오는일정!$K$6:$K$505,0)),"")) | F49: =IF($D49="","",IFERROR(INDEX(기념일등록!$D$3:$D$502,MATCH(44,다가오는일정!$K$6:$K$505,0)),"")) | G49: =IF($D49="","",SUMIFS(경조사내역!$F$3:$F$1002,경조사내역!$B$3:$B$1002,$D49,경조사내역!$A$3:$A$1002,">="&DATE(YEAR(TODAY())-1,1,1),경조사내역!$A$3:$A$1002,"<="&DATE(YEAR(TODAY())-1,12,31))) | I49: =IF(기념일등록!$B46="",FALSE(),AND(기념일등록!$I46>=0,기념일등록!$I46<=90)) -> FALSE | J49: =IF($I49=FALSE(),"",기념일등록!$I46*1000+ROW()) | K49: =IF($J49="","",RANK($J49,$J$6:$J$505,1))
A50: =IF($D50="","",45) | B50: =IFERROR(INDEX(기념일등록!$H$3:$H$502,MATCH(45,다가오는일정!$K$6:$K$505,0)),"") | C50: =IF($B50="","",IFERROR(INDEX(기념일등록!$I$3:$I$502,MATCH(45,다가오는일정!$K$6:$K$505,0)),"")) | D50: =IFERROR(INDEX(기념일등록!$B$3:$B$502,MATCH(45,다가오는일정!$K$6:$K$505,0)),"") | E50: =IF($D50="","",IFERROR(INDEX(기념일등록!$C$3:$C$502,MATCH(45,다가오는일정!$K$6:$K$505,0)),"")) | F50: =IF($D50="","",IFERROR(INDEX(기념일등록!$D$3:$D$502,MATCH(45,다가오는일정!$K$6:$K$505,0)),"")) | G50: =IF($D50="","",SUMIFS(경조사내역!$F$3:$F$1002,경조사내역!$B$3:$B$1002,$D50,경조사내역!$A$3:$A$1002,">="&DATE(YEAR(TODAY())-1,1,1),경조사내역!$A$3:$A$1002,"<="&DATE(YEAR(TODAY())-1,12,31))) | I50: =IF(기념일등록!$B47="",FALSE(),AND(기념일등록!$I47>=0,기념일등록!$I47<=90)) -> FALSE | J50: =IF($I50=FALSE(),"",기념일등록!$I47*1000+ROW()) | K50: =IF($J50="","",RANK($J50,$J$6:$J$505,1))
A51: =IF($D51="","",46) | B51: =IFERROR(INDEX(기념일등록!$H$3:$H$502,MATCH(46,다가오는일정!$K$6:$K$505,0)),"") | C51: =IF($B51="","",IFERROR(INDEX(기념일등록!$I$3:$I$502,MATCH(46,다가오는일정!$K$6:$K$505,0)),"")) | D51: =IFERROR(INDEX(기념일등록!$B$3:$B$502,MATCH(46,다가오는일정!$K$6:$K$505,0)),"") | E51: =IF($D51="","",IFERROR(INDEX(기념일등록!$C$3:$C$502,MATCH(46,다가오는일정!$K$6:$K$505,0)),"")) | F51: =IF($D51="","",IFERROR(INDEX(기념일등록!$D$3:$D$502,MATCH(46,다가오는일정!$K$6:$K$505,0)),"")) | G51: =IF($D51="","",SUMIFS(경조사내역!$F$3:$F$1002,경조사내역!$B$3:$B$1002,$D51,경조사내역!$A$3:$A$1002,">="&DATE(YEAR(TODAY())-1,1,1),경조사내역!$A$3:$A$1002,"<="&DATE(YEAR(TODAY())-1,12,31))) | I51: =IF(기념일등록!$B48="",FALSE(),AND(기념일등록!$I48>=0,기념일등록!$I48<=90)) -> FALSE | J51: =IF($I51=FALSE(),"",기념일등록!$I48*1000+ROW()) | K51: =IF($J51="","",RANK($J51,$J$6:$J$505,1))
A52: =IF($D52="","",47) | B52: =IFERROR(INDEX(기념일등록!$H$3:$H$502,MATCH(47,다가오는일정!$K$6:$K$505,0)),"") | C52: =IF($B52="","",IFERROR(INDEX(기념일등록!$I$3:$I$502,MATCH(47,다가오는일정!$K$6:$K$505,0)),"")) | D52: =IFERROR(INDEX(기념일등록!$B$3:$B$502,MATCH(47,다가오는일정!$K$6:$K$505,0)),"") | E52: =IF($D52="","",IFERROR(INDEX(기념일등록!$C$3:$C$502,MATCH(47,다가오는일정!$K$6:$K$505,0)),"")) | F52: =IF($D52="","",IFERROR(INDEX(기념일등록!$D$3:$D$502,MATCH(47,다가오는일정!$K$6:$K$505,0)),"")) | G52: =IF($D52="","",SUMIFS(경조사내역!$F$3:$F$1002,경조사내역!$B$3:$B$1002,$D52,경조사내역!$A$3:$A$1002,">="&DATE(YEAR(TODAY())-1,1,1),경조사내역!$A$3:$A$1002,"<="&DATE(YEAR(TODAY())-1,12,31))) | I52: =IF(기념일등록!$B49="",FALSE(),AND(기념일등록!$I49>=0,기념일등록!$I49<=90)) -> FALSE | J52: =IF($I52=FALSE(),"",기념일등록!$I49*1000+ROW()) | K52: =IF($J52="","",RANK($J52,$J$6:$J$505,1))
A53: =IF($D53="","",48) | B53: =IFERROR(INDEX(기념일등록!$H$3:$H$502,MATCH(48,다가오는일정!$K$6:$K$505,0)),"") | C53: =IF($B53="","",IFERROR(INDEX(기념일등록!$I$3:$I$502,MATCH(48,다가오는일정!$K$6:$K$505,0)),"")) | D53: =IFERROR(INDEX(기념일등록!$B$3:$B$502,MATCH(48,다가오는일정!$K$6:$K$505,0)),"") | E53: =IF($D53="","",IFERROR(INDEX(기념일등록!$C$3:$C$502,MATCH(48,다가오는일정!$K$6:$K$505,0)),"")) | F53: =IF($D53="","",IFERROR(INDEX(기념일등록!$D$3:$D$502,MATCH(48,다가오는일정!$K$6:$K$505,0)),"")) | G53: =IF($D53="","",SUMIFS(경조사내역!$F$3:$F$1002,경조사내역!$B$3:$B$1002,$D53,경조사내역!$A$3:$A$1002,">="&DATE(YEAR(TODAY())-1,1,1),경조사내역!$A$3:$A$1002,"<="&DATE(YEAR(TODAY())-1,12,31))) | I53: =IF(기념일등록!$B50="",FALSE(),AND(기념일등록!$I50>=0,기념일등록!$I50<=90)) -> FALSE | J53: =IF($I53=FALSE(),"",기념일등록!$I50*1000+ROW()) | K53: =IF($J53="","",RANK($J53,$J$6:$J$505,1))
A54: =IF($D54="","",49) | B54: =IFERROR(INDEX(기념일등록!$H$3:$H$502,MATCH(49,다가오는일정!$K$6:$K$505,0)),"") | C54: =IF($B54="","",IFERROR(INDEX(기념일등록!$I$3:$I$502,MATCH(49,다가오는일정!$K$6:$K$505,0)),"")) | D54: =IFERROR(INDEX(기념일등록!$B$3:$B$502,MATCH(49,다가오는일정!$K$6:$K$505,0)),"") | E54: =IF($D54="","",IFERROR(INDEX(기념일등록!$C$3:$C$502,MATCH(49,다가오는일정!$K$6:$K$505,0)),"")) | F54: =IF($D54="","",IFERROR(INDEX(기념일등록!$D$3:$D$502,MATCH(49,다가오는일정!$K$6:$K$505,0)),"")) | G54: =IF($D54="","",SUMIFS(경조사내역!$F$3:$F$1002,경조사내역!$B$3:$B$1002,$D54,경조사내역!$A$3:$A$1002,">="&DATE(YEAR(TODAY())-1,1,1),경조사내역!$A$3:$A$1002,"<="&DATE(YEAR(TODAY())-1,12,31))) | I54: =IF(기념일등록!$B51="",FALSE(),AND(기념일등록!$I51>=0,기념일등록!$I51<=90)) -> FALSE | J54: =IF($I54=FALSE(),"",기념일등록!$I51*1000+ROW()) | K54: =IF($J54="","",RANK($J54,$J$6:$J$505,1))
A55: =IF($D55="","",50) | B55: =IFERROR(INDEX(기념일등록!$H$3:$H$502,MATCH(50,다가오는일정!$K$6:$K$505,0)),"") | C55: =IF($B55="","",IFERROR(INDEX(기념일등록!$I$3:$I$502,MATCH(50,다가오는일정!$K$6:$K$505,0)),"")) | D55: =IFERROR(INDEX(기념일등록!$B$3:$B$502,MATCH(50,다가오는일정!$K$6:$K$505,0)),"") | E55: =IF($D55="","",IFERROR(INDEX(기념일등록!$C$3:$C$502,MATCH(50,다가오는일정!$K$6:$K$505,0)),"")) | F55: =IF($D55="","",IFERROR(INDEX(기념일등록!$D$3:$D$502,MATCH(50,다가오는일정!$K$6:$K$505,0)),"")) | G55: =IF($D55="","",SUMIFS(경조사내역!$F$3:$F$1002,경조사내역!$B$3:$B$1002,$D55,경조사내역!$A$3:$A$1002,">="&DATE(YEAR(TODAY())-1,1,1),경조사내역!$A$3:$A$1002,"<="&DATE(YEAR(TODAY())-1,12,31))) | I55: =IF(기념일등록!$B52="",FALSE(),AND(기념일등록!$I52>=0,기념일등록!$I52<=90)) -> FALSE | J55: =IF($I55=FALSE(),"",기념일등록!$I52*1000+ROW()) | K55: =IF($J55="","",RANK($J55,$J$6:$J$505,1))
A56: =IF($D56="","",51) | B56: =IFERROR(INDEX(기념일등록!$H$3:$H$502,MATCH(51,다가오는일정!$K$6:$K$505,0)),"") | C56: =IF($B56="","",IFERROR(INDEX(기념일등록!$I$3:$I$502,MATCH(51,다가오는일정!$K$6:$K$505,0)),"")) | D56: =IFERROR(INDEX(기념일등록!$B$3:$B$502,MATCH(51,다가오는일정!$K$6:$K$505,0)),"") | E56: =IF($D56="","",IFERROR(INDEX(기념일등록!$C$3:$C$502,MATCH(51,다가오는일정!$K$6:$K$505,0)),"")) | F56: =IF($D56="","",IFERROR(INDEX(기념일등록!$D$3:$D$502,MATCH(51,다가오는일정!$K$6:$K$505,0)),"")) | G56: =IF($D56="","",SUMIFS(경조사내역!$F$3:$F$1002,경조사내역!$B$3:$B$1002,$D56,경조사내역!$A$3:$A$1002,">="&DATE(YEAR(TODAY())-1,1,1),경조사내역!$A$3:$A$1002,"<="&DATE(YEAR(TODAY())-1,12,31))) | I56: =IF(기념일등록!$B53="",FALSE(),AND(기념일등록!$I53>=0,기념일등록!$I53<=90)) -> FALSE | J56: =IF($I56=FALSE(),"",기념일등록!$I53*1000+ROW()) | K56: =IF($J56="","",RANK($J56,$J$6:$J$505,1))
A57: =IF($D57="","",52) | B57: =IFERROR(INDEX(기념일등록!$H$3:$H$502,MATCH(52,다가오는일정!$K$6:$K$505,0)),"") | C57: =IF($B57="","",IFERROR(INDEX(기념일등록!$I$3:$I$502,MATCH(52,다가오는일정!$K$6:$K$505,0)),"")) | D57: =IFERROR(INDEX(기념일등록!$B$3:$B$502,MATCH(52,다가오는일정!$K$6:$K$505,0)),"") | E57: =IF($D57="","",IFERROR(INDEX(기념일등록!$C$3:$C$502,MATCH(52,다가오는일정!$K$6:$K$505,0)),"")) | F57: =IF($D57="","",IFERROR(INDEX(기념일등록!$D$3:$D$502,MATCH(52,다가오는일정!$K$6:$K$505,0)),"")) | G57: =IF($D57="","",SUMIFS(경조사내역!$F$3:$F$1002,경조사내역!$B$3:$B$1002,$D57,경조사내역!$A$3:$A$1002,">="&DATE(YEAR(TODAY())-1,1,1),경조사내역!$A$3:$A$1002,"<="&DATE(YEAR(TODAY())-1,12,31))) | I57: =IF(기념일등록!$B54="",FALSE(),AND(기념일등록!$I54>=0,기념일등록!$I54<=90)) -> FALSE | J57: =IF($I57=FALSE(),"",기념일등록!$I54*1000+ROW()) | K57: =IF($J57="","",RANK($J57,$J$6:$J$505,1))
A58: =IF($D58="","",53) | B58: =IFERROR(INDEX(기념일등록!$H$3:$H$502,MATCH(53,다가오는일정!$K$6:$K$505,0)),"") | C58: =IF($B58="","",IFERROR(INDEX(기념일등록!$I$3:$I$502,MATCH(53,다가오는일정!$K$6:$K$505,0)),"")) | D58: =IFERROR(INDEX(기념일등록!$B$3:$B$502,MATCH(53,다가오는일정!$K$6:$K$505,0)),"") | E58: =IF($D58="","",IFERROR(INDEX(기념일등록!$C$3:$C$502,MATCH(53,다가오는일정!$K$6:$K$505,0)),"")) | F58: =IF($D58="","",IFERROR(INDEX(기념일등록!$D$3:$D$502,MATCH(53,다가오는일정!$K$6:$K$505,0)),"")) | G58: =IF($D58="","",SUMIFS(경조사내역!$F$3:$F$1002,경조사내역!$B$3:$B$1002,$D58,경조사내역!$A$3:$A$1002,">="&DATE(YEAR(TODAY())-1,1,1),경조사내역!$A$3:$A$1002,"<="&DATE(YEAR(TODAY())-1,12,31))) | I58: =IF(기념일등록!$B55="",FALSE(),AND(기념일등록!$I55>=0,기념일등록!$I55<=90)) -> FALSE | J58: =IF($I58=FALSE(),"",기념일등록!$I55*1000+ROW()) | K58: =IF($J58="","",RANK($J58,$J$6:$J$505,1))
A59: =IF($D59="","",54) | B59: =IFERROR(INDEX(기념일등록!$H$3:$H$502,MATCH(54,다가오는일정!$K$6:$K$505,0)),"") | C59: =IF($B59="","",IFERROR(INDEX(기념일등록!$I$3:$I$502,MATCH(54,다가오는일정!$K$6:$K$505,0)),"")) | D59: =IFERROR(INDEX(기념일등록!$B$3:$B$502,MATCH(54,다가오는일정!$K$6:$K$505,0)),"") | E59: =IF($D59="","",IFERROR(INDEX(기념일등록!$C$3:$C$502,MATCH(54,다가오는일정!$K$6:$K$505,0)),"")) | F59: =IF($D59="","",IFERROR(INDEX(기념일등록!$D$3:$D$502,MATCH(54,다가오는일정!$K$6:$K$505,0)),"")) | G59: =IF($D59="","",SUMIFS(경조사내역!$F$3:$F$1002,경조사내역!$B$3:$B$1002,$D59,경조사내역!$A$3:$A$1002,">="&DATE(YEAR(TODAY())-1,1,1),경조사내역!$A$3:$A$1002,"<="&DATE(YEAR(TODAY())-1,12,31))) | I59: =IF(기념일등록!$B56="",FALSE(),AND(기념일등록!$I56>=0,기념일등록!$I56<=90)) -> FALSE | J59: =IF($I59=FALSE(),"",기념일등록!$I56*1000+ROW()) | K59: =IF($J59="","",RANK($J59,$J$6:$J$505,1))
A60: =IF($D60="","",55) | B60: =IFERROR(INDEX(기념일등록!$H$3:$H$502,MATCH(55,다가오는일정!$K$6:$K$505,0)),"") | C60: =IF($B60="","",IFERROR(INDEX(기념일등록!$I$3:$I$502,MATCH(55,다가오는일정!$K$6:$K$505,0)),"")) | D60: =IFERROR(INDEX(기념일등록!$B$3:$B$502,MATCH(55,다가오는일정!$K$6:$K$505,0)),"") | E60: =IF($D60="","",IFERROR(INDEX(기념일등록!$C$3:$C$502,MATCH(55,다가오는일정!$K$6:$K$505,0)),"")) | F60: =IF($D60="","",IFERROR(INDEX(기념일등록!$D$3:$D$502,MATCH(55,다가오는일정!$K$6:$K$505,0)),"")) | G60: =IF($D60="","",SUMIFS(경조사내역!$F$3:$F$1002,경조사내역!$B$3:$B$1002,$D60,경조사내역!$A$3:$A$1002,">="&DATE(YEAR(TODAY())-1,1,1),경조사내역!$A$3:$A$1002,"<="&DATE(YEAR(TODAY())-1,12,31))) | I60: =IF(기념일등록!$B57="",FALSE(),AND(기념일등록!$I57>=0,기념일등록!$I57<=90)) -> FALSE | J60: =IF($I60=FALSE(),"",기념일등록!$I57*1000+ROW()) | K60: =IF($J60="","",RANK($J60,$J$6:$J$505,1))
A61: =IF($D61="","",56) | B61: =IFERROR(INDEX(기념일등록!$H$3:$H$502,MATCH(56,다가오는일정!$K$6:$K$505,0)),"") | C61: =IF($B61="","",IFERROR(INDEX(기념일등록!$I$3:$I$502,MATCH(56,다가오는일정!$K$6:$K$505,0)),"")) | D61: =IFERROR(INDEX(기념일등록!$B$3:$B$502,MATCH(56,다가오는일정!$K$6:$K$505,0)),"") | E61: =IF($D61="","",IFERROR(INDEX(기념일등록!$C$3:$C$502,MATCH(56,다가오는일정!$K$6:$K$505,0)),"")) | F61: =IF($D61="","",IFERROR(INDEX(기념일등록!$D$3:$D$502,MATCH(56,다가오는일정!$K$6:$K$505,0)),"")) | G61: =IF($D61="","",SUMIFS(경조사내역!$F$3:$F$1002,경조사내역!$B$3:$B$1002,$D61,경조사내역!$A$3:$A$1002,">="&DATE(YEAR(TODAY())-1,1,1),경조사내역!$A$3:$A$1002,"<="&DATE(YEAR(TODAY())-1,12,31))) | I61: =IF(기념일등록!$B58="",FALSE(),AND(기념일등록!$I58>=0,기념일등록!$I58<=90)) -> FALSE | J61: =IF($I61=FALSE(),"",기념일등록!$I58*1000+ROW()) | K61: =IF($J61="","",RANK($J61,$J$6:$J$505,1))
A62: =IF($D62="","",57) | B62: =IFERROR(INDEX(기념일등록!$H$3:$H$502,MATCH(57,다가오는일정!$K$6:$K$505,0)),"") | C62: =IF($B62="","",IFERROR(INDEX(기념일등록!$I$3:$I$502,MATCH(57,다가오는일정!$K$6:$K$505,0)),"")) | D62: =IFERROR(INDEX(기념일등록!$B$3:$B$502,MATCH(57,다가오는일정!$K$6:$K$505,0)),"") | E62: =IF($D62="","",IFERROR(INDEX(기념일등록!$C$3:$C$502,MATCH(57,다가오는일정!$K$6:$K$505,0)),"")) | F62: =IF($D62="","",IFERROR(INDEX(기념일등록!$D$3:$D$502,MATCH(57,다가오는일정!$K$6:$K$505,0)),"")) | G62: =IF($D62="","",SUMIFS(경조사내역!$F$3:$F$1002,경조사내역!$B$3:$B$1002,$D62,경조사내역!$A$3:$A$1002,">="&DATE(YEAR(TODAY())-1,1,1),경조사내역!$A$3:$A$1002,"<="&DATE(YEAR(TODAY())-1,12,31))) | I62: =IF(기념일등록!$B59="",FALSE(),AND(기념일등록!$I59>=0,기념일등록!$I59<=90)) -> FALSE | J62: =IF($I62=FALSE(),"",기념일등록!$I59*1000+ROW()) | K62: =IF($J62="","",RANK($J62,$J$6:$J$505,1))
A63: =IF($D63="","",58) | B63: =IFERROR(INDEX(기념일등록!$H$3:$H$502,MATCH(58,다가오는일정!$K$6:$K$505,0)),"") | C63: =IF($B63="","",IFERROR(INDEX(기념일등록!$I$3:$I$502,MATCH(58,다가오는일정!$K$6:$K$505,0)),"")) | D63: =IFERROR(INDEX(기념일등록!$B$3:$B$502,MATCH(58,다가오는일정!$K$6:$K$505,0)),"") | E63: =IF($D63="","",IFERROR(INDEX(기념일등록!$C$3:$C$502,MATCH(58,다가오는일정!$K$6:$K$505,0)),"")) | F63: =IF($D63="","",IFERROR(INDEX(기념일등록!$D$3:$D$502,MATCH(58,다가오는일정!$K$6:$K$505,0)),"")) | G63: =IF($D63="","",SUMIFS(경조사내역!$F$3:$F$1002,경조사내역!$B$3:$B$1002,$D63,경조사내역!$A$3:$A$1002,">="&DATE(YEAR(TODAY())-1,1,1),경조사내역!$A$3:$A$1002,"<="&DATE(YEAR(TODAY())-1,12,31))) | I63: =IF(기념일등록!$B60="",FALSE(),AND(기념일등록!$I60>=0,기념일등록!$I60<=90)) -> FALSE | J63: =IF($I63=FALSE(),"",기념일등록!$I60*1000+ROW()) | K63: =IF($J63="","",RANK($J63,$J$6:$J$505,1))
A64: =IF($D64="","",59) | B64: =IFERROR(INDEX(기념일등록!$H$3:$H$502,MATCH(59,다가오는일정!$K$6:$K$505,0)),"") | C64: =IF($B64="","",IFERROR(INDEX(기념일등록!$I$3:$I$502,MATCH(59,다가오는일정!$K$6:$K$505,0)),"")) | D64: =IFERROR(INDEX(기념일등록!$B$3:$B$502,MATCH(59,다가오는일정!$K$6:$K$505,0)),"") | E64: =IF($D64="","",IFERROR(INDEX(기념일등록!$C$3:$C$502,MATCH(59,다가오는일정!$K$6:$K$505,0)),"")) | F64: =IF($D64="","",IFERROR(INDEX(기념일등록!$D$3:$D$502,MATCH(59,다가오는일정!$K$6:$K$505,0)),"")) | G64: =IF($D64="","",SUMIFS(경조사내역!$F$3:$F$1002,경조사내역!$B$3:$B$1002,$D64,경조사내역!$A$3:$A$1002,">="&DATE(YEAR(TODAY())-1,1,1),경조사내역!$A$3:$A$1002,"<="&DATE(YEAR(TODAY())-1,12,31))) | I64: =IF(기념일등록!$B61="",FALSE(),AND(기념일등록!$I61>=0,기념일등록!$I61<=90)) -> FALSE | J64: =IF($I64=FALSE(),"",기념일등록!$I61*1000+ROW()) | K64: =IF($J64="","",RANK($J64,$J$6:$J$505,1))
A65: =IF($D65="","",60) | B65: =IFERROR(INDEX(기념일등록!$H$3:$H$502,MATCH(60,다가오는일정!$K$6:$K$505,0)),"") | C65: =IF($B65="","",IFERROR(INDEX(기념일등록!$I$3:$I$502,MATCH(60,다가오는일정!$K$6:$K$505,0)),"")) | D65: =IFERROR(INDEX(기념일등록!$B$3:$B$502,MATCH(60,다가오는일정!$K$6:$K$505,0)),"") | E65: =IF($D65="","",IFERROR(INDEX(기념일등록!$C$3:$C$502,MATCH(60,다가오는일정!$K$6:$K$505,0)),"")) | F65: =IF($D65="","",IFERROR(INDEX(기념일등록!$D$3:$D$502,MATCH(60,다가오는일정!$K$6:$K$505,0)),"")) | G65: =IF($D65="","",SUMIFS(경조사내역!$F$3:$F$1002,경조사내역!$B$3:$B$1002,$D65,경조사내역!$A$3:$A$1002,">="&DATE(YEAR(TODAY())-1,1,1),경조사내역!$A$3:$A$1002,"<="&DATE(YEAR(TODAY())-1,12,31))) | I65: =IF(기념일등록!$B62="",FALSE(),AND(기념일등록!$I62>=0,기념일등록!$I62<=90)) -> FALSE | J65: =IF($I65=FALSE(),"",기념일등록!$I62*1000+ROW()) | K65: =IF($J65="","",RANK($J65,$J$6:$J$505,1))
I66: =IF(기념일등록!$B63="",FALSE(),AND(기념일등록!$I63>=0,기념일등록!$I63<=90)) -> FALSE | J66: =IF($I66=FALSE(),"",기념일등록!$I63*1000+ROW()) | K66: =IF($J66="","",RANK($J66,$J$6:$J$505,1))
I67: =IF(기념일등록!$B64="",FALSE(),AND(기념일등록!$I64>=0,기념일등록!$I64<=90)) -> FALSE | J67: =IF($I67=FALSE(),"",기념일등록!$I64*1000+ROW()) | K67: =IF($J67="","",RANK($J67,$J$6:$J$505,1))
I68: =IF(기념일등록!$B65="",FALSE(),AND(기념일등록!$I65>=0,기념일등록!$I65<=90)) -> FALSE | J68: =IF($I68=FALSE(),"",기념일등록!$I65*1000+ROW()) | K68: =IF($J68="","",RANK($J68,$J$6:$J$505,1))
I69: =IF(기념일등록!$B66="",FALSE(),AND(기념일등록!$I66>=0,기념일등록!$I66<=90)) -> FALSE | J69: =IF($I69=FALSE(),"",기념일등록!$I66*1000+ROW()) | K69: =IF($J69="","",RANK($J69,$J$6:$J$505,1))
I70: =IF(기념일등록!$B67="",FALSE(),AND(기념일등록!$I67>=0,기념일등록!$I67<=90)) -> FALSE | J70: =IF($I70=FALSE(),"",기념일등록!$I67*1000+ROW()) | K70: =IF($J70="","",RANK($J70,$J$6:$J$505,1))
I71: =IF(기념일등록!$B68="",FALSE(),AND(기념일등록!$I68>=0,기념일등록!$I68<=90)) -> FALSE | J71: =IF($I71=FALSE(),"",기념일등록!$I68*1000+ROW()) | K71: =IF($J71="","",RANK($J71,$J$6:$J$505,1))
I72: =IF(기념일등록!$B69="",FALSE(),AND(기념일등록!$I69>=0,기념일등록!$I69<=90)) -> FALSE | J72: =IF($I72=FALSE(),"",기념일등록!$I69*1000+ROW()) | K72: =IF($J72="","",RANK($J72,$J$6:$J$505,1))
I73: =IF(기념일등록!$B70="",FALSE(),AND(기념일등록!$I70>=0,기념일등록!$I70<=90)) -> FALSE | J73: =IF($I73=FALSE(),"",기념일등록!$I70*1000+ROW()) | K73: =IF($J73="","",RANK($J73,$J$6:$J$505,1))
I74: =IF(기념일등록!$B71="",FALSE(),AND(기념일등록!$I71>=0,기념일등록!$I71<=90)) -> FALSE | J74: =IF($I74=FALSE(),"",기념일등록!$I71*1000+ROW()) | K74: =IF($J74="","",RANK($J74,$J$6:$J$505,1))
I75: =IF(기념일등록!$B72="",FALSE(),AND(기념일등록!$I72>=0,기념일등록!$I72<=90)) -> FALSE | J75: =IF($I75=FALSE(),"",기념일등록!$I72*1000+ROW()) | K75: =IF($J75="","",RANK($J75,$J$6:$J$505,1))
I76: =IF(기념일등록!$B73="",FALSE(),AND(기념일등록!$I73>=0,기념일등록!$I73<=90)) -> FALSE | J76: =IF($I76=FALSE(),"",기념일등록!$I73*1000+ROW()) | K76: =IF($J76="","",RANK($J76,$J$6:$J$505,1))
I77: =IF(기념일등록!$B74="",FALSE(),AND(기념일등록!$I74>=0,기념일등록!$I74<=90)) -> FALSE | J77: =IF($I77=FALSE(),"",기념일등록!$I74*1000+ROW()) | K77: =IF($J77="","",RANK($J77,$J$6:$J$505,1))
... I505: =IF(기념일등록!$B502="",FALSE(),AND(기념일등록!$I502>=0,기념일등록!$I502<=90)) -> FALSE | J505: =IF($I505=FALSE(),"",기념일등록!$I502*1000+ROW()) | K505: =IF($J505="","",RANK($J505,$J$6:$J$505,1))

Sheet 월별달력
A1: 월별달력
A3: 대상 월 | B3: 9 | C3: ← 1~12 중 하나
A5: 순번 | B5: 일 | C5: 이름 | D5: 거래처 | E5: 종류 | F5: 비고
A6: =IF($C6="","",1) -> 1 | B6: =IFERROR(INDEX(기념일등록!$G$3:$G$502,MATCH(1,월별달력!$J$6:$J$505,0)),"") -> 20 | C6: =IFERROR(INDEX(기념일등록!$B$3:$B$502,MATCH(1,월별달력!$J$6:$J$505,0)),"") -> 김사장 | D6: =IF($C6="","",IFERROR(INDEX(기념일등록!$C$3:$C$502,MATCH(1,월별달력!$J$6:$J$505,0)),"")) -> ○○상사 | E6: =IF($C6="","",IFERROR(INDEX(기념일등록!$D$3:$D$502,MATCH(1,월별달력!$J$6:$J$505,0)),"")) -> 창립기념일 | F6: =IF($C6="","",IFERROR(IF(INDEX(기념일등록!$J$3:$J$502,MATCH(1,월별달력!$J$6:$J$505,0))="","",INDEX(기념일등록!$J$3:$J$502,MATCH(1,월별달력!$J$6:$J$505,0))),"")) | H6: =IF(기념일등록!$B3="",FALSE(),기념일등록!$F3=$B$3) -> TRUE | I6: =IF($H6=FALSE(),"",IF(기념일등록!$G3="",99999,기념일등록!$G3)*1000+ROW()) -> 25006 | J6: =IF($I6="","",RANK($I6,$I$6:$I$505,1)) -> 2
A7: =IF($C7="","",2) -> 2 | B7: =IFERROR(INDEX(기념일등록!$G$3:$G$502,MATCH(2,월별달력!$J$6:$J$505,0)),"") -> 25 | C7: =IFERROR(INDEX(기념일등록!$B$3:$B$502,MATCH(2,월별달력!$J$6:$J$505,0)),"") -> 김사장 | D7: =IF($C7="","",IFERROR(INDEX(기념일등록!$C$3:$C$502,MATCH(2,월별달력!$J$6:$J$505,0)),"")) -> ○○상사 | E7: =IF($C7="","",IFERROR(INDEX(기념일등록!$D$3:$D$502,MATCH(2,월별달력!$J$6:$J$505,0)),"")) -> 생일 | F7: =IF($C7="","",IFERROR(IF(INDEX(기념일등록!$J$3:$J$502,MATCH(2,월별달력!$J$6:$J$505,0))="","",INDEX(기념일등록!$J$3:$J$502,MATCH(2,월별달력!$J$6:$J$505,0))),"")) | H7: =IF(기념일등록!$B4="",FALSE(),기념일등록!$F4=$B$3) -> FALSE | I7: =IF($H7=FALSE(),"",IF(기념일등록!$G4="",99999,기념일등록!$G4)*1000+ROW()) | J7: =IF($I7="","",RANK($I7,$I$6:$I$505,1))
A8: =IF($C8="","",3) | B8: =IFERROR(INDEX(기념일등록!$G$3:$G$502,MATCH(3,월별달력!$J$6:$J$505,0)),"") | C8: =IFERROR(INDEX(기념일등록!$B$3:$B$502,MATCH(3,월별달력!$J$6:$J$505,0)),"") | D8: =IF($C8="","",IFERROR(INDEX(기념일등록!$C$3:$C$502,MATCH(3,월별달력!$J$6:$J$505,0)),"")) | E8: =IF($C8="","",IFERROR(INDEX(기념일등록!$D$3:$D$502,MATCH(3,월별달력!$J$6:$J$505,0)),"")) | F8: =IF($C8="","",IFERROR(IF(INDEX(기념일등록!$J$3:$J$502,MATCH(3,월별달력!$J$6:$J$505,0))="","",INDEX(기념일등록!$J$3:$J$502,MATCH(3,월별달력!$J$6:$J$505,0))),"")) | H8: =IF(기념일등록!$B5="",FALSE(),기념일등록!$F5=$B$3) -> TRUE | I8: =IF($H8=FALSE(),"",IF(기념일등록!$G5="",99999,기념일등록!$G5)*1000+ROW()) -> 20008 | J8: =IF($I8="","",RANK($I8,$I$6:$I$505,1)) -> 1
A9: =IF($C9="","",4) | B9: =IFERROR(INDEX(기념일등록!$G$3:$G$502,MATCH(4,월별달력!$J$6:$J$505,0)),"") | C9: =IFERROR(INDEX(기념일등록!$B$3:$B$502,MATCH(4,월별달력!$J$6:$J$505,0)),"") | D9: =IF($C9="","",IFERROR(INDEX(기념일등록!$C$3:$C$502,MATCH(4,월별달력!$J$6:$J$505,0)),"")) | E9: =IF($C9="","",IFERROR(INDEX(기념일등록!$D$3:$D$502,MATCH(4,월별달력!$J$6:$J$505,0)),"")) | F9: =IF($C9="","",IFERROR(IF(INDEX(기념일등록!$J$3:$J$502,MATCH(4,월별달력!$J$6:$J$505,0))="","",INDEX(기념일등록!$J$3:$J$502,MATCH(4,월별달력!$J$6:$J$505,0))),"")) | H9: =IF(기념일등록!$B6="",FALSE(),기념일등록!$F6=$B$3) -> FALSE | I9: =IF($H9=FALSE(),"",IF(기념일등록!$G6="",99999,기념일등록!$G6)*1000+ROW()) | J9: =IF($I9="","",RANK($I9,$I$6:$I$505,1))
A10: =IF($C10="","",5) | B10: =IFERROR(INDEX(기념일등록!$G$3:$G$502,MATCH(5,월별달력!$J$6:$J$505,0)),"") | C10: =IFERROR(INDEX(기념일등록!$B$3:$B$502,MATCH(5,월별달력!$J$6:$J$505,0)),"") | D10: =IF($C10="","",IFERROR(INDEX(기념일등록!$C$3:$C$502,MATCH(5,월별달력!$J$6:$J$505,0)),"")) | E10: =IF($C10="","",IFERROR(INDEX(기념일등록!$D$3:$D$502,MATCH(5,월별달력!$J$6:$J$505,0)),"")) | F10: =IF($C10="","",IFERROR(IF(INDEX(기념일등록!$J$3:$J$502,MATCH(5,월별달력!$J$6:$J$505,0))="","",INDEX(기념일등록!$J$3:$J$502,MATCH(5,월별달력!$J$6:$J$505,0))),"")) | H10: =IF(기념일등록!$B7="",FALSE(),기념일등록!$F7=$B$3) -> FALSE | I10: =IF($H10=FALSE(),"",IF(기념일등록!$G7="",99999,기념일등록!$G7)*1000+ROW()) | J10: =IF($I10="","",RANK($I10,$I$6:$I$505,1))
A11: =IF($C11="","",6) | B11: =IFERROR(INDEX(기념일등록!$G$3:$G$502,MATCH(6,월별달력!$J$6:$J$505,0)),"") | C11: =IFERROR(INDEX(기념일등록!$B$3:$B$502,MATCH(6,월별달력!$J$6:$J$505,0)),"") | D11: =IF($C11="","",IFERROR(INDEX(기념일등록!$C$3:$C$502,MATCH(6,월별달력!$J$6:$J$505,0)),"")) | E11: =IF($C11="","",IFERROR(INDEX(기념일등록!$D$3:$D$502,MATCH(6,월별달력!$J$6:$J$505,0)),"")) | F11: =IF($C11="","",IFERROR(IF(INDEX(기념일등록!$J$3:$J$502,MATCH(6,월별달력!$J$6:$J$505,0))="","",INDEX(기념일등록!$J$3:$J$502,MATCH(6,월별달력!$J$6:$J$505,0))),"")) | H11: =IF(기념일등록!$B8="",FALSE(),기념일등록!$F8=$B$3) -> FALSE | I11: =IF($H11=FALSE(),"",IF(기념일등록!$G8="",99999,기념일등록!$G8)*1000+ROW()) | J11: =IF($I11="","",RANK($I11,$I$6:$I$505,1))
A12: =IF($C12="","",7) | B12: =IFERROR(INDEX(기념일등록!$G$3:$G$502,MATCH(7,월별달력!$J$6:$J$505,0)),"") | C12: =IFERROR(INDEX(기념일등록!$B$3:$B$502,MATCH(7,월별달력!$J$6:$J$505,0)),"") | D12: =IF($C12="","",IFERROR(INDEX(기념일등록!$C$3:$C$502,MATCH(7,월별달력!$J$6:$J$505,0)),"")) | E12: =IF($C12="","",IFERROR(INDEX(기념일등록!$D$3:$D$502,MATCH(7,월별달력!$J$6:$J$505,0)),"")) | F12: =IF($C12="","",IFERROR(IF(INDEX(기념일등록!$J$3:$J$502,MATCH(7,월별달력!$J$6:$J$505,0))="","",INDEX(기념일등록!$J$3:$J$502,MATCH(7,월별달력!$J$6:$J$505,0))),"")) | H12: =IF(기념일등록!$B9="",FALSE(),기념일등록!$F9=$B$3) -> FALSE | I12: =IF($H12=FALSE(),"",IF(기념일등록!$G9="",99999,기념일등록!$G9)*1000+ROW()) | J12: =IF($I12="","",RANK($I12,$I$6:$I$505,1))
A13: =IF($C13="","",8) | B13: =IFERROR(INDEX(기념일등록!$G$3:$G$502,MATCH(8,월별달력!$J$6:$J$505,0)),"") | C13: =IFERROR(INDEX(기념일등록!$B$3:$B$502,MATCH(8,월별달력!$J$6:$J$505,0)),"") | D13: =IF($C13="","",IFERROR(INDEX(기념일등록!$C$3:$C$502,MATCH(8,월별달력!$J$6:$J$505,0)),"")) | E13: =IF($C13="","",IFERROR(INDEX(기념일등록!$D$3:$D$502,MATCH(8,월별달력!$J$6:$J$505,0)),"")) | F13: =IF($C13="","",IFERROR(IF(INDEX(기념일등록!$J$3:$J$502,MATCH(8,월별달력!$J$6:$J$505,0))="","",INDEX(기념일등록!$J$3:$J$502,MATCH(8,월별달력!$J$6:$J$505,0))),"")) | H13: =IF(기념일등록!$B10="",FALSE(),기념일등록!$F10=$B$3) -> FALSE | I13: =IF($H13=FALSE(),"",IF(기념일등록!$G10="",99999,기념일등록!$G10)*1000+ROW()) | J13: =IF($I13="","",RANK($I13,$I$6:$I$505,1))
A14: =IF($C14="","",9) | B14: =IFERROR(INDEX(기념일등록!$G$3:$G$502,MATCH(9,월별달력!$J$6:$J$505,0)),"") | C14: =IFERROR(INDEX(기념일등록!$B$3:$B$502,MATCH(9,월별달력!$J$6:$J$505,0)),"") | D14: =IF($C14="","",IFERROR(INDEX(기념일등록!$C$3:$C$502,MATCH(9,월별달력!$J$6:$J$505,0)),"")) | E14: =IF($C14="","",IFERROR(INDEX(기념일등록!$D$3:$D$502,MATCH(9,월별달력!$J$6:$J$505,0)),"")) | F14: =IF($C14="","",IFERROR(IF(INDEX(기념일등록!$J$3:$J$502,MATCH(9,월별달력!$J$6:$J$505,0))="","",INDEX(기념일등록!$J$3:$J$502,MATCH(9,월별달력!$J$6:$J$505,0))),"")) | H14: =IF(기념일등록!$B11="",FALSE(),기념일등록!$F11=$B$3) -> FALSE | I14: =IF($H14=FALSE(),"",IF(기념일등록!$G11="",99999,기념일등록!$G11)*1000+ROW()) | J14: =IF($I14="","",RANK($I14,$I$6:$I$505,1))
A15: =IF($C15="","",10) | B15: =IFERROR(INDEX(기념일등록!$G$3:$G$502,MATCH(10,월별달력!$J$6:$J$505,0)),"") | C15: =IFERROR(INDEX(기념일등록!$B$3:$B$502,MATCH(10,월별달력!$J$6:$J$505,0)),"") | D15: =IF($C15="","",IFERROR(INDEX(기념일등록!$C$3:$C$502,MATCH(10,월별달력!$J$6:$J$505,0)),"")) | E15: =IF($C15="","",IFERROR(INDEX(기념일등록!$D$3:$D$502,MATCH(10,월별달력!$J$6:$J$505,0)),"")) | F15: =IF($C15="","",IFERROR(IF(INDEX(기념일등록!$J$3:$J$502,MATCH(10,월별달력!$J$6:$J$505,0))="","",INDEX(기념일등록!$J$3:$J$502,MATCH(10,월별달력!$J$6:$J$505,0))),"")) | H15: =IF(기념일등록!$B12="",FALSE(),기념일등록!$F12=$B$3) -> FALSE | I15: =IF($H15=FALSE(),"",IF(기념일등록!$G12="",99999,기념일등록!$G12)*1000+ROW()) | J15: =IF($I15="","",RANK($I15,$I$6:$I$505,1))
A16: =IF($C16="","",11) | B16: =IFERROR(INDEX(기념일등록!$G$3:$G$502,MATCH(11,월별달력!$J$6:$J$505,0)),"") | C16: =IFERROR(INDEX(기념일등록!$B$3:$B$502,MATCH(11,월별달력!$J$6:$J$505,0)),"") | D16: =IF($C16="","",IFERROR(INDEX(기념일등록!$C$3:$C$502,MATCH(11,월별달력!$J$6:$J$505,0)),"")) | E16: =IF($C16="","",IFERROR(INDEX(기념일등록!$D$3:$D$502,MATCH(11,월별달력!$J$6:$J$505,0)),"")) | F16: =IF($C16="","",IFERROR(IF(INDEX(기념일등록!$J$3:$J$502,MATCH(11,월별달력!$J$6:$J$505,0))="","",INDEX(기념일등록!$J$3:$J$502,MATCH(11,월별달력!$J$6:$J$505,0))),"")) | H16: =IF(기념일등록!$B13="",FALSE(),기념일등록!$F13=$B$3) -> FALSE | I16: =IF($H16=FALSE(),"",IF(기념일등록!$G13="",99999,기념일등록!$G13)*1000+ROW()) | J16: =IF($I16="","",RANK($I16,$I$6:$I$505,1))
A17: =IF($C17="","",12) | B17: =IFERROR(INDEX(기념일등록!$G$3:$G$502,MATCH(12,월별달력!$J$6:$J$505,0)),"") | C17: =IFERROR(INDEX(기념일등록!$B$3:$B$502,MATCH(12,월별달력!$J$6:$J$505,0)),"") | D17: =IF($C17="","",IFERROR(INDEX(기념일등록!$C$3:$C$502,MATCH(12,월별달력!$J$6:$J$505,0)),"")) | E17: =IF($C17="","",IFERROR(INDEX(기념일등록!$D$3:$D$502,MATCH(12,월별달력!$J$6:$J$505,0)),"")) | F17: =IF($C17="","",IFERROR(IF(INDEX(기념일등록!$J$3:$J$502,MATCH(12,월별달력!$J$6:$J$505,0))="","",INDEX(기념일등록!$J$3:$J$502,MATCH(12,월별달력!$J$6:$J$505,0))),"")) | H17: =IF(기념일등록!$B14="",FALSE(),기념일등록!$F14=$B$3) -> FALSE | I17: =IF($H17=FALSE(),"",IF(기념일등록!$G14="",99999,기념일등록!$G14)*1000+ROW()) | J17: =IF($I17="","",RANK($I17,$I$6:$I$505,1))
A18: =IF($C18="","",13) | B18: =IFERROR(INDEX(기념일등록!$G$3:$G$502,MATCH(13,월별달력!$J$6:$J$505,0)),"") | C18: =IFERROR(INDEX(기념일등록!$B$3:$B$502,MATCH(13,월별달력!$J$6:$J$505,0)),"") | D18: =IF($C18="","",IFERROR(INDEX(기념일등록!$C$3:$C$502,MATCH(13,월별달력!$J$6:$J$505,0)),"")) | E18: =IF($C18="","",IFERROR(INDEX(기념일등록!$D$3:$D$502,MATCH(13,월별달력!$J$6:$J$505,0)),"")) | F18: =IF($C18="","",IFERROR(IF(INDEX(기념일등록!$J$3:$J$502,MATCH(13,월별달력!$J$6:$J$505,0))="","",INDEX(기념일등록!$J$3:$J$502,MATCH(13,월별달력!$J$6:$J$505,0))),"")) | H18: =IF(기념일등록!$B15="",FALSE(),기념일등록!$F15=$B$3) -> FALSE | I18: =IF($H18=FALSE(),"",IF(기념일등록!$G15="",99999,기념일등록!$G15)*1000+ROW()) | J18: =IF($I18="","",RANK($I18,$I$6:$I$505,1))
A19: =IF($C19="","",14) | B19: =IFERROR(INDEX(기념일등록!$G$3:$G$502,MATCH(14,월별달력!$J$6:$J$505,0)),"") | C19: =IFERROR(INDEX(기념일등록!$B$3:$B$502,MATCH(14,월별달력!$J$6:$J$505,0)),"") | D19: =IF($C19="","",IFERROR(INDEX(기념일등록!$C$3:$C$502,MATCH(14,월별달력!$J$6:$J$505,0)),"")) | E19: =IF($C19="","",IFERROR(INDEX(기념일등록!$D$3:$D$502,MATCH(14,월별달력!$J$6:$J$505,0)),"")) | F19: =IF($C19="","",IFERROR(IF(INDEX(기념일등록!$J$3:$J$502,MATCH(14,월별달력!$J$6:$J$505,0))="","",INDEX(기념일등록!$J$3:$J$502,MATCH(14,월별달력!$J$6:$J$505,0))),"")) | H19: =IF(기념일등록!$B16="",FALSE(),기념일등록!$F16=$B$3) -> FALSE | I19: =IF($H19=FALSE(),"",IF(기념일등록!$G16="",99999,기념일등록!$G16)*1000+ROW()) | J19: =IF($I19="","",RANK($I19,$I$6:$I$505,1))
A20: =IF($C20="","",15) | B20: =IFERROR(INDEX(기념일등록!$G$3:$G$502,MATCH(15,월별달력!$J$6:$J$505,0)),"") | C20: =IFERROR(INDEX(기념일등록!$B$3:$B$502,MATCH(15,월별달력!$J$6:$J$505,0)),"") | D20: =IF($C20="","",IFERROR(INDEX(기념일등록!$C$3:$C$502,MATCH(15,월별달력!$J$6:$J$505,0)),"")) | E20: =IF($C20="","",IFERROR(INDEX(기념일등록!$D$3:$D$502,MATCH(15,월별달력!$J$6:$J$505,0)),"")) | F20: =IF($C20="","",IFERROR(IF(INDEX(기념일등록!$J$3:$J$502,MATCH(15,월별달력!$J$6:$J$505,0))="","",INDEX(기념일등록!$J$3:$J$502,MATCH(15,월별달력!$J$6:$J$505,0))),"")) | H20: =IF(기념일등록!$B17="",FALSE(),기념일등록!$F17=$B$3) -> FALSE | I20: =IF($H20=FALSE(),"",IF(기념일등록!$G17="",99999,기념일등록!$G17)*1000+ROW()) | J20: =IF($I20="","",RANK($I20,$I$6:$I$505,1))
A21: =IF($C21="","",16) | B21: =IFERROR(INDEX(기념일등록!$G$3:$G$502,MATCH(16,월별달력!$J$6:$J$505,0)),"") | C21: =IFERROR(INDEX(기념일등록!$B$3:$B$502,MATCH(16,월별달력!$J$6:$J$505,0)),"") | D21: =IF($C21="","",IFERROR(INDEX(기념일등록!$C$3:$C$502,MATCH(16,월별달력!$J$6:$J$505,0)),"")) | E21: =IF($C21="","",IFERROR(INDEX(기념일등록!$D$3:$D$502,MATCH(16,월별달력!$J$6:$J$505,0)),"")) | F21: =IF($C21="","",IFERROR(IF(INDEX(기념일등록!$J$3:$J$502,MATCH(16,월별달력!$J$6:$J$505,0))="","",INDEX(기념일등록!$J$3:$J$502,MATCH(16,월별달력!$J$6:$J$505,0))),"")) | H21: =IF(기념일등록!$B18="",FALSE(),기념일등록!$F18=$B$3) -> FALSE | I21: =IF($H21=FALSE(),"",IF(기념일등록!$G18="",99999,기념일등록!$G18)*1000+ROW()) | J21: =IF($I21="","",RANK($I21,$I$6:$I$505,1))
A22: =IF($C22="","",17) | B22: =IFERROR(INDEX(기념일등록!$G$3:$G$502,MATCH(17,월별달력!$J$6:$J$505,0)),"") | C22: =IFERROR(INDEX(기념일등록!$B$3:$B$502,MATCH(17,월별달력!$J$6:$J$505,0)),"") | D22: =IF($C22="","",IFERROR(INDEX(기념일등록!$C$3:$C$502,MATCH(17,월별달력!$J$6:$J$505,0)),"")) | E22: =IF($C22="","",IFERROR(INDEX(기념일등록!$D$3:$D$502,MATCH(17,월별달력!$J$6:$J$505,0)),"")) | F22: =IF($C22="","",IFERROR(IF(INDEX(기념일등록!$J$3:$J$502,MATCH(17,월별달력!$J$6:$J$505,0))="","",INDEX(기념일등록!$J$3:$J$502,MATCH(17,월별달력!$J$6:$J$505,0))),"")) | H22: =IF(기념일등록!$B19="",FALSE(),기념일등록!$F19=$B$3) -> FALSE | I22: =IF($H22=FALSE(),"",IF(기념일등록!$G19="",99999,기념일등록!$G19)*1000+ROW()) | J22: =IF($I22="","",RANK($I22,$I$6:$I$505,1))
A23: =IF($C23="","",18) | B23: =IFERROR(INDEX(기념일등록!$G$3:$G$502,MATCH(18,월별달력!$J$6:$J$505,0)),"") | C23: =IFERROR(INDEX(기념일등록!$B$3:$B$502,MATCH(18,월별달력!$J$6:$J$505,0)),"") | D23: =IF($C23="","",IFERROR(INDEX(기념일등록!$C$3:$C$502,MATCH(18,월별달력!$J$6:$J$505,0)),"")) | E23: =IF($C23="","",IFERROR(INDEX(기념일등록!$D$3:$D$502,MATCH(18,월별달력!$J$6:$J$505,0)),"")) | F23: =IF($C23="","",IFERROR(IF(INDEX(기념일등록!$J$3:$J$502,MATCH(18,월별달력!$J$6:$J$505,0))="","",INDEX(기념일등록!$J$3:$J$502,MATCH(18,월별달력!$J$6:$J$505,0))),"")) | H23: =IF(기념일등록!$B20="",FALSE(),기념일등록!$F20=$B$3) -> FALSE | I23: =IF($H23=FALSE(),"",IF(기념일등록!$G20="",99999,기념일등록!$G20)*1000+ROW()) | J23: =IF($I23="","",RANK($I23,$I$6:$I$505,1))
A24: =IF($C24="","",19) | B24: =IFERROR(INDEX(기념일등록!$G$3:$G$502,MATCH(19,월별달력!$J$6:$J$505,0)),"") | C24: =IFERROR(INDEX(기념일등록!$B$3:$B$502,MATCH(19,월별달력!$J$6:$J$505,0)),"") | D24: =IF($C24="","",IFERROR(INDEX(기념일등록!$C$3:$C$502,MATCH(19,월별달력!$J$6:$J$505,0)),"")) | E24: =IF($C24="","",IFERROR(INDEX(기념일등록!$D$3:$D$502,MATCH(19,월별달력!$J$6:$J$505,0)),"")) | F24: =IF($C24="","",IFERROR(IF(INDEX(기념일등록!$J$3:$J$502,MATCH(19,월별달력!$J$6:$J$505,0))="","",INDEX(기념일등록!$J$3:$J$502,MATCH(19,월별달력!$J$6:$J$505,0))),"")) | H24: =IF(기념일등록!$B21="",FALSE(),기념일등록!$F21=$B$3) -> FALSE | I24: =IF($H24=FALSE(),"",IF(기념일등록!$G21="",99999,기념일등록!$G21)*1000+ROW()) | J24: =IF($I24="","",RANK($I24,$I$6:$I$505,1))
A25: =IF($C25="","",20) | B25: =IFERROR(INDEX(기념일등록!$G$3:$G$502,MATCH(20,월별달력!$J$6:$J$505,0)),"") | C25: =IFERROR(INDEX(기념일등록!$B$3:$B$502,MATCH(20,월별달력!$J$6:$J$505,0)),"") | D25: =IF($C25="","",IFERROR(INDEX(기념일등록!$C$3:$C$502,MATCH(20,월별달력!$J$6:$J$505,0)),"")) | E25: =IF($C25="","",IFERROR(INDEX(기념일등록!$D$3:$D$502,MATCH(20,월별달력!$J$6:$J$505,0)),"")) | F25: =IF($C25="","",IFERROR(IF(INDEX(기념일등록!$J$3:$J$502,MATCH(20,월별달력!$J$6:$J$505,0))="","",INDEX(기념일등록!$J$3:$J$502,MATCH(20,월별달력!$J$6:$J$505,0))),"")) | H25: =IF(기념일등록!$B22="",FALSE(),기념일등록!$F22=$B$3) -> FALSE | I25: =IF($H25=FALSE(),"",IF(기념일등록!$G22="",99999,기념일등록!$G22)*1000+ROW()) | J25: =IF($I25="","",RANK($I25,$I$6:$I$505,1))
A26: =IF($C26="","",21) | B26: =IFERROR(INDEX(기념일등록!$G$3:$G$502,MATCH(21,월별달력!$J$6:$J$505,0)),"") | C26: =IFERROR(INDEX(기념일등록!$B$3:$B$502,MATCH(21,월별달력!$J$6:$J$505,0)),"") | D26: =IF($C26="","",IFERROR(INDEX(기념일등록!$C$3:$C$502,MATCH(21,월별달력!$J$6:$J$505,0)),"")) | E26: =IF($C26="","",IFERROR(INDEX(기념일등록!$D$3:$D$502,MATCH(21,월별달력!$J$6:$J$505,0)),"")) | F26: =IF($C26="","",IFERROR(IF(INDEX(기념일등록!$J$3:$J$502,MATCH(21,월별달력!$J$6:$J$505,0))="","",INDEX(기념일등록!$J$3:$J$502,MATCH(21,월별달력!$J$6:$J$505,0))),"")) | H26: =IF(기념일등록!$B23="",FALSE(),기념일등록!$F23=$B$3) -> FALSE | I26: =IF($H26=FALSE(),"",IF(기념일등록!$G23="",99999,기념일등록!$G23)*1000+ROW()) | J26: =IF($I26="","",RANK($I26,$I$6:$I$505,1))
A27: =IF($C27="","",22) | B27: =IFERROR(INDEX(기념일등록!$G$3:$G$502,MATCH(22,월별달력!$J$6:$J$505,0)),"") | C27: =IFERROR(INDEX(기념일등록!$B$3:$B$502,MATCH(22,월별달력!$J$6:$J$505,0)),"") | D27: =IF($C27="","",IFERROR(INDEX(기념일등록!$C$3:$C$502,MATCH(22,월별달력!$J$6:$J$505,0)),"")) | E27: =IF($C27="","",IFERROR(INDEX(기념일등록!$D$3:$D$502,MATCH(22,월별달력!$J$6:$J$505,0)),"")) | F27: =IF($C27="","",IFERROR(IF(INDEX(기념일등록!$J$3:$J$502,MATCH(22,월별달력!$J$6:$J$505,0))="","",INDEX(기념일등록!$J$3:$J$502,MATCH(22,월별달력!$J$6:$J$505,0))),"")) | H27: =IF(기념일등록!$B24="",FALSE(),기념일등록!$F24=$B$3) -> FALSE | I27: =IF($H27=FALSE(),"",IF(기념일등록!$G24="",99999,기념일등록!$G24)*1000+ROW()) | J27: =IF($I27="","",RANK($I27,$I$6:$I$505,1))
A28: =IF($C28="","",23) | B28: =IFERROR(INDEX(기념일등록!$G$3:$G$502,MATCH(23,월별달력!$J$6:$J$505,0)),"") | C28: =IFERROR(INDEX(기념일등록!$B$3:$B$502,MATCH(23,월별달력!$J$6:$J$505,0)),"") | D28: =IF($C28="","",IFERROR(INDEX(기념일등록!$C$3:$C$502,MATCH(23,월별달력!$J$6:$J$505,0)),"")) | E28: =IF($C28="","",IFERROR(INDEX(기념일등록!$D$3:$D$502,MATCH(23,월별달력!$J$6:$J$505,0)),"")) | F28: =IF($C28="","",IFERROR(IF(INDEX(기념일등록!$J$3:$J$502,MATCH(23,월별달력!$J$6:$J$505,0))="","",INDEX(기념일등록!$J$3:$J$502,MATCH(23,월별달력!$J$6:$J$505,0))),"")) | H28: =IF(기념일등록!$B25="",FALSE(),기념일등록!$F25=$B$3) -> FALSE | I28: =IF($H28=FALSE(),"",IF(기념일등록!$G25="",99999,기념일등록!$G25)*1000+ROW()) | J28: =IF($I28="","",RANK($I28,$I$6:$I$505,1))
A29: =IF($C29="","",24) | B29: =IFERROR(INDEX(기념일등록!$G$3:$G$502,MATCH(24,월별달력!$J$6:$J$505,0)),"") | C29: =IFERROR(INDEX(기념일등록!$B$3:$B$502,MATCH(24,월별달력!$J$6:$J$505,0)),"") | D29: =IF($C29="","",IFERROR(INDEX(기념일등록!$C$3:$C$502,MATCH(24,월별달력!$J$6:$J$505,0)),"")) | E29: =IF($C29="","",IFERROR(INDEX(기념일등록!$D$3:$D$502,MATCH(24,월별달력!$J$6:$J$505,0)),"")) | F29: =IF($C29="","",IFERROR(IF(INDEX(기념일등록!$J$3:$J$502,MATCH(24,월별달력!$J$6:$J$505,0))="","",INDEX(기념일등록!$J$3:$J$502,MATCH(24,월별달력!$J$6:$J$505,0))),"")) | H29: =IF(기념일등록!$B26="",FALSE(),기념일등록!$F26=$B$3) -> FALSE | I29: =IF($H29=FALSE(),"",IF(기념일등록!$G26="",99999,기념일등록!$G26)*1000+ROW()) | J29: =IF($I29="","",RANK($I29,$I$6:$I$505,1))
A30: =IF($C30="","",25) | B30: =IFERROR(INDEX(기념일등록!$G$3:$G$502,MATCH(25,월별달력!$J$6:$J$505,0)),"") | C30: =IFERROR(INDEX(기념일등록!$B$3:$B$502,MATCH(25,월별달력!$J$6:$J$505,0)),"") | D30: =IF($C30="","",IFERROR(INDEX(기념일등록!$C$3:$C$502,MATCH(25,월별달력!$J$6:$J$505,0)),"")) | E30: =IF($C30="","",IFERROR(INDEX(기념일등록!$D$3:$D$502,MATCH(25,월별달력!$J$6:$J$505,0)),"")) | F30: =IF($C30="","",IFERROR(IF(INDEX(기념일등록!$J$3:$J$502,MATCH(25,월별달력!$J$6:$J$505,0))="","",INDEX(기념일등록!$J$3:$J$502,MATCH(25,월별달력!$J$6:$J$505,0))),"")) | H30: =IF(기념일등록!$B27="",FALSE(),기념일등록!$F27=$B$3) -> FALSE | I30: =IF($H30=FALSE(),"",IF(기념일등록!$G27="",99999,기념일등록!$G27)*1000+ROW()) | J30: =IF($I30="","",RANK($I30,$I$6:$I$505,1))
A31: =IF($C31="","",26) | B31: =IFERROR(INDEX(기념일등록!$G$3:$G$502,MATCH(26,월별달력!$J$6:$J$505,0)),"") | C31: =IFERROR(INDEX(기념일등록!$B$3:$B$502,MATCH(26,월별달력!$J$6:$J$505,0)),"") | D31: =IF($C31="","",IFERROR(INDEX(기념일등록!$C$3:$C$502,MATCH(26,월별달력!$J$6:$J$505,0)),"")) | E31: =IF($C31="","",IFERROR(INDEX(기념일등록!$D$3:$D$502,MATCH(26,월별달력!$J$6:$J$505,0)),"")) | F31: =IF($C31="","",IFERROR(IF(INDEX(기념일등록!$J$3:$J$502,MATCH(26,월별달력!$J$6:$J$505,0))="","",INDEX(기념일등록!$J$3:$J$502,MATCH(26,월별달력!$J$6:$J$505,0))),"")) | H31: =IF(기념일등록!$B28="",FALSE(),기념일등록!$F28=$B$3) -> FALSE | I31: =IF($H31=FALSE(),"",IF(기념일등록!$G28="",99999,기념일등록!$G28)*1000+ROW()) | J31: =IF($I31="","",RANK($I31,$I$6:$I$505,1))
A32: =IF($C32="","",27) | B32: =IFERROR(INDEX(기념일등록!$G$3:$G$502,MATCH(27,월별달력!$J$6:$J$505,0)),"") | C32: =IFERROR(INDEX(기념일등록!$B$3:$B$502,MATCH(27,월별달력!$J$6:$J$505,0)),"") | D32: =IF($C32="","",IFERROR(INDEX(기념일등록!$C$3:$C$502,MATCH(27,월별달력!$J$6:$J$505,0)),"")) | E32: =IF($C32="","",IFERROR(INDEX(기념일등록!$D$3:$D$502,MATCH(27,월별달력!$J$6:$J$505,0)),"")) | F32: =IF($C32="","",IFERROR(IF(INDEX(기념일등록!$J$3:$J$502,MATCH(27,월별달력!$J$6:$J$505,0))="","",INDEX(기념일등록!$J$3:$J$502,MATCH(27,월별달력!$J$6:$J$505,0))),"")) | H32: =IF(기념일등록!$B29="",FALSE(),기념일등록!$F29=$B$3) -> FALSE | I32: =IF($H32=FALSE(),"",IF(기념일등록!$G29="",99999,기념일등록!$G29)*1000+ROW()) | J32: =IF($I32="","",RANK($I32,$I$6:$I$505,1))
A33: =IF($C33="","",28) | B33: =IFERROR(INDEX(기념일등록!$G$3:$G$502,MATCH(28,월별달력!$J$6:$J$505,0)),"") | C33: =IFERROR(INDEX(기념일등록!$B$3:$B$502,MATCH(28,월별달력!$J$6:$J$505,0)),"") | D33: =IF($C33="","",IFERROR(INDEX(기념일등록!$C$3:$C$502,MATCH(28,월별달력!$J$6:$J$505,0)),"")) | E33: =IF($C33="","",IFERROR(INDEX(기념일등록!$D$3:$D$502,MATCH(28,월별달력!$J$6:$J$505,0)),"")) | F33: =IF($C33="","",IFERROR(IF(INDEX(기념일등록!$J$3:$J$502,MATCH(28,월별달력!$J$6:$J$505,0))="","",INDEX(기념일등록!$J$3:$J$502,MATCH(28,월별달력!$J$6:$J$505,0))),"")) | H33: =IF(기념일등록!$B30="",FALSE(),기념일등록!$F30=$B$3) -> FALSE | I33: =IF($H33=FALSE(),"",IF(기념일등록!$G30="",99999,기념일등록!$G30)*1000+ROW()) | J33: =IF($I33="","",RANK($I33,$I$6:$I$505,1))
A34: =IF($C34="","",29) | B34: =IFERROR(INDEX(기념일등록!$G$3:$G$502,MATCH(29,월별달력!$J$6:$J$505,0)),"") | C34: =IFERROR(INDEX(기념일등록!$B$3:$B$502,MATCH(29,월별달력!$J$6:$J$505,0)),"") | D34: =IF($C34="","",IFERROR(INDEX(기념일등록!$C$3:$C$502,MATCH(29,월별달력!$J$6:$J$505,0)),"")) | E34: =IF($C34="","",IFERROR(INDEX(기념일등록!$D$3:$D$502,MATCH(29,월별달력!$J$6:$J$505,0)),"")) | F34: =IF($C34="","",IFERROR(IF(INDEX(기념일등록!$J$3:$J$502,MATCH(29,월별달력!$J$6:$J$505,0))="","",INDEX(기념일등록!$J$3:$J$502,MATCH(29,월별달력!$J$6:$J$505,0))),"")) | H34: =IF(기념일등록!$B31="",FALSE(),기념일등록!$F31=$B$3) -> FALSE | I34: =IF($H34=FALSE(),"",IF(기념일등록!$G31="",99999,기념일등록!$G31)*1000+ROW()) | J34: =IF($I34="","",RANK($I34,$I$6:$I$505,1))
A35: =IF($C35="","",30) | B35: =IFERROR(INDEX(기념일등록!$G$3:$G$502,MATCH(30,월별달력!$J$6:$J$505,0)),"") | C35: =IFERROR(INDEX(기념일등록!$B$3:$B$502,MATCH(30,월별달력!$J$6:$J$505,0)),"") | D35: =IF($C35="","",IFERROR(INDEX(기념일등록!$C$3:$C$502,MATCH(30,월별달력!$J$6:$J$505,0)),"")) | E35: =IF($C35="","",IFERROR(INDEX(기념일등록!$D$3:$D$502,MATCH(30,월별달력!$J$6:$J$505,0)),"")) | F35: =IF($C35="","",IFERROR(IF(INDEX(기념일등록!$J$3:$J$502,MATCH(30,월별달력!$J$6:$J$505,0))="","",INDEX(기념일등록!$J$3:$J$502,MATCH(30,월별달력!$J$6:$J$505,0))),"")) | H35: =IF(기념일등록!$B32="",FALSE(),기념일등록!$F32=$B$3) -> FALSE | I35: =IF($H35=FALSE(),"",IF(기념일등록!$G32="",99999,기념일등록!$G32)*1000+ROW()) | J35: =IF($I35="","",RANK($I35,$I$6:$I$505,1))
A36: =IF($C36="","",31) | B36: =IFERROR(INDEX(기념일등록!$G$3:$G$502,MATCH(31,월별달력!$J$6:$J$505,0)),"") | C36: =IFERROR(INDEX(기념일등록!$B$3:$B$502,MATCH(31,월별달력!$J$6:$J$505,0)),"") | D36: =IF($C36="","",IFERROR(INDEX(기념일등록!$C$3:$C$502,MATCH(31,월별달력!$J$6:$J$505,0)),"")) | E36: =IF($C36="","",IFERROR(INDEX(기념일등록!$D$3:$D$502,MATCH(31,월별달력!$J$6:$J$505,0)),"")) | F36: =IF($C36="","",IFERROR(IF(INDEX(기념일등록!$J$3:$J$502,MATCH(31,월별달력!$J$6:$J$505,0))="","",INDEX(기념일등록!$J$3:$J$502,MATCH(31,월별달력!$J$6:$J$505,0))),"")) | H36: =IF(기념일등록!$B33="",FALSE(),기념일등록!$F33=$B$3) -> FALSE | I36: =IF($H36=FALSE(),"",IF(기념일등록!$G33="",99999,기념일등록!$G33)*1000+ROW()) | J36: =IF($I36="","",RANK($I36,$I$6:$I$505,1))
A37: =IF($C37="","",32) | B37: =IFERROR(INDEX(기념일등록!$G$3:$G$502,MATCH(32,월별달력!$J$6:$J$505,0)),"") | C37: =IFERROR(INDEX(기념일등록!$B$3:$B$502,MATCH(32,월별달력!$J$6:$J$505,0)),"") | D37: =IF($C37="","",IFERROR(INDEX(기념일등록!$C$3:$C$502,MATCH(32,월별달력!$J$6:$J$505,0)),"")) | E37: =IF($C37="","",IFERROR(INDEX(기념일등록!$D$3:$D$502,MATCH(32,월별달력!$J$6:$J$505,0)),"")) | F37: =IF($C37="","",IFERROR(IF(INDEX(기념일등록!$J$3:$J$502,MATCH(32,월별달력!$J$6:$J$505,0))="","",INDEX(기념일등록!$J$3:$J$502,MATCH(32,월별달력!$J$6:$J$505,0))),"")) | H37: =IF(기념일등록!$B34="",FALSE(),기념일등록!$F34=$B$3) -> FALSE | I37: =IF($H37=FALSE(),"",IF(기념일등록!$G34="",99999,기념일등록!$G34)*1000+ROW()) | J37: =IF($I37="","",RANK($I37,$I$6:$I$505,1))
A38: =IF($C38="","",33) | B38: =IFERROR(INDEX(기념일등록!$G$3:$G$502,MATCH(33,월별달력!$J$6:$J$505,0)),"") | C38: =IFERROR(INDEX(기념일등록!$B$3:$B$502,MATCH(33,월별달력!$J$6:$J$505,0)),"") | D38: =IF($C38="","",IFERROR(INDEX(기념일등록!$C$3:$C$502,MATCH(33,월별달력!$J$6:$J$505,0)),"")) | E38: =IF($C38="","",IFERROR(INDEX(기념일등록!$D$3:$D$502,MATCH(33,월별달력!$J$6:$J$505,0)),"")) | F38: =IF($C38="","",IFERROR(IF(INDEX(기념일등록!$J$3:$J$502,MATCH(33,월별달력!$J$6:$J$505,0))="","",INDEX(기념일등록!$J$3:$J$502,MATCH(33,월별달력!$J$6:$J$505,0))),"")) | H38: =IF(기념일등록!$B35="",FALSE(),기념일등록!$F35=$B$3) -> FALSE | I38: =IF($H38=FALSE(),"",IF(기념일등록!$G35="",99999,기념일등록!$G35)*1000+ROW()) | J38: =IF($I38="","",RANK($I38,$I$6:$I$505,1))
A39: =IF($C39="","",34) | B39: =IFERROR(INDEX(기념일등록!$G$3:$G$502,MATCH(34,월별달력!$J$6:$J$505,0)),"") | C39: =IFERROR(INDEX(기념일등록!$B$3:$B$502,MATCH(34,월별달력!$J$6:$J$505,0)),"") | D39: =IF($C39="","",IFERROR(INDEX(기념일등록!$C$3:$C$502,MATCH(34,월별달력!$J$6:$J$505,0)),"")) | E39: =IF($C39="","",IFERROR(INDEX(기념일등록!$D$3:$D$502,MATCH(34,월별달력!$J$6:$J$505,0)),"")) | F39: =IF($C39="","",IFERROR(IF(INDEX(기념일등록!$J$3:$J$502,MATCH(34,월별달력!$J$6:$J$505,0))="","",INDEX(기념일등록!$J$3:$J$502,MATCH(34,월별달력!$J$6:$J$505,0))),"")) | H39: =IF(기념일등록!$B36="",FALSE(),기념일등록!$F36=$B$3) -> FALSE | I39: =IF($H39=FALSE(),"",IF(기념일등록!$G36="",99999,기념일등록!$G36)*1000+ROW()) | J39: =IF($I39="","",RANK($I39,$I$6:$I$505,1))
A40: =IF($C40="","",35) | B40: =IFERROR(INDEX(기념일등록!$G$3:$G$502,MATCH(35,월별달력!$J$6:$J$505,0)),"") | C40: =IFERROR(INDEX(기념일등록!$B$3:$B$502,MATCH(35,월별달력!$J$6:$J$505,0)),"") | D40: =IF($C40="","",IFERROR(INDEX(기념일등록!$C$3:$C$502,MATCH(35,월별달력!$J$6:$J$505,0)),"")) | E40: =IF($C40="","",IFERROR(INDEX(기념일등록!$D$3:$D$502,MATCH(35,월별달력!$J$6:$J$505,0)),"")) | F40: =IF($C40="","",IFERROR(IF(INDEX(기념일등록!$J$3:$J$502,MATCH(35,월별달력!$J$6:$J$505,0))="","",INDEX(기념일등록!$J$3:$J$502,MATCH(35,월별달력!$J$6:$J$505,0))),"")) | H40: =IF(기념일등록!$B37="",FALSE(),기념일등록!$F37=$B$3) -> FALSE | I40: =IF($H40=FALSE(),"",IF(기념일등록!$G37="",99999,기념일등록!$G37)*1000+ROW()) | J40: =IF($I40="","",RANK($I40,$I$6:$I$505,1))
A41: =IF($C41="","",36) | B41: =IFERROR(INDEX(기념일등록!$G$3:$G$502,MATCH(36,월별달력!$J$6:$J$505,0)),"") | C41: =IFERROR(INDEX(기념일등록!$B$3:$B$502,MATCH(36,월별달력!$J$6:$J$505,0)),"") | D41: =IF($C41="","",IFERROR(INDEX(기념일등록!$C$3:$C$502,MATCH(36,월별달력!$J$6:$J$505,0)),"")) | E41: =IF($C41="","",IFERROR(INDEX(기념일등록!$D$3:$D$502,MATCH(36,월별달력!$J$6:$J$505,0)),"")) | F41: =IF($C41="","",IFERROR(IF(INDEX(기념일등록!$J$3:$J$502,MATCH(36,월별달력!$J$6:$J$505,0))="","",INDEX(기념일등록!$J$3:$J$502,MATCH(36,월별달력!$J$6:$J$505,0))),"")) | H41: =IF(기념일등록!$B38="",FALSE(),기념일등록!$F38=$B$3) -> FALSE | I41: =IF($H41=FALSE(),"",IF(기념일등록!$G38="",99999,기념일등록!$G38)*1000+ROW()) | J41: =IF($I41="","",RANK($I41,$I$6:$I$505,1))
A42: =IF($C42="","",37) | B42: =IFERROR(INDEX(기념일등록!$G$3:$G$502,MATCH(37,월별달력!$J$6:$J$505,0)),"") | C42: =IFERROR(INDEX(기념일등록!$B$3:$B$502,MATCH(37,월별달력!$J$6:$J$505,0)),"") | D42: =IF($C42="","",IFERROR(INDEX(기념일등록!$C$3:$C$502,MATCH(37,월별달력!$J$6:$J$505,0)),"")) | E42: =IF($C42="","",IFERROR(INDEX(기념일등록!$D$3:$D$502,MATCH(37,월별달력!$J$6:$J$505,0)),"")) | F42: =IF($C42="","",IFERROR(IF(INDEX(기념일등록!$J$3:$J$502,MATCH(37,월별달력!$J$6:$J$505,0))="","",INDEX(기념일등록!$J$3:$J$502,MATCH(37,월별달력!$J$6:$J$505,0))),"")) | H42: =IF(기념일등록!$B39="",FALSE(),기념일등록!$F39=$B$3) -> FALSE | I42: =IF($H42=FALSE(),"",IF(기념일등록!$G39="",99999,기념일등록!$G39)*1000+ROW()) | J42: =IF($I42="","",RANK($I42,$I$6:$I$505,1))
A43: =IF($C43="","",38) | B43: =IFERROR(INDEX(기념일등록!$G$3:$G$502,MATCH(38,월별달력!$J$6:$J$505,0)),"") | C43: =IFERROR(INDEX(기념일등록!$B$3:$B$502,MATCH(38,월별달력!$J$6:$J$505,0)),"") | D43: =IF($C43="","",IFERROR(INDEX(기념일등록!$C$3:$C$502,MATCH(38,월별달력!$J$6:$J$505,0)),"")) | E43: =IF($C43="","",IFERROR(INDEX(기념일등록!$D$3:$D$502,MATCH(38,월별달력!$J$6:$J$505,0)),"")) | F43: =IF($C43="","",IFERROR(IF(INDEX(기념일등록!$J$3:$J$502,MATCH(38,월별달력!$J$6:$J$505,0))="","",INDEX(기념일등록!$J$3:$J$502,MATCH(38,월별달력!$J$6:$J$505,0))),"")) | H43: =IF(기념일등록!$B40="",FALSE(),기념일등록!$F40=$B$3) -> FALSE | I43: =IF($H43=FALSE(),"",IF(기념일등록!$G40="",99999,기념일등록!$G40)*1000+ROW()) | J43: =IF($I43="","",RANK($I43,$I$6:$I$505,1))
A44: =IF($C44="","",39) | B44: =IFERROR(INDEX(기념일등록!$G$3:$G$502,MATCH(39,월별달력!$J$6:$J$505,0)),"") | C44: =IFERROR(INDEX(기념일등록!$B$3:$B$502,MATCH(39,월별달력!$J$6:$J$505,0)),"") | D44: =IF($C44="","",IFERROR(INDEX(기념일등록!$C$3:$C$502,MATCH(39,월별달력!$J$6:$J$505,0)),"")) | E44: =IF($C44="","",IFERROR(INDEX(기념일등록!$D$3:$D$502,MATCH(39,월별달력!$J$6:$J$505,0)),"")) | F44: =IF($C44="","",IFERROR(IF(INDEX(기념일등록!$J$3:$J$502,MATCH(39,월별달력!$J$6:$J$505,0))="","",INDEX(기념일등록!$J$3:$J$502,MATCH(39,월별달력!$J$6:$J$505,0))),"")) | H44: =IF(기념일등록!$B41="",FALSE(),기념일등록!$F41=$B$3) -> FALSE | I44: =IF($H44=FALSE(),"",IF(기념일등록!$G41="",99999,기념일등록!$G41)*1000+ROW()) | J44: =IF($I44="","",RANK($I44,$I$6:$I$505,1))
A45: =IF($C45="","",40) | B45: =IFERROR(INDEX(기념일등록!$G$3:$G$502,MATCH(40,월별달력!$J$6:$J$505,0)),"") | C45: =IFERROR(INDEX(기념일등록!$B$3:$B$502,MATCH(40,월별달력!$J$6:$J$505,0)),"") | D45: =IF($C45="","",IFERROR(INDEX(기념일등록!$C$3:$C$502,MATCH(40,월별달력!$J$6:$J$505,0)),"")) | E45: =IF($C45="","",IFERROR(INDEX(기념일등록!$D$3:$D$502,MATCH(40,월별달력!$J$6:$J$505,0)),"")) | F45: =IF($C45="","",IFERROR(IF(INDEX(기념일등록!$J$3:$J$502,MATCH(40,월별달력!$J$6:$J$505,0))="","",INDEX(기념일등록!$J$3:$J$502,MATCH(40,월별달력!$J$6:$J$505,0))),"")) | H45: =IF(기념일등록!$B42="",FALSE(),기념일등록!$F42=$B$3) -> FALSE | I45: =IF($H45=FALSE(),"",IF(기념일등록!$G42="",99999,기념일등록!$G42)*1000+ROW()) | J45: =IF($I45="","",RANK($I45,$I$6:$I$505,1))
A46: =IF($C46="","",41) | B46: =IFERROR(INDEX(기념일등록!$G$3:$G$502,MATCH(41,월별달력!$J$6:$J$505,0)),"") | C46: =IFERROR(INDEX(기념일등록!$B$3:$B$502,MATCH(41,월별달력!$J$6:$J$505,0)),"") | D46: =IF($C46="","",IFERROR(INDEX(기념일등록!$C$3:$C$502,MATCH(41,월별달력!$J$6:$J$505,0)),"")) | E46: =IF($C46="","",IFERROR(INDEX(기념일등록!$D$3:$D$502,MATCH(41,월별달력!$J$6:$J$505,0)),"")) | F46: =IF($C46="","",IFERROR(IF(INDEX(기념일등록!$J$3:$J$502,MATCH(41,월별달력!$J$6:$J$505,0))="","",INDEX(기념일등록!$J$3:$J$502,MATCH(41,월별달력!$J$6:$J$505,0))),"")) | H46: =IF(기념일등록!$B43="",FALSE(),기념일등록!$F43=$B$3) -> FALSE | I46: =IF($H46=FALSE(),"",IF(기념일등록!$G43="",99999,기념일등록!$G43)*1000+ROW()) | J46: =IF($I46="","",RANK($I46,$I$6:$I$505,1))
A47: =IF($C47="","",42) | B47: =IFERROR(INDEX(기념일등록!$G$3:$G$502,MATCH(42,월별달력!$J$6:$J$505,0)),"") | C47: =IFERROR(INDEX(기념일등록!$B$3:$B$502,MATCH(42,월별달력!$J$6:$J$505,0)),"") | D47: =IF($C47="","",IFERROR(INDEX(기념일등록!$C$3:$C$502,MATCH(42,월별달력!$J$6:$J$505,0)),"")) | E47: =IF($C47="","",IFERROR(INDEX(기념일등록!$D$3:$D$502,MATCH(42,월별달력!$J$6:$J$505,0)),"")) | F47: =IF($C47="","",IFERROR(IF(INDEX(기념일등록!$J$3:$J$502,MATCH(42,월별달력!$J$6:$J$505,0))="","",INDEX(기념일등록!$J$3:$J$502,MATCH(42,월별달력!$J$6:$J$505,0))),"")) | H47: =IF(기념일등록!$B44="",FALSE(),기념일등록!$F44=$B$3) -> FALSE | I47: =IF($H47=FALSE(),"",IF(기념일등록!$G44="",99999,기념일등록!$G44)*1000+ROW()) | J47: =IF($I47="","",RANK($I47,$I$6:$I$505,1))
A48: =IF($C48="","",43) | B48: =IFERROR(INDEX(기념일등록!$G$3:$G$502,MATCH(43,월별달력!$J$6:$J$505,0)),"") | C48: =IFERROR(INDEX(기념일등록!$B$3:$B$502,MATCH(43,월별달력!$J$6:$J$505,0)),"") | D48: =IF($C48="","",IFERROR(INDEX(기념일등록!$C$3:$C$502,MATCH(43,월별달력!$J$6:$J$505,0)),"")) | E48: =IF($C48="","",IFERROR(INDEX(기념일등록!$D$3:$D$502,MATCH(43,월별달력!$J$6:$J$505,0)),"")) | F48: =IF($C48="","",IFERROR(IF(INDEX(기념일등록!$J$3:$J$502,MATCH(43,월별달력!$J$6:$J$505,0))="","",INDEX(기념일등록!$J$3:$J$502,MATCH(43,월별달력!$J$6:$J$505,0))),"")) | H48: =IF(기념일등록!$B45="",FALSE(),기념일등록!$F45=$B$3) -> FALSE | I48: =IF($H48=FALSE(),"",IF(기념일등록!$G45="",99999,기념일등록!$G45)*1000+ROW()) | J48: =IF($I48="","",RANK($I48,$I$6:$I$505,1))
A49: =IF($C49="","",44) | B49: =IFERROR(INDEX(기념일등록!$G$3:$G$502,MATCH(44,월별달력!$J$6:$J$505,0)),"") | C49: =IFERROR(INDEX(기념일등록!$B$3:$B$502,MATCH(44,월별달력!$J$6:$J$505,0)),"") | D49: =IF($C49="","",IFERROR(INDEX(기념일등록!$C$3:$C$502,MATCH(44,월별달력!$J$6:$J$505,0)),"")) | E49: =IF($C49="","",IFERROR(INDEX(기념일등록!$D$3:$D$502,MATCH(44,월별달력!$J$6:$J$505,0)),"")) | F49: =IF($C49="","",IFERROR(IF(INDEX(기념일등록!$J$3:$J$502,MATCH(44,월별달력!$J$6:$J$505,0))="","",INDEX(기념일등록!$J$3:$J$502,MATCH(44,월별달력!$J$6:$J$505,0))),"")) | H49: =IF(기념일등록!$B46="",FALSE(),기념일등록!$F46=$B$3) -> FALSE | I49: =IF($H49=FALSE(),"",IF(기념일등록!$G46="",99999,기념일등록!$G46)*1000+ROW()) | J49: =IF($I49="","",RANK($I49,$I$6:$I$505,1))
A50: =IF($C50="","",45) | B50: =IFERROR(INDEX(기념일등록!$G$3:$G$502,MATCH(45,월별달력!$J$6:$J$505,0)),"") | C50: =IFERROR(INDEX(기념일등록!$B$3:$B$502,MATCH(45,월별달력!$J$6:$J$505,0)),"") | D50: =IF($C50="","",IFERROR(INDEX(기념일등록!$C$3:$C$502,MATCH(45,월별달력!$J$6:$J$505,0)),"")) | E50: =IF($C50="","",IFERROR(INDEX(기념일등록!$D$3:$D$502,MATCH(45,월별달력!$J$6:$J$505,0)),"")) | F50: =IF($C50="","",IFERROR(IF(INDEX(기념일등록!$J$3:$J$502,MATCH(45,월별달력!$J$6:$J$505,0))="","",INDEX(기념일등록!$J$3:$J$502,MATCH(45,월별달력!$J$6:$J$505,0))),"")) | H50: =IF(기념일등록!$B47="",FALSE(),기념일등록!$F47=$B$3) -> FALSE | I50: =IF($H50=FALSE(),"",IF(기념일등록!$G47="",99999,기념일등록!$G47)*1000+ROW()) | J50: =IF($I50="","",RANK($I50,$I$6:$I$505,1))
A51: =IF($C51="","",46) | B51: =IFERROR(INDEX(기념일등록!$G$3:$G$502,MATCH(46,월별달력!$J$6:$J$505,0)),"") | C51: =IFERROR(INDEX(기념일등록!$B$3:$B$502,MATCH(46,월별달력!$J$6:$J$505,0)),"") | D51: =IF($C51="","",IFERROR(INDEX(기념일등록!$C$3:$C$502,MATCH(46,월별달력!$J$6:$J$505,0)),"")) | E51: =IF($C51="","",IFERROR(INDEX(기념일등록!$D$3:$D$502,MATCH(46,월별달력!$J$6:$J$505,0)),"")) | F51: =IF($C51="","",IFERROR(IF(INDEX(기념일등록!$J$3:$J$502,MATCH(46,월별달력!$J$6:$J$505,0))="","",INDEX(기념일등록!$J$3:$J$502,MATCH(46,월별달력!$J$6:$J$505,0))),"")) | H51: =IF(기념일등록!$B48="",FALSE(),기념일등록!$F48=$B$3) -> FALSE | I51: =IF($H51=FALSE(),"",IF(기념일등록!$G48="",99999,기념일등록!$G48)*1000+ROW()) | J51: =IF($I51="","",RANK($I51,$I$6:$I$505,1))
A52: =IF($C52="","",47) | B52: =IFERROR(INDEX(기념일등록!$G$3:$G$502,MATCH(47,월별달력!$J$6:$J$505,0)),"") | C52: =IFERROR(INDEX(기념일등록!$B$3:$B$502,MATCH(47,월별달력!$J$6:$J$505,0)),"") | D52: =IF($C52="","",IFERROR(INDEX(기념일등록!$C$3:$C$502,MATCH(47,월별달력!$J$6:$J$505,0)),"")) | E52: =IF($C52="","",IFERROR(INDEX(기념일등록!$D$3:$D$502,MATCH(47,월별달력!$J$6:$J$505,0)),"")) | F52: =IF($C52="","",IFERROR(IF(INDEX(기념일등록!$J$3:$J$502,MATCH(47,월별달력!$J$6:$J$505,0))="","",INDEX(기념일등록!$J$3:$J$502,MATCH(47,월별달력!$J$6:$J$505,0))),"")) | H52: =IF(기념일등록!$B49="",FALSE(),기념일등록!$F49=$B$3) -> FALSE | I52: =IF($H52=FALSE(),"",IF(기념일등록!$G49="",99999,기념일등록!$G49)*1000+ROW()) | J52: =IF($I52="","",RANK($I52,$I$6:$I$505,1))
A53: =IF($C53="","",48) | B53: =IFERROR(INDEX(기념일등록!$G$3:$G$502,MATCH(48,월별달력!$J$6:$J$505,0)),"") | C53: =IFERROR(INDEX(기념일등록!$B$3:$B$502,MATCH(48,월별달력!$J$6:$J$505,0)),"") | D53: =IF($C53="","",IFERROR(INDEX(기념일등록!$C$3:$C$502,MATCH(48,월별달력!$J$6:$J$505,0)),"")) | E53: =IF($C53="","",IFERROR(INDEX(기념일등록!$D$3:$D$502,MATCH(48,월별달력!$J$6:$J$505,0)),"")) | F53: =IF($C53="","",IFERROR(IF(INDEX(기념일등록!$J$3:$J$502,MATCH(48,월별달력!$J$6:$J$505,0))="","",INDEX(기념일등록!$J$3:$J$502,MATCH(48,월별달력!$J$6:$J$505,0))),"")) | H53: =IF(기념일등록!$B50="",FALSE(),기념일등록!$F50=$B$3) -> FALSE | I53: =IF($H53=FALSE(),"",IF(기념일등록!$G50="",99999,기념일등록!$G50)*1000+ROW()) | J53: =IF($I53="","",RANK($I53,$I$6:$I$505,1))
A54: =IF($C54="","",49) | B54: =IFERROR(INDEX(기념일등록!$G$3:$G$502,MATCH(49,월별달력!$J$6:$J$505,0)),"") | C54: =IFERROR(INDEX(기념일등록!$B$3:$B$502,MATCH(49,월별달력!$J$6:$J$505,0)),"") | D54: =IF($C54="","",IFERROR(INDEX(기념일등록!$C$3:$C$502,MATCH(49,월별달력!$J$6:$J$505,0)),"")) | E54: =IF($C54="","",IFERROR(INDEX(기념일등록!$D$3:$D$502,MATCH(49,월별달력!$J$6:$J$505,0)),"")) | F54: =IF($C54="","",IFERROR(IF(INDEX(기념일등록!$J$3:$J$502,MATCH(49,월별달력!$J$6:$J$505,0))="","",INDEX(기념일등록!$J$3:$J$502,MATCH(49,월별달력!$J$6:$J$505,0))),"")) | H54: =IF(기념일등록!$B51="",FALSE(),기념일등록!$F51=$B$3) -> FALSE | I54: =IF($H54=FALSE(),"",IF(기념일등록!$G51="",99999,기념일등록!$G51)*1000+ROW()) | J54: =IF($I54="","",RANK($I54,$I$6:$I$505,1))
A55: =IF($C55="","",50) | B55: =IFERROR(INDEX(기념일등록!$G$3:$G$502,MATCH(50,월별달력!$J$6:$J$505,0)),"") | C55: =IFERROR(INDEX(기념일등록!$B$3:$B$502,MATCH(50,월별달력!$J$6:$J$505,0)),"") | D55: =IF($C55="","",IFERROR(INDEX(기념일등록!$C$3:$C$502,MATCH(50,월별달력!$J$6:$J$505,0)),"")) | E55: =IF($C55="","",IFERROR(INDEX(기념일등록!$D$3:$D$502,MATCH(50,월별달력!$J$6:$J$505,0)),"")) | F55: =IF($C55="","",IFERROR(IF(INDEX(기념일등록!$J$3:$J$502,MATCH(50,월별달력!$J$6:$J$505,0))="","",INDEX(기념일등록!$J$3:$J$502,MATCH(50,월별달력!$J$6:$J$505,0))),"")) | H55: =IF(기념일등록!$B52="",FALSE(),기념일등록!$F52=$B$3) -> FALSE | I55: =IF($H55=FALSE(),"",IF(기념일등록!$G52="",99999,기념일등록!$G52)*1000+ROW()) | J55: =IF($I55="","",RANK($I55,$I$6:$I$505,1))
A56: =IF($C56="","",51) | B56: =IFERROR(INDEX(기념일등록!$G$3:$G$502,MATCH(51,월별달력!$J$6:$J$505,0)),"") | C56: =IFERROR(INDEX(기념일등록!$B$3:$B$502,MATCH(51,월별달력!$J$6:$J$505,0)),"") | D56: =IF($C56="","",IFERROR(INDEX(기념일등록!$C$3:$C$502,MATCH(51,월별달력!$J$6:$J$505,0)),"")) | E56: =IF($C56="","",IFERROR(INDEX(기념일등록!$D$3:$D$502,MATCH(51,월별달력!$J$6:$J$505,0)),"")) | F56: =IF($C56="","",IFERROR(IF(INDEX(기념일등록!$J$3:$J$502,MATCH(51,월별달력!$J$6:$J$505,0))="","",INDEX(기념일등록!$J$3:$J$502,MATCH(51,월별달력!$J$6:$J$505,0))),"")) | H56: =IF(기념일등록!$B53="",FALSE(),기념일등록!$F53=$B$3) -> FALSE | I56: =IF($H56=FALSE(),"",IF(기념일등록!$G53="",99999,기념일등록!$G53)*1000+ROW()) | J56: =IF($I56="","",RANK($I56,$I$6:$I$505,1))
A57: =IF($C57="","",52) | B57: =IFERROR(INDEX(기념일등록!$G$3:$G$502,MATCH(52,월별달력!$J$6:$J$505,0)),"") | C57: =IFERROR(INDEX(기념일등록!$B$3:$B$502,MATCH(52,월별달력!$J$6:$J$505,0)),"") | D57: =IF($C57="","",IFERROR(INDEX(기념일등록!$C$3:$C$502,MATCH(52,월별달력!$J$6:$J$505,0)),"")) | E57: =IF($C57="","",IFERROR(INDEX(기념일등록!$D$3:$D$502,MATCH(52,월별달력!$J$6:$J$505,0)),"")) | F57: =IF($C57="","",IFERROR(IF(INDEX(기념일등록!$J$3:$J$502,MATCH(52,월별달력!$J$6:$J$505,0))="","",INDEX(기념일등록!$J$3:$J$502,MATCH(52,월별달력!$J$6:$J$505,0))),"")) | H57: =IF(기념일등록!$B54="",FALSE(),기념일등록!$F54=$B$3) -> FALSE | I57: =IF($H57=FALSE(),"",IF(기념일등록!$G54="",99999,기념일등록!$G54)*1000+ROW()) | J57: =IF($I57="","",RANK($I57,$I$6:$I$505,1))
A58: =IF($C58="","",53) | B58: =IFERROR(INDEX(기념일등록!$G$3:$G$502,MATCH(53,월별달력!$J$6:$J$505,0)),"") | C58: =IFERROR(INDEX(기념일등록!$B$3:$B$502,MATCH(53,월별달력!$J$6:$J$505,0)),"") | D58: =IF($C58="","",IFERROR(INDEX(기념일등록!$C$3:$C$502,MATCH(53,월별달력!$J$6:$J$505,0)),"")) | E58: =IF($C58="","",IFERROR(INDEX(기념일등록!$D$3:$D$502,MATCH(53,월별달력!$J$6:$J$505,0)),"")) | F58: =IF($C58="","",IFERROR(IF(INDEX(기념일등록!$J$3:$J$502,MATCH(53,월별달력!$J$6:$J$505,0))="","",INDEX(기념일등록!$J$3:$J$502,MATCH(53,월별달력!$J$6:$J$505,0))),"")) | H58: =IF(기념일등록!$B55="",FALSE(),기념일등록!$F55=$B$3) -> FALSE | I58: =IF($H58=FALSE(),"",IF(기념일등록!$G55="",99999,기념일등록!$G55)*1000+ROW()) | J58: =IF($I58="","",RANK($I58,$I$6:$I$505,1))
A59: =IF($C59="","",54) | B59: =IFERROR(INDEX(기념일등록!$G$3:$G$502,MATCH(54,월별달력!$J$6:$J$505,0)),"") | C59: =IFERROR(INDEX(기념일등록!$B$3:$B$502,MATCH(54,월별달력!$J$6:$J$505,0)),"") | D59: =IF($C59="","",IFERROR(INDEX(기념일등록!$C$3:$C$502,MATCH(54,월별달력!$J$6:$J$505,0)),"")) | E59: =IF($C59="","",IFERROR(INDEX(기념일등록!$D$3:$D$502,MATCH(54,월별달력!$J$6:$J$505,0)),"")) | F59: =IF($C59="","",IFERROR(IF(INDEX(기념일등록!$J$3:$J$502,MATCH(54,월별달력!$J$6:$J$505,0))="","",INDEX(기념일등록!$J$3:$J$502,MATCH(54,월별달력!$J$6:$J$505,0))),"")) | H59: =IF(기념일등록!$B56="",FALSE(),기념일등록!$F56=$B$3) -> FALSE | I59: =IF($H59=FALSE(),"",IF(기념일등록!$G56="",99999,기념일등록!$G56)*1000+ROW()) | J59: =IF($I59="","",RANK($I59,$I$6:$I$505,1))
A60: =IF($C60="","",55) | B60: =IFERROR(INDEX(기념일등록!$G$3:$G$502,MATCH(55,월별달력!$J$6:$J$505,0)),"") | C60: =IFERROR(INDEX(기념일등록!$B$3:$B$502,MATCH(55,월별달력!$J$6:$J$505,0)),"") | D60: =IF($C60="","",IFERROR(INDEX(기념일등록!$C$3:$C$502,MATCH(55,월별달력!$J$6:$J$505,0)),"")) | E60: =IF($C60="","",IFERROR(INDEX(기념일등록!$D$3:$D$502,MATCH(55,월별달력!$J$6:$J$505,0)),"")) | F60: =IF($C60="","",IFERROR(IF(INDEX(기념일등록!$J$3:$J$502,MATCH(55,월별달력!$J$6:$J$505,0))="","",INDEX(기념일등록!$J$3:$J$502,MATCH(55,월별달력!$J$6:$J$505,0))),"")) | H60: =IF(기념일등록!$B57="",FALSE(),기념일등록!$F57=$B$3) -> FALSE | I60: =IF($H60=FALSE(),"",IF(기념일등록!$G57="",99999,기념일등록!$G57)*1000+ROW()) | J60: =IF($I60="","",RANK($I60,$I$6:$I$505,1))
A61: =IF($C61="","",56) | B61: =IFERROR(INDEX(기념일등록!$G$3:$G$502,MATCH(56,월별달력!$J$6:$J$505,0)),"") | C61: =IFERROR(INDEX(기념일등록!$B$3:$B$502,MATCH(56,월별달력!$J$6:$J$505,0)),"") | D61: =IF($C61="","",IFERROR(INDEX(기념일등록!$C$3:$C$502,MATCH(56,월별달력!$J$6:$J$505,0)),"")) | E61: =IF($C61="","",IFERROR(INDEX(기념일등록!$D$3:$D$502,MATCH(56,월별달력!$J$6:$J$505,0)),"")) | F61: =IF($C61="","",IFERROR(IF(INDEX(기념일등록!$J$3:$J$502,MATCH(56,월별달력!$J$6:$J$505,0))="","",INDEX(기념일등록!$J$3:$J$502,MATCH(56,월별달력!$J$6:$J$505,0))),"")) | H61: =IF(기념일등록!$B58="",FALSE(),기념일등록!$F58=$B$3) -> FALSE | I61: =IF($H61=FALSE(),"",IF(기념일등록!$G58="",99999,기념일등록!$G58)*1000+ROW()) | J61: =IF($I61="","",RANK($I61,$I$6:$I$505,1))
A62: =IF($C62="","",57) | B62: =IFERROR(INDEX(기념일등록!$G$3:$G$502,MATCH(57,월별달력!$J$6:$J$505,0)),"") | C62: =IFERROR(INDEX(기념일등록!$B$3:$B$502,MATCH(57,월별달력!$J$6:$J$505,0)),"") | D62: =IF($C62="","",IFERROR(INDEX(기념일등록!$C$3:$C$502,MATCH(57,월별달력!$J$6:$J$505,0)),"")) | E62: =IF($C62="","",IFERROR(INDEX(기념일등록!$D$3:$D$502,MATCH(57,월별달력!$J$6:$J$505,0)),"")) | F62: =IF($C62="","",IFERROR(IF(INDEX(기념일등록!$J$3:$J$502,MATCH(57,월별달력!$J$6:$J$505,0))="","",INDEX(기념일등록!$J$3:$J$502,MATCH(57,월별달력!$J$6:$J$505,0))),"")) | H62: =IF(기념일등록!$B59="",FALSE(),기념일등록!$F59=$B$3) -> FALSE | I62: =IF($H62=FALSE(),"",IF(기념일등록!$G59="",99999,기념일등록!$G59)*1000+ROW()) | J62: =IF($I62="","",RANK($I62,$I$6:$I$505,1))
A63: =IF($C63="","",58) | B63: =IFERROR(INDEX(기념일등록!$G$3:$G$502,MATCH(58,월별달력!$J$6:$J$505,0)),"") | C63: =IFERROR(INDEX(기념일등록!$B$3:$B$502,MATCH(58,월별달력!$J$6:$J$505,0)),"") | D63: =IF($C63="","",IFERROR(INDEX(기념일등록!$C$3:$C$502,MATCH(58,월별달력!$J$6:$J$505,0)),"")) | E63: =IF($C63="","",IFERROR(INDEX(기념일등록!$D$3:$D$502,MATCH(58,월별달력!$J$6:$J$505,0)),"")) | F63: =IF($C63="","",IFERROR(IF(INDEX(기념일등록!$J$3:$J$502,MATCH(58,월별달력!$J$6:$J$505,0))="","",INDEX(기념일등록!$J$3:$J$502,MATCH(58,월별달력!$J$6:$J$505,0))),"")) | H63: =IF(기념일등록!$B60="",FALSE(),기념일등록!$F60=$B$3) -> FALSE | I63: =IF($H63=FALSE(),"",IF(기념일등록!$G60="",99999,기념일등록!$G60)*1000+ROW()) | J63: =IF($I63="","",RANK($I63,$I$6:$I$505,1))
A64: =IF($C64="","",59) | B64: =IFERROR(INDEX(기념일등록!$G$3:$G$502,MATCH(59,월별달력!$J$6:$J$505,0)),"") | C64: =IFERROR(INDEX(기념일등록!$B$3:$B$502,MATCH(59,월별달력!$J$6:$J$505,0)),"") | D64: =IF($C64="","",IFERROR(INDEX(기념일등록!$C$3:$C$502,MATCH(59,월별달력!$J$6:$J$505,0)),"")) | E64: =IF($C64="","",IFERROR(INDEX(기념일등록!$D$3:$D$502,MATCH(59,월별달력!$J$6:$J$505,0)),"")) | F64: =IF($C64="","",IFERROR(IF(INDEX(기념일등록!$J$3:$J$502,MATCH(59,월별달력!$J$6:$J$505,0))="","",INDEX(기념일등록!$J$3:$J$502,MATCH(59,월별달력!$J$6:$J$505,0))),"")) | H64: =IF(기념일등록!$B61="",FALSE(),기념일등록!$F61=$B$3) -> FALSE | I64: =IF($H64=FALSE(),"",IF(기념일등록!$G61="",99999,기념일등록!$G61)*1000+ROW()) | J64: =IF($I64="","",RANK($I64,$I$6:$I$505,1))
A65: =IF($C65="","",60) | B65: =IFERROR(INDEX(기념일등록!$G$3:$G$502,MATCH(60,월별달력!$J$6:$J$505,0)),"") | C65: =IFERROR(INDEX(기념일등록!$B$3:$B$502,MATCH(60,월별달력!$J$6:$J$505,0)),"") | D65: =IF($C65="","",IFERROR(INDEX(기념일등록!$C$3:$C$502,MATCH(60,월별달력!$J$6:$J$505,0)),"")) | E65: =IF($C65="","",IFERROR(INDEX(기념일등록!$D$3:$D$502,MATCH(60,월별달력!$J$6:$J$505,0)),"")) | F65: =IF($C65="","",IFERROR(IF(INDEX(기념일등록!$J$3:$J$502,MATCH(60,월별달력!$J$6:$J$505,0))="","",INDEX(기념일등록!$J$3:$J$502,MATCH(60,월별달력!$J$6:$J$505,0))),"")) | H65: =IF(기념일등록!$B62="",FALSE(),기념일등록!$F62=$B$3) -> FALSE | I65: =IF($H65=FALSE(),"",IF(기념일등록!$G62="",99999,기념일등록!$G62)*1000+ROW()) | J65: =IF($I65="","",RANK($I65,$I$6:$I$505,1))
H66: =IF(기념일등록!$B63="",FALSE(),기념일등록!$F63=$B$3) -> FALSE | I66: =IF($H66=FALSE(),"",IF(기념일등록!$G63="",99999,기념일등록!$G63)*1000+ROW()) | J66: =IF($I66="","",RANK($I66,$I$6:$I$505,1))
H67: =IF(기념일등록!$B64="",FALSE(),기념일등록!$F64=$B$3) -> FALSE | I67: =IF($H67=FALSE(),"",IF(기념일등록!$G64="",99999,기념일등록!$G64)*1000+ROW()) | J67: =IF($I67="","",RANK($I67,$I$6:$I$505,1))
H68: =IF(기념일등록!$B65="",FALSE(),기념일등록!$F65=$B$3) -> FALSE | I68: =IF($H68=FALSE(),"",IF(기념일등록!$G65="",99999,기념일등록!$G65)*1000+ROW()) | J68: =IF($I68="","",RANK($I68,$I$6:$I$505,1))
H69: =IF(기념일등록!$B66="",FALSE(),기념일등록!$F66=$B$3) -> FALSE | I69: =IF($H69=FALSE(),"",IF(기념일등록!$G66="",99999,기념일등록!$G66)*1000+ROW()) | J69: =IF($I69="","",RANK($I69,$I$6:$I$505,1))
H70: =IF(기념일등록!$B67="",FALSE(),기념일등록!$F67=$B$3) -> FALSE | I70: =IF($H70=FALSE(),"",IF(기념일등록!$G67="",99999,기념일등록!$G67)*1000+ROW()) | J70: =IF($I70="","",RANK($I70,$I$6:$I$505,1))
H71: =IF(기념일등록!$B68="",FALSE(),기념일등록!$F68=$B$3) -> FALSE | I71: =IF($H71=FALSE(),"",IF(기념일등록!$G68="",99999,기념일등록!$G68)*1000+ROW()) | J71: =IF($I71="","",RANK($I71,$I$6:$I$505,1))
H72: =IF(기념일등록!$B69="",FALSE(),기념일등록!$F69=$B$3) -> FALSE | I72: =IF($H72=FALSE(),"",IF(기념일등록!$G69="",99999,기념일등록!$G69)*1000+ROW()) | J72: =IF($I72="","",RANK($I72,$I$6:$I$505,1))
H73: =IF(기념일등록!$B70="",FALSE(),기념일등록!$F70=$B$3) -> FALSE | I73: =IF($H73=FALSE(),"",IF(기념일등록!$G70="",99999,기념일등록!$G70)*1000+ROW()) | J73: =IF($I73="","",RANK($I73,$I$6:$I$505,1))
H74: =IF(기념일등록!$B71="",FALSE(),기념일등록!$F71=$B$3) -> FALSE | I74: =IF($H74=FALSE(),"",IF(기념일등록!$G71="",99999,기념일등록!$G71)*1000+ROW()) | J74: =IF($I74="","",RANK($I74,$I$6:$I$505,1))
H75: =IF(기념일등록!$B72="",FALSE(),기념일등록!$F72=$B$3) -> FALSE | I75: =IF($H75=FALSE(),"",IF(기념일등록!$G72="",99999,기념일등록!$G72)*1000+ROW()) | J75: =IF($I75="","",RANK($I75,$I$6:$I$505,1))
H76: =IF(기념일등록!$B73="",FALSE(),기념일등록!$F73=$B$3) -> FALSE | I76: =IF($H76=FALSE(),"",IF(기념일등록!$G73="",99999,기념일등록!$G73)*1000+ROW()) | J76: =IF($I76="","",RANK($I76,$I$6:$I$505,1))
H77: =IF(기념일등록!$B74="",FALSE(),기념일등록!$F74=$B$3) -> FALSE | I77: =IF($H77=FALSE(),"",IF(기념일등록!$G74="",99999,기념일등록!$G74)*1000+ROW()) | J77: =IF($I77="","",RANK($I77,$I$6:$I$505,1))
... H505: =IF(기념일등록!$B502="",FALSE(),기념일등록!$F502=$B$3) -> FALSE | I505: =IF($H505=FALSE(),"",IF(기념일등록!$G502="",99999,기념일등록!$G502)*1000+ROW()) | J505: =IF($I505="","",RANK($I505,$I$6:$I$505,1))

Sheet 거래처별이력
A1: 거래처별이력
A3: 대상 연도 | B3: 2026
A5: 거래처/소속 | B5: 대상 인원 | C5: 경조사 건수 | D5: 지출 금액 | E5: 최근 일자 | G5: 거래처 자동수집
A6: =IF($G6="","",$G6) -> ○○상사 | B6: =IF($A6="","",COUNTIFS(대상목록!$C$3:$C$302,$A6)) -> 1 | C6: =IF($A6="","",COUNTIFS(경조사내역!$C$3:$C$1002,$A6,경조사내역!$A$3:$A$1002,">="&DATE($B$3,1,1),경조사내역!$A$3:$A$1002,"<="&DATE($B$3,12,31))) -> 1 | D6: =IF($A6="","",SUMIFS(경조사내역!$F$3:$F$1002,경조사내역!$C$3:$C$1002,$A6,경조사내역!$A$3:$A$1002,">="&DATE($B$3,1,1),경조사내역!$A$3:$A$1002,"<="&DATE($B$3,12,31))) -> 200000 | E6: =IF($A6="","",IF(COUNTIFS(경조사내역!$C$3:$C$1002,$A6)=0,"",SUMPRODUCT(MAX((경조사내역!$C$3:$C$1002=$A6)*경조사내역!$A$3:$A$1002)))) -> 46160 | G6: =IF(대상목록!$C3="","",IF(COUNTIF(대상목록!$C$3:$C3,대상목록!$C3)=1,대상목록!$C3,"")) -> ○○상사
A7: =IF($G7="","",$G7) -> △△유통 | B7: =IF($A7="","",COUNTIFS(대상목록!$C$3:$C$302,$A7)) -> 1 | C7: =IF($A7="","",COUNTIFS(경조사내역!$C$3:$C$1002,$A7,경조사내역!$A$3:$A$1002,">="&DATE($B$3,1,1),경조사내역!$A$3:$A$1002,"<="&DATE($B$3,12,31))) -> 2 | D7: =IF($A7="","",SUMIFS(경조사내역!$F$3:$F$1002,경조사내역!$C$3:$C$1002,$A7,경조사내역!$A$3:$A$1002,">="&DATE($B$3,1,1),경조사내역!$A$3:$A$1002,"<="&DATE($B$3,12,31))) -> 150000 | E7: =IF($A7="","",IF(COUNTIFS(경조사내역!$C$3:$C$1002,$A7)=0,"",SUMPRODUCT(MAX((경조사내역!$C$3:$C$1002=$A7)*경조사내역!$A$3:$A$1002)))) -> 46248 | G7: =IF(대상목록!$C4="","",IF(COUNTIF(대상목록!$C$3:$C4,대상목록!$C4)=1,대상목록!$C4,"")) -> △△유통
A8: =IF($G8="","",$G8) -> 영업팀 | B8: =IF($A8="","",COUNTIFS(대상목록!$C$3:$C$302,$A8)) -> 1 | C8: =IF($A8="","",COUNTIFS(경조사내역!$C$3:$C$1002,$A8,경조사내역!$A$3:$A$1002,">="&DATE($B$3,1,1),경조사내역!$A$3:$A$1002,"<="&DATE($B$3,12,31))) -> 1 | D8: =IF($A8="","",SUMIFS(경조사내역!$F$3:$F$1002,경조사내역!$C$3:$C$1002,$A8,경조사내역!$A$3:$A$1002,">="&DATE($B$3,1,1),경조사내역!$A$3:$A$1002,"<="&DATE($B$3,12,31))) -> 300000 | E8: =IF($A8="","",IF(COUNTIFS(경조사내역!$C$3:$C$1002,$A8)=0,"",SUMPRODUCT(MAX((경조사내역!$C$3:$C$1002=$A8)*경조사내역!$A$3:$A$1002)))) -> 46195 | G8: =IF(대상목록!$C5="","",IF(COUNTIF(대상목록!$C$3:$C5,대상목록!$C5)=1,대상목록!$C5,"")) -> 영업팀
A9: =IF($G9="","",$G9) | B9: =IF($A9="","",COUNTIFS(대상목록!$C$3:$C$302,$A9)) | C9: =IF($A9="","",COUNTIFS(경조사내역!$C$3:$C$1002,$A9,경조사내역!$A$3:$A$1002,">="&DATE($B$3,1,1),경조사내역!$A$3:$A$1002,"<="&DATE($B$3,12,31))) | D9: =IF($A9="","",SUMIFS(경조사내역!$F$3:$F$1002,경조사내역!$C$3:$C$1002,$A9,경조사내역!$A$3:$A$1002,">="&DATE($B$3,1,1),경조사내역!$A$3:$A$1002,"<="&DATE($B$3,12,31))) | E9: =IF($A9="","",IF(COUNTIFS(경조사내역!$C$3:$C$1002,$A9)=0,"",SUMPRODUCT(MAX((경조사내역!$C$3:$C$1002=$A9)*경조사내역!$A$3:$A$1002)))) | G9: =IF(대상목록!$C6="","",IF(COUNTIF(대상목록!$C$3:$C6,대상목록!$C6)=1,대상목록!$C6,""))
A10: =IF($G10="","",$G10) | B10: =IF($A10="","",COUNTIFS(대상목록!$C$3:$C$302,$A10)) | C10: =IF($A10="","",COUNTIFS(경조사내역!$C$3:$C$1002,$A10,경조사내역!$A$3:$A$1002,">="&DATE($B$3,1,1),경조사내역!$A$3:$A$1002,"<="&DATE($B$3,12,31))) | D10: =IF($A10="","",SUMIFS(경조사내역!$F$3:$F$1002,경조사내역!$C$3:$C$1002,$A10,경조사내역!$A$3:$A$1002,">="&DATE($B$3,1,1),경조사내역!$A$3:$A$1002,"<="&DATE($B$3,12,31))) | E10: =IF($A10="","",IF(COUNTIFS(경조사내역!$C$3:$C$1002,$A10)=0,"",SUMPRODUCT(MAX((경조사내역!$C$3:$C$1002=$A10)*경조사내역!$A$3:$A$1002)))) | G10: =IF(대상목록!$C7="","",IF(COUNTIF(대상목록!$C$3:$C7,대상목록!$C7)=1,대상목록!$C7,""))
A11: =IF($G11="","",$G11) | B11: =IF($A11="","",COUNTIFS(대상목록!$C$3:$C$302,$A11)) | C11: =IF($A11="","",COUNTIFS(경조사내역!$C$3:$C$1002,$A11,경조사내역!$A$3:$A$1002,">="&DATE($B$3,1,1),경조사내역!$A$3:$A$1002,"<="&DATE($B$3,12,31))) | D11: =IF($A11="","",SUMIFS(경조사내역!$F$3:$F$1002,경조사내역!$C$3:$C$1002,$A11,경조사내역!$A$3:$A$1002,">="&DATE($B$3,1,1),경조사내역!$A$3:$A$1002,"<="&DATE($B$3,12,31))) | E11: =IF($A11="","",IF(COUNTIFS(경조사내역!$C$3:$C$1002,$A11)=0,"",SUMPRODUCT(MAX((경조사내역!$C$3:$C$1002=$A11)*경조사내역!$A$3:$A$1002)))) | G11: =IF(대상목록!$C8="","",IF(COUNTIF(대상목록!$C$3:$C8,대상목록!$C8)=1,대상목록!$C8,""))
A12: =IF($G12="","",$G12) | B12: =IF($A12="","",COUNTIFS(대상목록!$C$3:$C$302,$A12)) | C12: =IF($A12="","",COUNTIFS(경조사내역!$C$3:$C$1002,$A12,경조사내역!$A$3:$A$1002,">="&DATE($B$3,1,1),경조사내역!$A$3:$A$1002,"<="&DATE($B$3,12,31))) | D12: =IF($A12="","",SUMIFS(경조사내역!$F$3:$F$1002,경조사내역!$C$3:$C$1002,$A12,경조사내역!$A$3:$A$1002,">="&DATE($B$3,1,1),경조사내역!$A$3:$A$1002,"<="&DATE($B$3,12,31))) | E12: =IF($A12="","",IF(COUNTIFS(경조사내역!$C$3:$C$1002,$A12)=0,"",SUMPRODUCT(MAX((경조사내역!$C$3:$C$1002=$A12)*경조사내역!$A$3:$A$1002)))) | G12: =IF(대상목록!$C9="","",IF(COUNTIF(대상목록!$C$3:$C9,대상목록!$C9)=1,대상목록!$C9,""))
A13: =IF($G13="","",$G13) | B13: =IF($A13="","",COUNTIFS(대상목록!$C$3:$C$302,$A13)) | C13: =IF($A13="","",COUNTIFS(경조사내역!$C$3:$C$1002,$A13,경조사내역!$A$3:$A$1002,">="&DATE($B$3,1,1),경조사내역!$A$3:$A$1002,"<="&DATE($B$3,12,31))) | D13: =IF($A13="","",SUMIFS(경조사내역!$F$3:$F$1002,경조사내역!$C$3:$C$1002,$A13,경조사내역!$A$3:$A$1002,">="&DATE($B$3,1,1),경조사내역!$A$3:$A$1002,"<="&DATE($B$3,12,31))) | E13: =IF($A13="","",IF(COUNTIFS(경조사내역!$C$3:$C$1002,$A13)=0,"",SUMPRODUCT(MAX((경조사내역!$C$3:$C$1002=$A13)*경조사내역!$A$3:$A$1002)))) | G13: =IF(대상목록!$C10="","",IF(COUNTIF(대상목록!$C$3:$C10,대상목록!$C10)=1,대상목록!$C10,""))
A14: =IF($G14="","",$G14) | B14: =IF($A14="","",COUNTIFS(대상목록!$C$3:$C$302,$A14)) | C14: =IF($A14="","",COUNTIFS(경조사내역!$C$3:$C$1002,$A14,경조사내역!$A$3:$A$1002,">="&DATE($B$3,1,1),경조사내역!$A$3:$A$1002,"<="&DATE($B$3,12,31))) | D14: =IF($A14="","",SUMIFS(경조사내역!$F$3:$F$1002,경조사내역!$C$3:$C$1002,$A14,경조사내역!$A$3:$A$1002,">="&DATE($B$3,1,1),경조사내역!$A$3:$A$1002,"<="&DATE($B$3,12,31))) | E14: =IF($A14="","",IF(COUNTIFS(경조사내역!$C$3:$C$1002,$A14)=0,"",SUMPRODUCT(MAX((경조사내역!$C$3:$C$1002=$A14)*경조사내역!$A$3:$A$1002)))) | G14: =IF(대상목록!$C11="","",IF(COUNTIF(대상목록!$C$3:$C11,대상목록!$C11)=1,대상목록!$C11,""))
A15: =IF($G15="","",$G15) | B15: =IF($A15="","",COUNTIFS(대상목록!$C$3:$C$302,$A15)) | C15: =IF($A15="","",COUNTIFS(경조사내역!$C$3:$C$1002,$A15,경조사내역!$A$3:$A$1002,">="&DATE($B$3,1,1),경조사내역!$A$3:$A$1002,"<="&DATE($B$3,12,31))) | D15: =IF($A15="","",SUMIFS(경조사내역!$F$3:$F$1002,경조사내역!$C$3:$C$1002,$A15,경조사내역!$A$3:$A$1002,">="&DATE($B$3,1,1),경조사내역!$A$3:$A$1002,"<="&DATE($B$3,12,31))) | E15: =IF($A15="","",IF(COUNTIFS(경조사내역!$C$3:$C$1002,$A15)=0,"",SUMPRODUCT(MAX((경조사내역!$C$3:$C$1002=$A15)*경조사내역!$A$3:$A$1002)))) | G15: =IF(대상목록!$C12="","",IF(COUNTIF(대상목록!$C$3:$C12,대상목록!$C12)=1,대상목록!$C12,""))
A16: =IF($G16="","",$G16) | B16: =IF($A16="","",COUNTIFS(대상목록!$C$3:$C$302,$A16)) | C16: =IF($A16="","",COUNTIFS(경조사내역!$C$3:$C$1002,$A16,경조사내역!$A$3:$A$1002,">="&DATE($B$3,1,1),경조사내역!$A$3:$A$1002,"<="&DATE($B$3,12,31))) | D16: =IF($A16="","",SUMIFS(경조사내역!$F$3:$F$1002,경조사내역!$C$3:$C$1002,$A16,경조사내역!$A$3:$A$1002,">="&DATE($B$3,1,1),경조사내역!$A$3:$A$1002,"<="&DATE($B$3,12,31))) | E16: =IF($A16="","",IF(COUNTIFS(경조사내역!$C$3:$C$1002,$A16)=0,"",SUMPRODUCT(MAX((경조사내역!$C$3:$C$1002=$A16)*경조사내역!$A$3:$A$1002)))) | G16: =IF(대상목록!$C13="","",IF(COUNTIF(대상목록!$C$3:$C13,대상목록!$C13)=1,대상목록!$C13,""))
A17: =IF($G17="","",$G17) | B17: =IF($A17="","",COUNTIFS(대상목록!$C$3:$C$302,$A17)) | C17: =IF($A17="","",COUNTIFS(경조사내역!$C$3:$C$1002,$A17,경조사내역!$A$3:$A$1002,">="&DATE($B$3,1,1),경조사내역!$A$3:$A$1002,"<="&DATE($B$3,12,31))) | D17: =IF($A17="","",SUMIFS(경조사내역!$F$3:$F$1002,경조사내역!$C$3:$C$1002,$A17,경조사내역!$A$3:$A$1002,">="&DATE($B$3,1,1),경조사내역!$A$3:$A$1002,"<="&DATE($B$3,12,31))) | E17: =IF($A17="","",IF(COUNTIFS(경조사내역!$C$3:$C$1002,$A17)=0,"",SUMPRODUCT(MAX((경조사내역!$C$3:$C$1002=$A17)*경조사내역!$A$3:$A$1002)))) | G17: =IF(대상목록!$C14="","",IF(COUNTIF(대상목록!$C$3:$C14,대상목록!$C14)=1,대상목록!$C14,""))
... A105: =IF($G105="","",$G105) | B105: =IF($A105="","",COUNTIFS(대상목록!$C$3:$C$302,$A105)) | C105: =IF($A105="","",COUNTIFS(경조사내역!$C$3:$C$1002,$A105,경조사내역!$A$3:$A$1002,">="&DATE($B$3,1,1),경조사내역!$A$3:$A$1002,"<="&DATE($B$3,12,31))) | D105: =IF($A105="","",SUMIFS(경조사내역!$F$3:$F$1002,경조사내역!$C$3:$C$1002,$A105,경조사내역!$A$3:$A$1002,">="&DATE($B$3,1,1),경조사내역!$A$3:$A$1002,"<="&DATE($B$3,12,31))) | E105: =IF($A105="","",IF(COUNTIFS(경조사내역!$C$3:$C$1002,$A105)=0,"",SUMPRODUCT(MAX((경조사내역!$C$3:$C$1002=$A105)*경조사내역!$A$3:$A$1002)))) | G105: =IF(대상목록!$C102="","",IF(COUNTIF(대상목록!$C$3:$C102,대상목록!$C102)=1,대상목록!$C102,""))
