Workbook

Sheet 사용안내
B2: 정기 반복주문 일괄생성
B4: 핵심 | C4: 매번 같은 양을 주문하는 거래처는 한 번만 등록해두면, 날짜만 고르면 그날 나갈 목록이 자동으로 나옵니다.
B5: 입력 규칙 | C5: 파란색 글씨 칸만 입력하세요. 검은색은 자동 계산입니다.
B6: ① 거래처목록 | C6: 거래처코드·거래처명·연락처를 등록합니다.
B7: ② 품목목록 | C7: 품목명·규격·단위·단가를 등록합니다.
B8: ③ 정기주문설정 | C8: 정기적으로 나가는 건을 한 줄씩 등록합니다. 여기가 핵심입니다.
C9: 주기를 매주로 하면 요일을, 매월로 하면 날짜를 넣으세요. 격주는 시작일 기준으로 2주마다입니다.
B10: ④ 주문생성 | C10: 기준일을 고르면 그날 발생할 정기주문이 자동으로 나열됩니다.
C11: 그 목록을 복사해서 [주문내역]에 붙여넣으면 됩니다.
B12: ⑤ 주문내역 | C12: 실제로 나간 주문을 기록합니다. 정기분과 임시분을 함께 관리합니다.
B13: ⑥ 거래처별집계 / 월별집계 | C13: 전부 자동입니다.
B14: 주기 판정 방식 | C14: 매주=요일 일치, 격주=시작일부터 2주 간격, 매월=날짜 일치, 매일=매일
B16: ※ 엑셀만으로는 버튼 한 번에 자동 등록이 되지 않습니다. 대신 [주문생성]에서
B17: 그날 나갈 목록을 만들어주니, 복사해서 [주문내역]에 붙여넣는 방식입니다.

Sheet 거래처목록
A1: 거래처목록
A2: 거래처코드 | B2: 거래처명 | C2: 담당자 | D2: 연락처 | E2: 비고
A3: C001 | B3: ○○식당 | C3: 김사장 | D3: 010-0000-0001
A4: C002 | B4: △△치킨 | C4: 이사장 | D4: 010-0000-0002
A5: C003 | B5: □□분식 | C5: 박사장 | D5: 010-0000-0003

Sheet 품목목록
A1: 품목목록
A2: 품목코드 | B2: 품목명 | C2: 규격 | D2: 단위 | E2: 기본단가
A3: P001 | B3: 폐식용유 수거 | C3: 18L | D3: 통 | E3: 12000
A4: P002 | B4: 식용유 납품 | C4: 18L | D4: 통 | E4: 42000
A5: P003 | B5: 위생용품 세트 | C5: 표준 | D5: SET | E5: 18000

Sheet 정기주문설정
A1: 정기주문설정 (정기적으로 나가는 건을 한 번만 등록)
A2: 번호(자동) | B2: 거래처코드 | C2: 거래처명(자동) | D2: 품목코드 | E2: 품목명(자동) | F2: 단위(자동) | G2: 기본수량 | H2: 단가 | I2: 주기 | J2: 요일(매주·격주) | K2: 일자(매월) | L2: 시작일 | M2: 사용여부 | O2: 요일 | P2: 번호
A3: =IF($B3="","",ROW()-2) -> 1 | B3: C001 | C3: =IF($B3="","",IFERROR(INDEX(거래처목록!$B$3:$B$302,MATCH($B3,거래처목록!$A$3:$A$302,0)),"미등록")) -> ○○식당 | D3: P001 | E3: =IF($D3="","",IFERROR(INDEX(품목목록!$B$3:$B$202,MATCH($D3,품목목록!$A$3:$A$202,0)),"미등록")) -> 폐식용유 수거 | F3: =IF($D3="","",IFERROR(INDEX(품목목록!$D$3:$D$202,MATCH($D3,품목목록!$A$3:$A$202,0)),"")) -> 통 | G3: 2 | H3: =IF($D3="","",IFERROR(INDEX(품목목록!$E$3:$E$202,MATCH($D3,품목목록!$A$3:$A$202,0)),0)) -> 12000 | I3: 매주 | J3: 화 | L3: 46028 | M3: 사용 | O3: 일 | P3: 1
A4: =IF($B4="","",ROW()-2) -> 2 | B4: C002 | C4: =IF($B4="","",IFERROR(INDEX(거래처목록!$B$3:$B$302,MATCH($B4,거래처목록!$A$3:$A$302,0)),"미등록")) -> △△치킨 | D4: P001 | E4: =IF($D4="","",IFERROR(INDEX(품목목록!$B$3:$B$202,MATCH($D4,품목목록!$A$3:$A$202,0)),"미등록")) -> 폐식용유 수거 | F4: =IF($D4="","",IFERROR(INDEX(품목목록!$D$3:$D$202,MATCH($D4,품목목록!$A$3:$A$202,0)),"")) -> 통 | G4: 3 | H4: =IF($D4="","",IFERROR(INDEX(품목목록!$E$3:$E$202,MATCH($D4,품목목록!$A$3:$A$202,0)),0)) -> 12000 | I4: 매주 | J4: 화 | L4: 46028 | M4: 사용 | O4: 월 | P4: 2
A5: =IF($B5="","",ROW()-2) -> 3 | B5: C003 | C5: =IF($B5="","",IFERROR(INDEX(거래처목록!$B$3:$B$302,MATCH($B5,거래처목록!$A$3:$A$302,0)),"미등록")) -> □□분식 | D5: P002 | E5: =IF($D5="","",IFERROR(INDEX(품목목록!$B$3:$B$202,MATCH($D5,품목목록!$A$3:$A$202,0)),"미등록")) -> 식용유 납품 | F5: =IF($D5="","",IFERROR(INDEX(품목목록!$D$3:$D$202,MATCH($D5,품목목록!$A$3:$A$202,0)),"")) -> 통 | G5: 1 | H5: =IF($D5="","",IFERROR(INDEX(품목목록!$E$3:$E$202,MATCH($D5,품목목록!$A$3:$A$202,0)),0)) -> 42000 | I5: 매월 | K5: 15 | L5: 46037 | M5: 사용 | O5: 화 | P5: 3
A6: =IF($B6="","",ROW()-2) -> 4 | B6: C001 | C6: =IF($B6="","",IFERROR(INDEX(거래처목록!$B$3:$B$302,MATCH($B6,거래처목록!$A$3:$A$302,0)),"미등록")) -> ○○식당 | D6: P003 | E6: =IF($D6="","",IFERROR(INDEX(품목목록!$B$3:$B$202,MATCH($D6,품목목록!$A$3:$A$202,0)),"미등록")) -> 위생용품 세트 | F6: =IF($D6="","",IFERROR(INDEX(품목목록!$D$3:$D$202,MATCH($D6,품목목록!$A$3:$A$202,0)),"")) -> SET | G6: 1 | H6: =IF($D6="","",IFERROR(INDEX(품목목록!$E$3:$E$202,MATCH($D6,품목목록!$A$3:$A$202,0)),0)) -> 18000 | I6: 격주 | J6: 금 | L6: 46024 | M6: 사용 | O6: 수 | P6: 4
A7: =IF($B7="","",ROW()-2) | C7: =IF($B7="","",IFERROR(INDEX(거래처목록!$B$3:$B$302,MATCH($B7,거래처목록!$A$3:$A$302,0)),"미등록")) | E7: =IF($D7="","",IFERROR(INDEX(품목목록!$B$3:$B$202,MATCH($D7,품목목록!$A$3:$A$202,0)),"미등록")) | F7: =IF($D7="","",IFERROR(INDEX(품목목록!$D$3:$D$202,MATCH($D7,품목목록!$A$3:$A$202,0)),"")) | H7: =IF($D7="","",IFERROR(INDEX(품목목록!$E$3:$E$202,MATCH($D7,품목목록!$A$3:$A$202,0)),0)) | O7: 목 | P7: 5
A8: =IF($B8="","",ROW()-2) | C8: =IF($B8="","",IFERROR(INDEX(거래처목록!$B$3:$B$302,MATCH($B8,거래처목록!$A$3:$A$302,0)),"미등록")) | E8: =IF($D8="","",IFERROR(INDEX(품목목록!$B$3:$B$202,MATCH($D8,품목목록!$A$3:$A$202,0)),"미등록")) | F8: =IF($D8="","",IFERROR(INDEX(품목목록!$D$3:$D$202,MATCH($D8,품목목록!$A$3:$A$202,0)),"")) | H8: =IF($D8="","",IFERROR(INDEX(품목목록!$E$3:$E$202,MATCH($D8,품목목록!$A$3:$A$202,0)),0)) | O8: 금 | P8: 6
A9: =IF($B9="","",ROW()-2) | C9: =IF($B9="","",IFERROR(INDEX(거래처목록!$B$3:$B$302,MATCH($B9,거래처목록!$A$3:$A$302,0)),"미등록")) | E9: =IF($D9="","",IFERROR(INDEX(품목목록!$B$3:$B$202,MATCH($D9,품목목록!$A$3:$A$202,0)),"미등록")) | F9: =IF($D9="","",IFERROR(INDEX(품목목록!$D$3:$D$202,MATCH($D9,품목목록!$A$3:$A$202,0)),"")) | H9: =IF($D9="","",IFERROR(INDEX(품목목록!$E$3:$E$202,MATCH($D9,품목목록!$A$3:$A$202,0)),0)) | O9: 토 | P9: 7
A10: =IF($B10="","",ROW()-2) | C10: =IF($B10="","",IFERROR(INDEX(거래처목록!$B$3:$B$302,MATCH($B10,거래처목록!$A$3:$A$302,0)),"미등록")) | E10: =IF($D10="","",IFERROR(INDEX(품목목록!$B$3:$B$202,MATCH($D10,품목목록!$A$3:$A$202,0)),"미등록")) | F10: =IF($D10="","",IFERROR(INDEX(품목목록!$D$3:$D$202,MATCH($D10,품목목록!$A$3:$A$202,0)),"")) | H10: =IF($D10="","",IFERROR(INDEX(품목목록!$E$3:$E$202,MATCH($D10,품목목록!$A$3:$A$202,0)),0))
A11: =IF($B11="","",ROW()-2) | C11: =IF($B11="","",IFERROR(INDEX(거래처목록!$B$3:$B$302,MATCH($B11,거래처목록!$A$3:$A$302,0)),"미등록")) | E11: =IF($D11="","",IFERROR(INDEX(품목목록!$B$3:$B$202,MATCH($D11,품목목록!$A$3:$A$202,0)),"미등록")) | F11: =IF($D11="","",IFERROR(INDEX(품목목록!$D$3:$D$202,MATCH($D11,품목목록!$A$3:$A$202,0)),"")) | H11: =IF($D11="","",IFERROR(INDEX(품목목록!$E$3:$E$202,MATCH($D11,품목목록!$A$3:$A$202,0)),0))
A12: =IF($B12="","",ROW()-2) | C12: =IF($B12="","",IFERROR(INDEX(거래처목록!$B$3:$B$302,MATCH($B12,거래처목록!$A$3:$A$302,0)),"미등록")) | E12: =IF($D12="","",IFERROR(INDEX(품목목록!$B$3:$B$202,MATCH($D12,품목목록!$A$3:$A$202,0)),"미등록")) | F12: =IF($D12="","",IFERROR(INDEX(품목목록!$D$3:$D$202,MATCH($D12,품목목록!$A$3:$A$202,0)),"")) | H12: =IF($D12="","",IFERROR(INDEX(품목목록!$E$3:$E$202,MATCH($D12,품목목록!$A$3:$A$202,0)),0))
A13: =IF($B13="","",ROW()-2) | C13: =IF($B13="","",IFERROR(INDEX(거래처목록!$B$3:$B$302,MATCH($B13,거래처목록!$A$3:$A$302,0)),"미등록")) | E13: =IF($D13="","",IFERROR(INDEX(품목목록!$B$3:$B$202,MATCH($D13,품목목록!$A$3:$A$202,0)),"미등록")) | F13: =IF($D13="","",IFERROR(INDEX(품목목록!$D$3:$D$202,MATCH($D13,품목목록!$A$3:$A$202,0)),"")) | H13: =IF($D13="","",IFERROR(INDEX(품목목록!$E$3:$E$202,MATCH($D13,품목목록!$A$3:$A$202,0)),0))
A14: =IF($B14="","",ROW()-2) | C14: =IF($B14="","",IFERROR(INDEX(거래처목록!$B$3:$B$302,MATCH($B14,거래처목록!$A$3:$A$302,0)),"미등록")) | E14: =IF($D14="","",IFERROR(INDEX(품목목록!$B$3:$B$202,MATCH($D14,품목목록!$A$3:$A$202,0)),"미등록")) | F14: =IF($D14="","",IFERROR(INDEX(품목목록!$D$3:$D$202,MATCH($D14,품목목록!$A$3:$A$202,0)),"")) | H14: =IF($D14="","",IFERROR(INDEX(품목목록!$E$3:$E$202,MATCH($D14,품목목록!$A$3:$A$202,0)),0))
A15: =IF($B15="","",ROW()-2) | C15: =IF($B15="","",IFERROR(INDEX(거래처목록!$B$3:$B$302,MATCH($B15,거래처목록!$A$3:$A$302,0)),"미등록")) | E15: =IF($D15="","",IFERROR(INDEX(품목목록!$B$3:$B$202,MATCH($D15,품목목록!$A$3:$A$202,0)),"미등록")) | F15: =IF($D15="","",IFERROR(INDEX(품목목록!$D$3:$D$202,MATCH($D15,품목목록!$A$3:$A$202,0)),"")) | H15: =IF($D15="","",IFERROR(INDEX(품목목록!$E$3:$E$202,MATCH($D15,품목목록!$A$3:$A$202,0)),0))
A16: =IF($B16="","",ROW()-2) | C16: =IF($B16="","",IFERROR(INDEX(거래처목록!$B$3:$B$302,MATCH($B16,거래처목록!$A$3:$A$302,0)),"미등록")) | E16: =IF($D16="","",IFERROR(INDEX(품목목록!$B$3:$B$202,MATCH($D16,품목목록!$A$3:$A$202,0)),"미등록")) | F16: =IF($D16="","",IFERROR(INDEX(품목목록!$D$3:$D$202,MATCH($D16,품목목록!$A$3:$A$202,0)),"")) | H16: =IF($D16="","",IFERROR(INDEX(품목목록!$E$3:$E$202,MATCH($D16,품목목록!$A$3:$A$202,0)),0))
A17: =IF($B17="","",ROW()-2) | C17: =IF($B17="","",IFERROR(INDEX(거래처목록!$B$3:$B$302,MATCH($B17,거래처목록!$A$3:$A$302,0)),"미등록")) | E17: =IF($D17="","",IFERROR(INDEX(품목목록!$B$3:$B$202,MATCH($D17,품목목록!$A$3:$A$202,0)),"미등록")) | F17: =IF($D17="","",IFERROR(INDEX(품목목록!$D$3:$D$202,MATCH($D17,품목목록!$A$3:$A$202,0)),"")) | H17: =IF($D17="","",IFERROR(INDEX(품목목록!$E$3:$E$202,MATCH($D17,품목목록!$A$3:$A$202,0)),0))
A18: =IF($B18="","",ROW()-2) | C18: =IF($B18="","",IFERROR(INDEX(거래처목록!$B$3:$B$302,MATCH($B18,거래처목록!$A$3:$A$302,0)),"미등록")) | E18: =IF($D18="","",IFERROR(INDEX(품목목록!$B$3:$B$202,MATCH($D18,품목목록!$A$3:$A$202,0)),"미등록")) | F18: =IF($D18="","",IFERROR(INDEX(품목목록!$D$3:$D$202,MATCH($D18,품목목록!$A$3:$A$202,0)),"")) | H18: =IF($D18="","",IFERROR(INDEX(품목목록!$E$3:$E$202,MATCH($D18,품목목록!$A$3:$A$202,0)),0))
A19: =IF($B19="","",ROW()-2) | C19: =IF($B19="","",IFERROR(INDEX(거래처목록!$B$3:$B$302,MATCH($B19,거래처목록!$A$3:$A$302,0)),"미등록")) | E19: =IF($D19="","",IFERROR(INDEX(품목목록!$B$3:$B$202,MATCH($D19,품목목록!$A$3:$A$202,0)),"미등록")) | F19: =IF($D19="","",IFERROR(INDEX(품목목록!$D$3:$D$202,MATCH($D19,품목목록!$A$3:$A$202,0)),"")) | H19: =IF($D19="","",IFERROR(INDEX(품목목록!$E$3:$E$202,MATCH($D19,품목목록!$A$3:$A$202,0)),0))
A20: =IF($B20="","",ROW()-2) | C20: =IF($B20="","",IFERROR(INDEX(거래처목록!$B$3:$B$302,MATCH($B20,거래처목록!$A$3:$A$302,0)),"미등록")) | E20: =IF($D20="","",IFERROR(INDEX(품목목록!$B$3:$B$202,MATCH($D20,품목목록!$A$3:$A$202,0)),"미등록")) | F20: =IF($D20="","",IFERROR(INDEX(품목목록!$D$3:$D$202,MATCH($D20,품목목록!$A$3:$A$202,0)),"")) | H20: =IF($D20="","",IFERROR(INDEX(품목목록!$E$3:$E$202,MATCH($D20,품목목록!$A$3:$A$202,0)),0))
A21: =IF($B21="","",ROW()-2) | C21: =IF($B21="","",IFERROR(INDEX(거래처목록!$B$3:$B$302,MATCH($B21,거래처목록!$A$3:$A$302,0)),"미등록")) | E21: =IF($D21="","",IFERROR(INDEX(품목목록!$B$3:$B$202,MATCH($D21,품목목록!$A$3:$A$202,0)),"미등록")) | F21: =IF($D21="","",IFERROR(INDEX(품목목록!$D$3:$D$202,MATCH($D21,품목목록!$A$3:$A$202,0)),"")) | H21: =IF($D21="","",IFERROR(INDEX(품목목록!$E$3:$E$202,MATCH($D21,품목목록!$A$3:$A$202,0)),0))
... A302: =IF($B302="","",ROW()-2) | C302: =IF($B302="","",IFERROR(INDEX(거래처목록!$B$3:$B$302,MATCH($B302,거래처목록!$A$3:$A$302,0)),"미등록")) | E302: =IF($D302="","",IFERROR(INDEX(품목목록!$B$3:$B$202,MATCH($D302,품목목록!$A$3:$A$202,0)),"미등록")) | F302: =IF($D302="","",IFERROR(INDEX(품목목록!$D$3:$D$202,MATCH($D302,품목목록!$A$3:$A$202,0)),"")) | H302: =IF($D302="","",IFERROR(INDEX(품목목록!$E$3:$E$202,MATCH($D302,품목목록!$A$3:$A$202,0)),0))
A304: ※ 격주는 [시작일]을 기준으로 2주마다 발생합니다. 시작일을 반드시 넣으세요.
A305: ※ 잠시 쉬는 거래처는 지우지 말고 [사용여부]를 '중지'로 바꾸세요.

Sheet 주문생성
A1: 주문생성 (기준일을 고르면 그날 나갈 목록이 나옵니다)
A3: 기준일 | B3: 46280 | C3: =CHOOSE(WEEKDAY($B$3),"일","월","화","수","목","금","토")&"요일" -> 화요일 | D3: ← 이 칸만 바꾸세요 | F3: 해당 건수 | G3: =COUNTIF($K$6:$K$305,TRUE()) -> 3
A5: 주문일 | B5: 거래처코드 | C5: 거래처명 | D5: 품목코드 | E5: 품목명 | F5: 단위 | G5: 수량 | H5: 단가 | I5: 금액 | K5: 대상(자동) | L5: 순번(자동) | M5: 키(자동)
A6: =IF($C6="","",$B$3) -> 46280 | B6: =IFERROR(INDEX(정기주문설정!$B$3:$B$302,MATCH("R"&1,주문생성!$M$6:$M$305,0)),"") -> C001 | C6: =IF($B6="","",IFERROR(INDEX(정기주문설정!$C$3:$C$302,MATCH("R"&1,주문생성!$M$6:$M$305,0)),"")) -> ○○식당 | D6: =IF($B6="","",IFERROR(INDEX(정기주문설정!$D$3:$D$302,MATCH("R"&1,주문생성!$M$6:$M$305,0)),"")) -> P001 | E6: =IF($B6="","",IFERROR(INDEX(정기주문설정!$E$3:$E$302,MATCH("R"&1,주문생성!$M$6:$M$305,0)),"")) -> 폐식용유 수거 | F6: =IF($B6="","",IFERROR(INDEX(정기주문설정!$F$3:$F$302,MATCH("R"&1,주문생성!$M$6:$M$305,0)),"")) -> 통 | G6: =IF($B6="","",IFERROR(INDEX(정기주문설정!$G$3:$G$302,MATCH("R"&1,주문생성!$M$6:$M$305,0)),"")) -> 2 | H6: =IF($B6="","",IFERROR(INDEX(정기주문설정!$H$3:$H$302,MATCH("R"&1,주문생성!$M$6:$M$305,0)),"")) -> 12000 | I6: =IF($B6="","",ROUND($G6*$H6,0)) -> 24000 | K6: =IF(정기주문설정!$B3="",FALSE(),IF(정기주문설정!$M3="중지",FALSE(),IF(정기주문설정!$L3<>"",IF($B$3<정기주문설정!$L3,FALSE(),IF(정기주문설정!$I3="매일",TRUE(),IF(정기주문설정!$I3="매주",(WEEKDAY($B$3)=IFERROR(MATCH(정기주문설정!$J3,정기주문설정!$O$3:$O$9,0),0)),IF(정기주문설정!$I3="격주",AND((WEEKDAY($B$3)=IFERROR(MATCH(정기주문설정!$J3,정기주문설정!$O$3:$O$9,0),0)),MOD(INT(($B$3-정기주문설정!$L3)/7),2)=0),IF(정기주문설정!$I3="매월",DAY($B$3)=정기주문설정!$K3,FALSE()))))),IF(정기주문설정!$I3="매일",TRUE(),IF(정기주문설정!$I3="매주",(WEEKDAY($B$3)=IFERROR(MATCH(정기주문설정!$J3,정기주문설정!$O$3:$O$9,0),0)),IF(정기주문설정!$I3="매월",DAY($B$3)=정기주문설정!$K3,FALSE())))))) -> TRUE | L6: =IF($K6=FALSE(),"",COUNTIF($K$6:$K6,TRUE())) -> 1 | M6: =IF($L6="","","R"&$L6) -> R1
A7: =IF($C7="","",$B$3) -> 46280 | B7: =IFERROR(INDEX(정기주문설정!$B$3:$B$302,MATCH("R"&2,주문생성!$M$6:$M$305,0)),"") -> C002 | C7: =IF($B7="","",IFERROR(INDEX(정기주문설정!$C$3:$C$302,MATCH("R"&2,주문생성!$M$6:$M$305,0)),"")) -> △△치킨 | D7: =IF($B7="","",IFERROR(INDEX(정기주문설정!$D$3:$D$302,MATCH("R"&2,주문생성!$M$6:$M$305,0)),"")) -> P001 | E7: =IF($B7="","",IFERROR(INDEX(정기주문설정!$E$3:$E$302,MATCH("R"&2,주문생성!$M$6:$M$305,0)),"")) -> 폐식용유 수거 | F7: =IF($B7="","",IFERROR(INDEX(정기주문설정!$F$3:$F$302,MATCH("R"&2,주문생성!$M$6:$M$305,0)),"")) -> 통 | G7: =IF($B7="","",IFERROR(INDEX(정기주문설정!$G$3:$G$302,MATCH("R"&2,주문생성!$M$6:$M$305,0)),"")) -> 3 | H7: =IF($B7="","",IFERROR(INDEX(정기주문설정!$H$3:$H$302,MATCH("R"&2,주문생성!$M$6:$M$305,0)),"")) -> 12000 | I7: =IF($B7="","",ROUND($G7*$H7,0)) -> 36000 | K7: =IF(정기주문설정!$B4="",FALSE(),IF(정기주문설정!$M4="중지",FALSE(),IF(정기주문설정!$L4<>"",IF($B$3<정기주문설정!$L4,FALSE(),IF(정기주문설정!$I4="매일",TRUE(),IF(정기주문설정!$I4="매주",(WEEKDAY($B$3)=IFERROR(MATCH(정기주문설정!$J4,정기주문설정!$O$3:$O$9,0),0)),IF(정기주문설정!$I4="격주",AND((WEEKDAY($B$3)=IFERROR(MATCH(정기주문설정!$J4,정기주문설정!$O$3:$O$9,0),0)),MOD(INT(($B$3-정기주문설정!$L4)/7),2)=0),IF(정기주문설정!$I4="매월",DAY($B$3)=정기주문설정!$K4,FALSE()))))),IF(정기주문설정!$I4="매일",TRUE(),IF(정기주문설정!$I4="매주",(WEEKDAY($B$3)=IFERROR(MATCH(정기주문설정!$J4,정기주문설정!$O$3:$O$9,0),0)),IF(정기주문설정!$I4="매월",DAY($B$3)=정기주문설정!$K4,FALSE())))))) -> TRUE | L7: =IF($K7=FALSE(),"",COUNTIF($K$6:$K7,TRUE())) -> 2 | M7: =IF($L7="","","R"&$L7) -> R2
A8: =IF($C8="","",$B$3) -> 46280 | B8: =IFERROR(INDEX(정기주문설정!$B$3:$B$302,MATCH("R"&3,주문생성!$M$6:$M$305,0)),"") -> C003 | C8: =IF($B8="","",IFERROR(INDEX(정기주문설정!$C$3:$C$302,MATCH("R"&3,주문생성!$M$6:$M$305,0)),"")) -> □□분식 | D8: =IF($B8="","",IFERROR(INDEX(정기주문설정!$D$3:$D$302,MATCH("R"&3,주문생성!$M$6:$M$305,0)),"")) -> P002 | E8: =IF($B8="","",IFERROR(INDEX(정기주문설정!$E$3:$E$302,MATCH("R"&3,주문생성!$M$6:$M$305,0)),"")) -> 식용유 납품 | F8: =IF($B8="","",IFERROR(INDEX(정기주문설정!$F$3:$F$302,MATCH("R"&3,주문생성!$M$6:$M$305,0)),"")) -> 통 | G8: =IF($B8="","",IFERROR(INDEX(정기주문설정!$G$3:$G$302,MATCH("R"&3,주문생성!$M$6:$M$305,0)),"")) -> 1 | H8: =IF($B8="","",IFERROR(INDEX(정기주문설정!$H$3:$H$302,MATCH("R"&3,주문생성!$M$6:$M$305,0)),"")) -> 42000 | I8: =IF($B8="","",ROUND($G8*$H8,0)) -> 42000 | K8: =IF(정기주문설정!$B5="",FALSE(),IF(정기주문설정!$M5="중지",FALSE(),IF(정기주문설정!$L5<>"",IF($B$3<정기주문설정!$L5,FALSE(),IF(정기주문설정!$I5="매일",TRUE(),IF(정기주문설정!$I5="매주",(WEEKDAY($B$3)=IFERROR(MATCH(정기주문설정!$J5,정기주문설정!$O$3:$O$9,0),0)),IF(정기주문설정!$I5="격주",AND((WEEKDAY($B$3)=IFERROR(MATCH(정기주문설정!$J5,정기주문설정!$O$3:$O$9,0),0)),MOD(INT(($B$3-정기주문설정!$L5)/7),2)=0),IF(정기주문설정!$I5="매월",DAY($B$3)=정기주문설정!$K5,FALSE()))))),IF(정기주문설정!$I5="매일",TRUE(),IF(정기주문설정!$I5="매주",(WEEKDAY($B$3)=IFERROR(MATCH(정기주문설정!$J5,정기주문설정!$O$3:$O$9,0),0)),IF(정기주문설정!$I5="매월",DAY($B$3)=정기주문설정!$K5,FALSE())))))) -> TRUE | L8: =IF($K8=FALSE(),"",COUNTIF($K$6:$K8,TRUE())) -> 3 | M8: =IF($L8="","","R"&$L8) -> R3
A9: =IF($C9="","",$B$3) | B9: =IFERROR(INDEX(정기주문설정!$B$3:$B$302,MATCH("R"&4,주문생성!$M$6:$M$305,0)),"") | C9: =IF($B9="","",IFERROR(INDEX(정기주문설정!$C$3:$C$302,MATCH("R"&4,주문생성!$M$6:$M$305,0)),"")) | D9: =IF($B9="","",IFERROR(INDEX(정기주문설정!$D$3:$D$302,MATCH("R"&4,주문생성!$M$6:$M$305,0)),"")) | E9: =IF($B9="","",IFERROR(INDEX(정기주문설정!$E$3:$E$302,MATCH("R"&4,주문생성!$M$6:$M$305,0)),"")) | F9: =IF($B9="","",IFERROR(INDEX(정기주문설정!$F$3:$F$302,MATCH("R"&4,주문생성!$M$6:$M$305,0)),"")) | G9: =IF($B9="","",IFERROR(INDEX(정기주문설정!$G$3:$G$302,MATCH("R"&4,주문생성!$M$6:$M$305,0)),"")) | H9: =IF($B9="","",IFERROR(INDEX(정기주문설정!$H$3:$H$302,MATCH("R"&4,주문생성!$M$6:$M$305,0)),"")) | I9: =IF($B9="","",ROUND($G9*$H9,0)) | K9: =IF(정기주문설정!$B6="",FALSE(),IF(정기주문설정!$M6="중지",FALSE(),IF(정기주문설정!$L6<>"",IF($B$3<정기주문설정!$L6,FALSE(),IF(정기주문설정!$I6="매일",TRUE(),IF(정기주문설정!$I6="매주",(WEEKDAY($B$3)=IFERROR(MATCH(정기주문설정!$J6,정기주문설정!$O$3:$O$9,0),0)),IF(정기주문설정!$I6="격주",AND((WEEKDAY($B$3)=IFERROR(MATCH(정기주문설정!$J6,정기주문설정!$O$3:$O$9,0),0)),MOD(INT(($B$3-정기주문설정!$L6)/7),2)=0),IF(정기주문설정!$I6="매월",DAY($B$3)=정기주문설정!$K6,FALSE()))))),IF(정기주문설정!$I6="매일",TRUE(),IF(정기주문설정!$I6="매주",(WEEKDAY($B$3)=IFERROR(MATCH(정기주문설정!$J6,정기주문설정!$O$3:$O$9,0),0)),IF(정기주문설정!$I6="매월",DAY($B$3)=정기주문설정!$K6,FALSE())))))) -> FALSE | L9: =IF($K9=FALSE(),"",COUNTIF($K$6:$K9,TRUE())) | M9: =IF($L9="","","R"&$L9)
A10: =IF($C10="","",$B$3) | B10: =IFERROR(INDEX(정기주문설정!$B$3:$B$302,MATCH("R"&5,주문생성!$M$6:$M$305,0)),"") | C10: =IF($B10="","",IFERROR(INDEX(정기주문설정!$C$3:$C$302,MATCH("R"&5,주문생성!$M$6:$M$305,0)),"")) | D10: =IF($B10="","",IFERROR(INDEX(정기주문설정!$D$3:$D$302,MATCH("R"&5,주문생성!$M$6:$M$305,0)),"")) | E10: =IF($B10="","",IFERROR(INDEX(정기주문설정!$E$3:$E$302,MATCH("R"&5,주문생성!$M$6:$M$305,0)),"")) | F10: =IF($B10="","",IFERROR(INDEX(정기주문설정!$F$3:$F$302,MATCH("R"&5,주문생성!$M$6:$M$305,0)),"")) | G10: =IF($B10="","",IFERROR(INDEX(정기주문설정!$G$3:$G$302,MATCH("R"&5,주문생성!$M$6:$M$305,0)),"")) | H10: =IF($B10="","",IFERROR(INDEX(정기주문설정!$H$3:$H$302,MATCH("R"&5,주문생성!$M$6:$M$305,0)),"")) | I10: =IF($B10="","",ROUND($G10*$H10,0)) | K10: =IF(정기주문설정!$B7="",FALSE(),IF(정기주문설정!$M7="중지",FALSE(),IF(정기주문설정!$L7<>"",IF($B$3<정기주문설정!$L7,FALSE(),IF(정기주문설정!$I7="매일",TRUE(),IF(정기주문설정!$I7="매주",(WEEKDAY($B$3)=IFERROR(MATCH(정기주문설정!$J7,정기주문설정!$O$3:$O$9,0),0)),IF(정기주문설정!$I7="격주",AND((WEEKDAY($B$3)=IFERROR(MATCH(정기주문설정!$J7,정기주문설정!$O$3:$O$9,0),0)),MOD(INT(($B$3-정기주문설정!$L7)/7),2)=0),IF(정기주문설정!$I7="매월",DAY($B$3)=정기주문설정!$K7,FALSE()))))),IF(정기주문설정!$I7="매일",TRUE(),IF(정기주문설정!$I7="매주",(WEEKDAY($B$3)=IFERROR(MATCH(정기주문설정!$J7,정기주문설정!$O$3:$O$9,0),0)),IF(정기주문설정!$I7="매월",DAY($B$3)=정기주문설정!$K7,FALSE())))))) -> FALSE | L10: =IF($K10=FALSE(),"",COUNTIF($K$6:$K10,TRUE())) | M10: =IF($L10="","","R"&$L10)
A11: =IF($C11="","",$B$3) | B11: =IFERROR(INDEX(정기주문설정!$B$3:$B$302,MATCH("R"&6,주문생성!$M$6:$M$305,0)),"") | C11: =IF($B11="","",IFERROR(INDEX(정기주문설정!$C$3:$C$302,MATCH("R"&6,주문생성!$M$6:$M$305,0)),"")) | D11: =IF($B11="","",IFERROR(INDEX(정기주문설정!$D$3:$D$302,MATCH("R"&6,주문생성!$M$6:$M$305,0)),"")) | E11: =IF($B11="","",IFERROR(INDEX(정기주문설정!$E$3:$E$302,MATCH("R"&6,주문생성!$M$6:$M$305,0)),"")) | F11: =IF($B11="","",IFERROR(INDEX(정기주문설정!$F$3:$F$302,MATCH("R"&6,주문생성!$M$6:$M$305,0)),"")) | G11: =IF($B11="","",IFERROR(INDEX(정기주문설정!$G$3:$G$302,MATCH("R"&6,주문생성!$M$6:$M$305,0)),"")) | H11: =IF($B11="","",IFERROR(INDEX(정기주문설정!$H$3:$H$302,MATCH("R"&6,주문생성!$M$6:$M$305,0)),"")) | I11: =IF($B11="","",ROUND($G11*$H11,0)) | K11: =IF(정기주문설정!$B8="",FALSE(),IF(정기주문설정!$M8="중지",FALSE(),IF(정기주문설정!$L8<>"",IF($B$3<정기주문설정!$L8,FALSE(),IF(정기주문설정!$I8="매일",TRUE(),IF(정기주문설정!$I8="매주",(WEEKDAY($B$3)=IFERROR(MATCH(정기주문설정!$J8,정기주문설정!$O$3:$O$9,0),0)),IF(정기주문설정!$I8="격주",AND((WEEKDAY($B$3)=IFERROR(MATCH(정기주문설정!$J8,정기주문설정!$O$3:$O$9,0),0)),MOD(INT(($B$3-정기주문설정!$L8)/7),2)=0),IF(정기주문설정!$I8="매월",DAY($B$3)=정기주문설정!$K8,FALSE()))))),IF(정기주문설정!$I8="매일",TRUE(),IF(정기주문설정!$I8="매주",(WEEKDAY($B$3)=IFERROR(MATCH(정기주문설정!$J8,정기주문설정!$O$3:$O$9,0),0)),IF(정기주문설정!$I8="매월",DAY($B$3)=정기주문설정!$K8,FALSE())))))) -> FALSE | L11: =IF($K11=FALSE(),"",COUNTIF($K$6:$K11,TRUE())) | M11: =IF($L11="","","R"&$L11)
A12: =IF($C12="","",$B$3) | B12: =IFERROR(INDEX(정기주문설정!$B$3:$B$302,MATCH("R"&7,주문생성!$M$6:$M$305,0)),"") | C12: =IF($B12="","",IFERROR(INDEX(정기주문설정!$C$3:$C$302,MATCH("R"&7,주문생성!$M$6:$M$305,0)),"")) | D12: =IF($B12="","",IFERROR(INDEX(정기주문설정!$D$3:$D$302,MATCH("R"&7,주문생성!$M$6:$M$305,0)),"")) | E12: =IF($B12="","",IFERROR(INDEX(정기주문설정!$E$3:$E$302,MATCH("R"&7,주문생성!$M$6:$M$305,0)),"")) | F12: =IF($B12="","",IFERROR(INDEX(정기주문설정!$F$3:$F$302,MATCH("R"&7,주문생성!$M$6:$M$305,0)),"")) | G12: =IF($B12="","",IFERROR(INDEX(정기주문설정!$G$3:$G$302,MATCH("R"&7,주문생성!$M$6:$M$305,0)),"")) | H12: =IF($B12="","",IFERROR(INDEX(정기주문설정!$H$3:$H$302,MATCH("R"&7,주문생성!$M$6:$M$305,0)),"")) | I12: =IF($B12="","",ROUND($G12*$H12,0)) | K12: =IF(정기주문설정!$B9="",FALSE(),IF(정기주문설정!$M9="중지",FALSE(),IF(정기주문설정!$L9<>"",IF($B$3<정기주문설정!$L9,FALSE(),IF(정기주문설정!$I9="매일",TRUE(),IF(정기주문설정!$I9="매주",(WEEKDAY($B$3)=IFERROR(MATCH(정기주문설정!$J9,정기주문설정!$O$3:$O$9,0),0)),IF(정기주문설정!$I9="격주",AND((WEEKDAY($B$3)=IFERROR(MATCH(정기주문설정!$J9,정기주문설정!$O$3:$O$9,0),0)),MOD(INT(($B$3-정기주문설정!$L9)/7),2)=0),IF(정기주문설정!$I9="매월",DAY($B$3)=정기주문설정!$K9,FALSE()))))),IF(정기주문설정!$I9="매일",TRUE(),IF(정기주문설정!$I9="매주",(WEEKDAY($B$3)=IFERROR(MATCH(정기주문설정!$J9,정기주문설정!$O$3:$O$9,0),0)),IF(정기주문설정!$I9="매월",DAY($B$3)=정기주문설정!$K9,FALSE())))))) -> FALSE | L12: =IF($K12=FALSE(),"",COUNTIF($K$6:$K12,TRUE())) | M12: =IF($L12="","","R"&$L12)
A13: =IF($C13="","",$B$3) | B13: =IFERROR(INDEX(정기주문설정!$B$3:$B$302,MATCH("R"&8,주문생성!$M$6:$M$305,0)),"") | C13: =IF($B13="","",IFERROR(INDEX(정기주문설정!$C$3:$C$302,MATCH("R"&8,주문생성!$M$6:$M$305,0)),"")) | D13: =IF($B13="","",IFERROR(INDEX(정기주문설정!$D$3:$D$302,MATCH("R"&8,주문생성!$M$6:$M$305,0)),"")) | E13: =IF($B13="","",IFERROR(INDEX(정기주문설정!$E$3:$E$302,MATCH("R"&8,주문생성!$M$6:$M$305,0)),"")) | F13: =IF($B13="","",IFERROR(INDEX(정기주문설정!$F$3:$F$302,MATCH("R"&8,주문생성!$M$6:$M$305,0)),"")) | G13: =IF($B13="","",IFERROR(INDEX(정기주문설정!$G$3:$G$302,MATCH("R"&8,주문생성!$M$6:$M$305,0)),"")) | H13: =IF($B13="","",IFERROR(INDEX(정기주문설정!$H$3:$H$302,MATCH("R"&8,주문생성!$M$6:$M$305,0)),"")) | I13: =IF($B13="","",ROUND($G13*$H13,0)) | K13: =IF(정기주문설정!$B10="",FALSE(),IF(정기주문설정!$M10="중지",FALSE(),IF(정기주문설정!$L10<>"",IF($B$3<정기주문설정!$L10,FALSE(),IF(정기주문설정!$I10="매일",TRUE(),IF(정기주문설정!$I10="매주",(WEEKDAY($B$3)=IFERROR(MATCH(정기주문설정!$J10,정기주문설정!$O$3:$O$9,0),0)),IF(정기주문설정!$I10="격주",AND((WEEKDAY($B$3)=IFERROR(MATCH(정기주문설정!$J10,정기주문설정!$O$3:$O$9,0),0)),MOD(INT(($B$3-정기주문설정!$L10)/7),2)=0),IF(정기주문설정!$I10="매월",DAY($B$3)=정기주문설정!$K10,FALSE()))))),IF(정기주문설정!$I10="매일",TRUE(),IF(정기주문설정!$I10="매주",(WEEKDAY($B$3)=IFERROR(MATCH(정기주문설정!$J10,정기주문설정!$O$3:$O$9,0),0)),IF(정기주문설정!$I10="매월",DAY($B$3)=정기주문설정!$K10,FALSE())))))) -> FALSE | L13: =IF($K13=FALSE(),"",COUNTIF($K$6:$K13,TRUE())) | M13: =IF($L13="","","R"&$L13)
A14: =IF($C14="","",$B$3) | B14: =IFERROR(INDEX(정기주문설정!$B$3:$B$302,MATCH("R"&9,주문생성!$M$6:$M$305,0)),"") | C14: =IF($B14="","",IFERROR(INDEX(정기주문설정!$C$3:$C$302,MATCH("R"&9,주문생성!$M$6:$M$305,0)),"")) | D14: =IF($B14="","",IFERROR(INDEX(정기주문설정!$D$3:$D$302,MATCH("R"&9,주문생성!$M$6:$M$305,0)),"")) | E14: =IF($B14="","",IFERROR(INDEX(정기주문설정!$E$3:$E$302,MATCH("R"&9,주문생성!$M$6:$M$305,0)),"")) | F14: =IF($B14="","",IFERROR(INDEX(정기주문설정!$F$3:$F$302,MATCH("R"&9,주문생성!$M$6:$M$305,0)),"")) | G14: =IF($B14="","",IFERROR(INDEX(정기주문설정!$G$3:$G$302,MATCH("R"&9,주문생성!$M$6:$M$305,0)),"")) | H14: =IF($B14="","",IFERROR(INDEX(정기주문설정!$H$3:$H$302,MATCH("R"&9,주문생성!$M$6:$M$305,0)),"")) | I14: =IF($B14="","",ROUND($G14*$H14,0)) | K14: =IF(정기주문설정!$B11="",FALSE(),IF(정기주문설정!$M11="중지",FALSE(),IF(정기주문설정!$L11<>"",IF($B$3<정기주문설정!$L11,FALSE(),IF(정기주문설정!$I11="매일",TRUE(),IF(정기주문설정!$I11="매주",(WEEKDAY($B$3)=IFERROR(MATCH(정기주문설정!$J11,정기주문설정!$O$3:$O$9,0),0)),IF(정기주문설정!$I11="격주",AND((WEEKDAY($B$3)=IFERROR(MATCH(정기주문설정!$J11,정기주문설정!$O$3:$O$9,0),0)),MOD(INT(($B$3-정기주문설정!$L11)/7),2)=0),IF(정기주문설정!$I11="매월",DAY($B$3)=정기주문설정!$K11,FALSE()))))),IF(정기주문설정!$I11="매일",TRUE(),IF(정기주문설정!$I11="매주",(WEEKDAY($B$3)=IFERROR(MATCH(정기주문설정!$J11,정기주문설정!$O$3:$O$9,0),0)),IF(정기주문설정!$I11="매월",DAY($B$3)=정기주문설정!$K11,FALSE())))))) -> FALSE | L14: =IF($K14=FALSE(),"",COUNTIF($K$6:$K14,TRUE())) | M14: =IF($L14="","","R"&$L14)
A15: =IF($C15="","",$B$3) | B15: =IFERROR(INDEX(정기주문설정!$B$3:$B$302,MATCH("R"&10,주문생성!$M$6:$M$305,0)),"") | C15: =IF($B15="","",IFERROR(INDEX(정기주문설정!$C$3:$C$302,MATCH("R"&10,주문생성!$M$6:$M$305,0)),"")) | D15: =IF($B15="","",IFERROR(INDEX(정기주문설정!$D$3:$D$302,MATCH("R"&10,주문생성!$M$6:$M$305,0)),"")) | E15: =IF($B15="","",IFERROR(INDEX(정기주문설정!$E$3:$E$302,MATCH("R"&10,주문생성!$M$6:$M$305,0)),"")) | F15: =IF($B15="","",IFERROR(INDEX(정기주문설정!$F$3:$F$302,MATCH("R"&10,주문생성!$M$6:$M$305,0)),"")) | G15: =IF($B15="","",IFERROR(INDEX(정기주문설정!$G$3:$G$302,MATCH("R"&10,주문생성!$M$6:$M$305,0)),"")) | H15: =IF($B15="","",IFERROR(INDEX(정기주문설정!$H$3:$H$302,MATCH("R"&10,주문생성!$M$6:$M$305,0)),"")) | I15: =IF($B15="","",ROUND($G15*$H15,0)) | K15: =IF(정기주문설정!$B12="",FALSE(),IF(정기주문설정!$M12="중지",FALSE(),IF(정기주문설정!$L12<>"",IF($B$3<정기주문설정!$L12,FALSE(),IF(정기주문설정!$I12="매일",TRUE(),IF(정기주문설정!$I12="매주",(WEEKDAY($B$3)=IFERROR(MATCH(정기주문설정!$J12,정기주문설정!$O$3:$O$9,0),0)),IF(정기주문설정!$I12="격주",AND((WEEKDAY($B$3)=IFERROR(MATCH(정기주문설정!$J12,정기주문설정!$O$3:$O$9,0),0)),MOD(INT(($B$3-정기주문설정!$L12)/7),2)=0),IF(정기주문설정!$I12="매월",DAY($B$3)=정기주문설정!$K12,FALSE()))))),IF(정기주문설정!$I12="매일",TRUE(),IF(정기주문설정!$I12="매주",(WEEKDAY($B$3)=IFERROR(MATCH(정기주문설정!$J12,정기주문설정!$O$3:$O$9,0),0)),IF(정기주문설정!$I12="매월",DAY($B$3)=정기주문설정!$K12,FALSE())))))) -> FALSE | L15: =IF($K15=FALSE(),"",COUNTIF($K$6:$K15,TRUE())) | M15: =IF($L15="","","R"&$L15)
A16: =IF($C16="","",$B$3) | B16: =IFERROR(INDEX(정기주문설정!$B$3:$B$302,MATCH("R"&11,주문생성!$M$6:$M$305,0)),"") | C16: =IF($B16="","",IFERROR(INDEX(정기주문설정!$C$3:$C$302,MATCH("R"&11,주문생성!$M$6:$M$305,0)),"")) | D16: =IF($B16="","",IFERROR(INDEX(정기주문설정!$D$3:$D$302,MATCH("R"&11,주문생성!$M$6:$M$305,0)),"")) | E16: =IF($B16="","",IFERROR(INDEX(정기주문설정!$E$3:$E$302,MATCH("R"&11,주문생성!$M$6:$M$305,0)),"")) | F16: =IF($B16="","",IFERROR(INDEX(정기주문설정!$F$3:$F$302,MATCH("R"&11,주문생성!$M$6:$M$305,0)),"")) | G16: =IF($B16="","",IFERROR(INDEX(정기주문설정!$G$3:$G$302,MATCH("R"&11,주문생성!$M$6:$M$305,0)),"")) | H16: =IF($B16="","",IFERROR(INDEX(정기주문설정!$H$3:$H$302,MATCH("R"&11,주문생성!$M$6:$M$305,0)),"")) | I16: =IF($B16="","",ROUND($G16*$H16,0)) | K16: =IF(정기주문설정!$B13="",FALSE(),IF(정기주문설정!$M13="중지",FALSE(),IF(정기주문설정!$L13<>"",IF($B$3<정기주문설정!$L13,FALSE(),IF(정기주문설정!$I13="매일",TRUE(),IF(정기주문설정!$I13="매주",(WEEKDAY($B$3)=IFERROR(MATCH(정기주문설정!$J13,정기주문설정!$O$3:$O$9,0),0)),IF(정기주문설정!$I13="격주",AND((WEEKDAY($B$3)=IFERROR(MATCH(정기주문설정!$J13,정기주문설정!$O$3:$O$9,0),0)),MOD(INT(($B$3-정기주문설정!$L13)/7),2)=0),IF(정기주문설정!$I13="매월",DAY($B$3)=정기주문설정!$K13,FALSE()))))),IF(정기주문설정!$I13="매일",TRUE(),IF(정기주문설정!$I13="매주",(WEEKDAY($B$3)=IFERROR(MATCH(정기주문설정!$J13,정기주문설정!$O$3:$O$9,0),0)),IF(정기주문설정!$I13="매월",DAY($B$3)=정기주문설정!$K13,FALSE())))))) -> FALSE | L16: =IF($K16=FALSE(),"",COUNTIF($K$6:$K16,TRUE())) | M16: =IF($L16="","","R"&$L16)
A17: =IF($C17="","",$B$3) | B17: =IFERROR(INDEX(정기주문설정!$B$3:$B$302,MATCH("R"&12,주문생성!$M$6:$M$305,0)),"") | C17: =IF($B17="","",IFERROR(INDEX(정기주문설정!$C$3:$C$302,MATCH("R"&12,주문생성!$M$6:$M$305,0)),"")) | D17: =IF($B17="","",IFERROR(INDEX(정기주문설정!$D$3:$D$302,MATCH("R"&12,주문생성!$M$6:$M$305,0)),"")) | E17: =IF($B17="","",IFERROR(INDEX(정기주문설정!$E$3:$E$302,MATCH("R"&12,주문생성!$M$6:$M$305,0)),"")) | F17: =IF($B17="","",IFERROR(INDEX(정기주문설정!$F$3:$F$302,MATCH("R"&12,주문생성!$M$6:$M$305,0)),"")) | G17: =IF($B17="","",IFERROR(INDEX(정기주문설정!$G$3:$G$302,MATCH("R"&12,주문생성!$M$6:$M$305,0)),"")) | H17: =IF($B17="","",IFERROR(INDEX(정기주문설정!$H$3:$H$302,MATCH("R"&12,주문생성!$M$6:$M$305,0)),"")) | I17: =IF($B17="","",ROUND($G17*$H17,0)) | K17: =IF(정기주문설정!$B14="",FALSE(),IF(정기주문설정!$M14="중지",FALSE(),IF(정기주문설정!$L14<>"",IF($B$3<정기주문설정!$L14,FALSE(),IF(정기주문설정!$I14="매일",TRUE(),IF(정기주문설정!$I14="매주",(WEEKDAY($B$3)=IFERROR(MATCH(정기주문설정!$J14,정기주문설정!$O$3:$O$9,0),0)),IF(정기주문설정!$I14="격주",AND((WEEKDAY($B$3)=IFERROR(MATCH(정기주문설정!$J14,정기주문설정!$O$3:$O$9,0),0)),MOD(INT(($B$3-정기주문설정!$L14)/7),2)=0),IF(정기주문설정!$I14="매월",DAY($B$3)=정기주문설정!$K14,FALSE()))))),IF(정기주문설정!$I14="매일",TRUE(),IF(정기주문설정!$I14="매주",(WEEKDAY($B$3)=IFERROR(MATCH(정기주문설정!$J14,정기주문설정!$O$3:$O$9,0),0)),IF(정기주문설정!$I14="매월",DAY($B$3)=정기주문설정!$K14,FALSE())))))) -> FALSE | L17: =IF($K17=FALSE(),"",COUNTIF($K$6:$K17,TRUE())) | M17: =IF($L17="","","R"&$L17)
A18: =IF($C18="","",$B$3) | B18: =IFERROR(INDEX(정기주문설정!$B$3:$B$302,MATCH("R"&13,주문생성!$M$6:$M$305,0)),"") | C18: =IF($B18="","",IFERROR(INDEX(정기주문설정!$C$3:$C$302,MATCH("R"&13,주문생성!$M$6:$M$305,0)),"")) | D18: =IF($B18="","",IFERROR(INDEX(정기주문설정!$D$3:$D$302,MATCH("R"&13,주문생성!$M$6:$M$305,0)),"")) | E18: =IF($B18="","",IFERROR(INDEX(정기주문설정!$E$3:$E$302,MATCH("R"&13,주문생성!$M$6:$M$305,0)),"")) | F18: =IF($B18="","",IFERROR(INDEX(정기주문설정!$F$3:$F$302,MATCH("R"&13,주문생성!$M$6:$M$305,0)),"")) | G18: =IF($B18="","",IFERROR(INDEX(정기주문설정!$G$3:$G$302,MATCH("R"&13,주문생성!$M$6:$M$305,0)),"")) | H18: =IF($B18="","",IFERROR(INDEX(정기주문설정!$H$3:$H$302,MATCH("R"&13,주문생성!$M$6:$M$305,0)),"")) | I18: =IF($B18="","",ROUND($G18*$H18,0)) | K18: =IF(정기주문설정!$B15="",FALSE(),IF(정기주문설정!$M15="중지",FALSE(),IF(정기주문설정!$L15<>"",IF($B$3<정기주문설정!$L15,FALSE(),IF(정기주문설정!$I15="매일",TRUE(),IF(정기주문설정!$I15="매주",(WEEKDAY($B$3)=IFERROR(MATCH(정기주문설정!$J15,정기주문설정!$O$3:$O$9,0),0)),IF(정기주문설정!$I15="격주",AND((WEEKDAY($B$3)=IFERROR(MATCH(정기주문설정!$J15,정기주문설정!$O$3:$O$9,0),0)),MOD(INT(($B$3-정기주문설정!$L15)/7),2)=0),IF(정기주문설정!$I15="매월",DAY($B$3)=정기주문설정!$K15,FALSE()))))),IF(정기주문설정!$I15="매일",TRUE(),IF(정기주문설정!$I15="매주",(WEEKDAY($B$3)=IFERROR(MATCH(정기주문설정!$J15,정기주문설정!$O$3:$O$9,0),0)),IF(정기주문설정!$I15="매월",DAY($B$3)=정기주문설정!$K15,FALSE())))))) -> FALSE | L18: =IF($K18=FALSE(),"",COUNTIF($K$6:$K18,TRUE())) | M18: =IF($L18="","","R"&$L18)
A19: =IF($C19="","",$B$3) | B19: =IFERROR(INDEX(정기주문설정!$B$3:$B$302,MATCH("R"&14,주문생성!$M$6:$M$305,0)),"") | C19: =IF($B19="","",IFERROR(INDEX(정기주문설정!$C$3:$C$302,MATCH("R"&14,주문생성!$M$6:$M$305,0)),"")) | D19: =IF($B19="","",IFERROR(INDEX(정기주문설정!$D$3:$D$302,MATCH("R"&14,주문생성!$M$6:$M$305,0)),"")) | E19: =IF($B19="","",IFERROR(INDEX(정기주문설정!$E$3:$E$302,MATCH("R"&14,주문생성!$M$6:$M$305,0)),"")) | F19: =IF($B19="","",IFERROR(INDEX(정기주문설정!$F$3:$F$302,MATCH("R"&14,주문생성!$M$6:$M$305,0)),"")) | G19: =IF($B19="","",IFERROR(INDEX(정기주문설정!$G$3:$G$302,MATCH("R"&14,주문생성!$M$6:$M$305,0)),"")) | H19: =IF($B19="","",IFERROR(INDEX(정기주문설정!$H$3:$H$302,MATCH("R"&14,주문생성!$M$6:$M$305,0)),"")) | I19: =IF($B19="","",ROUND($G19*$H19,0)) | K19: =IF(정기주문설정!$B16="",FALSE(),IF(정기주문설정!$M16="중지",FALSE(),IF(정기주문설정!$L16<>"",IF($B$3<정기주문설정!$L16,FALSE(),IF(정기주문설정!$I16="매일",TRUE(),IF(정기주문설정!$I16="매주",(WEEKDAY($B$3)=IFERROR(MATCH(정기주문설정!$J16,정기주문설정!$O$3:$O$9,0),0)),IF(정기주문설정!$I16="격주",AND((WEEKDAY($B$3)=IFERROR(MATCH(정기주문설정!$J16,정기주문설정!$O$3:$O$9,0),0)),MOD(INT(($B$3-정기주문설정!$L16)/7),2)=0),IF(정기주문설정!$I16="매월",DAY($B$3)=정기주문설정!$K16,FALSE()))))),IF(정기주문설정!$I16="매일",TRUE(),IF(정기주문설정!$I16="매주",(WEEKDAY($B$3)=IFERROR(MATCH(정기주문설정!$J16,정기주문설정!$O$3:$O$9,0),0)),IF(정기주문설정!$I16="매월",DAY($B$3)=정기주문설정!$K16,FALSE())))))) -> FALSE | L19: =IF($K19=FALSE(),"",COUNTIF($K$6:$K19,TRUE())) | M19: =IF($L19="","","R"&$L19)
A20: =IF($C20="","",$B$3) | B20: =IFERROR(INDEX(정기주문설정!$B$3:$B$302,MATCH("R"&15,주문생성!$M$6:$M$305,0)),"") | C20: =IF($B20="","",IFERROR(INDEX(정기주문설정!$C$3:$C$302,MATCH("R"&15,주문생성!$M$6:$M$305,0)),"")) | D20: =IF($B20="","",IFERROR(INDEX(정기주문설정!$D$3:$D$302,MATCH("R"&15,주문생성!$M$6:$M$305,0)),"")) | E20: =IF($B20="","",IFERROR(INDEX(정기주문설정!$E$3:$E$302,MATCH("R"&15,주문생성!$M$6:$M$305,0)),"")) | F20: =IF($B20="","",IFERROR(INDEX(정기주문설정!$F$3:$F$302,MATCH("R"&15,주문생성!$M$6:$M$305,0)),"")) | G20: =IF($B20="","",IFERROR(INDEX(정기주문설정!$G$3:$G$302,MATCH("R"&15,주문생성!$M$6:$M$305,0)),"")) | H20: =IF($B20="","",IFERROR(INDEX(정기주문설정!$H$3:$H$302,MATCH("R"&15,주문생성!$M$6:$M$305,0)),"")) | I20: =IF($B20="","",ROUND($G20*$H20,0)) | K20: =IF(정기주문설정!$B17="",FALSE(),IF(정기주문설정!$M17="중지",FALSE(),IF(정기주문설정!$L17<>"",IF($B$3<정기주문설정!$L17,FALSE(),IF(정기주문설정!$I17="매일",TRUE(),IF(정기주문설정!$I17="매주",(WEEKDAY($B$3)=IFERROR(MATCH(정기주문설정!$J17,정기주문설정!$O$3:$O$9,0),0)),IF(정기주문설정!$I17="격주",AND((WEEKDAY($B$3)=IFERROR(MATCH(정기주문설정!$J17,정기주문설정!$O$3:$O$9,0),0)),MOD(INT(($B$3-정기주문설정!$L17)/7),2)=0),IF(정기주문설정!$I17="매월",DAY($B$3)=정기주문설정!$K17,FALSE()))))),IF(정기주문설정!$I17="매일",TRUE(),IF(정기주문설정!$I17="매주",(WEEKDAY($B$3)=IFERROR(MATCH(정기주문설정!$J17,정기주문설정!$O$3:$O$9,0),0)),IF(정기주문설정!$I17="매월",DAY($B$3)=정기주문설정!$K17,FALSE())))))) -> FALSE | L20: =IF($K20=FALSE(),"",COUNTIF($K$6:$K20,TRUE())) | M20: =IF($L20="","","R"&$L20)
A21: =IF($C21="","",$B$3) | B21: =IFERROR(INDEX(정기주문설정!$B$3:$B$302,MATCH("R"&16,주문생성!$M$6:$M$305,0)),"") | C21: =IF($B21="","",IFERROR(INDEX(정기주문설정!$C$3:$C$302,MATCH("R"&16,주문생성!$M$6:$M$305,0)),"")) | D21: =IF($B21="","",IFERROR(INDEX(정기주문설정!$D$3:$D$302,MATCH("R"&16,주문생성!$M$6:$M$305,0)),"")) | E21: =IF($B21="","",IFERROR(INDEX(정기주문설정!$E$3:$E$302,MATCH("R"&16,주문생성!$M$6:$M$305,0)),"")) | F21: =IF($B21="","",IFERROR(INDEX(정기주문설정!$F$3:$F$302,MATCH("R"&16,주문생성!$M$6:$M$305,0)),"")) | G21: =IF($B21="","",IFERROR(INDEX(정기주문설정!$G$3:$G$302,MATCH("R"&16,주문생성!$M$6:$M$305,0)),"")) | H21: =IF($B21="","",IFERROR(INDEX(정기주문설정!$H$3:$H$302,MATCH("R"&16,주문생성!$M$6:$M$305,0)),"")) | I21: =IF($B21="","",ROUND($G21*$H21,0)) | K21: =IF(정기주문설정!$B18="",FALSE(),IF(정기주문설정!$M18="중지",FALSE(),IF(정기주문설정!$L18<>"",IF($B$3<정기주문설정!$L18,FALSE(),IF(정기주문설정!$I18="매일",TRUE(),IF(정기주문설정!$I18="매주",(WEEKDAY($B$3)=IFERROR(MATCH(정기주문설정!$J18,정기주문설정!$O$3:$O$9,0),0)),IF(정기주문설정!$I18="격주",AND((WEEKDAY($B$3)=IFERROR(MATCH(정기주문설정!$J18,정기주문설정!$O$3:$O$9,0),0)),MOD(INT(($B$3-정기주문설정!$L18)/7),2)=0),IF(정기주문설정!$I18="매월",DAY($B$3)=정기주문설정!$K18,FALSE()))))),IF(정기주문설정!$I18="매일",TRUE(),IF(정기주문설정!$I18="매주",(WEEKDAY($B$3)=IFERROR(MATCH(정기주문설정!$J18,정기주문설정!$O$3:$O$9,0),0)),IF(정기주문설정!$I18="매월",DAY($B$3)=정기주문설정!$K18,FALSE())))))) -> FALSE | L21: =IF($K21=FALSE(),"",COUNTIF($K$6:$K21,TRUE())) | M21: =IF($L21="","","R"&$L21)
A22: =IF($C22="","",$B$3) | B22: =IFERROR(INDEX(정기주문설정!$B$3:$B$302,MATCH("R"&17,주문생성!$M$6:$M$305,0)),"") | C22: =IF($B22="","",IFERROR(INDEX(정기주문설정!$C$3:$C$302,MATCH("R"&17,주문생성!$M$6:$M$305,0)),"")) | D22: =IF($B22="","",IFERROR(INDEX(정기주문설정!$D$3:$D$302,MATCH("R"&17,주문생성!$M$6:$M$305,0)),"")) | E22: =IF($B22="","",IFERROR(INDEX(정기주문설정!$E$3:$E$302,MATCH("R"&17,주문생성!$M$6:$M$305,0)),"")) | F22: =IF($B22="","",IFERROR(INDEX(정기주문설정!$F$3:$F$302,MATCH("R"&17,주문생성!$M$6:$M$305,0)),"")) | G22: =IF($B22="","",IFERROR(INDEX(정기주문설정!$G$3:$G$302,MATCH("R"&17,주문생성!$M$6:$M$305,0)),"")) | H22: =IF($B22="","",IFERROR(INDEX(정기주문설정!$H$3:$H$302,MATCH("R"&17,주문생성!$M$6:$M$305,0)),"")) | I22: =IF($B22="","",ROUND($G22*$H22,0)) | K22: =IF(정기주문설정!$B19="",FALSE(),IF(정기주문설정!$M19="중지",FALSE(),IF(정기주문설정!$L19<>"",IF($B$3<정기주문설정!$L19,FALSE(),IF(정기주문설정!$I19="매일",TRUE(),IF(정기주문설정!$I19="매주",(WEEKDAY($B$3)=IFERROR(MATCH(정기주문설정!$J19,정기주문설정!$O$3:$O$9,0),0)),IF(정기주문설정!$I19="격주",AND((WEEKDAY($B$3)=IFERROR(MATCH(정기주문설정!$J19,정기주문설정!$O$3:$O$9,0),0)),MOD(INT(($B$3-정기주문설정!$L19)/7),2)=0),IF(정기주문설정!$I19="매월",DAY($B$3)=정기주문설정!$K19,FALSE()))))),IF(정기주문설정!$I19="매일",TRUE(),IF(정기주문설정!$I19="매주",(WEEKDAY($B$3)=IFERROR(MATCH(정기주문설정!$J19,정기주문설정!$O$3:$O$9,0),0)),IF(정기주문설정!$I19="매월",DAY($B$3)=정기주문설정!$K19,FALSE())))))) -> FALSE | L22: =IF($K22=FALSE(),"",COUNTIF($K$6:$K22,TRUE())) | M22: =IF($L22="","","R"&$L22)
A23: =IF($C23="","",$B$3) | B23: =IFERROR(INDEX(정기주문설정!$B$3:$B$302,MATCH("R"&18,주문생성!$M$6:$M$305,0)),"") | C23: =IF($B23="","",IFERROR(INDEX(정기주문설정!$C$3:$C$302,MATCH("R"&18,주문생성!$M$6:$M$305,0)),"")) | D23: =IF($B23="","",IFERROR(INDEX(정기주문설정!$D$3:$D$302,MATCH("R"&18,주문생성!$M$6:$M$305,0)),"")) | E23: =IF($B23="","",IFERROR(INDEX(정기주문설정!$E$3:$E$302,MATCH("R"&18,주문생성!$M$6:$M$305,0)),"")) | F23: =IF($B23="","",IFERROR(INDEX(정기주문설정!$F$3:$F$302,MATCH("R"&18,주문생성!$M$6:$M$305,0)),"")) | G23: =IF($B23="","",IFERROR(INDEX(정기주문설정!$G$3:$G$302,MATCH("R"&18,주문생성!$M$6:$M$305,0)),"")) | H23: =IF($B23="","",IFERROR(INDEX(정기주문설정!$H$3:$H$302,MATCH("R"&18,주문생성!$M$6:$M$305,0)),"")) | I23: =IF($B23="","",ROUND($G23*$H23,0)) | K23: =IF(정기주문설정!$B20="",FALSE(),IF(정기주문설정!$M20="중지",FALSE(),IF(정기주문설정!$L20<>"",IF($B$3<정기주문설정!$L20,FALSE(),IF(정기주문설정!$I20="매일",TRUE(),IF(정기주문설정!$I20="매주",(WEEKDAY($B$3)=IFERROR(MATCH(정기주문설정!$J20,정기주문설정!$O$3:$O$9,0),0)),IF(정기주문설정!$I20="격주",AND((WEEKDAY($B$3)=IFERROR(MATCH(정기주문설정!$J20,정기주문설정!$O$3:$O$9,0),0)),MOD(INT(($B$3-정기주문설정!$L20)/7),2)=0),IF(정기주문설정!$I20="매월",DAY($B$3)=정기주문설정!$K20,FALSE()))))),IF(정기주문설정!$I20="매일",TRUE(),IF(정기주문설정!$I20="매주",(WEEKDAY($B$3)=IFERROR(MATCH(정기주문설정!$J20,정기주문설정!$O$3:$O$9,0),0)),IF(정기주문설정!$I20="매월",DAY($B$3)=정기주문설정!$K20,FALSE())))))) -> FALSE | L23: =IF($K23=FALSE(),"",COUNTIF($K$6:$K23,TRUE())) | M23: =IF($L23="","","R"&$L23)
A24: =IF($C24="","",$B$3) | B24: =IFERROR(INDEX(정기주문설정!$B$3:$B$302,MATCH("R"&19,주문생성!$M$6:$M$305,0)),"") | C24: =IF($B24="","",IFERROR(INDEX(정기주문설정!$C$3:$C$302,MATCH("R"&19,주문생성!$M$6:$M$305,0)),"")) | D24: =IF($B24="","",IFERROR(INDEX(정기주문설정!$D$3:$D$302,MATCH("R"&19,주문생성!$M$6:$M$305,0)),"")) | E24: =IF($B24="","",IFERROR(INDEX(정기주문설정!$E$3:$E$302,MATCH("R"&19,주문생성!$M$6:$M$305,0)),"")) | F24: =IF($B24="","",IFERROR(INDEX(정기주문설정!$F$3:$F$302,MATCH("R"&19,주문생성!$M$6:$M$305,0)),"")) | G24: =IF($B24="","",IFERROR(INDEX(정기주문설정!$G$3:$G$302,MATCH("R"&19,주문생성!$M$6:$M$305,0)),"")) | H24: =IF($B24="","",IFERROR(INDEX(정기주문설정!$H$3:$H$302,MATCH("R"&19,주문생성!$M$6:$M$305,0)),"")) | I24: =IF($B24="","",ROUND($G24*$H24,0)) | K24: =IF(정기주문설정!$B21="",FALSE(),IF(정기주문설정!$M21="중지",FALSE(),IF(정기주문설정!$L21<>"",IF($B$3<정기주문설정!$L21,FALSE(),IF(정기주문설정!$I21="매일",TRUE(),IF(정기주문설정!$I21="매주",(WEEKDAY($B$3)=IFERROR(MATCH(정기주문설정!$J21,정기주문설정!$O$3:$O$9,0),0)),IF(정기주문설정!$I21="격주",AND((WEEKDAY($B$3)=IFERROR(MATCH(정기주문설정!$J21,정기주문설정!$O$3:$O$9,0),0)),MOD(INT(($B$3-정기주문설정!$L21)/7),2)=0),IF(정기주문설정!$I21="매월",DAY($B$3)=정기주문설정!$K21,FALSE()))))),IF(정기주문설정!$I21="매일",TRUE(),IF(정기주문설정!$I21="매주",(WEEKDAY($B$3)=IFERROR(MATCH(정기주문설정!$J21,정기주문설정!$O$3:$O$9,0),0)),IF(정기주문설정!$I21="매월",DAY($B$3)=정기주문설정!$K21,FALSE())))))) -> FALSE | L24: =IF($K24=FALSE(),"",COUNTIF($K$6:$K24,TRUE())) | M24: =IF($L24="","","R"&$L24)
A25: =IF($C25="","",$B$3) | B25: =IFERROR(INDEX(정기주문설정!$B$3:$B$302,MATCH("R"&20,주문생성!$M$6:$M$305,0)),"") | C25: =IF($B25="","",IFERROR(INDEX(정기주문설정!$C$3:$C$302,MATCH("R"&20,주문생성!$M$6:$M$305,0)),"")) | D25: =IF($B25="","",IFERROR(INDEX(정기주문설정!$D$3:$D$302,MATCH("R"&20,주문생성!$M$6:$M$305,0)),"")) | E25: =IF($B25="","",IFERROR(INDEX(정기주문설정!$E$3:$E$302,MATCH("R"&20,주문생성!$M$6:$M$305,0)),"")) | F25: =IF($B25="","",IFERROR(INDEX(정기주문설정!$F$3:$F$302,MATCH("R"&20,주문생성!$M$6:$M$305,0)),"")) | G25: =IF($B25="","",IFERROR(INDEX(정기주문설정!$G$3:$G$302,MATCH("R"&20,주문생성!$M$6:$M$305,0)),"")) | H25: =IF($B25="","",IFERROR(INDEX(정기주문설정!$H$3:$H$302,MATCH("R"&20,주문생성!$M$6:$M$305,0)),"")) | I25: =IF($B25="","",ROUND($G25*$H25,0)) | K25: =IF(정기주문설정!$B22="",FALSE(),IF(정기주문설정!$M22="중지",FALSE(),IF(정기주문설정!$L22<>"",IF($B$3<정기주문설정!$L22,FALSE(),IF(정기주문설정!$I22="매일",TRUE(),IF(정기주문설정!$I22="매주",(WEEKDAY($B$3)=IFERROR(MATCH(정기주문설정!$J22,정기주문설정!$O$3:$O$9,0),0)),IF(정기주문설정!$I22="격주",AND((WEEKDAY($B$3)=IFERROR(MATCH(정기주문설정!$J22,정기주문설정!$O$3:$O$9,0),0)),MOD(INT(($B$3-정기주문설정!$L22)/7),2)=0),IF(정기주문설정!$I22="매월",DAY($B$3)=정기주문설정!$K22,FALSE()))))),IF(정기주문설정!$I22="매일",TRUE(),IF(정기주문설정!$I22="매주",(WEEKDAY($B$3)=IFERROR(MATCH(정기주문설정!$J22,정기주문설정!$O$3:$O$9,0),0)),IF(정기주문설정!$I22="매월",DAY($B$3)=정기주문설정!$K22,FALSE())))))) -> FALSE | L25: =IF($K25=FALSE(),"",COUNTIF($K$6:$K25,TRUE())) | M25: =IF($L25="","","R"&$L25)
A26: =IF($C26="","",$B$3) | B26: =IFERROR(INDEX(정기주문설정!$B$3:$B$302,MATCH("R"&21,주문생성!$M$6:$M$305,0)),"") | C26: =IF($B26="","",IFERROR(INDEX(정기주문설정!$C$3:$C$302,MATCH("R"&21,주문생성!$M$6:$M$305,0)),"")) | D26: =IF($B26="","",IFERROR(INDEX(정기주문설정!$D$3:$D$302,MATCH("R"&21,주문생성!$M$6:$M$305,0)),"")) | E26: =IF($B26="","",IFERROR(INDEX(정기주문설정!$E$3:$E$302,MATCH("R"&21,주문생성!$M$6:$M$305,0)),"")) | F26: =IF($B26="","",IFERROR(INDEX(정기주문설정!$F$3:$F$302,MATCH("R"&21,주문생성!$M$6:$M$305,0)),"")) | G26: =IF($B26="","",IFERROR(INDEX(정기주문설정!$G$3:$G$302,MATCH("R"&21,주문생성!$M$6:$M$305,0)),"")) | H26: =IF($B26="","",IFERROR(INDEX(정기주문설정!$H$3:$H$302,MATCH("R"&21,주문생성!$M$6:$M$305,0)),"")) | I26: =IF($B26="","",ROUND($G26*$H26,0)) | K26: =IF(정기주문설정!$B23="",FALSE(),IF(정기주문설정!$M23="중지",FALSE(),IF(정기주문설정!$L23<>"",IF($B$3<정기주문설정!$L23,FALSE(),IF(정기주문설정!$I23="매일",TRUE(),IF(정기주문설정!$I23="매주",(WEEKDAY($B$3)=IFERROR(MATCH(정기주문설정!$J23,정기주문설정!$O$3:$O$9,0),0)),IF(정기주문설정!$I23="격주",AND((WEEKDAY($B$3)=IFERROR(MATCH(정기주문설정!$J23,정기주문설정!$O$3:$O$9,0),0)),MOD(INT(($B$3-정기주문설정!$L23)/7),2)=0),IF(정기주문설정!$I23="매월",DAY($B$3)=정기주문설정!$K23,FALSE()))))),IF(정기주문설정!$I23="매일",TRUE(),IF(정기주문설정!$I23="매주",(WEEKDAY($B$3)=IFERROR(MATCH(정기주문설정!$J23,정기주문설정!$O$3:$O$9,0),0)),IF(정기주문설정!$I23="매월",DAY($B$3)=정기주문설정!$K23,FALSE())))))) -> FALSE | L26: =IF($K26=FALSE(),"",COUNTIF($K$6:$K26,TRUE())) | M26: =IF($L26="","","R"&$L26)
A27: =IF($C27="","",$B$3) | B27: =IFERROR(INDEX(정기주문설정!$B$3:$B$302,MATCH("R"&22,주문생성!$M$6:$M$305,0)),"") | C27: =IF($B27="","",IFERROR(INDEX(정기주문설정!$C$3:$C$302,MATCH("R"&22,주문생성!$M$6:$M$305,0)),"")) | D27: =IF($B27="","",IFERROR(INDEX(정기주문설정!$D$3:$D$302,MATCH("R"&22,주문생성!$M$6:$M$305,0)),"")) | E27: =IF($B27="","",IFERROR(INDEX(정기주문설정!$E$3:$E$302,MATCH("R"&22,주문생성!$M$6:$M$305,0)),"")) | F27: =IF($B27="","",IFERROR(INDEX(정기주문설정!$F$3:$F$302,MATCH("R"&22,주문생성!$M$6:$M$305,0)),"")) | G27: =IF($B27="","",IFERROR(INDEX(정기주문설정!$G$3:$G$302,MATCH("R"&22,주문생성!$M$6:$M$305,0)),"")) | H27: =IF($B27="","",IFERROR(INDEX(정기주문설정!$H$3:$H$302,MATCH("R"&22,주문생성!$M$6:$M$305,0)),"")) | I27: =IF($B27="","",ROUND($G27*$H27,0)) | K27: =IF(정기주문설정!$B24="",FALSE(),IF(정기주문설정!$M24="중지",FALSE(),IF(정기주문설정!$L24<>"",IF($B$3<정기주문설정!$L24,FALSE(),IF(정기주문설정!$I24="매일",TRUE(),IF(정기주문설정!$I24="매주",(WEEKDAY($B$3)=IFERROR(MATCH(정기주문설정!$J24,정기주문설정!$O$3:$O$9,0),0)),IF(정기주문설정!$I24="격주",AND((WEEKDAY($B$3)=IFERROR(MATCH(정기주문설정!$J24,정기주문설정!$O$3:$O$9,0),0)),MOD(INT(($B$3-정기주문설정!$L24)/7),2)=0),IF(정기주문설정!$I24="매월",DAY($B$3)=정기주문설정!$K24,FALSE()))))),IF(정기주문설정!$I24="매일",TRUE(),IF(정기주문설정!$I24="매주",(WEEKDAY($B$3)=IFERROR(MATCH(정기주문설정!$J24,정기주문설정!$O$3:$O$9,0),0)),IF(정기주문설정!$I24="매월",DAY($B$3)=정기주문설정!$K24,FALSE())))))) -> FALSE | L27: =IF($K27=FALSE(),"",COUNTIF($K$6:$K27,TRUE())) | M27: =IF($L27="","","R"&$L27)
A28: =IF($C28="","",$B$3) | B28: =IFERROR(INDEX(정기주문설정!$B$3:$B$302,MATCH("R"&23,주문생성!$M$6:$M$305,0)),"") | C28: =IF($B28="","",IFERROR(INDEX(정기주문설정!$C$3:$C$302,MATCH("R"&23,주문생성!$M$6:$M$305,0)),"")) | D28: =IF($B28="","",IFERROR(INDEX(정기주문설정!$D$3:$D$302,MATCH("R"&23,주문생성!$M$6:$M$305,0)),"")) | E28: =IF($B28="","",IFERROR(INDEX(정기주문설정!$E$3:$E$302,MATCH("R"&23,주문생성!$M$6:$M$305,0)),"")) | F28: =IF($B28="","",IFERROR(INDEX(정기주문설정!$F$3:$F$302,MATCH("R"&23,주문생성!$M$6:$M$305,0)),"")) | G28: =IF($B28="","",IFERROR(INDEX(정기주문설정!$G$3:$G$302,MATCH("R"&23,주문생성!$M$6:$M$305,0)),"")) | H28: =IF($B28="","",IFERROR(INDEX(정기주문설정!$H$3:$H$302,MATCH("R"&23,주문생성!$M$6:$M$305,0)),"")) | I28: =IF($B28="","",ROUND($G28*$H28,0)) | K28: =IF(정기주문설정!$B25="",FALSE(),IF(정기주문설정!$M25="중지",FALSE(),IF(정기주문설정!$L25<>"",IF($B$3<정기주문설정!$L25,FALSE(),IF(정기주문설정!$I25="매일",TRUE(),IF(정기주문설정!$I25="매주",(WEEKDAY($B$3)=IFERROR(MATCH(정기주문설정!$J25,정기주문설정!$O$3:$O$9,0),0)),IF(정기주문설정!$I25="격주",AND((WEEKDAY($B$3)=IFERROR(MATCH(정기주문설정!$J25,정기주문설정!$O$3:$O$9,0),0)),MOD(INT(($B$3-정기주문설정!$L25)/7),2)=0),IF(정기주문설정!$I25="매월",DAY($B$3)=정기주문설정!$K25,FALSE()))))),IF(정기주문설정!$I25="매일",TRUE(),IF(정기주문설정!$I25="매주",(WEEKDAY($B$3)=IFERROR(MATCH(정기주문설정!$J25,정기주문설정!$O$3:$O$9,0),0)),IF(정기주문설정!$I25="매월",DAY($B$3)=정기주문설정!$K25,FALSE())))))) -> FALSE | L28: =IF($K28=FALSE(),"",COUNTIF($K$6:$K28,TRUE())) | M28: =IF($L28="","","R"&$L28)
A29: =IF($C29="","",$B$3) | B29: =IFERROR(INDEX(정기주문설정!$B$3:$B$302,MATCH("R"&24,주문생성!$M$6:$M$305,0)),"") | C29: =IF($B29="","",IFERROR(INDEX(정기주문설정!$C$3:$C$302,MATCH("R"&24,주문생성!$M$6:$M$305,0)),"")) | D29: =IF($B29="","",IFERROR(INDEX(정기주문설정!$D$3:$D$302,MATCH("R"&24,주문생성!$M$6:$M$305,0)),"")) | E29: =IF($B29="","",IFERROR(INDEX(정기주문설정!$E$3:$E$302,MATCH("R"&24,주문생성!$M$6:$M$305,0)),"")) | F29: =IF($B29="","",IFERROR(INDEX(정기주문설정!$F$3:$F$302,MATCH("R"&24,주문생성!$M$6:$M$305,0)),"")) | G29: =IF($B29="","",IFERROR(INDEX(정기주문설정!$G$3:$G$302,MATCH("R"&24,주문생성!$M$6:$M$305,0)),"")) | H29: =IF($B29="","",IFERROR(INDEX(정기주문설정!$H$3:$H$302,MATCH("R"&24,주문생성!$M$6:$M$305,0)),"")) | I29: =IF($B29="","",ROUND($G29*$H29,0)) | K29: =IF(정기주문설정!$B26="",FALSE(),IF(정기주문설정!$M26="중지",FALSE(),IF(정기주문설정!$L26<>"",IF($B$3<정기주문설정!$L26,FALSE(),IF(정기주문설정!$I26="매일",TRUE(),IF(정기주문설정!$I26="매주",(WEEKDAY($B$3)=IFERROR(MATCH(정기주문설정!$J26,정기주문설정!$O$3:$O$9,0),0)),IF(정기주문설정!$I26="격주",AND((WEEKDAY($B$3)=IFERROR(MATCH(정기주문설정!$J26,정기주문설정!$O$3:$O$9,0),0)),MOD(INT(($B$3-정기주문설정!$L26)/7),2)=0),IF(정기주문설정!$I26="매월",DAY($B$3)=정기주문설정!$K26,FALSE()))))),IF(정기주문설정!$I26="매일",TRUE(),IF(정기주문설정!$I26="매주",(WEEKDAY($B$3)=IFERROR(MATCH(정기주문설정!$J26,정기주문설정!$O$3:$O$9,0),0)),IF(정기주문설정!$I26="매월",DAY($B$3)=정기주문설정!$K26,FALSE())))))) -> FALSE | L29: =IF($K29=FALSE(),"",COUNTIF($K$6:$K29,TRUE())) | M29: =IF($L29="","","R"&$L29)
A30: =IF($C30="","",$B$3) | B30: =IFERROR(INDEX(정기주문설정!$B$3:$B$302,MATCH("R"&25,주문생성!$M$6:$M$305,0)),"") | C30: =IF($B30="","",IFERROR(INDEX(정기주문설정!$C$3:$C$302,MATCH("R"&25,주문생성!$M$6:$M$305,0)),"")) | D30: =IF($B30="","",IFERROR(INDEX(정기주문설정!$D$3:$D$302,MATCH("R"&25,주문생성!$M$6:$M$305,0)),"")) | E30: =IF($B30="","",IFERROR(INDEX(정기주문설정!$E$3:$E$302,MATCH("R"&25,주문생성!$M$6:$M$305,0)),"")) | F30: =IF($B30="","",IFERROR(INDEX(정기주문설정!$F$3:$F$302,MATCH("R"&25,주문생성!$M$6:$M$305,0)),"")) | G30: =IF($B30="","",IFERROR(INDEX(정기주문설정!$G$3:$G$302,MATCH("R"&25,주문생성!$M$6:$M$305,0)),"")) | H30: =IF($B30="","",IFERROR(INDEX(정기주문설정!$H$3:$H$302,MATCH("R"&25,주문생성!$M$6:$M$305,0)),"")) | I30: =IF($B30="","",ROUND($G30*$H30,0)) | K30: =IF(정기주문설정!$B27="",FALSE(),IF(정기주문설정!$M27="중지",FALSE(),IF(정기주문설정!$L27<>"",IF($B$3<정기주문설정!$L27,FALSE(),IF(정기주문설정!$I27="매일",TRUE(),IF(정기주문설정!$I27="매주",(WEEKDAY($B$3)=IFERROR(MATCH(정기주문설정!$J27,정기주문설정!$O$3:$O$9,0),0)),IF(정기주문설정!$I27="격주",AND((WEEKDAY($B$3)=IFERROR(MATCH(정기주문설정!$J27,정기주문설정!$O$3:$O$9,0),0)),MOD(INT(($B$3-정기주문설정!$L27)/7),2)=0),IF(정기주문설정!$I27="매월",DAY($B$3)=정기주문설정!$K27,FALSE()))))),IF(정기주문설정!$I27="매일",TRUE(),IF(정기주문설정!$I27="매주",(WEEKDAY($B$3)=IFERROR(MATCH(정기주문설정!$J27,정기주문설정!$O$3:$O$9,0),0)),IF(정기주문설정!$I27="매월",DAY($B$3)=정기주문설정!$K27,FALSE())))))) -> FALSE | L30: =IF($K30=FALSE(),"",COUNTIF($K$6:$K30,TRUE())) | M30: =IF($L30="","","R"&$L30)
A31: =IF($C31="","",$B$3) | B31: =IFERROR(INDEX(정기주문설정!$B$3:$B$302,MATCH("R"&26,주문생성!$M$6:$M$305,0)),"") | C31: =IF($B31="","",IFERROR(INDEX(정기주문설정!$C$3:$C$302,MATCH("R"&26,주문생성!$M$6:$M$305,0)),"")) | D31: =IF($B31="","",IFERROR(INDEX(정기주문설정!$D$3:$D$302,MATCH("R"&26,주문생성!$M$6:$M$305,0)),"")) | E31: =IF($B31="","",IFERROR(INDEX(정기주문설정!$E$3:$E$302,MATCH("R"&26,주문생성!$M$6:$M$305,0)),"")) | F31: =IF($B31="","",IFERROR(INDEX(정기주문설정!$F$3:$F$302,MATCH("R"&26,주문생성!$M$6:$M$305,0)),"")) | G31: =IF($B31="","",IFERROR(INDEX(정기주문설정!$G$3:$G$302,MATCH("R"&26,주문생성!$M$6:$M$305,0)),"")) | H31: =IF($B31="","",IFERROR(INDEX(정기주문설정!$H$3:$H$302,MATCH("R"&26,주문생성!$M$6:$M$305,0)),"")) | I31: =IF($B31="","",ROUND($G31*$H31,0)) | K31: =IF(정기주문설정!$B28="",FALSE(),IF(정기주문설정!$M28="중지",FALSE(),IF(정기주문설정!$L28<>"",IF($B$3<정기주문설정!$L28,FALSE(),IF(정기주문설정!$I28="매일",TRUE(),IF(정기주문설정!$I28="매주",(WEEKDAY($B$3)=IFERROR(MATCH(정기주문설정!$J28,정기주문설정!$O$3:$O$9,0),0)),IF(정기주문설정!$I28="격주",AND((WEEKDAY($B$3)=IFERROR(MATCH(정기주문설정!$J28,정기주문설정!$O$3:$O$9,0),0)),MOD(INT(($B$3-정기주문설정!$L28)/7),2)=0),IF(정기주문설정!$I28="매월",DAY($B$3)=정기주문설정!$K28,FALSE()))))),IF(정기주문설정!$I28="매일",TRUE(),IF(정기주문설정!$I28="매주",(WEEKDAY($B$3)=IFERROR(MATCH(정기주문설정!$J28,정기주문설정!$O$3:$O$9,0),0)),IF(정기주문설정!$I28="매월",DAY($B$3)=정기주문설정!$K28,FALSE())))))) -> FALSE | L31: =IF($K31=FALSE(),"",COUNTIF($K$6:$K31,TRUE())) | M31: =IF($L31="","","R"&$L31)
A32: =IF($C32="","",$B$3) | B32: =IFERROR(INDEX(정기주문설정!$B$3:$B$302,MATCH("R"&27,주문생성!$M$6:$M$305,0)),"") | C32: =IF($B32="","",IFERROR(INDEX(정기주문설정!$C$3:$C$302,MATCH("R"&27,주문생성!$M$6:$M$305,0)),"")) | D32: =IF($B32="","",IFERROR(INDEX(정기주문설정!$D$3:$D$302,MATCH("R"&27,주문생성!$M$6:$M$305,0)),"")) | E32: =IF($B32="","",IFERROR(INDEX(정기주문설정!$E$3:$E$302,MATCH("R"&27,주문생성!$M$6:$M$305,0)),"")) | F32: =IF($B32="","",IFERROR(INDEX(정기주문설정!$F$3:$F$302,MATCH("R"&27,주문생성!$M$6:$M$305,0)),"")) | G32: =IF($B32="","",IFERROR(INDEX(정기주문설정!$G$3:$G$302,MATCH("R"&27,주문생성!$M$6:$M$305,0)),"")) | H32: =IF($B32="","",IFERROR(INDEX(정기주문설정!$H$3:$H$302,MATCH("R"&27,주문생성!$M$6:$M$305,0)),"")) | I32: =IF($B32="","",ROUND($G32*$H32,0)) | K32: =IF(정기주문설정!$B29="",FALSE(),IF(정기주문설정!$M29="중지",FALSE(),IF(정기주문설정!$L29<>"",IF($B$3<정기주문설정!$L29,FALSE(),IF(정기주문설정!$I29="매일",TRUE(),IF(정기주문설정!$I29="매주",(WEEKDAY($B$3)=IFERROR(MATCH(정기주문설정!$J29,정기주문설정!$O$3:$O$9,0),0)),IF(정기주문설정!$I29="격주",AND((WEEKDAY($B$3)=IFERROR(MATCH(정기주문설정!$J29,정기주문설정!$O$3:$O$9,0),0)),MOD(INT(($B$3-정기주문설정!$L29)/7),2)=0),IF(정기주문설정!$I29="매월",DAY($B$3)=정기주문설정!$K29,FALSE()))))),IF(정기주문설정!$I29="매일",TRUE(),IF(정기주문설정!$I29="매주",(WEEKDAY($B$3)=IFERROR(MATCH(정기주문설정!$J29,정기주문설정!$O$3:$O$9,0),0)),IF(정기주문설정!$I29="매월",DAY($B$3)=정기주문설정!$K29,FALSE())))))) -> FALSE | L32: =IF($K32=FALSE(),"",COUNTIF($K$6:$K32,TRUE())) | M32: =IF($L32="","","R"&$L32)
A33: =IF($C33="","",$B$3) | B33: =IFERROR(INDEX(정기주문설정!$B$3:$B$302,MATCH("R"&28,주문생성!$M$6:$M$305,0)),"") | C33: =IF($B33="","",IFERROR(INDEX(정기주문설정!$C$3:$C$302,MATCH("R"&28,주문생성!$M$6:$M$305,0)),"")) | D33: =IF($B33="","",IFERROR(INDEX(정기주문설정!$D$3:$D$302,MATCH("R"&28,주문생성!$M$6:$M$305,0)),"")) | E33: =IF($B33="","",IFERROR(INDEX(정기주문설정!$E$3:$E$302,MATCH("R"&28,주문생성!$M$6:$M$305,0)),"")) | F33: =IF($B33="","",IFERROR(INDEX(정기주문설정!$F$3:$F$302,MATCH("R"&28,주문생성!$M$6:$M$305,0)),"")) | G33: =IF($B33="","",IFERROR(INDEX(정기주문설정!$G$3:$G$302,MATCH("R"&28,주문생성!$M$6:$M$305,0)),"")) | H33: =IF($B33="","",IFERROR(INDEX(정기주문설정!$H$3:$H$302,MATCH("R"&28,주문생성!$M$6:$M$305,0)),"")) | I33: =IF($B33="","",ROUND($G33*$H33,0)) | K33: =IF(정기주문설정!$B30="",FALSE(),IF(정기주문설정!$M30="중지",FALSE(),IF(정기주문설정!$L30<>"",IF($B$3<정기주문설정!$L30,FALSE(),IF(정기주문설정!$I30="매일",TRUE(),IF(정기주문설정!$I30="매주",(WEEKDAY($B$3)=IFERROR(MATCH(정기주문설정!$J30,정기주문설정!$O$3:$O$9,0),0)),IF(정기주문설정!$I30="격주",AND((WEEKDAY($B$3)=IFERROR(MATCH(정기주문설정!$J30,정기주문설정!$O$3:$O$9,0),0)),MOD(INT(($B$3-정기주문설정!$L30)/7),2)=0),IF(정기주문설정!$I30="매월",DAY($B$3)=정기주문설정!$K30,FALSE()))))),IF(정기주문설정!$I30="매일",TRUE(),IF(정기주문설정!$I30="매주",(WEEKDAY($B$3)=IFERROR(MATCH(정기주문설정!$J30,정기주문설정!$O$3:$O$9,0),0)),IF(정기주문설정!$I30="매월",DAY($B$3)=정기주문설정!$K30,FALSE())))))) -> FALSE | L33: =IF($K33=FALSE(),"",COUNTIF($K$6:$K33,TRUE())) | M33: =IF($L33="","","R"&$L33)
A34: =IF($C34="","",$B$3) | B34: =IFERROR(INDEX(정기주문설정!$B$3:$B$302,MATCH("R"&29,주문생성!$M$6:$M$305,0)),"") | C34: =IF($B34="","",IFERROR(INDEX(정기주문설정!$C$3:$C$302,MATCH("R"&29,주문생성!$M$6:$M$305,0)),"")) | D34: =IF($B34="","",IFERROR(INDEX(정기주문설정!$D$3:$D$302,MATCH("R"&29,주문생성!$M$6:$M$305,0)),"")) | E34: =IF($B34="","",IFERROR(INDEX(정기주문설정!$E$3:$E$302,MATCH("R"&29,주문생성!$M$6:$M$305,0)),"")) | F34: =IF($B34="","",IFERROR(INDEX(정기주문설정!$F$3:$F$302,MATCH("R"&29,주문생성!$M$6:$M$305,0)),"")) | G34: =IF($B34="","",IFERROR(INDEX(정기주문설정!$G$3:$G$302,MATCH("R"&29,주문생성!$M$6:$M$305,0)),"")) | H34: =IF($B34="","",IFERROR(INDEX(정기주문설정!$H$3:$H$302,MATCH("R"&29,주문생성!$M$6:$M$305,0)),"")) | I34: =IF($B34="","",ROUND($G34*$H34,0)) | K34: =IF(정기주문설정!$B31="",FALSE(),IF(정기주문설정!$M31="중지",FALSE(),IF(정기주문설정!$L31<>"",IF($B$3<정기주문설정!$L31,FALSE(),IF(정기주문설정!$I31="매일",TRUE(),IF(정기주문설정!$I31="매주",(WEEKDAY($B$3)=IFERROR(MATCH(정기주문설정!$J31,정기주문설정!$O$3:$O$9,0),0)),IF(정기주문설정!$I31="격주",AND((WEEKDAY($B$3)=IFERROR(MATCH(정기주문설정!$J31,정기주문설정!$O$3:$O$9,0),0)),MOD(INT(($B$3-정기주문설정!$L31)/7),2)=0),IF(정기주문설정!$I31="매월",DAY($B$3)=정기주문설정!$K31,FALSE()))))),IF(정기주문설정!$I31="매일",TRUE(),IF(정기주문설정!$I31="매주",(WEEKDAY($B$3)=IFERROR(MATCH(정기주문설정!$J31,정기주문설정!$O$3:$O$9,0),0)),IF(정기주문설정!$I31="매월",DAY($B$3)=정기주문설정!$K31,FALSE())))))) -> FALSE | L34: =IF($K34=FALSE(),"",COUNTIF($K$6:$K34,TRUE())) | M34: =IF($L34="","","R"&$L34)
A35: =IF($C35="","",$B$3) | B35: =IFERROR(INDEX(정기주문설정!$B$3:$B$302,MATCH("R"&30,주문생성!$M$6:$M$305,0)),"") | C35: =IF($B35="","",IFERROR(INDEX(정기주문설정!$C$3:$C$302,MATCH("R"&30,주문생성!$M$6:$M$305,0)),"")) | D35: =IF($B35="","",IFERROR(INDEX(정기주문설정!$D$3:$D$302,MATCH("R"&30,주문생성!$M$6:$M$305,0)),"")) | E35: =IF($B35="","",IFERROR(INDEX(정기주문설정!$E$3:$E$302,MATCH("R"&30,주문생성!$M$6:$M$305,0)),"")) | F35: =IF($B35="","",IFERROR(INDEX(정기주문설정!$F$3:$F$302,MATCH("R"&30,주문생성!$M$6:$M$305,0)),"")) | G35: =IF($B35="","",IFERROR(INDEX(정기주문설정!$G$3:$G$302,MATCH("R"&30,주문생성!$M$6:$M$305,0)),"")) | H35: =IF($B35="","",IFERROR(INDEX(정기주문설정!$H$3:$H$302,MATCH("R"&30,주문생성!$M$6:$M$305,0)),"")) | I35: =IF($B35="","",ROUND($G35*$H35,0)) | K35: =IF(정기주문설정!$B32="",FALSE(),IF(정기주문설정!$M32="중지",FALSE(),IF(정기주문설정!$L32<>"",IF($B$3<정기주문설정!$L32,FALSE(),IF(정기주문설정!$I32="매일",TRUE(),IF(정기주문설정!$I32="매주",(WEEKDAY($B$3)=IFERROR(MATCH(정기주문설정!$J32,정기주문설정!$O$3:$O$9,0),0)),IF(정기주문설정!$I32="격주",AND((WEEKDAY($B$3)=IFERROR(MATCH(정기주문설정!$J32,정기주문설정!$O$3:$O$9,0),0)),MOD(INT(($B$3-정기주문설정!$L32)/7),2)=0),IF(정기주문설정!$I32="매월",DAY($B$3)=정기주문설정!$K32,FALSE()))))),IF(정기주문설정!$I32="매일",TRUE(),IF(정기주문설정!$I32="매주",(WEEKDAY($B$3)=IFERROR(MATCH(정기주문설정!$J32,정기주문설정!$O$3:$O$9,0),0)),IF(정기주문설정!$I32="매월",DAY($B$3)=정기주문설정!$K32,FALSE())))))) -> FALSE | L35: =IF($K35=FALSE(),"",COUNTIF($K$6:$K35,TRUE())) | M35: =IF($L35="","","R"&$L35)
A36: =IF($C36="","",$B$3) | B36: =IFERROR(INDEX(정기주문설정!$B$3:$B$302,MATCH("R"&31,주문생성!$M$6:$M$305,0)),"") | C36: =IF($B36="","",IFERROR(INDEX(정기주문설정!$C$3:$C$302,MATCH("R"&31,주문생성!$M$6:$M$305,0)),"")) | D36: =IF($B36="","",IFERROR(INDEX(정기주문설정!$D$3:$D$302,MATCH("R"&31,주문생성!$M$6:$M$305,0)),"")) | E36: =IF($B36="","",IFERROR(INDEX(정기주문설정!$E$3:$E$302,MATCH("R"&31,주문생성!$M$6:$M$305,0)),"")) | F36: =IF($B36="","",IFERROR(INDEX(정기주문설정!$F$3:$F$302,MATCH("R"&31,주문생성!$M$6:$M$305,0)),"")) | G36: =IF($B36="","",IFERROR(INDEX(정기주문설정!$G$3:$G$302,MATCH("R"&31,주문생성!$M$6:$M$305,0)),"")) | H36: =IF($B36="","",IFERROR(INDEX(정기주문설정!$H$3:$H$302,MATCH("R"&31,주문생성!$M$6:$M$305,0)),"")) | I36: =IF($B36="","",ROUND($G36*$H36,0)) | K36: =IF(정기주문설정!$B33="",FALSE(),IF(정기주문설정!$M33="중지",FALSE(),IF(정기주문설정!$L33<>"",IF($B$3<정기주문설정!$L33,FALSE(),IF(정기주문설정!$I33="매일",TRUE(),IF(정기주문설정!$I33="매주",(WEEKDAY($B$3)=IFERROR(MATCH(정기주문설정!$J33,정기주문설정!$O$3:$O$9,0),0)),IF(정기주문설정!$I33="격주",AND((WEEKDAY($B$3)=IFERROR(MATCH(정기주문설정!$J33,정기주문설정!$O$3:$O$9,0),0)),MOD(INT(($B$3-정기주문설정!$L33)/7),2)=0),IF(정기주문설정!$I33="매월",DAY($B$3)=정기주문설정!$K33,FALSE()))))),IF(정기주문설정!$I33="매일",TRUE(),IF(정기주문설정!$I33="매주",(WEEKDAY($B$3)=IFERROR(MATCH(정기주문설정!$J33,정기주문설정!$O$3:$O$9,0),0)),IF(정기주문설정!$I33="매월",DAY($B$3)=정기주문설정!$K33,FALSE())))))) -> FALSE | L36: =IF($K36=FALSE(),"",COUNTIF($K$6:$K36,TRUE())) | M36: =IF($L36="","","R"&$L36)
A37: =IF($C37="","",$B$3) | B37: =IFERROR(INDEX(정기주문설정!$B$3:$B$302,MATCH("R"&32,주문생성!$M$6:$M$305,0)),"") | C37: =IF($B37="","",IFERROR(INDEX(정기주문설정!$C$3:$C$302,MATCH("R"&32,주문생성!$M$6:$M$305,0)),"")) | D37: =IF($B37="","",IFERROR(INDEX(정기주문설정!$D$3:$D$302,MATCH("R"&32,주문생성!$M$6:$M$305,0)),"")) | E37: =IF($B37="","",IFERROR(INDEX(정기주문설정!$E$3:$E$302,MATCH("R"&32,주문생성!$M$6:$M$305,0)),"")) | F37: =IF($B37="","",IFERROR(INDEX(정기주문설정!$F$3:$F$302,MATCH("R"&32,주문생성!$M$6:$M$305,0)),"")) | G37: =IF($B37="","",IFERROR(INDEX(정기주문설정!$G$3:$G$302,MATCH("R"&32,주문생성!$M$6:$M$305,0)),"")) | H37: =IF($B37="","",IFERROR(INDEX(정기주문설정!$H$3:$H$302,MATCH("R"&32,주문생성!$M$6:$M$305,0)),"")) | I37: =IF($B37="","",ROUND($G37*$H37,0)) | K37: =IF(정기주문설정!$B34="",FALSE(),IF(정기주문설정!$M34="중지",FALSE(),IF(정기주문설정!$L34<>"",IF($B$3<정기주문설정!$L34,FALSE(),IF(정기주문설정!$I34="매일",TRUE(),IF(정기주문설정!$I34="매주",(WEEKDAY($B$3)=IFERROR(MATCH(정기주문설정!$J34,정기주문설정!$O$3:$O$9,0),0)),IF(정기주문설정!$I34="격주",AND((WEEKDAY($B$3)=IFERROR(MATCH(정기주문설정!$J34,정기주문설정!$O$3:$O$9,0),0)),MOD(INT(($B$3-정기주문설정!$L34)/7),2)=0),IF(정기주문설정!$I34="매월",DAY($B$3)=정기주문설정!$K34,FALSE()))))),IF(정기주문설정!$I34="매일",TRUE(),IF(정기주문설정!$I34="매주",(WEEKDAY($B$3)=IFERROR(MATCH(정기주문설정!$J34,정기주문설정!$O$3:$O$9,0),0)),IF(정기주문설정!$I34="매월",DAY($B$3)=정기주문설정!$K34,FALSE())))))) -> FALSE | L37: =IF($K37=FALSE(),"",COUNTIF($K$6:$K37,TRUE())) | M37: =IF($L37="","","R"&$L37)
A38: =IF($C38="","",$B$3) | B38: =IFERROR(INDEX(정기주문설정!$B$3:$B$302,MATCH("R"&33,주문생성!$M$6:$M$305,0)),"") | C38: =IF($B38="","",IFERROR(INDEX(정기주문설정!$C$3:$C$302,MATCH("R"&33,주문생성!$M$6:$M$305,0)),"")) | D38: =IF($B38="","",IFERROR(INDEX(정기주문설정!$D$3:$D$302,MATCH("R"&33,주문생성!$M$6:$M$305,0)),"")) | E38: =IF($B38="","",IFERROR(INDEX(정기주문설정!$E$3:$E$302,MATCH("R"&33,주문생성!$M$6:$M$305,0)),"")) | F38: =IF($B38="","",IFERROR(INDEX(정기주문설정!$F$3:$F$302,MATCH("R"&33,주문생성!$M$6:$M$305,0)),"")) | G38: =IF($B38="","",IFERROR(INDEX(정기주문설정!$G$3:$G$302,MATCH("R"&33,주문생성!$M$6:$M$305,0)),"")) | H38: =IF($B38="","",IFERROR(INDEX(정기주문설정!$H$3:$H$302,MATCH("R"&33,주문생성!$M$6:$M$305,0)),"")) | I38: =IF($B38="","",ROUND($G38*$H38,0)) | K38: =IF(정기주문설정!$B35="",FALSE(),IF(정기주문설정!$M35="중지",FALSE(),IF(정기주문설정!$L35<>"",IF($B$3<정기주문설정!$L35,FALSE(),IF(정기주문설정!$I35="매일",TRUE(),IF(정기주문설정!$I35="매주",(WEEKDAY($B$3)=IFERROR(MATCH(정기주문설정!$J35,정기주문설정!$O$3:$O$9,0),0)),IF(정기주문설정!$I35="격주",AND((WEEKDAY($B$3)=IFERROR(MATCH(정기주문설정!$J35,정기주문설정!$O$3:$O$9,0),0)),MOD(INT(($B$3-정기주문설정!$L35)/7),2)=0),IF(정기주문설정!$I35="매월",DAY($B$3)=정기주문설정!$K35,FALSE()))))),IF(정기주문설정!$I35="매일",TRUE(),IF(정기주문설정!$I35="매주",(WEEKDAY($B$3)=IFERROR(MATCH(정기주문설정!$J35,정기주문설정!$O$3:$O$9,0),0)),IF(정기주문설정!$I35="매월",DAY($B$3)=정기주문설정!$K35,FALSE())))))) -> FALSE | L38: =IF($K38=FALSE(),"",COUNTIF($K$6:$K38,TRUE())) | M38: =IF($L38="","","R"&$L38)
A39: =IF($C39="","",$B$3) | B39: =IFERROR(INDEX(정기주문설정!$B$3:$B$302,MATCH("R"&34,주문생성!$M$6:$M$305,0)),"") | C39: =IF($B39="","",IFERROR(INDEX(정기주문설정!$C$3:$C$302,MATCH("R"&34,주문생성!$M$6:$M$305,0)),"")) | D39: =IF($B39="","",IFERROR(INDEX(정기주문설정!$D$3:$D$302,MATCH("R"&34,주문생성!$M$6:$M$305,0)),"")) | E39: =IF($B39="","",IFERROR(INDEX(정기주문설정!$E$3:$E$302,MATCH("R"&34,주문생성!$M$6:$M$305,0)),"")) | F39: =IF($B39="","",IFERROR(INDEX(정기주문설정!$F$3:$F$302,MATCH("R"&34,주문생성!$M$6:$M$305,0)),"")) | G39: =IF($B39="","",IFERROR(INDEX(정기주문설정!$G$3:$G$302,MATCH("R"&34,주문생성!$M$6:$M$305,0)),"")) | H39: =IF($B39="","",IFERROR(INDEX(정기주문설정!$H$3:$H$302,MATCH("R"&34,주문생성!$M$6:$M$305,0)),"")) | I39: =IF($B39="","",ROUND($G39*$H39,0)) | K39: =IF(정기주문설정!$B36="",FALSE(),IF(정기주문설정!$M36="중지",FALSE(),IF(정기주문설정!$L36<>"",IF($B$3<정기주문설정!$L36,FALSE(),IF(정기주문설정!$I36="매일",TRUE(),IF(정기주문설정!$I36="매주",(WEEKDAY($B$3)=IFERROR(MATCH(정기주문설정!$J36,정기주문설정!$O$3:$O$9,0),0)),IF(정기주문설정!$I36="격주",AND((WEEKDAY($B$3)=IFERROR(MATCH(정기주문설정!$J36,정기주문설정!$O$3:$O$9,0),0)),MOD(INT(($B$3-정기주문설정!$L36)/7),2)=0),IF(정기주문설정!$I36="매월",DAY($B$3)=정기주문설정!$K36,FALSE()))))),IF(정기주문설정!$I36="매일",TRUE(),IF(정기주문설정!$I36="매주",(WEEKDAY($B$3)=IFERROR(MATCH(정기주문설정!$J36,정기주문설정!$O$3:$O$9,0),0)),IF(정기주문설정!$I36="매월",DAY($B$3)=정기주문설정!$K36,FALSE())))))) -> FALSE | L39: =IF($K39=FALSE(),"",COUNTIF($K$6:$K39,TRUE())) | M39: =IF($L39="","","R"&$L39)
A40: =IF($C40="","",$B$3) | B40: =IFERROR(INDEX(정기주문설정!$B$3:$B$302,MATCH("R"&35,주문생성!$M$6:$M$305,0)),"") | C40: =IF($B40="","",IFERROR(INDEX(정기주문설정!$C$3:$C$302,MATCH("R"&35,주문생성!$M$6:$M$305,0)),"")) | D40: =IF($B40="","",IFERROR(INDEX(정기주문설정!$D$3:$D$302,MATCH("R"&35,주문생성!$M$6:$M$305,0)),"")) | E40: =IF($B40="","",IFERROR(INDEX(정기주문설정!$E$3:$E$302,MATCH("R"&35,주문생성!$M$6:$M$305,0)),"")) | F40: =IF($B40="","",IFERROR(INDEX(정기주문설정!$F$3:$F$302,MATCH("R"&35,주문생성!$M$6:$M$305,0)),"")) | G40: =IF($B40="","",IFERROR(INDEX(정기주문설정!$G$3:$G$302,MATCH("R"&35,주문생성!$M$6:$M$305,0)),"")) | H40: =IF($B40="","",IFERROR(INDEX(정기주문설정!$H$3:$H$302,MATCH("R"&35,주문생성!$M$6:$M$305,0)),"")) | I40: =IF($B40="","",ROUND($G40*$H40,0)) | K40: =IF(정기주문설정!$B37="",FALSE(),IF(정기주문설정!$M37="중지",FALSE(),IF(정기주문설정!$L37<>"",IF($B$3<정기주문설정!$L37,FALSE(),IF(정기주문설정!$I37="매일",TRUE(),IF(정기주문설정!$I37="매주",(WEEKDAY($B$3)=IFERROR(MATCH(정기주문설정!$J37,정기주문설정!$O$3:$O$9,0),0)),IF(정기주문설정!$I37="격주",AND((WEEKDAY($B$3)=IFERROR(MATCH(정기주문설정!$J37,정기주문설정!$O$3:$O$9,0),0)),MOD(INT(($B$3-정기주문설정!$L37)/7),2)=0),IF(정기주문설정!$I37="매월",DAY($B$3)=정기주문설정!$K37,FALSE()))))),IF(정기주문설정!$I37="매일",TRUE(),IF(정기주문설정!$I37="매주",(WEEKDAY($B$3)=IFERROR(MATCH(정기주문설정!$J37,정기주문설정!$O$3:$O$9,0),0)),IF(정기주문설정!$I37="매월",DAY($B$3)=정기주문설정!$K37,FALSE())))))) -> FALSE | L40: =IF($K40=FALSE(),"",COUNTIF($K$6:$K40,TRUE())) | M40: =IF($L40="","","R"&$L40)
A41: =IF($C41="","",$B$3) | B41: =IFERROR(INDEX(정기주문설정!$B$3:$B$302,MATCH("R"&36,주문생성!$M$6:$M$305,0)),"") | C41: =IF($B41="","",IFERROR(INDEX(정기주문설정!$C$3:$C$302,MATCH("R"&36,주문생성!$M$6:$M$305,0)),"")) | D41: =IF($B41="","",IFERROR(INDEX(정기주문설정!$D$3:$D$302,MATCH("R"&36,주문생성!$M$6:$M$305,0)),"")) | E41: =IF($B41="","",IFERROR(INDEX(정기주문설정!$E$3:$E$302,MATCH("R"&36,주문생성!$M$6:$M$305,0)),"")) | F41: =IF($B41="","",IFERROR(INDEX(정기주문설정!$F$3:$F$302,MATCH("R"&36,주문생성!$M$6:$M$305,0)),"")) | G41: =IF($B41="","",IFERROR(INDEX(정기주문설정!$G$3:$G$302,MATCH("R"&36,주문생성!$M$6:$M$305,0)),"")) | H41: =IF($B41="","",IFERROR(INDEX(정기주문설정!$H$3:$H$302,MATCH("R"&36,주문생성!$M$6:$M$305,0)),"")) | I41: =IF($B41="","",ROUND($G41*$H41,0)) | K41: =IF(정기주문설정!$B38="",FALSE(),IF(정기주문설정!$M38="중지",FALSE(),IF(정기주문설정!$L38<>"",IF($B$3<정기주문설정!$L38,FALSE(),IF(정기주문설정!$I38="매일",TRUE(),IF(정기주문설정!$I38="매주",(WEEKDAY($B$3)=IFERROR(MATCH(정기주문설정!$J38,정기주문설정!$O$3:$O$9,0),0)),IF(정기주문설정!$I38="격주",AND((WEEKDAY($B$3)=IFERROR(MATCH(정기주문설정!$J38,정기주문설정!$O$3:$O$9,0),0)),MOD(INT(($B$3-정기주문설정!$L38)/7),2)=0),IF(정기주문설정!$I38="매월",DAY($B$3)=정기주문설정!$K38,FALSE()))))),IF(정기주문설정!$I38="매일",TRUE(),IF(정기주문설정!$I38="매주",(WEEKDAY($B$3)=IFERROR(MATCH(정기주문설정!$J38,정기주문설정!$O$3:$O$9,0),0)),IF(정기주문설정!$I38="매월",DAY($B$3)=정기주문설정!$K38,FALSE())))))) -> FALSE | L41: =IF($K41=FALSE(),"",COUNTIF($K$6:$K41,TRUE())) | M41: =IF($L41="","","R"&$L41)
A42: =IF($C42="","",$B$3) | B42: =IFERROR(INDEX(정기주문설정!$B$3:$B$302,MATCH("R"&37,주문생성!$M$6:$M$305,0)),"") | C42: =IF($B42="","",IFERROR(INDEX(정기주문설정!$C$3:$C$302,MATCH("R"&37,주문생성!$M$6:$M$305,0)),"")) | D42: =IF($B42="","",IFERROR(INDEX(정기주문설정!$D$3:$D$302,MATCH("R"&37,주문생성!$M$6:$M$305,0)),"")) | E42: =IF($B42="","",IFERROR(INDEX(정기주문설정!$E$3:$E$302,MATCH("R"&37,주문생성!$M$6:$M$305,0)),"")) | F42: =IF($B42="","",IFERROR(INDEX(정기주문설정!$F$3:$F$302,MATCH("R"&37,주문생성!$M$6:$M$305,0)),"")) | G42: =IF($B42="","",IFERROR(INDEX(정기주문설정!$G$3:$G$302,MATCH("R"&37,주문생성!$M$6:$M$305,0)),"")) | H42: =IF($B42="","",IFERROR(INDEX(정기주문설정!$H$3:$H$302,MATCH("R"&37,주문생성!$M$6:$M$305,0)),"")) | I42: =IF($B42="","",ROUND($G42*$H42,0)) | K42: =IF(정기주문설정!$B39="",FALSE(),IF(정기주문설정!$M39="중지",FALSE(),IF(정기주문설정!$L39<>"",IF($B$3<정기주문설정!$L39,FALSE(),IF(정기주문설정!$I39="매일",TRUE(),IF(정기주문설정!$I39="매주",(WEEKDAY($B$3)=IFERROR(MATCH(정기주문설정!$J39,정기주문설정!$O$3:$O$9,0),0)),IF(정기주문설정!$I39="격주",AND((WEEKDAY($B$3)=IFERROR(MATCH(정기주문설정!$J39,정기주문설정!$O$3:$O$9,0),0)),MOD(INT(($B$3-정기주문설정!$L39)/7),2)=0),IF(정기주문설정!$I39="매월",DAY($B$3)=정기주문설정!$K39,FALSE()))))),IF(정기주문설정!$I39="매일",TRUE(),IF(정기주문설정!$I39="매주",(WEEKDAY($B$3)=IFERROR(MATCH(정기주문설정!$J39,정기주문설정!$O$3:$O$9,0),0)),IF(정기주문설정!$I39="매월",DAY($B$3)=정기주문설정!$K39,FALSE())))))) -> FALSE | L42: =IF($K42=FALSE(),"",COUNTIF($K$6:$K42,TRUE())) | M42: =IF($L42="","","R"&$L42)
A43: =IF($C43="","",$B$3) | B43: =IFERROR(INDEX(정기주문설정!$B$3:$B$302,MATCH("R"&38,주문생성!$M$6:$M$305,0)),"") | C43: =IF($B43="","",IFERROR(INDEX(정기주문설정!$C$3:$C$302,MATCH("R"&38,주문생성!$M$6:$M$305,0)),"")) | D43: =IF($B43="","",IFERROR(INDEX(정기주문설정!$D$3:$D$302,MATCH("R"&38,주문생성!$M$6:$M$305,0)),"")) | E43: =IF($B43="","",IFERROR(INDEX(정기주문설정!$E$3:$E$302,MATCH("R"&38,주문생성!$M$6:$M$305,0)),"")) | F43: =IF($B43="","",IFERROR(INDEX(정기주문설정!$F$3:$F$302,MATCH("R"&38,주문생성!$M$6:$M$305,0)),"")) | G43: =IF($B43="","",IFERROR(INDEX(정기주문설정!$G$3:$G$302,MATCH("R"&38,주문생성!$M$6:$M$305,0)),"")) | H43: =IF($B43="","",IFERROR(INDEX(정기주문설정!$H$3:$H$302,MATCH("R"&38,주문생성!$M$6:$M$305,0)),"")) | I43: =IF($B43="","",ROUND($G43*$H43,0)) | K43: =IF(정기주문설정!$B40="",FALSE(),IF(정기주문설정!$M40="중지",FALSE(),IF(정기주문설정!$L40<>"",IF($B$3<정기주문설정!$L40,FALSE(),IF(정기주문설정!$I40="매일",TRUE(),IF(정기주문설정!$I40="매주",(WEEKDAY($B$3)=IFERROR(MATCH(정기주문설정!$J40,정기주문설정!$O$3:$O$9,0),0)),IF(정기주문설정!$I40="격주",AND((WEEKDAY($B$3)=IFERROR(MATCH(정기주문설정!$J40,정기주문설정!$O$3:$O$9,0),0)),MOD(INT(($B$3-정기주문설정!$L40)/7),2)=0),IF(정기주문설정!$I40="매월",DAY($B$3)=정기주문설정!$K40,FALSE()))))),IF(정기주문설정!$I40="매일",TRUE(),IF(정기주문설정!$I40="매주",(WEEKDAY($B$3)=IFERROR(MATCH(정기주문설정!$J40,정기주문설정!$O$3:$O$9,0),0)),IF(정기주문설정!$I40="매월",DAY($B$3)=정기주문설정!$K40,FALSE())))))) -> FALSE | L43: =IF($K43=FALSE(),"",COUNTIF($K$6:$K43,TRUE())) | M43: =IF($L43="","","R"&$L43)
A44: =IF($C44="","",$B$3) | B44: =IFERROR(INDEX(정기주문설정!$B$3:$B$302,MATCH("R"&39,주문생성!$M$6:$M$305,0)),"") | C44: =IF($B44="","",IFERROR(INDEX(정기주문설정!$C$3:$C$302,MATCH("R"&39,주문생성!$M$6:$M$305,0)),"")) | D44: =IF($B44="","",IFERROR(INDEX(정기주문설정!$D$3:$D$302,MATCH("R"&39,주문생성!$M$6:$M$305,0)),"")) | E44: =IF($B44="","",IFERROR(INDEX(정기주문설정!$E$3:$E$302,MATCH("R"&39,주문생성!$M$6:$M$305,0)),"")) | F44: =IF($B44="","",IFERROR(INDEX(정기주문설정!$F$3:$F$302,MATCH("R"&39,주문생성!$M$6:$M$305,0)),"")) | G44: =IF($B44="","",IFERROR(INDEX(정기주문설정!$G$3:$G$302,MATCH("R"&39,주문생성!$M$6:$M$305,0)),"")) | H44: =IF($B44="","",IFERROR(INDEX(정기주문설정!$H$3:$H$302,MATCH("R"&39,주문생성!$M$6:$M$305,0)),"")) | I44: =IF($B44="","",ROUND($G44*$H44,0)) | K44: =IF(정기주문설정!$B41="",FALSE(),IF(정기주문설정!$M41="중지",FALSE(),IF(정기주문설정!$L41<>"",IF($B$3<정기주문설정!$L41,FALSE(),IF(정기주문설정!$I41="매일",TRUE(),IF(정기주문설정!$I41="매주",(WEEKDAY($B$3)=IFERROR(MATCH(정기주문설정!$J41,정기주문설정!$O$3:$O$9,0),0)),IF(정기주문설정!$I41="격주",AND((WEEKDAY($B$3)=IFERROR(MATCH(정기주문설정!$J41,정기주문설정!$O$3:$O$9,0),0)),MOD(INT(($B$3-정기주문설정!$L41)/7),2)=0),IF(정기주문설정!$I41="매월",DAY($B$3)=정기주문설정!$K41,FALSE()))))),IF(정기주문설정!$I41="매일",TRUE(),IF(정기주문설정!$I41="매주",(WEEKDAY($B$3)=IFERROR(MATCH(정기주문설정!$J41,정기주문설정!$O$3:$O$9,0),0)),IF(정기주문설정!$I41="매월",DAY($B$3)=정기주문설정!$K41,FALSE())))))) -> FALSE | L44: =IF($K44=FALSE(),"",COUNTIF($K$6:$K44,TRUE())) | M44: =IF($L44="","","R"&$L44)
A45: =IF($C45="","",$B$3) | B45: =IFERROR(INDEX(정기주문설정!$B$3:$B$302,MATCH("R"&40,주문생성!$M$6:$M$305,0)),"") | C45: =IF($B45="","",IFERROR(INDEX(정기주문설정!$C$3:$C$302,MATCH("R"&40,주문생성!$M$6:$M$305,0)),"")) | D45: =IF($B45="","",IFERROR(INDEX(정기주문설정!$D$3:$D$302,MATCH("R"&40,주문생성!$M$6:$M$305,0)),"")) | E45: =IF($B45="","",IFERROR(INDEX(정기주문설정!$E$3:$E$302,MATCH("R"&40,주문생성!$M$6:$M$305,0)),"")) | F45: =IF($B45="","",IFERROR(INDEX(정기주문설정!$F$3:$F$302,MATCH("R"&40,주문생성!$M$6:$M$305,0)),"")) | G45: =IF($B45="","",IFERROR(INDEX(정기주문설정!$G$3:$G$302,MATCH("R"&40,주문생성!$M$6:$M$305,0)),"")) | H45: =IF($B45="","",IFERROR(INDEX(정기주문설정!$H$3:$H$302,MATCH("R"&40,주문생성!$M$6:$M$305,0)),"")) | I45: =IF($B45="","",ROUND($G45*$H45,0)) | K45: =IF(정기주문설정!$B42="",FALSE(),IF(정기주문설정!$M42="중지",FALSE(),IF(정기주문설정!$L42<>"",IF($B$3<정기주문설정!$L42,FALSE(),IF(정기주문설정!$I42="매일",TRUE(),IF(정기주문설정!$I42="매주",(WEEKDAY($B$3)=IFERROR(MATCH(정기주문설정!$J42,정기주문설정!$O$3:$O$9,0),0)),IF(정기주문설정!$I42="격주",AND((WEEKDAY($B$3)=IFERROR(MATCH(정기주문설정!$J42,정기주문설정!$O$3:$O$9,0),0)),MOD(INT(($B$3-정기주문설정!$L42)/7),2)=0),IF(정기주문설정!$I42="매월",DAY($B$3)=정기주문설정!$K42,FALSE()))))),IF(정기주문설정!$I42="매일",TRUE(),IF(정기주문설정!$I42="매주",(WEEKDAY($B$3)=IFERROR(MATCH(정기주문설정!$J42,정기주문설정!$O$3:$O$9,0),0)),IF(정기주문설정!$I42="매월",DAY($B$3)=정기주문설정!$K42,FALSE())))))) -> FALSE | L45: =IF($K45=FALSE(),"",COUNTIF($K$6:$K45,TRUE())) | M45: =IF($L45="","","R"&$L45)
A46: =IF($C46="","",$B$3) | B46: =IFERROR(INDEX(정기주문설정!$B$3:$B$302,MATCH("R"&41,주문생성!$M$6:$M$305,0)),"") | C46: =IF($B46="","",IFERROR(INDEX(정기주문설정!$C$3:$C$302,MATCH("R"&41,주문생성!$M$6:$M$305,0)),"")) | D46: =IF($B46="","",IFERROR(INDEX(정기주문설정!$D$3:$D$302,MATCH("R"&41,주문생성!$M$6:$M$305,0)),"")) | E46: =IF($B46="","",IFERROR(INDEX(정기주문설정!$E$3:$E$302,MATCH("R"&41,주문생성!$M$6:$M$305,0)),"")) | F46: =IF($B46="","",IFERROR(INDEX(정기주문설정!$F$3:$F$302,MATCH("R"&41,주문생성!$M$6:$M$305,0)),"")) | G46: =IF($B46="","",IFERROR(INDEX(정기주문설정!$G$3:$G$302,MATCH("R"&41,주문생성!$M$6:$M$305,0)),"")) | H46: =IF($B46="","",IFERROR(INDEX(정기주문설정!$H$3:$H$302,MATCH("R"&41,주문생성!$M$6:$M$305,0)),"")) | I46: =IF($B46="","",ROUND($G46*$H46,0)) | K46: =IF(정기주문설정!$B43="",FALSE(),IF(정기주문설정!$M43="중지",FALSE(),IF(정기주문설정!$L43<>"",IF($B$3<정기주문설정!$L43,FALSE(),IF(정기주문설정!$I43="매일",TRUE(),IF(정기주문설정!$I43="매주",(WEEKDAY($B$3)=IFERROR(MATCH(정기주문설정!$J43,정기주문설정!$O$3:$O$9,0),0)),IF(정기주문설정!$I43="격주",AND((WEEKDAY($B$3)=IFERROR(MATCH(정기주문설정!$J43,정기주문설정!$O$3:$O$9,0),0)),MOD(INT(($B$3-정기주문설정!$L43)/7),2)=0),IF(정기주문설정!$I43="매월",DAY($B$3)=정기주문설정!$K43,FALSE()))))),IF(정기주문설정!$I43="매일",TRUE(),IF(정기주문설정!$I43="매주",(WEEKDAY($B$3)=IFERROR(MATCH(정기주문설정!$J43,정기주문설정!$O$3:$O$9,0),0)),IF(정기주문설정!$I43="매월",DAY($B$3)=정기주문설정!$K43,FALSE())))))) -> FALSE | L46: =IF($K46=FALSE(),"",COUNTIF($K$6:$K46,TRUE())) | M46: =IF($L46="","","R"&$L46)
A47: =IF($C47="","",$B$3) | B47: =IFERROR(INDEX(정기주문설정!$B$3:$B$302,MATCH("R"&42,주문생성!$M$6:$M$305,0)),"") | C47: =IF($B47="","",IFERROR(INDEX(정기주문설정!$C$3:$C$302,MATCH("R"&42,주문생성!$M$6:$M$305,0)),"")) | D47: =IF($B47="","",IFERROR(INDEX(정기주문설정!$D$3:$D$302,MATCH("R"&42,주문생성!$M$6:$M$305,0)),"")) | E47: =IF($B47="","",IFERROR(INDEX(정기주문설정!$E$3:$E$302,MATCH("R"&42,주문생성!$M$6:$M$305,0)),"")) | F47: =IF($B47="","",IFERROR(INDEX(정기주문설정!$F$3:$F$302,MATCH("R"&42,주문생성!$M$6:$M$305,0)),"")) | G47: =IF($B47="","",IFERROR(INDEX(정기주문설정!$G$3:$G$302,MATCH("R"&42,주문생성!$M$6:$M$305,0)),"")) | H47: =IF($B47="","",IFERROR(INDEX(정기주문설정!$H$3:$H$302,MATCH("R"&42,주문생성!$M$6:$M$305,0)),"")) | I47: =IF($B47="","",ROUND($G47*$H47,0)) | K47: =IF(정기주문설정!$B44="",FALSE(),IF(정기주문설정!$M44="중지",FALSE(),IF(정기주문설정!$L44<>"",IF($B$3<정기주문설정!$L44,FALSE(),IF(정기주문설정!$I44="매일",TRUE(),IF(정기주문설정!$I44="매주",(WEEKDAY($B$3)=IFERROR(MATCH(정기주문설정!$J44,정기주문설정!$O$3:$O$9,0),0)),IF(정기주문설정!$I44="격주",AND((WEEKDAY($B$3)=IFERROR(MATCH(정기주문설정!$J44,정기주문설정!$O$3:$O$9,0),0)),MOD(INT(($B$3-정기주문설정!$L44)/7),2)=0),IF(정기주문설정!$I44="매월",DAY($B$3)=정기주문설정!$K44,FALSE()))))),IF(정기주문설정!$I44="매일",TRUE(),IF(정기주문설정!$I44="매주",(WEEKDAY($B$3)=IFERROR(MATCH(정기주문설정!$J44,정기주문설정!$O$3:$O$9,0),0)),IF(정기주문설정!$I44="매월",DAY($B$3)=정기주문설정!$K44,FALSE())))))) -> FALSE | L47: =IF($K47=FALSE(),"",COUNTIF($K$6:$K47,TRUE())) | M47: =IF($L47="","","R"&$L47)
A48: =IF($C48="","",$B$3) | B48: =IFERROR(INDEX(정기주문설정!$B$3:$B$302,MATCH("R"&43,주문생성!$M$6:$M$305,0)),"") | C48: =IF($B48="","",IFERROR(INDEX(정기주문설정!$C$3:$C$302,MATCH("R"&43,주문생성!$M$6:$M$305,0)),"")) | D48: =IF($B48="","",IFERROR(INDEX(정기주문설정!$D$3:$D$302,MATCH("R"&43,주문생성!$M$6:$M$305,0)),"")) | E48: =IF($B48="","",IFERROR(INDEX(정기주문설정!$E$3:$E$302,MATCH("R"&43,주문생성!$M$6:$M$305,0)),"")) | F48: =IF($B48="","",IFERROR(INDEX(정기주문설정!$F$3:$F$302,MATCH("R"&43,주문생성!$M$6:$M$305,0)),"")) | G48: =IF($B48="","",IFERROR(INDEX(정기주문설정!$G$3:$G$302,MATCH("R"&43,주문생성!$M$6:$M$305,0)),"")) | H48: =IF($B48="","",IFERROR(INDEX(정기주문설정!$H$3:$H$302,MATCH("R"&43,주문생성!$M$6:$M$305,0)),"")) | I48: =IF($B48="","",ROUND($G48*$H48,0)) | K48: =IF(정기주문설정!$B45="",FALSE(),IF(정기주문설정!$M45="중지",FALSE(),IF(정기주문설정!$L45<>"",IF($B$3<정기주문설정!$L45,FALSE(),IF(정기주문설정!$I45="매일",TRUE(),IF(정기주문설정!$I45="매주",(WEEKDAY($B$3)=IFERROR(MATCH(정기주문설정!$J45,정기주문설정!$O$3:$O$9,0),0)),IF(정기주문설정!$I45="격주",AND((WEEKDAY($B$3)=IFERROR(MATCH(정기주문설정!$J45,정기주문설정!$O$3:$O$9,0),0)),MOD(INT(($B$3-정기주문설정!$L45)/7),2)=0),IF(정기주문설정!$I45="매월",DAY($B$3)=정기주문설정!$K45,FALSE()))))),IF(정기주문설정!$I45="매일",TRUE(),IF(정기주문설정!$I45="매주",(WEEKDAY($B$3)=IFERROR(MATCH(정기주문설정!$J45,정기주문설정!$O$3:$O$9,0),0)),IF(정기주문설정!$I45="매월",DAY($B$3)=정기주문설정!$K45,FALSE())))))) -> FALSE | L48: =IF($K48=FALSE(),"",COUNTIF($K$6:$K48,TRUE())) | M48: =IF($L48="","","R"&$L48)
A49: =IF($C49="","",$B$3) | B49: =IFERROR(INDEX(정기주문설정!$B$3:$B$302,MATCH("R"&44,주문생성!$M$6:$M$305,0)),"") | C49: =IF($B49="","",IFERROR(INDEX(정기주문설정!$C$3:$C$302,MATCH("R"&44,주문생성!$M$6:$M$305,0)),"")) | D49: =IF($B49="","",IFERROR(INDEX(정기주문설정!$D$3:$D$302,MATCH("R"&44,주문생성!$M$6:$M$305,0)),"")) | E49: =IF($B49="","",IFERROR(INDEX(정기주문설정!$E$3:$E$302,MATCH("R"&44,주문생성!$M$6:$M$305,0)),"")) | F49: =IF($B49="","",IFERROR(INDEX(정기주문설정!$F$3:$F$302,MATCH("R"&44,주문생성!$M$6:$M$305,0)),"")) | G49: =IF($B49="","",IFERROR(INDEX(정기주문설정!$G$3:$G$302,MATCH("R"&44,주문생성!$M$6:$M$305,0)),"")) | H49: =IF($B49="","",IFERROR(INDEX(정기주문설정!$H$3:$H$302,MATCH("R"&44,주문생성!$M$6:$M$305,0)),"")) | I49: =IF($B49="","",ROUND($G49*$H49,0)) | K49: =IF(정기주문설정!$B46="",FALSE(),IF(정기주문설정!$M46="중지",FALSE(),IF(정기주문설정!$L46<>"",IF($B$3<정기주문설정!$L46,FALSE(),IF(정기주문설정!$I46="매일",TRUE(),IF(정기주문설정!$I46="매주",(WEEKDAY($B$3)=IFERROR(MATCH(정기주문설정!$J46,정기주문설정!$O$3:$O$9,0),0)),IF(정기주문설정!$I46="격주",AND((WEEKDAY($B$3)=IFERROR(MATCH(정기주문설정!$J46,정기주문설정!$O$3:$O$9,0),0)),MOD(INT(($B$3-정기주문설정!$L46)/7),2)=0),IF(정기주문설정!$I46="매월",DAY($B$3)=정기주문설정!$K46,FALSE()))))),IF(정기주문설정!$I46="매일",TRUE(),IF(정기주문설정!$I46="매주",(WEEKDAY($B$3)=IFERROR(MATCH(정기주문설정!$J46,정기주문설정!$O$3:$O$9,0),0)),IF(정기주문설정!$I46="매월",DAY($B$3)=정기주문설정!$K46,FALSE())))))) -> FALSE | L49: =IF($K49=FALSE(),"",COUNTIF($K$6:$K49,TRUE())) | M49: =IF($L49="","","R"&$L49)
A50: =IF($C50="","",$B$3) | B50: =IFERROR(INDEX(정기주문설정!$B$3:$B$302,MATCH("R"&45,주문생성!$M$6:$M$305,0)),"") | C50: =IF($B50="","",IFERROR(INDEX(정기주문설정!$C$3:$C$302,MATCH("R"&45,주문생성!$M$6:$M$305,0)),"")) | D50: =IF($B50="","",IFERROR(INDEX(정기주문설정!$D$3:$D$302,MATCH("R"&45,주문생성!$M$6:$M$305,0)),"")) | E50: =IF($B50="","",IFERROR(INDEX(정기주문설정!$E$3:$E$302,MATCH("R"&45,주문생성!$M$6:$M$305,0)),"")) | F50: =IF($B50="","",IFERROR(INDEX(정기주문설정!$F$3:$F$302,MATCH("R"&45,주문생성!$M$6:$M$305,0)),"")) | G50: =IF($B50="","",IFERROR(INDEX(정기주문설정!$G$3:$G$302,MATCH("R"&45,주문생성!$M$6:$M$305,0)),"")) | H50: =IF($B50="","",IFERROR(INDEX(정기주문설정!$H$3:$H$302,MATCH("R"&45,주문생성!$M$6:$M$305,0)),"")) | I50: =IF($B50="","",ROUND($G50*$H50,0)) | K50: =IF(정기주문설정!$B47="",FALSE(),IF(정기주문설정!$M47="중지",FALSE(),IF(정기주문설정!$L47<>"",IF($B$3<정기주문설정!$L47,FALSE(),IF(정기주문설정!$I47="매일",TRUE(),IF(정기주문설정!$I47="매주",(WEEKDAY($B$3)=IFERROR(MATCH(정기주문설정!$J47,정기주문설정!$O$3:$O$9,0),0)),IF(정기주문설정!$I47="격주",AND((WEEKDAY($B$3)=IFERROR(MATCH(정기주문설정!$J47,정기주문설정!$O$3:$O$9,0),0)),MOD(INT(($B$3-정기주문설정!$L47)/7),2)=0),IF(정기주문설정!$I47="매월",DAY($B$3)=정기주문설정!$K47,FALSE()))))),IF(정기주문설정!$I47="매일",TRUE(),IF(정기주문설정!$I47="매주",(WEEKDAY($B$3)=IFERROR(MATCH(정기주문설정!$J47,정기주문설정!$O$3:$O$9,0),0)),IF(정기주문설정!$I47="매월",DAY($B$3)=정기주문설정!$K47,FALSE())))))) -> FALSE | L50: =IF($K50=FALSE(),"",COUNTIF($K$6:$K50,TRUE())) | M50: =IF($L50="","","R"&$L50)
A51: =IF($C51="","",$B$3) | B51: =IFERROR(INDEX(정기주문설정!$B$3:$B$302,MATCH("R"&46,주문생성!$M$6:$M$305,0)),"") | C51: =IF($B51="","",IFERROR(INDEX(정기주문설정!$C$3:$C$302,MATCH("R"&46,주문생성!$M$6:$M$305,0)),"")) | D51: =IF($B51="","",IFERROR(INDEX(정기주문설정!$D$3:$D$302,MATCH("R"&46,주문생성!$M$6:$M$305,0)),"")) | E51: =IF($B51="","",IFERROR(INDEX(정기주문설정!$E$3:$E$302,MATCH("R"&46,주문생성!$M$6:$M$305,0)),"")) | F51: =IF($B51="","",IFERROR(INDEX(정기주문설정!$F$3:$F$302,MATCH("R"&46,주문생성!$M$6:$M$305,0)),"")) | G51: =IF($B51="","",IFERROR(INDEX(정기주문설정!$G$3:$G$302,MATCH("R"&46,주문생성!$M$6:$M$305,0)),"")) | H51: =IF($B51="","",IFERROR(INDEX(정기주문설정!$H$3:$H$302,MATCH("R"&46,주문생성!$M$6:$M$305,0)),"")) | I51: =IF($B51="","",ROUND($G51*$H51,0)) | K51: =IF(정기주문설정!$B48="",FALSE(),IF(정기주문설정!$M48="중지",FALSE(),IF(정기주문설정!$L48<>"",IF($B$3<정기주문설정!$L48,FALSE(),IF(정기주문설정!$I48="매일",TRUE(),IF(정기주문설정!$I48="매주",(WEEKDAY($B$3)=IFERROR(MATCH(정기주문설정!$J48,정기주문설정!$O$3:$O$9,0),0)),IF(정기주문설정!$I48="격주",AND((WEEKDAY($B$3)=IFERROR(MATCH(정기주문설정!$J48,정기주문설정!$O$3:$O$9,0),0)),MOD(INT(($B$3-정기주문설정!$L48)/7),2)=0),IF(정기주문설정!$I48="매월",DAY($B$3)=정기주문설정!$K48,FALSE()))))),IF(정기주문설정!$I48="매일",TRUE(),IF(정기주문설정!$I48="매주",(WEEKDAY($B$3)=IFERROR(MATCH(정기주문설정!$J48,정기주문설정!$O$3:$O$9,0),0)),IF(정기주문설정!$I48="매월",DAY($B$3)=정기주문설정!$K48,FALSE())))))) -> FALSE | L51: =IF($K51=FALSE(),"",COUNTIF($K$6:$K51,TRUE())) | M51: =IF($L51="","","R"&$L51)
A52: =IF($C52="","",$B$3) | B52: =IFERROR(INDEX(정기주문설정!$B$3:$B$302,MATCH("R"&47,주문생성!$M$6:$M$305,0)),"") | C52: =IF($B52="","",IFERROR(INDEX(정기주문설정!$C$3:$C$302,MATCH("R"&47,주문생성!$M$6:$M$305,0)),"")) | D52: =IF($B52="","",IFERROR(INDEX(정기주문설정!$D$3:$D$302,MATCH("R"&47,주문생성!$M$6:$M$305,0)),"")) | E52: =IF($B52="","",IFERROR(INDEX(정기주문설정!$E$3:$E$302,MATCH("R"&47,주문생성!$M$6:$M$305,0)),"")) | F52: =IF($B52="","",IFERROR(INDEX(정기주문설정!$F$3:$F$302,MATCH("R"&47,주문생성!$M$6:$M$305,0)),"")) | G52: =IF($B52="","",IFERROR(INDEX(정기주문설정!$G$3:$G$302,MATCH("R"&47,주문생성!$M$6:$M$305,0)),"")) | H52: =IF($B52="","",IFERROR(INDEX(정기주문설정!$H$3:$H$302,MATCH("R"&47,주문생성!$M$6:$M$305,0)),"")) | I52: =IF($B52="","",ROUND($G52*$H52,0)) | K52: =IF(정기주문설정!$B49="",FALSE(),IF(정기주문설정!$M49="중지",FALSE(),IF(정기주문설정!$L49<>"",IF($B$3<정기주문설정!$L49,FALSE(),IF(정기주문설정!$I49="매일",TRUE(),IF(정기주문설정!$I49="매주",(WEEKDAY($B$3)=IFERROR(MATCH(정기주문설정!$J49,정기주문설정!$O$3:$O$9,0),0)),IF(정기주문설정!$I49="격주",AND((WEEKDAY($B$3)=IFERROR(MATCH(정기주문설정!$J49,정기주문설정!$O$3:$O$9,0),0)),MOD(INT(($B$3-정기주문설정!$L49)/7),2)=0),IF(정기주문설정!$I49="매월",DAY($B$3)=정기주문설정!$K49,FALSE()))))),IF(정기주문설정!$I49="매일",TRUE(),IF(정기주문설정!$I49="매주",(WEEKDAY($B$3)=IFERROR(MATCH(정기주문설정!$J49,정기주문설정!$O$3:$O$9,0),0)),IF(정기주문설정!$I49="매월",DAY($B$3)=정기주문설정!$K49,FALSE())))))) -> FALSE | L52: =IF($K52=FALSE(),"",COUNTIF($K$6:$K52,TRUE())) | M52: =IF($L52="","","R"&$L52)
A53: =IF($C53="","",$B$3) | B53: =IFERROR(INDEX(정기주문설정!$B$3:$B$302,MATCH("R"&48,주문생성!$M$6:$M$305,0)),"") | C53: =IF($B53="","",IFERROR(INDEX(정기주문설정!$C$3:$C$302,MATCH("R"&48,주문생성!$M$6:$M$305,0)),"")) | D53: =IF($B53="","",IFERROR(INDEX(정기주문설정!$D$3:$D$302,MATCH("R"&48,주문생성!$M$6:$M$305,0)),"")) | E53: =IF($B53="","",IFERROR(INDEX(정기주문설정!$E$3:$E$302,MATCH("R"&48,주문생성!$M$6:$M$305,0)),"")) | F53: =IF($B53="","",IFERROR(INDEX(정기주문설정!$F$3:$F$302,MATCH("R"&48,주문생성!$M$6:$M$305,0)),"")) | G53: =IF($B53="","",IFERROR(INDEX(정기주문설정!$G$3:$G$302,MATCH("R"&48,주문생성!$M$6:$M$305,0)),"")) | H53: =IF($B53="","",IFERROR(INDEX(정기주문설정!$H$3:$H$302,MATCH("R"&48,주문생성!$M$6:$M$305,0)),"")) | I53: =IF($B53="","",ROUND($G53*$H53,0)) | K53: =IF(정기주문설정!$B50="",FALSE(),IF(정기주문설정!$M50="중지",FALSE(),IF(정기주문설정!$L50<>"",IF($B$3<정기주문설정!$L50,FALSE(),IF(정기주문설정!$I50="매일",TRUE(),IF(정기주문설정!$I50="매주",(WEEKDAY($B$3)=IFERROR(MATCH(정기주문설정!$J50,정기주문설정!$O$3:$O$9,0),0)),IF(정기주문설정!$I50="격주",AND((WEEKDAY($B$3)=IFERROR(MATCH(정기주문설정!$J50,정기주문설정!$O$3:$O$9,0),0)),MOD(INT(($B$3-정기주문설정!$L50)/7),2)=0),IF(정기주문설정!$I50="매월",DAY($B$3)=정기주문설정!$K50,FALSE()))))),IF(정기주문설정!$I50="매일",TRUE(),IF(정기주문설정!$I50="매주",(WEEKDAY($B$3)=IFERROR(MATCH(정기주문설정!$J50,정기주문설정!$O$3:$O$9,0),0)),IF(정기주문설정!$I50="매월",DAY($B$3)=정기주문설정!$K50,FALSE())))))) -> FALSE | L53: =IF($K53=FALSE(),"",COUNTIF($K$6:$K53,TRUE())) | M53: =IF($L53="","","R"&$L53)
A54: =IF($C54="","",$B$3) | B54: =IFERROR(INDEX(정기주문설정!$B$3:$B$302,MATCH("R"&49,주문생성!$M$6:$M$305,0)),"") | C54: =IF($B54="","",IFERROR(INDEX(정기주문설정!$C$3:$C$302,MATCH("R"&49,주문생성!$M$6:$M$305,0)),"")) | D54: =IF($B54="","",IFERROR(INDEX(정기주문설정!$D$3:$D$302,MATCH("R"&49,주문생성!$M$6:$M$305,0)),"")) | E54: =IF($B54="","",IFERROR(INDEX(정기주문설정!$E$3:$E$302,MATCH("R"&49,주문생성!$M$6:$M$305,0)),"")) | F54: =IF($B54="","",IFERROR(INDEX(정기주문설정!$F$3:$F$302,MATCH("R"&49,주문생성!$M$6:$M$305,0)),"")) | G54: =IF($B54="","",IFERROR(INDEX(정기주문설정!$G$3:$G$302,MATCH("R"&49,주문생성!$M$6:$M$305,0)),"")) | H54: =IF($B54="","",IFERROR(INDEX(정기주문설정!$H$3:$H$302,MATCH("R"&49,주문생성!$M$6:$M$305,0)),"")) | I54: =IF($B54="","",ROUND($G54*$H54,0)) | K54: =IF(정기주문설정!$B51="",FALSE(),IF(정기주문설정!$M51="중지",FALSE(),IF(정기주문설정!$L51<>"",IF($B$3<정기주문설정!$L51,FALSE(),IF(정기주문설정!$I51="매일",TRUE(),IF(정기주문설정!$I51="매주",(WEEKDAY($B$3)=IFERROR(MATCH(정기주문설정!$J51,정기주문설정!$O$3:$O$9,0),0)),IF(정기주문설정!$I51="격주",AND((WEEKDAY($B$3)=IFERROR(MATCH(정기주문설정!$J51,정기주문설정!$O$3:$O$9,0),0)),MOD(INT(($B$3-정기주문설정!$L51)/7),2)=0),IF(정기주문설정!$I51="매월",DAY($B$3)=정기주문설정!$K51,FALSE()))))),IF(정기주문설정!$I51="매일",TRUE(),IF(정기주문설정!$I51="매주",(WEEKDAY($B$3)=IFERROR(MATCH(정기주문설정!$J51,정기주문설정!$O$3:$O$9,0),0)),IF(정기주문설정!$I51="매월",DAY($B$3)=정기주문설정!$K51,FALSE())))))) -> FALSE | L54: =IF($K54=FALSE(),"",COUNTIF($K$6:$K54,TRUE())) | M54: =IF($L54="","","R"&$L54)
A55: =IF($C55="","",$B$3) | B55: =IFERROR(INDEX(정기주문설정!$B$3:$B$302,MATCH("R"&50,주문생성!$M$6:$M$305,0)),"") | C55: =IF($B55="","",IFERROR(INDEX(정기주문설정!$C$3:$C$302,MATCH("R"&50,주문생성!$M$6:$M$305,0)),"")) | D55: =IF($B55="","",IFERROR(INDEX(정기주문설정!$D$3:$D$302,MATCH("R"&50,주문생성!$M$6:$M$305,0)),"")) | E55: =IF($B55="","",IFERROR(INDEX(정기주문설정!$E$3:$E$302,MATCH("R"&50,주문생성!$M$6:$M$305,0)),"")) | F55: =IF($B55="","",IFERROR(INDEX(정기주문설정!$F$3:$F$302,MATCH("R"&50,주문생성!$M$6:$M$305,0)),"")) | G55: =IF($B55="","",IFERROR(INDEX(정기주문설정!$G$3:$G$302,MATCH("R"&50,주문생성!$M$6:$M$305,0)),"")) | H55: =IF($B55="","",IFERROR(INDEX(정기주문설정!$H$3:$H$302,MATCH("R"&50,주문생성!$M$6:$M$305,0)),"")) | I55: =IF($B55="","",ROUND($G55*$H55,0)) | K55: =IF(정기주문설정!$B52="",FALSE(),IF(정기주문설정!$M52="중지",FALSE(),IF(정기주문설정!$L52<>"",IF($B$3<정기주문설정!$L52,FALSE(),IF(정기주문설정!$I52="매일",TRUE(),IF(정기주문설정!$I52="매주",(WEEKDAY($B$3)=IFERROR(MATCH(정기주문설정!$J52,정기주문설정!$O$3:$O$9,0),0)),IF(정기주문설정!$I52="격주",AND((WEEKDAY($B$3)=IFERROR(MATCH(정기주문설정!$J52,정기주문설정!$O$3:$O$9,0),0)),MOD(INT(($B$3-정기주문설정!$L52)/7),2)=0),IF(정기주문설정!$I52="매월",DAY($B$3)=정기주문설정!$K52,FALSE()))))),IF(정기주문설정!$I52="매일",TRUE(),IF(정기주문설정!$I52="매주",(WEEKDAY($B$3)=IFERROR(MATCH(정기주문설정!$J52,정기주문설정!$O$3:$O$9,0),0)),IF(정기주문설정!$I52="매월",DAY($B$3)=정기주문설정!$K52,FALSE())))))) -> FALSE | L55: =IF($K55=FALSE(),"",COUNTIF($K$6:$K55,TRUE())) | M55: =IF($L55="","","R"&$L55)
A56: =IF($C56="","",$B$3) | B56: =IFERROR(INDEX(정기주문설정!$B$3:$B$302,MATCH("R"&51,주문생성!$M$6:$M$305,0)),"") | C56: =IF($B56="","",IFERROR(INDEX(정기주문설정!$C$3:$C$302,MATCH("R"&51,주문생성!$M$6:$M$305,0)),"")) | D56: =IF($B56="","",IFERROR(INDEX(정기주문설정!$D$3:$D$302,MATCH("R"&51,주문생성!$M$6:$M$305,0)),"")) | E56: =IF($B56="","",IFERROR(INDEX(정기주문설정!$E$3:$E$302,MATCH("R"&51,주문생성!$M$6:$M$305,0)),"")) | F56: =IF($B56="","",IFERROR(INDEX(정기주문설정!$F$3:$F$302,MATCH("R"&51,주문생성!$M$6:$M$305,0)),"")) | G56: =IF($B56="","",IFERROR(INDEX(정기주문설정!$G$3:$G$302,MATCH("R"&51,주문생성!$M$6:$M$305,0)),"")) | H56: =IF($B56="","",IFERROR(INDEX(정기주문설정!$H$3:$H$302,MATCH("R"&51,주문생성!$M$6:$M$305,0)),"")) | I56: =IF($B56="","",ROUND($G56*$H56,0)) | K56: =IF(정기주문설정!$B53="",FALSE(),IF(정기주문설정!$M53="중지",FALSE(),IF(정기주문설정!$L53<>"",IF($B$3<정기주문설정!$L53,FALSE(),IF(정기주문설정!$I53="매일",TRUE(),IF(정기주문설정!$I53="매주",(WEEKDAY($B$3)=IFERROR(MATCH(정기주문설정!$J53,정기주문설정!$O$3:$O$9,0),0)),IF(정기주문설정!$I53="격주",AND((WEEKDAY($B$3)=IFERROR(MATCH(정기주문설정!$J53,정기주문설정!$O$3:$O$9,0),0)),MOD(INT(($B$3-정기주문설정!$L53)/7),2)=0),IF(정기주문설정!$I53="매월",DAY($B$3)=정기주문설정!$K53,FALSE()))))),IF(정기주문설정!$I53="매일",TRUE(),IF(정기주문설정!$I53="매주",(WEEKDAY($B$3)=IFERROR(MATCH(정기주문설정!$J53,정기주문설정!$O$3:$O$9,0),0)),IF(정기주문설정!$I53="매월",DAY($B$3)=정기주문설정!$K53,FALSE())))))) -> FALSE | L56: =IF($K56=FALSE(),"",COUNTIF($K$6:$K56,TRUE())) | M56: =IF($L56="","","R"&$L56)
A57: =IF($C57="","",$B$3) | B57: =IFERROR(INDEX(정기주문설정!$B$3:$B$302,MATCH("R"&52,주문생성!$M$6:$M$305,0)),"") | C57: =IF($B57="","",IFERROR(INDEX(정기주문설정!$C$3:$C$302,MATCH("R"&52,주문생성!$M$6:$M$305,0)),"")) | D57: =IF($B57="","",IFERROR(INDEX(정기주문설정!$D$3:$D$302,MATCH("R"&52,주문생성!$M$6:$M$305,0)),"")) | E57: =IF($B57="","",IFERROR(INDEX(정기주문설정!$E$3:$E$302,MATCH("R"&52,주문생성!$M$6:$M$305,0)),"")) | F57: =IF($B57="","",IFERROR(INDEX(정기주문설정!$F$3:$F$302,MATCH("R"&52,주문생성!$M$6:$M$305,0)),"")) | G57: =IF($B57="","",IFERROR(INDEX(정기주문설정!$G$3:$G$302,MATCH("R"&52,주문생성!$M$6:$M$305,0)),"")) | H57: =IF($B57="","",IFERROR(INDEX(정기주문설정!$H$3:$H$302,MATCH("R"&52,주문생성!$M$6:$M$305,0)),"")) | I57: =IF($B57="","",ROUND($G57*$H57,0)) | K57: =IF(정기주문설정!$B54="",FALSE(),IF(정기주문설정!$M54="중지",FALSE(),IF(정기주문설정!$L54<>"",IF($B$3<정기주문설정!$L54,FALSE(),IF(정기주문설정!$I54="매일",TRUE(),IF(정기주문설정!$I54="매주",(WEEKDAY($B$3)=IFERROR(MATCH(정기주문설정!$J54,정기주문설정!$O$3:$O$9,0),0)),IF(정기주문설정!$I54="격주",AND((WEEKDAY($B$3)=IFERROR(MATCH(정기주문설정!$J54,정기주문설정!$O$3:$O$9,0),0)),MOD(INT(($B$3-정기주문설정!$L54)/7),2)=0),IF(정기주문설정!$I54="매월",DAY($B$3)=정기주문설정!$K54,FALSE()))))),IF(정기주문설정!$I54="매일",TRUE(),IF(정기주문설정!$I54="매주",(WEEKDAY($B$3)=IFERROR(MATCH(정기주문설정!$J54,정기주문설정!$O$3:$O$9,0),0)),IF(정기주문설정!$I54="매월",DAY($B$3)=정기주문설정!$K54,FALSE())))))) -> FALSE | L57: =IF($K57=FALSE(),"",COUNTIF($K$6:$K57,TRUE())) | M57: =IF($L57="","","R"&$L57)
A58: =IF($C58="","",$B$3) | B58: =IFERROR(INDEX(정기주문설정!$B$3:$B$302,MATCH("R"&53,주문생성!$M$6:$M$305,0)),"") | C58: =IF($B58="","",IFERROR(INDEX(정기주문설정!$C$3:$C$302,MATCH("R"&53,주문생성!$M$6:$M$305,0)),"")) | D58: =IF($B58="","",IFERROR(INDEX(정기주문설정!$D$3:$D$302,MATCH("R"&53,주문생성!$M$6:$M$305,0)),"")) | E58: =IF($B58="","",IFERROR(INDEX(정기주문설정!$E$3:$E$302,MATCH("R"&53,주문생성!$M$6:$M$305,0)),"")) | F58: =IF($B58="","",IFERROR(INDEX(정기주문설정!$F$3:$F$302,MATCH("R"&53,주문생성!$M$6:$M$305,0)),"")) | G58: =IF($B58="","",IFERROR(INDEX(정기주문설정!$G$3:$G$302,MATCH("R"&53,주문생성!$M$6:$M$305,0)),"")) | H58: =IF($B58="","",IFERROR(INDEX(정기주문설정!$H$3:$H$302,MATCH("R"&53,주문생성!$M$6:$M$305,0)),"")) | I58: =IF($B58="","",ROUND($G58*$H58,0)) | K58: =IF(정기주문설정!$B55="",FALSE(),IF(정기주문설정!$M55="중지",FALSE(),IF(정기주문설정!$L55<>"",IF($B$3<정기주문설정!$L55,FALSE(),IF(정기주문설정!$I55="매일",TRUE(),IF(정기주문설정!$I55="매주",(WEEKDAY($B$3)=IFERROR(MATCH(정기주문설정!$J55,정기주문설정!$O$3:$O$9,0),0)),IF(정기주문설정!$I55="격주",AND((WEEKDAY($B$3)=IFERROR(MATCH(정기주문설정!$J55,정기주문설정!$O$3:$O$9,0),0)),MOD(INT(($B$3-정기주문설정!$L55)/7),2)=0),IF(정기주문설정!$I55="매월",DAY($B$3)=정기주문설정!$K55,FALSE()))))),IF(정기주문설정!$I55="매일",TRUE(),IF(정기주문설정!$I55="매주",(WEEKDAY($B$3)=IFERROR(MATCH(정기주문설정!$J55,정기주문설정!$O$3:$O$9,0),0)),IF(정기주문설정!$I55="매월",DAY($B$3)=정기주문설정!$K55,FALSE())))))) -> FALSE | L58: =IF($K58=FALSE(),"",COUNTIF($K$6:$K58,TRUE())) | M58: =IF($L58="","","R"&$L58)
A59: =IF($C59="","",$B$3) | B59: =IFERROR(INDEX(정기주문설정!$B$3:$B$302,MATCH("R"&54,주문생성!$M$6:$M$305,0)),"") | C59: =IF($B59="","",IFERROR(INDEX(정기주문설정!$C$3:$C$302,MATCH("R"&54,주문생성!$M$6:$M$305,0)),"")) | D59: =IF($B59="","",IFERROR(INDEX(정기주문설정!$D$3:$D$302,MATCH("R"&54,주문생성!$M$6:$M$305,0)),"")) | E59: =IF($B59="","",IFERROR(INDEX(정기주문설정!$E$3:$E$302,MATCH("R"&54,주문생성!$M$6:$M$305,0)),"")) | F59: =IF($B59="","",IFERROR(INDEX(정기주문설정!$F$3:$F$302,MATCH("R"&54,주문생성!$M$6:$M$305,0)),"")) | G59: =IF($B59="","",IFERROR(INDEX(정기주문설정!$G$3:$G$302,MATCH("R"&54,주문생성!$M$6:$M$305,0)),"")) | H59: =IF($B59="","",IFERROR(INDEX(정기주문설정!$H$3:$H$302,MATCH("R"&54,주문생성!$M$6:$M$305,0)),"")) | I59: =IF($B59="","",ROUND($G59*$H59,0)) | K59: =IF(정기주문설정!$B56="",FALSE(),IF(정기주문설정!$M56="중지",FALSE(),IF(정기주문설정!$L56<>"",IF($B$3<정기주문설정!$L56,FALSE(),IF(정기주문설정!$I56="매일",TRUE(),IF(정기주문설정!$I56="매주",(WEEKDAY($B$3)=IFERROR(MATCH(정기주문설정!$J56,정기주문설정!$O$3:$O$9,0),0)),IF(정기주문설정!$I56="격주",AND((WEEKDAY($B$3)=IFERROR(MATCH(정기주문설정!$J56,정기주문설정!$O$3:$O$9,0),0)),MOD(INT(($B$3-정기주문설정!$L56)/7),2)=0),IF(정기주문설정!$I56="매월",DAY($B$3)=정기주문설정!$K56,FALSE()))))),IF(정기주문설정!$I56="매일",TRUE(),IF(정기주문설정!$I56="매주",(WEEKDAY($B$3)=IFERROR(MATCH(정기주문설정!$J56,정기주문설정!$O$3:$O$9,0),0)),IF(정기주문설정!$I56="매월",DAY($B$3)=정기주문설정!$K56,FALSE())))))) -> FALSE | L59: =IF($K59=FALSE(),"",COUNTIF($K$6:$K59,TRUE())) | M59: =IF($L59="","","R"&$L59)
A60: =IF($C60="","",$B$3) | B60: =IFERROR(INDEX(정기주문설정!$B$3:$B$302,MATCH("R"&55,주문생성!$M$6:$M$305,0)),"") | C60: =IF($B60="","",IFERROR(INDEX(정기주문설정!$C$3:$C$302,MATCH("R"&55,주문생성!$M$6:$M$305,0)),"")) | D60: =IF($B60="","",IFERROR(INDEX(정기주문설정!$D$3:$D$302,MATCH("R"&55,주문생성!$M$6:$M$305,0)),"")) | E60: =IF($B60="","",IFERROR(INDEX(정기주문설정!$E$3:$E$302,MATCH("R"&55,주문생성!$M$6:$M$305,0)),"")) | F60: =IF($B60="","",IFERROR(INDEX(정기주문설정!$F$3:$F$302,MATCH("R"&55,주문생성!$M$6:$M$305,0)),"")) | G60: =IF($B60="","",IFERROR(INDEX(정기주문설정!$G$3:$G$302,MATCH("R"&55,주문생성!$M$6:$M$305,0)),"")) | H60: =IF($B60="","",IFERROR(INDEX(정기주문설정!$H$3:$H$302,MATCH("R"&55,주문생성!$M$6:$M$305,0)),"")) | I60: =IF($B60="","",ROUND($G60*$H60,0)) | K60: =IF(정기주문설정!$B57="",FALSE(),IF(정기주문설정!$M57="중지",FALSE(),IF(정기주문설정!$L57<>"",IF($B$3<정기주문설정!$L57,FALSE(),IF(정기주문설정!$I57="매일",TRUE(),IF(정기주문설정!$I57="매주",(WEEKDAY($B$3)=IFERROR(MATCH(정기주문설정!$J57,정기주문설정!$O$3:$O$9,0),0)),IF(정기주문설정!$I57="격주",AND((WEEKDAY($B$3)=IFERROR(MATCH(정기주문설정!$J57,정기주문설정!$O$3:$O$9,0),0)),MOD(INT(($B$3-정기주문설정!$L57)/7),2)=0),IF(정기주문설정!$I57="매월",DAY($B$3)=정기주문설정!$K57,FALSE()))))),IF(정기주문설정!$I57="매일",TRUE(),IF(정기주문설정!$I57="매주",(WEEKDAY($B$3)=IFERROR(MATCH(정기주문설정!$J57,정기주문설정!$O$3:$O$9,0),0)),IF(정기주문설정!$I57="매월",DAY($B$3)=정기주문설정!$K57,FALSE())))))) -> FALSE | L60: =IF($K60=FALSE(),"",COUNTIF($K$6:$K60,TRUE())) | M60: =IF($L60="","","R"&$L60)
A61: =IF($C61="","",$B$3) | B61: =IFERROR(INDEX(정기주문설정!$B$3:$B$302,MATCH("R"&56,주문생성!$M$6:$M$305,0)),"") | C61: =IF($B61="","",IFERROR(INDEX(정기주문설정!$C$3:$C$302,MATCH("R"&56,주문생성!$M$6:$M$305,0)),"")) | D61: =IF($B61="","",IFERROR(INDEX(정기주문설정!$D$3:$D$302,MATCH("R"&56,주문생성!$M$6:$M$305,0)),"")) | E61: =IF($B61="","",IFERROR(INDEX(정기주문설정!$E$3:$E$302,MATCH("R"&56,주문생성!$M$6:$M$305,0)),"")) | F61: =IF($B61="","",IFERROR(INDEX(정기주문설정!$F$3:$F$302,MATCH("R"&56,주문생성!$M$6:$M$305,0)),"")) | G61: =IF($B61="","",IFERROR(INDEX(정기주문설정!$G$3:$G$302,MATCH("R"&56,주문생성!$M$6:$M$305,0)),"")) | H61: =IF($B61="","",IFERROR(INDEX(정기주문설정!$H$3:$H$302,MATCH("R"&56,주문생성!$M$6:$M$305,0)),"")) | I61: =IF($B61="","",ROUND($G61*$H61,0)) | K61: =IF(정기주문설정!$B58="",FALSE(),IF(정기주문설정!$M58="중지",FALSE(),IF(정기주문설정!$L58<>"",IF($B$3<정기주문설정!$L58,FALSE(),IF(정기주문설정!$I58="매일",TRUE(),IF(정기주문설정!$I58="매주",(WEEKDAY($B$3)=IFERROR(MATCH(정기주문설정!$J58,정기주문설정!$O$3:$O$9,0),0)),IF(정기주문설정!$I58="격주",AND((WEEKDAY($B$3)=IFERROR(MATCH(정기주문설정!$J58,정기주문설정!$O$3:$O$9,0),0)),MOD(INT(($B$3-정기주문설정!$L58)/7),2)=0),IF(정기주문설정!$I58="매월",DAY($B$3)=정기주문설정!$K58,FALSE()))))),IF(정기주문설정!$I58="매일",TRUE(),IF(정기주문설정!$I58="매주",(WEEKDAY($B$3)=IFERROR(MATCH(정기주문설정!$J58,정기주문설정!$O$3:$O$9,0),0)),IF(정기주문설정!$I58="매월",DAY($B$3)=정기주문설정!$K58,FALSE())))))) -> FALSE | L61: =IF($K61=FALSE(),"",COUNTIF($K$6:$K61,TRUE())) | M61: =IF($L61="","","R"&$L61)
A62: =IF($C62="","",$B$3) | B62: =IFERROR(INDEX(정기주문설정!$B$3:$B$302,MATCH("R"&57,주문생성!$M$6:$M$305,0)),"") | C62: =IF($B62="","",IFERROR(INDEX(정기주문설정!$C$3:$C$302,MATCH("R"&57,주문생성!$M$6:$M$305,0)),"")) | D62: =IF($B62="","",IFERROR(INDEX(정기주문설정!$D$3:$D$302,MATCH("R"&57,주문생성!$M$6:$M$305,0)),"")) | E62: =IF($B62="","",IFERROR(INDEX(정기주문설정!$E$3:$E$302,MATCH("R"&57,주문생성!$M$6:$M$305,0)),"")) | F62: =IF($B62="","",IFERROR(INDEX(정기주문설정!$F$3:$F$302,MATCH("R"&57,주문생성!$M$6:$M$305,0)),"")) | G62: =IF($B62="","",IFERROR(INDEX(정기주문설정!$G$3:$G$302,MATCH("R"&57,주문생성!$M$6:$M$305,0)),"")) | H62: =IF($B62="","",IFERROR(INDEX(정기주문설정!$H$3:$H$302,MATCH("R"&57,주문생성!$M$6:$M$305,0)),"")) | I62: =IF($B62="","",ROUND($G62*$H62,0)) | K62: =IF(정기주문설정!$B59="",FALSE(),IF(정기주문설정!$M59="중지",FALSE(),IF(정기주문설정!$L59<>"",IF($B$3<정기주문설정!$L59,FALSE(),IF(정기주문설정!$I59="매일",TRUE(),IF(정기주문설정!$I59="매주",(WEEKDAY($B$3)=IFERROR(MATCH(정기주문설정!$J59,정기주문설정!$O$3:$O$9,0),0)),IF(정기주문설정!$I59="격주",AND((WEEKDAY($B$3)=IFERROR(MATCH(정기주문설정!$J59,정기주문설정!$O$3:$O$9,0),0)),MOD(INT(($B$3-정기주문설정!$L59)/7),2)=0),IF(정기주문설정!$I59="매월",DAY($B$3)=정기주문설정!$K59,FALSE()))))),IF(정기주문설정!$I59="매일",TRUE(),IF(정기주문설정!$I59="매주",(WEEKDAY($B$3)=IFERROR(MATCH(정기주문설정!$J59,정기주문설정!$O$3:$O$9,0),0)),IF(정기주문설정!$I59="매월",DAY($B$3)=정기주문설정!$K59,FALSE())))))) -> FALSE | L62: =IF($K62=FALSE(),"",COUNTIF($K$6:$K62,TRUE())) | M62: =IF($L62="","","R"&$L62)
A63: =IF($C63="","",$B$3) | B63: =IFERROR(INDEX(정기주문설정!$B$3:$B$302,MATCH("R"&58,주문생성!$M$6:$M$305,0)),"") | C63: =IF($B63="","",IFERROR(INDEX(정기주문설정!$C$3:$C$302,MATCH("R"&58,주문생성!$M$6:$M$305,0)),"")) | D63: =IF($B63="","",IFERROR(INDEX(정기주문설정!$D$3:$D$302,MATCH("R"&58,주문생성!$M$6:$M$305,0)),"")) | E63: =IF($B63="","",IFERROR(INDEX(정기주문설정!$E$3:$E$302,MATCH("R"&58,주문생성!$M$6:$M$305,0)),"")) | F63: =IF($B63="","",IFERROR(INDEX(정기주문설정!$F$3:$F$302,MATCH("R"&58,주문생성!$M$6:$M$305,0)),"")) | G63: =IF($B63="","",IFERROR(INDEX(정기주문설정!$G$3:$G$302,MATCH("R"&58,주문생성!$M$6:$M$305,0)),"")) | H63: =IF($B63="","",IFERROR(INDEX(정기주문설정!$H$3:$H$302,MATCH("R"&58,주문생성!$M$6:$M$305,0)),"")) | I63: =IF($B63="","",ROUND($G63*$H63,0)) | K63: =IF(정기주문설정!$B60="",FALSE(),IF(정기주문설정!$M60="중지",FALSE(),IF(정기주문설정!$L60<>"",IF($B$3<정기주문설정!$L60,FALSE(),IF(정기주문설정!$I60="매일",TRUE(),IF(정기주문설정!$I60="매주",(WEEKDAY($B$3)=IFERROR(MATCH(정기주문설정!$J60,정기주문설정!$O$3:$O$9,0),0)),IF(정기주문설정!$I60="격주",AND((WEEKDAY($B$3)=IFERROR(MATCH(정기주문설정!$J60,정기주문설정!$O$3:$O$9,0),0)),MOD(INT(($B$3-정기주문설정!$L60)/7),2)=0),IF(정기주문설정!$I60="매월",DAY($B$3)=정기주문설정!$K60,FALSE()))))),IF(정기주문설정!$I60="매일",TRUE(),IF(정기주문설정!$I60="매주",(WEEKDAY($B$3)=IFERROR(MATCH(정기주문설정!$J60,정기주문설정!$O$3:$O$9,0),0)),IF(정기주문설정!$I60="매월",DAY($B$3)=정기주문설정!$K60,FALSE())))))) -> FALSE | L63: =IF($K63=FALSE(),"",COUNTIF($K$6:$K63,TRUE())) | M63: =IF($L63="","","R"&$L63)
A64: =IF($C64="","",$B$3) | B64: =IFERROR(INDEX(정기주문설정!$B$3:$B$302,MATCH("R"&59,주문생성!$M$6:$M$305,0)),"") | C64: =IF($B64="","",IFERROR(INDEX(정기주문설정!$C$3:$C$302,MATCH("R"&59,주문생성!$M$6:$M$305,0)),"")) | D64: =IF($B64="","",IFERROR(INDEX(정기주문설정!$D$3:$D$302,MATCH("R"&59,주문생성!$M$6:$M$305,0)),"")) | E64: =IF($B64="","",IFERROR(INDEX(정기주문설정!$E$3:$E$302,MATCH("R"&59,주문생성!$M$6:$M$305,0)),"")) | F64: =IF($B64="","",IFERROR(INDEX(정기주문설정!$F$3:$F$302,MATCH("R"&59,주문생성!$M$6:$M$305,0)),"")) | G64: =IF($B64="","",IFERROR(INDEX(정기주문설정!$G$3:$G$302,MATCH("R"&59,주문생성!$M$6:$M$305,0)),"")) | H64: =IF($B64="","",IFERROR(INDEX(정기주문설정!$H$3:$H$302,MATCH("R"&59,주문생성!$M$6:$M$305,0)),"")) | I64: =IF($B64="","",ROUND($G64*$H64,0)) | K64: =IF(정기주문설정!$B61="",FALSE(),IF(정기주문설정!$M61="중지",FALSE(),IF(정기주문설정!$L61<>"",IF($B$3<정기주문설정!$L61,FALSE(),IF(정기주문설정!$I61="매일",TRUE(),IF(정기주문설정!$I61="매주",(WEEKDAY($B$3)=IFERROR(MATCH(정기주문설정!$J61,정기주문설정!$O$3:$O$9,0),0)),IF(정기주문설정!$I61="격주",AND((WEEKDAY($B$3)=IFERROR(MATCH(정기주문설정!$J61,정기주문설정!$O$3:$O$9,0),0)),MOD(INT(($B$3-정기주문설정!$L61)/7),2)=0),IF(정기주문설정!$I61="매월",DAY($B$3)=정기주문설정!$K61,FALSE()))))),IF(정기주문설정!$I61="매일",TRUE(),IF(정기주문설정!$I61="매주",(WEEKDAY($B$3)=IFERROR(MATCH(정기주문설정!$J61,정기주문설정!$O$3:$O$9,0),0)),IF(정기주문설정!$I61="매월",DAY($B$3)=정기주문설정!$K61,FALSE())))))) -> FALSE | L64: =IF($K64=FALSE(),"",COUNTIF($K$6:$K64,TRUE())) | M64: =IF($L64="","","R"&$L64)
A65: =IF($C65="","",$B$3) | B65: =IFERROR(INDEX(정기주문설정!$B$3:$B$302,MATCH("R"&60,주문생성!$M$6:$M$305,0)),"") | C65: =IF($B65="","",IFERROR(INDEX(정기주문설정!$C$3:$C$302,MATCH("R"&60,주문생성!$M$6:$M$305,0)),"")) | D65: =IF($B65="","",IFERROR(INDEX(정기주문설정!$D$3:$D$302,MATCH("R"&60,주문생성!$M$6:$M$305,0)),"")) | E65: =IF($B65="","",IFERROR(INDEX(정기주문설정!$E$3:$E$302,MATCH("R"&60,주문생성!$M$6:$M$305,0)),"")) | F65: =IF($B65="","",IFERROR(INDEX(정기주문설정!$F$3:$F$302,MATCH("R"&60,주문생성!$M$6:$M$305,0)),"")) | G65: =IF($B65="","",IFERROR(INDEX(정기주문설정!$G$3:$G$302,MATCH("R"&60,주문생성!$M$6:$M$305,0)),"")) | H65: =IF($B65="","",IFERROR(INDEX(정기주문설정!$H$3:$H$302,MATCH("R"&60,주문생성!$M$6:$M$305,0)),"")) | I65: =IF($B65="","",ROUND($G65*$H65,0)) | K65: =IF(정기주문설정!$B62="",FALSE(),IF(정기주문설정!$M62="중지",FALSE(),IF(정기주문설정!$L62<>"",IF($B$3<정기주문설정!$L62,FALSE(),IF(정기주문설정!$I62="매일",TRUE(),IF(정기주문설정!$I62="매주",(WEEKDAY($B$3)=IFERROR(MATCH(정기주문설정!$J62,정기주문설정!$O$3:$O$9,0),0)),IF(정기주문설정!$I62="격주",AND((WEEKDAY($B$3)=IFERROR(MATCH(정기주문설정!$J62,정기주문설정!$O$3:$O$9,0),0)),MOD(INT(($B$3-정기주문설정!$L62)/7),2)=0),IF(정기주문설정!$I62="매월",DAY($B$3)=정기주문설정!$K62,FALSE()))))),IF(정기주문설정!$I62="매일",TRUE(),IF(정기주문설정!$I62="매주",(WEEKDAY($B$3)=IFERROR(MATCH(정기주문설정!$J62,정기주문설정!$O$3:$O$9,0),0)),IF(정기주문설정!$I62="매월",DAY($B$3)=정기주문설정!$K62,FALSE())))))) -> FALSE | L65: =IF($K65=FALSE(),"",COUNTIF($K$6:$K65,TRUE())) | M65: =IF($L65="","","R"&$L65)
A66: =IF($C66="","",$B$3) | B66: =IFERROR(INDEX(정기주문설정!$B$3:$B$302,MATCH("R"&61,주문생성!$M$6:$M$305,0)),"") | C66: =IF($B66="","",IFERROR(INDEX(정기주문설정!$C$3:$C$302,MATCH("R"&61,주문생성!$M$6:$M$305,0)),"")) | D66: =IF($B66="","",IFERROR(INDEX(정기주문설정!$D$3:$D$302,MATCH("R"&61,주문생성!$M$6:$M$305,0)),"")) | E66: =IF($B66="","",IFERROR(INDEX(정기주문설정!$E$3:$E$302,MATCH("R"&61,주문생성!$M$6:$M$305,0)),"")) | F66: =IF($B66="","",IFERROR(INDEX(정기주문설정!$F$3:$F$302,MATCH("R"&61,주문생성!$M$6:$M$305,0)),"")) | G66: =IF($B66="","",IFERROR(INDEX(정기주문설정!$G$3:$G$302,MATCH("R"&61,주문생성!$M$6:$M$305,0)),"")) | H66: =IF($B66="","",IFERROR(INDEX(정기주문설정!$H$3:$H$302,MATCH("R"&61,주문생성!$M$6:$M$305,0)),"")) | I66: =IF($B66="","",ROUND($G66*$H66,0)) | K66: =IF(정기주문설정!$B63="",FALSE(),IF(정기주문설정!$M63="중지",FALSE(),IF(정기주문설정!$L63<>"",IF($B$3<정기주문설정!$L63,FALSE(),IF(정기주문설정!$I63="매일",TRUE(),IF(정기주문설정!$I63="매주",(WEEKDAY($B$3)=IFERROR(MATCH(정기주문설정!$J63,정기주문설정!$O$3:$O$9,0),0)),IF(정기주문설정!$I63="격주",AND((WEEKDAY($B$3)=IFERROR(MATCH(정기주문설정!$J63,정기주문설정!$O$3:$O$9,0),0)),MOD(INT(($B$3-정기주문설정!$L63)/7),2)=0),IF(정기주문설정!$I63="매월",DAY($B$3)=정기주문설정!$K63,FALSE()))))),IF(정기주문설정!$I63="매일",TRUE(),IF(정기주문설정!$I63="매주",(WEEKDAY($B$3)=IFERROR(MATCH(정기주문설정!$J63,정기주문설정!$O$3:$O$9,0),0)),IF(정기주문설정!$I63="매월",DAY($B$3)=정기주문설정!$K63,FALSE())))))) -> FALSE | L66: =IF($K66=FALSE(),"",COUNTIF($K$6:$K66,TRUE())) | M66: =IF($L66="","","R"&$L66)
A67: =IF($C67="","",$B$3) | B67: =IFERROR(INDEX(정기주문설정!$B$3:$B$302,MATCH("R"&62,주문생성!$M$6:$M$305,0)),"") | C67: =IF($B67="","",IFERROR(INDEX(정기주문설정!$C$3:$C$302,MATCH("R"&62,주문생성!$M$6:$M$305,0)),"")) | D67: =IF($B67="","",IFERROR(INDEX(정기주문설정!$D$3:$D$302,MATCH("R"&62,주문생성!$M$6:$M$305,0)),"")) | E67: =IF($B67="","",IFERROR(INDEX(정기주문설정!$E$3:$E$302,MATCH("R"&62,주문생성!$M$6:$M$305,0)),"")) | F67: =IF($B67="","",IFERROR(INDEX(정기주문설정!$F$3:$F$302,MATCH("R"&62,주문생성!$M$6:$M$305,0)),"")) | G67: =IF($B67="","",IFERROR(INDEX(정기주문설정!$G$3:$G$302,MATCH("R"&62,주문생성!$M$6:$M$305,0)),"")) | H67: =IF($B67="","",IFERROR(INDEX(정기주문설정!$H$3:$H$302,MATCH("R"&62,주문생성!$M$6:$M$305,0)),"")) | I67: =IF($B67="","",ROUND($G67*$H67,0)) | K67: =IF(정기주문설정!$B64="",FALSE(),IF(정기주문설정!$M64="중지",FALSE(),IF(정기주문설정!$L64<>"",IF($B$3<정기주문설정!$L64,FALSE(),IF(정기주문설정!$I64="매일",TRUE(),IF(정기주문설정!$I64="매주",(WEEKDAY($B$3)=IFERROR(MATCH(정기주문설정!$J64,정기주문설정!$O$3:$O$9,0),0)),IF(정기주문설정!$I64="격주",AND((WEEKDAY($B$3)=IFERROR(MATCH(정기주문설정!$J64,정기주문설정!$O$3:$O$9,0),0)),MOD(INT(($B$3-정기주문설정!$L64)/7),2)=0),IF(정기주문설정!$I64="매월",DAY($B$3)=정기주문설정!$K64,FALSE()))))),IF(정기주문설정!$I64="매일",TRUE(),IF(정기주문설정!$I64="매주",(WEEKDAY($B$3)=IFERROR(MATCH(정기주문설정!$J64,정기주문설정!$O$3:$O$9,0),0)),IF(정기주문설정!$I64="매월",DAY($B$3)=정기주문설정!$K64,FALSE())))))) -> FALSE | L67: =IF($K67=FALSE(),"",COUNTIF($K$6:$K67,TRUE())) | M67: =IF($L67="","","R"&$L67)
A68: =IF($C68="","",$B$3) | B68: =IFERROR(INDEX(정기주문설정!$B$3:$B$302,MATCH("R"&63,주문생성!$M$6:$M$305,0)),"") | C68: =IF($B68="","",IFERROR(INDEX(정기주문설정!$C$3:$C$302,MATCH("R"&63,주문생성!$M$6:$M$305,0)),"")) | D68: =IF($B68="","",IFERROR(INDEX(정기주문설정!$D$3:$D$302,MATCH("R"&63,주문생성!$M$6:$M$305,0)),"")) | E68: =IF($B68="","",IFERROR(INDEX(정기주문설정!$E$3:$E$302,MATCH("R"&63,주문생성!$M$6:$M$305,0)),"")) | F68: =IF($B68="","",IFERROR(INDEX(정기주문설정!$F$3:$F$302,MATCH("R"&63,주문생성!$M$6:$M$305,0)),"")) | G68: =IF($B68="","",IFERROR(INDEX(정기주문설정!$G$3:$G$302,MATCH("R"&63,주문생성!$M$6:$M$305,0)),"")) | H68: =IF($B68="","",IFERROR(INDEX(정기주문설정!$H$3:$H$302,MATCH("R"&63,주문생성!$M$6:$M$305,0)),"")) | I68: =IF($B68="","",ROUND($G68*$H68,0)) | K68: =IF(정기주문설정!$B65="",FALSE(),IF(정기주문설정!$M65="중지",FALSE(),IF(정기주문설정!$L65<>"",IF($B$3<정기주문설정!$L65,FALSE(),IF(정기주문설정!$I65="매일",TRUE(),IF(정기주문설정!$I65="매주",(WEEKDAY($B$3)=IFERROR(MATCH(정기주문설정!$J65,정기주문설정!$O$3:$O$9,0),0)),IF(정기주문설정!$I65="격주",AND((WEEKDAY($B$3)=IFERROR(MATCH(정기주문설정!$J65,정기주문설정!$O$3:$O$9,0),0)),MOD(INT(($B$3-정기주문설정!$L65)/7),2)=0),IF(정기주문설정!$I65="매월",DAY($B$3)=정기주문설정!$K65,FALSE()))))),IF(정기주문설정!$I65="매일",TRUE(),IF(정기주문설정!$I65="매주",(WEEKDAY($B$3)=IFERROR(MATCH(정기주문설정!$J65,정기주문설정!$O$3:$O$9,0),0)),IF(정기주문설정!$I65="매월",DAY($B$3)=정기주문설정!$K65,FALSE())))))) -> FALSE | L68: =IF($K68=FALSE(),"",COUNTIF($K$6:$K68,TRUE())) | M68: =IF($L68="","","R"&$L68)
A69: =IF($C69="","",$B$3) | B69: =IFERROR(INDEX(정기주문설정!$B$3:$B$302,MATCH("R"&64,주문생성!$M$6:$M$305,0)),"") | C69: =IF($B69="","",IFERROR(INDEX(정기주문설정!$C$3:$C$302,MATCH("R"&64,주문생성!$M$6:$M$305,0)),"")) | D69: =IF($B69="","",IFERROR(INDEX(정기주문설정!$D$3:$D$302,MATCH("R"&64,주문생성!$M$6:$M$305,0)),"")) | E69: =IF($B69="","",IFERROR(INDEX(정기주문설정!$E$3:$E$302,MATCH("R"&64,주문생성!$M$6:$M$305,0)),"")) | F69: =IF($B69="","",IFERROR(INDEX(정기주문설정!$F$3:$F$302,MATCH("R"&64,주문생성!$M$6:$M$305,0)),"")) | G69: =IF($B69="","",IFERROR(INDEX(정기주문설정!$G$3:$G$302,MATCH("R"&64,주문생성!$M$6:$M$305,0)),"")) | H69: =IF($B69="","",IFERROR(INDEX(정기주문설정!$H$3:$H$302,MATCH("R"&64,주문생성!$M$6:$M$305,0)),"")) | I69: =IF($B69="","",ROUND($G69*$H69,0)) | K69: =IF(정기주문설정!$B66="",FALSE(),IF(정기주문설정!$M66="중지",FALSE(),IF(정기주문설정!$L66<>"",IF($B$3<정기주문설정!$L66,FALSE(),IF(정기주문설정!$I66="매일",TRUE(),IF(정기주문설정!$I66="매주",(WEEKDAY($B$3)=IFERROR(MATCH(정기주문설정!$J66,정기주문설정!$O$3:$O$9,0),0)),IF(정기주문설정!$I66="격주",AND((WEEKDAY($B$3)=IFERROR(MATCH(정기주문설정!$J66,정기주문설정!$O$3:$O$9,0),0)),MOD(INT(($B$3-정기주문설정!$L66)/7),2)=0),IF(정기주문설정!$I66="매월",DAY($B$3)=정기주문설정!$K66,FALSE()))))),IF(정기주문설정!$I66="매일",TRUE(),IF(정기주문설정!$I66="매주",(WEEKDAY($B$3)=IFERROR(MATCH(정기주문설정!$J66,정기주문설정!$O$3:$O$9,0),0)),IF(정기주문설정!$I66="매월",DAY($B$3)=정기주문설정!$K66,FALSE())))))) -> FALSE | L69: =IF($K69=FALSE(),"",COUNTIF($K$6:$K69,TRUE())) | M69: =IF($L69="","","R"&$L69)
A70: =IF($C70="","",$B$3) | B70: =IFERROR(INDEX(정기주문설정!$B$3:$B$302,MATCH("R"&65,주문생성!$M$6:$M$305,0)),"") | C70: =IF($B70="","",IFERROR(INDEX(정기주문설정!$C$3:$C$302,MATCH("R"&65,주문생성!$M$6:$M$305,0)),"")) | D70: =IF($B70="","",IFERROR(INDEX(정기주문설정!$D$3:$D$302,MATCH("R"&65,주문생성!$M$6:$M$305,0)),"")) | E70: =IF($B70="","",IFERROR(INDEX(정기주문설정!$E$3:$E$302,MATCH("R"&65,주문생성!$M$6:$M$305,0)),"")) | F70: =IF($B70="","",IFERROR(INDEX(정기주문설정!$F$3:$F$302,MATCH("R"&65,주문생성!$M$6:$M$305,0)),"")) | G70: =IF($B70="","",IFERROR(INDEX(정기주문설정!$G$3:$G$302,MATCH("R"&65,주문생성!$M$6:$M$305,0)),"")) | H70: =IF($B70="","",IFERROR(INDEX(정기주문설정!$H$3:$H$302,MATCH("R"&65,주문생성!$M$6:$M$305,0)),"")) | I70: =IF($B70="","",ROUND($G70*$H70,0)) | K70: =IF(정기주문설정!$B67="",FALSE(),IF(정기주문설정!$M67="중지",FALSE(),IF(정기주문설정!$L67<>"",IF($B$3<정기주문설정!$L67,FALSE(),IF(정기주문설정!$I67="매일",TRUE(),IF(정기주문설정!$I67="매주",(WEEKDAY($B$3)=IFERROR(MATCH(정기주문설정!$J67,정기주문설정!$O$3:$O$9,0),0)),IF(정기주문설정!$I67="격주",AND((WEEKDAY($B$3)=IFERROR(MATCH(정기주문설정!$J67,정기주문설정!$O$3:$O$9,0),0)),MOD(INT(($B$3-정기주문설정!$L67)/7),2)=0),IF(정기주문설정!$I67="매월",DAY($B$3)=정기주문설정!$K67,FALSE()))))),IF(정기주문설정!$I67="매일",TRUE(),IF(정기주문설정!$I67="매주",(WEEKDAY($B$3)=IFERROR(MATCH(정기주문설정!$J67,정기주문설정!$O$3:$O$9,0),0)),IF(정기주문설정!$I67="매월",DAY($B$3)=정기주문설정!$K67,FALSE())))))) -> FALSE | L70: =IF($K70=FALSE(),"",COUNTIF($K$6:$K70,TRUE())) | M70: =IF($L70="","","R"&$L70)
A71: =IF($C71="","",$B$3) | B71: =IFERROR(INDEX(정기주문설정!$B$3:$B$302,MATCH("R"&66,주문생성!$M$6:$M$305,0)),"") | C71: =IF($B71="","",IFERROR(INDEX(정기주문설정!$C$3:$C$302,MATCH("R"&66,주문생성!$M$6:$M$305,0)),"")) | D71: =IF($B71="","",IFERROR(INDEX(정기주문설정!$D$3:$D$302,MATCH("R"&66,주문생성!$M$6:$M$305,0)),"")) | E71: =IF($B71="","",IFERROR(INDEX(정기주문설정!$E$3:$E$302,MATCH("R"&66,주문생성!$M$6:$M$305,0)),"")) | F71: =IF($B71="","",IFERROR(INDEX(정기주문설정!$F$3:$F$302,MATCH("R"&66,주문생성!$M$6:$M$305,0)),"")) | G71: =IF($B71="","",IFERROR(INDEX(정기주문설정!$G$3:$G$302,MATCH("R"&66,주문생성!$M$6:$M$305,0)),"")) | H71: =IF($B71="","",IFERROR(INDEX(정기주문설정!$H$3:$H$302,MATCH("R"&66,주문생성!$M$6:$M$305,0)),"")) | I71: =IF($B71="","",ROUND($G71*$H71,0)) | K71: =IF(정기주문설정!$B68="",FALSE(),IF(정기주문설정!$M68="중지",FALSE(),IF(정기주문설정!$L68<>"",IF($B$3<정기주문설정!$L68,FALSE(),IF(정기주문설정!$I68="매일",TRUE(),IF(정기주문설정!$I68="매주",(WEEKDAY($B$3)=IFERROR(MATCH(정기주문설정!$J68,정기주문설정!$O$3:$O$9,0),0)),IF(정기주문설정!$I68="격주",AND((WEEKDAY($B$3)=IFERROR(MATCH(정기주문설정!$J68,정기주문설정!$O$3:$O$9,0),0)),MOD(INT(($B$3-정기주문설정!$L68)/7),2)=0),IF(정기주문설정!$I68="매월",DAY($B$3)=정기주문설정!$K68,FALSE()))))),IF(정기주문설정!$I68="매일",TRUE(),IF(정기주문설정!$I68="매주",(WEEKDAY($B$3)=IFERROR(MATCH(정기주문설정!$J68,정기주문설정!$O$3:$O$9,0),0)),IF(정기주문설정!$I68="매월",DAY($B$3)=정기주문설정!$K68,FALSE())))))) -> FALSE | L71: =IF($K71=FALSE(),"",COUNTIF($K$6:$K71,TRUE())) | M71: =IF($L71="","","R"&$L71)
A72: =IF($C72="","",$B$3) | B72: =IFERROR(INDEX(정기주문설정!$B$3:$B$302,MATCH("R"&67,주문생성!$M$6:$M$305,0)),"") | C72: =IF($B72="","",IFERROR(INDEX(정기주문설정!$C$3:$C$302,MATCH("R"&67,주문생성!$M$6:$M$305,0)),"")) | D72: =IF($B72="","",IFERROR(INDEX(정기주문설정!$D$3:$D$302,MATCH("R"&67,주문생성!$M$6:$M$305,0)),"")) | E72: =IF($B72="","",IFERROR(INDEX(정기주문설정!$E$3:$E$302,MATCH("R"&67,주문생성!$M$6:$M$305,0)),"")) | F72: =IF($B72="","",IFERROR(INDEX(정기주문설정!$F$3:$F$302,MATCH("R"&67,주문생성!$M$6:$M$305,0)),"")) | G72: =IF($B72="","",IFERROR(INDEX(정기주문설정!$G$3:$G$302,MATCH("R"&67,주문생성!$M$6:$M$305,0)),"")) | H72: =IF($B72="","",IFERROR(INDEX(정기주문설정!$H$3:$H$302,MATCH("R"&67,주문생성!$M$6:$M$305,0)),"")) | I72: =IF($B72="","",ROUND($G72*$H72,0)) | K72: =IF(정기주문설정!$B69="",FALSE(),IF(정기주문설정!$M69="중지",FALSE(),IF(정기주문설정!$L69<>"",IF($B$3<정기주문설정!$L69,FALSE(),IF(정기주문설정!$I69="매일",TRUE(),IF(정기주문설정!$I69="매주",(WEEKDAY($B$3)=IFERROR(MATCH(정기주문설정!$J69,정기주문설정!$O$3:$O$9,0),0)),IF(정기주문설정!$I69="격주",AND((WEEKDAY($B$3)=IFERROR(MATCH(정기주문설정!$J69,정기주문설정!$O$3:$O$9,0),0)),MOD(INT(($B$3-정기주문설정!$L69)/7),2)=0),IF(정기주문설정!$I69="매월",DAY($B$3)=정기주문설정!$K69,FALSE()))))),IF(정기주문설정!$I69="매일",TRUE(),IF(정기주문설정!$I69="매주",(WEEKDAY($B$3)=IFERROR(MATCH(정기주문설정!$J69,정기주문설정!$O$3:$O$9,0),0)),IF(정기주문설정!$I69="매월",DAY($B$3)=정기주문설정!$K69,FALSE())))))) -> FALSE | L72: =IF($K72=FALSE(),"",COUNTIF($K$6:$K72,TRUE())) | M72: =IF($L72="","","R"&$L72)
A73: =IF($C73="","",$B$3) | B73: =IFERROR(INDEX(정기주문설정!$B$3:$B$302,MATCH("R"&68,주문생성!$M$6:$M$305,0)),"") | C73: =IF($B73="","",IFERROR(INDEX(정기주문설정!$C$3:$C$302,MATCH("R"&68,주문생성!$M$6:$M$305,0)),"")) | D73: =IF($B73="","",IFERROR(INDEX(정기주문설정!$D$3:$D$302,MATCH("R"&68,주문생성!$M$6:$M$305,0)),"")) | E73: =IF($B73="","",IFERROR(INDEX(정기주문설정!$E$3:$E$302,MATCH("R"&68,주문생성!$M$6:$M$305,0)),"")) | F73: =IF($B73="","",IFERROR(INDEX(정기주문설정!$F$3:$F$302,MATCH("R"&68,주문생성!$M$6:$M$305,0)),"")) | G73: =IF($B73="","",IFERROR(INDEX(정기주문설정!$G$3:$G$302,MATCH("R"&68,주문생성!$M$6:$M$305,0)),"")) | H73: =IF($B73="","",IFERROR(INDEX(정기주문설정!$H$3:$H$302,MATCH("R"&68,주문생성!$M$6:$M$305,0)),"")) | I73: =IF($B73="","",ROUND($G73*$H73,0)) | K73: =IF(정기주문설정!$B70="",FALSE(),IF(정기주문설정!$M70="중지",FALSE(),IF(정기주문설정!$L70<>"",IF($B$3<정기주문설정!$L70,FALSE(),IF(정기주문설정!$I70="매일",TRUE(),IF(정기주문설정!$I70="매주",(WEEKDAY($B$3)=IFERROR(MATCH(정기주문설정!$J70,정기주문설정!$O$3:$O$9,0),0)),IF(정기주문설정!$I70="격주",AND((WEEKDAY($B$3)=IFERROR(MATCH(정기주문설정!$J70,정기주문설정!$O$3:$O$9,0),0)),MOD(INT(($B$3-정기주문설정!$L70)/7),2)=0),IF(정기주문설정!$I70="매월",DAY($B$3)=정기주문설정!$K70,FALSE()))))),IF(정기주문설정!$I70="매일",TRUE(),IF(정기주문설정!$I70="매주",(WEEKDAY($B$3)=IFERROR(MATCH(정기주문설정!$J70,정기주문설정!$O$3:$O$9,0),0)),IF(정기주문설정!$I70="매월",DAY($B$3)=정기주문설정!$K70,FALSE())))))) -> FALSE | L73: =IF($K73=FALSE(),"",COUNTIF($K$6:$K73,TRUE())) | M73: =IF($L73="","","R"&$L73)
A74: =IF($C74="","",$B$3) | B74: =IFERROR(INDEX(정기주문설정!$B$3:$B$302,MATCH("R"&69,주문생성!$M$6:$M$305,0)),"") | C74: =IF($B74="","",IFERROR(INDEX(정기주문설정!$C$3:$C$302,MATCH("R"&69,주문생성!$M$6:$M$305,0)),"")) | D74: =IF($B74="","",IFERROR(INDEX(정기주문설정!$D$3:$D$302,MATCH("R"&69,주문생성!$M$6:$M$305,0)),"")) | E74: =IF($B74="","",IFERROR(INDEX(정기주문설정!$E$3:$E$302,MATCH("R"&69,주문생성!$M$6:$M$305,0)),"")) | F74: =IF($B74="","",IFERROR(INDEX(정기주문설정!$F$3:$F$302,MATCH("R"&69,주문생성!$M$6:$M$305,0)),"")) | G74: =IF($B74="","",IFERROR(INDEX(정기주문설정!$G$3:$G$302,MATCH("R"&69,주문생성!$M$6:$M$305,0)),"")) | H74: =IF($B74="","",IFERROR(INDEX(정기주문설정!$H$3:$H$302,MATCH("R"&69,주문생성!$M$6:$M$305,0)),"")) | I74: =IF($B74="","",ROUND($G74*$H74,0)) | K74: =IF(정기주문설정!$B71="",FALSE(),IF(정기주문설정!$M71="중지",FALSE(),IF(정기주문설정!$L71<>"",IF($B$3<정기주문설정!$L71,FALSE(),IF(정기주문설정!$I71="매일",TRUE(),IF(정기주문설정!$I71="매주",(WEEKDAY($B$3)=IFERROR(MATCH(정기주문설정!$J71,정기주문설정!$O$3:$O$9,0),0)),IF(정기주문설정!$I71="격주",AND((WEEKDAY($B$3)=IFERROR(MATCH(정기주문설정!$J71,정기주문설정!$O$3:$O$9,0),0)),MOD(INT(($B$3-정기주문설정!$L71)/7),2)=0),IF(정기주문설정!$I71="매월",DAY($B$3)=정기주문설정!$K71,FALSE()))))),IF(정기주문설정!$I71="매일",TRUE(),IF(정기주문설정!$I71="매주",(WEEKDAY($B$3)=IFERROR(MATCH(정기주문설정!$J71,정기주문설정!$O$3:$O$9,0),0)),IF(정기주문설정!$I71="매월",DAY($B$3)=정기주문설정!$K71,FALSE())))))) -> FALSE | L74: =IF($K74=FALSE(),"",COUNTIF($K$6:$K74,TRUE())) | M74: =IF($L74="","","R"&$L74)
A75: =IF($C75="","",$B$3) | B75: =IFERROR(INDEX(정기주문설정!$B$3:$B$302,MATCH("R"&70,주문생성!$M$6:$M$305,0)),"") | C75: =IF($B75="","",IFERROR(INDEX(정기주문설정!$C$3:$C$302,MATCH("R"&70,주문생성!$M$6:$M$305,0)),"")) | D75: =IF($B75="","",IFERROR(INDEX(정기주문설정!$D$3:$D$302,MATCH("R"&70,주문생성!$M$6:$M$305,0)),"")) | E75: =IF($B75="","",IFERROR(INDEX(정기주문설정!$E$3:$E$302,MATCH("R"&70,주문생성!$M$6:$M$305,0)),"")) | F75: =IF($B75="","",IFERROR(INDEX(정기주문설정!$F$3:$F$302,MATCH("R"&70,주문생성!$M$6:$M$305,0)),"")) | G75: =IF($B75="","",IFERROR(INDEX(정기주문설정!$G$3:$G$302,MATCH("R"&70,주문생성!$M$6:$M$305,0)),"")) | H75: =IF($B75="","",IFERROR(INDEX(정기주문설정!$H$3:$H$302,MATCH("R"&70,주문생성!$M$6:$M$305,0)),"")) | I75: =IF($B75="","",ROUND($G75*$H75,0)) | K75: =IF(정기주문설정!$B72="",FALSE(),IF(정기주문설정!$M72="중지",FALSE(),IF(정기주문설정!$L72<>"",IF($B$3<정기주문설정!$L72,FALSE(),IF(정기주문설정!$I72="매일",TRUE(),IF(정기주문설정!$I72="매주",(WEEKDAY($B$3)=IFERROR(MATCH(정기주문설정!$J72,정기주문설정!$O$3:$O$9,0),0)),IF(정기주문설정!$I72="격주",AND((WEEKDAY($B$3)=IFERROR(MATCH(정기주문설정!$J72,정기주문설정!$O$3:$O$9,0),0)),MOD(INT(($B$3-정기주문설정!$L72)/7),2)=0),IF(정기주문설정!$I72="매월",DAY($B$3)=정기주문설정!$K72,FALSE()))))),IF(정기주문설정!$I72="매일",TRUE(),IF(정기주문설정!$I72="매주",(WEEKDAY($B$3)=IFERROR(MATCH(정기주문설정!$J72,정기주문설정!$O$3:$O$9,0),0)),IF(정기주문설정!$I72="매월",DAY($B$3)=정기주문설정!$K72,FALSE())))))) -> FALSE | L75: =IF($K75=FALSE(),"",COUNTIF($K$6:$K75,TRUE())) | M75: =IF($L75="","","R"&$L75)
A76: =IF($C76="","",$B$3) | B76: =IFERROR(INDEX(정기주문설정!$B$3:$B$302,MATCH("R"&71,주문생성!$M$6:$M$305,0)),"") | C76: =IF($B76="","",IFERROR(INDEX(정기주문설정!$C$3:$C$302,MATCH("R"&71,주문생성!$M$6:$M$305,0)),"")) | D76: =IF($B76="","",IFERROR(INDEX(정기주문설정!$D$3:$D$302,MATCH("R"&71,주문생성!$M$6:$M$305,0)),"")) | E76: =IF($B76="","",IFERROR(INDEX(정기주문설정!$E$3:$E$302,MATCH("R"&71,주문생성!$M$6:$M$305,0)),"")) | F76: =IF($B76="","",IFERROR(INDEX(정기주문설정!$F$3:$F$302,MATCH("R"&71,주문생성!$M$6:$M$305,0)),"")) | G76: =IF($B76="","",IFERROR(INDEX(정기주문설정!$G$3:$G$302,MATCH("R"&71,주문생성!$M$6:$M$305,0)),"")) | H76: =IF($B76="","",IFERROR(INDEX(정기주문설정!$H$3:$H$302,MATCH("R"&71,주문생성!$M$6:$M$305,0)),"")) | I76: =IF($B76="","",ROUND($G76*$H76,0)) | K76: =IF(정기주문설정!$B73="",FALSE(),IF(정기주문설정!$M73="중지",FALSE(),IF(정기주문설정!$L73<>"",IF($B$3<정기주문설정!$L73,FALSE(),IF(정기주문설정!$I73="매일",TRUE(),IF(정기주문설정!$I73="매주",(WEEKDAY($B$3)=IFERROR(MATCH(정기주문설정!$J73,정기주문설정!$O$3:$O$9,0),0)),IF(정기주문설정!$I73="격주",AND((WEEKDAY($B$3)=IFERROR(MATCH(정기주문설정!$J73,정기주문설정!$O$3:$O$9,0),0)),MOD(INT(($B$3-정기주문설정!$L73)/7),2)=0),IF(정기주문설정!$I73="매월",DAY($B$3)=정기주문설정!$K73,FALSE()))))),IF(정기주문설정!$I73="매일",TRUE(),IF(정기주문설정!$I73="매주",(WEEKDAY($B$3)=IFERROR(MATCH(정기주문설정!$J73,정기주문설정!$O$3:$O$9,0),0)),IF(정기주문설정!$I73="매월",DAY($B$3)=정기주문설정!$K73,FALSE())))))) -> FALSE | L76: =IF($K76=FALSE(),"",COUNTIF($K$6:$K76,TRUE())) | M76: =IF($L76="","","R"&$L76)
A77: =IF($C77="","",$B$3) | B77: =IFERROR(INDEX(정기주문설정!$B$3:$B$302,MATCH("R"&72,주문생성!$M$6:$M$305,0)),"") | C77: =IF($B77="","",IFERROR(INDEX(정기주문설정!$C$3:$C$302,MATCH("R"&72,주문생성!$M$6:$M$305,0)),"")) | D77: =IF($B77="","",IFERROR(INDEX(정기주문설정!$D$3:$D$302,MATCH("R"&72,주문생성!$M$6:$M$305,0)),"")) | E77: =IF($B77="","",IFERROR(INDEX(정기주문설정!$E$3:$E$302,MATCH("R"&72,주문생성!$M$6:$M$305,0)),"")) | F77: =IF($B77="","",IFERROR(INDEX(정기주문설정!$F$3:$F$302,MATCH("R"&72,주문생성!$M$6:$M$305,0)),"")) | G77: =IF($B77="","",IFERROR(INDEX(정기주문설정!$G$3:$G$302,MATCH("R"&72,주문생성!$M$6:$M$305,0)),"")) | H77: =IF($B77="","",IFERROR(INDEX(정기주문설정!$H$3:$H$302,MATCH("R"&72,주문생성!$M$6:$M$305,0)),"")) | I77: =IF($B77="","",ROUND($G77*$H77,0)) | K77: =IF(정기주문설정!$B74="",FALSE(),IF(정기주문설정!$M74="중지",FALSE(),IF(정기주문설정!$L74<>"",IF($B$3<정기주문설정!$L74,FALSE(),IF(정기주문설정!$I74="매일",TRUE(),IF(정기주문설정!$I74="매주",(WEEKDAY($B$3)=IFERROR(MATCH(정기주문설정!$J74,정기주문설정!$O$3:$O$9,0),0)),IF(정기주문설정!$I74="격주",AND((WEEKDAY($B$3)=IFERROR(MATCH(정기주문설정!$J74,정기주문설정!$O$3:$O$9,0),0)),MOD(INT(($B$3-정기주문설정!$L74)/7),2)=0),IF(정기주문설정!$I74="매월",DAY($B$3)=정기주문설정!$K74,FALSE()))))),IF(정기주문설정!$I74="매일",TRUE(),IF(정기주문설정!$I74="매주",(WEEKDAY($B$3)=IFERROR(MATCH(정기주문설정!$J74,정기주문설정!$O$3:$O$9,0),0)),IF(정기주문설정!$I74="매월",DAY($B$3)=정기주문설정!$K74,FALSE())))))) -> FALSE | L77: =IF($K77=FALSE(),"",COUNTIF($K$6:$K77,TRUE())) | M77: =IF($L77="","","R"&$L77)
A78: =IF($C78="","",$B$3) | B78: =IFERROR(INDEX(정기주문설정!$B$3:$B$302,MATCH("R"&73,주문생성!$M$6:$M$305,0)),"") | C78: =IF($B78="","",IFERROR(INDEX(정기주문설정!$C$3:$C$302,MATCH("R"&73,주문생성!$M$6:$M$305,0)),"")) | D78: =IF($B78="","",IFERROR(INDEX(정기주문설정!$D$3:$D$302,MATCH("R"&73,주문생성!$M$6:$M$305,0)),"")) | E78: =IF($B78="","",IFERROR(INDEX(정기주문설정!$E$3:$E$302,MATCH("R"&73,주문생성!$M$6:$M$305,0)),"")) | F78: =IF($B78="","",IFERROR(INDEX(정기주문설정!$F$3:$F$302,MATCH("R"&73,주문생성!$M$6:$M$305,0)),"")) | G78: =IF($B78="","",IFERROR(INDEX(정기주문설정!$G$3:$G$302,MATCH("R"&73,주문생성!$M$6:$M$305,0)),"")) | H78: =IF($B78="","",IFERROR(INDEX(정기주문설정!$H$3:$H$302,MATCH("R"&73,주문생성!$M$6:$M$305,0)),"")) | I78: =IF($B78="","",ROUND($G78*$H78,0)) | K78: =IF(정기주문설정!$B75="",FALSE(),IF(정기주문설정!$M75="중지",FALSE(),IF(정기주문설정!$L75<>"",IF($B$3<정기주문설정!$L75,FALSE(),IF(정기주문설정!$I75="매일",TRUE(),IF(정기주문설정!$I75="매주",(WEEKDAY($B$3)=IFERROR(MATCH(정기주문설정!$J75,정기주문설정!$O$3:$O$9,0),0)),IF(정기주문설정!$I75="격주",AND((WEEKDAY($B$3)=IFERROR(MATCH(정기주문설정!$J75,정기주문설정!$O$3:$O$9,0),0)),MOD(INT(($B$3-정기주문설정!$L75)/7),2)=0),IF(정기주문설정!$I75="매월",DAY($B$3)=정기주문설정!$K75,FALSE()))))),IF(정기주문설정!$I75="매일",TRUE(),IF(정기주문설정!$I75="매주",(WEEKDAY($B$3)=IFERROR(MATCH(정기주문설정!$J75,정기주문설정!$O$3:$O$9,0),0)),IF(정기주문설정!$I75="매월",DAY($B$3)=정기주문설정!$K75,FALSE())))))) -> FALSE | L78: =IF($K78=FALSE(),"",COUNTIF($K$6:$K78,TRUE())) | M78: =IF($L78="","","R"&$L78)
A79: =IF($C79="","",$B$3) | B79: =IFERROR(INDEX(정기주문설정!$B$3:$B$302,MATCH("R"&74,주문생성!$M$6:$M$305,0)),"") | C79: =IF($B79="","",IFERROR(INDEX(정기주문설정!$C$3:$C$302,MATCH("R"&74,주문생성!$M$6:$M$305,0)),"")) | D79: =IF($B79="","",IFERROR(INDEX(정기주문설정!$D$3:$D$302,MATCH("R"&74,주문생성!$M$6:$M$305,0)),"")) | E79: =IF($B79="","",IFERROR(INDEX(정기주문설정!$E$3:$E$302,MATCH("R"&74,주문생성!$M$6:$M$305,0)),"")) | F79: =IF($B79="","",IFERROR(INDEX(정기주문설정!$F$3:$F$302,MATCH("R"&74,주문생성!$M$6:$M$305,0)),"")) | G79: =IF($B79="","",IFERROR(INDEX(정기주문설정!$G$3:$G$302,MATCH("R"&74,주문생성!$M$6:$M$305,0)),"")) | H79: =IF($B79="","",IFERROR(INDEX(정기주문설정!$H$3:$H$302,MATCH("R"&74,주문생성!$M$6:$M$305,0)),"")) | I79: =IF($B79="","",ROUND($G79*$H79,0)) | K79: =IF(정기주문설정!$B76="",FALSE(),IF(정기주문설정!$M76="중지",FALSE(),IF(정기주문설정!$L76<>"",IF($B$3<정기주문설정!$L76,FALSE(),IF(정기주문설정!$I76="매일",TRUE(),IF(정기주문설정!$I76="매주",(WEEKDAY($B$3)=IFERROR(MATCH(정기주문설정!$J76,정기주문설정!$O$3:$O$9,0),0)),IF(정기주문설정!$I76="격주",AND((WEEKDAY($B$3)=IFERROR(MATCH(정기주문설정!$J76,정기주문설정!$O$3:$O$9,0),0)),MOD(INT(($B$3-정기주문설정!$L76)/7),2)=0),IF(정기주문설정!$I76="매월",DAY($B$3)=정기주문설정!$K76,FALSE()))))),IF(정기주문설정!$I76="매일",TRUE(),IF(정기주문설정!$I76="매주",(WEEKDAY($B$3)=IFERROR(MATCH(정기주문설정!$J76,정기주문설정!$O$3:$O$9,0),0)),IF(정기주문설정!$I76="매월",DAY($B$3)=정기주문설정!$K76,FALSE())))))) -> FALSE | L79: =IF($K79=FALSE(),"",COUNTIF($K$6:$K79,TRUE())) | M79: =IF($L79="","","R"&$L79)
A80: =IF($C80="","",$B$3) | B80: =IFERROR(INDEX(정기주문설정!$B$3:$B$302,MATCH("R"&75,주문생성!$M$6:$M$305,0)),"") | C80: =IF($B80="","",IFERROR(INDEX(정기주문설정!$C$3:$C$302,MATCH("R"&75,주문생성!$M$6:$M$305,0)),"")) | D80: =IF($B80="","",IFERROR(INDEX(정기주문설정!$D$3:$D$302,MATCH("R"&75,주문생성!$M$6:$M$305,0)),"")) | E80: =IF($B80="","",IFERROR(INDEX(정기주문설정!$E$3:$E$302,MATCH("R"&75,주문생성!$M$6:$M$305,0)),"")) | F80: =IF($B80="","",IFERROR(INDEX(정기주문설정!$F$3:$F$302,MATCH("R"&75,주문생성!$M$6:$M$305,0)),"")) | G80: =IF($B80="","",IFERROR(INDEX(정기주문설정!$G$3:$G$302,MATCH("R"&75,주문생성!$M$6:$M$305,0)),"")) | H80: =IF($B80="","",IFERROR(INDEX(정기주문설정!$H$3:$H$302,MATCH("R"&75,주문생성!$M$6:$M$305,0)),"")) | I80: =IF($B80="","",ROUND($G80*$H80,0)) | K80: =IF(정기주문설정!$B77="",FALSE(),IF(정기주문설정!$M77="중지",FALSE(),IF(정기주문설정!$L77<>"",IF($B$3<정기주문설정!$L77,FALSE(),IF(정기주문설정!$I77="매일",TRUE(),IF(정기주문설정!$I77="매주",(WEEKDAY($B$3)=IFERROR(MATCH(정기주문설정!$J77,정기주문설정!$O$3:$O$9,0),0)),IF(정기주문설정!$I77="격주",AND((WEEKDAY($B$3)=IFERROR(MATCH(정기주문설정!$J77,정기주문설정!$O$3:$O$9,0),0)),MOD(INT(($B$3-정기주문설정!$L77)/7),2)=0),IF(정기주문설정!$I77="매월",DAY($B$3)=정기주문설정!$K77,FALSE()))))),IF(정기주문설정!$I77="매일",TRUE(),IF(정기주문설정!$I77="매주",(WEEKDAY($B$3)=IFERROR(MATCH(정기주문설정!$J77,정기주문설정!$O$3:$O$9,0),0)),IF(정기주문설정!$I77="매월",DAY($B$3)=정기주문설정!$K77,FALSE())))))) -> FALSE | L80: =IF($K80=FALSE(),"",COUNTIF($K$6:$K80,TRUE())) | M80: =IF($L80="","","R"&$L80)
A81: =IF($C81="","",$B$3) | B81: =IFERROR(INDEX(정기주문설정!$B$3:$B$302,MATCH("R"&76,주문생성!$M$6:$M$305,0)),"") | C81: =IF($B81="","",IFERROR(INDEX(정기주문설정!$C$3:$C$302,MATCH("R"&76,주문생성!$M$6:$M$305,0)),"")) | D81: =IF($B81="","",IFERROR(INDEX(정기주문설정!$D$3:$D$302,MATCH("R"&76,주문생성!$M$6:$M$305,0)),"")) | E81: =IF($B81="","",IFERROR(INDEX(정기주문설정!$E$3:$E$302,MATCH("R"&76,주문생성!$M$6:$M$305,0)),"")) | F81: =IF($B81="","",IFERROR(INDEX(정기주문설정!$F$3:$F$302,MATCH("R"&76,주문생성!$M$6:$M$305,0)),"")) | G81: =IF($B81="","",IFERROR(INDEX(정기주문설정!$G$3:$G$302,MATCH("R"&76,주문생성!$M$6:$M$305,0)),"")) | H81: =IF($B81="","",IFERROR(INDEX(정기주문설정!$H$3:$H$302,MATCH("R"&76,주문생성!$M$6:$M$305,0)),"")) | I81: =IF($B81="","",ROUND($G81*$H81,0)) | K81: =IF(정기주문설정!$B78="",FALSE(),IF(정기주문설정!$M78="중지",FALSE(),IF(정기주문설정!$L78<>"",IF($B$3<정기주문설정!$L78,FALSE(),IF(정기주문설정!$I78="매일",TRUE(),IF(정기주문설정!$I78="매주",(WEEKDAY($B$3)=IFERROR(MATCH(정기주문설정!$J78,정기주문설정!$O$3:$O$9,0),0)),IF(정기주문설정!$I78="격주",AND((WEEKDAY($B$3)=IFERROR(MATCH(정기주문설정!$J78,정기주문설정!$O$3:$O$9,0),0)),MOD(INT(($B$3-정기주문설정!$L78)/7),2)=0),IF(정기주문설정!$I78="매월",DAY($B$3)=정기주문설정!$K78,FALSE()))))),IF(정기주문설정!$I78="매일",TRUE(),IF(정기주문설정!$I78="매주",(WEEKDAY($B$3)=IFERROR(MATCH(정기주문설정!$J78,정기주문설정!$O$3:$O$9,0),0)),IF(정기주문설정!$I78="매월",DAY($B$3)=정기주문설정!$K78,FALSE())))))) -> FALSE | L81: =IF($K81=FALSE(),"",COUNTIF($K$6:$K81,TRUE())) | M81: =IF($L81="","","R"&$L81)
A82: =IF($C82="","",$B$3) | B82: =IFERROR(INDEX(정기주문설정!$B$3:$B$302,MATCH("R"&77,주문생성!$M$6:$M$305,0)),"") | C82: =IF($B82="","",IFERROR(INDEX(정기주문설정!$C$3:$C$302,MATCH("R"&77,주문생성!$M$6:$M$305,0)),"")) | D82: =IF($B82="","",IFERROR(INDEX(정기주문설정!$D$3:$D$302,MATCH("R"&77,주문생성!$M$6:$M$305,0)),"")) | E82: =IF($B82="","",IFERROR(INDEX(정기주문설정!$E$3:$E$302,MATCH("R"&77,주문생성!$M$6:$M$305,0)),"")) | F82: =IF($B82="","",IFERROR(INDEX(정기주문설정!$F$3:$F$302,MATCH("R"&77,주문생성!$M$6:$M$305,0)),"")) | G82: =IF($B82="","",IFERROR(INDEX(정기주문설정!$G$3:$G$302,MATCH("R"&77,주문생성!$M$6:$M$305,0)),"")) | H82: =IF($B82="","",IFERROR(INDEX(정기주문설정!$H$3:$H$302,MATCH("R"&77,주문생성!$M$6:$M$305,0)),"")) | I82: =IF($B82="","",ROUND($G82*$H82,0)) | K82: =IF(정기주문설정!$B79="",FALSE(),IF(정기주문설정!$M79="중지",FALSE(),IF(정기주문설정!$L79<>"",IF($B$3<정기주문설정!$L79,FALSE(),IF(정기주문설정!$I79="매일",TRUE(),IF(정기주문설정!$I79="매주",(WEEKDAY($B$3)=IFERROR(MATCH(정기주문설정!$J79,정기주문설정!$O$3:$O$9,0),0)),IF(정기주문설정!$I79="격주",AND((WEEKDAY($B$3)=IFERROR(MATCH(정기주문설정!$J79,정기주문설정!$O$3:$O$9,0),0)),MOD(INT(($B$3-정기주문설정!$L79)/7),2)=0),IF(정기주문설정!$I79="매월",DAY($B$3)=정기주문설정!$K79,FALSE()))))),IF(정기주문설정!$I79="매일",TRUE(),IF(정기주문설정!$I79="매주",(WEEKDAY($B$3)=IFERROR(MATCH(정기주문설정!$J79,정기주문설정!$O$3:$O$9,0),0)),IF(정기주문설정!$I79="매월",DAY($B$3)=정기주문설정!$K79,FALSE())))))) -> FALSE | L82: =IF($K82=FALSE(),"",COUNTIF($K$6:$K82,TRUE())) | M82: =IF($L82="","","R"&$L82)
A83: =IF($C83="","",$B$3) | B83: =IFERROR(INDEX(정기주문설정!$B$3:$B$302,MATCH("R"&78,주문생성!$M$6:$M$305,0)),"") | C83: =IF($B83="","",IFERROR(INDEX(정기주문설정!$C$3:$C$302,MATCH("R"&78,주문생성!$M$6:$M$305,0)),"")) | D83: =IF($B83="","",IFERROR(INDEX(정기주문설정!$D$3:$D$302,MATCH("R"&78,주문생성!$M$6:$M$305,0)),"")) | E83: =IF($B83="","",IFERROR(INDEX(정기주문설정!$E$3:$E$302,MATCH("R"&78,주문생성!$M$6:$M$305,0)),"")) | F83: =IF($B83="","",IFERROR(INDEX(정기주문설정!$F$3:$F$302,MATCH("R"&78,주문생성!$M$6:$M$305,0)),"")) | G83: =IF($B83="","",IFERROR(INDEX(정기주문설정!$G$3:$G$302,MATCH("R"&78,주문생성!$M$6:$M$305,0)),"")) | H83: =IF($B83="","",IFERROR(INDEX(정기주문설정!$H$3:$H$302,MATCH("R"&78,주문생성!$M$6:$M$305,0)),"")) | I83: =IF($B83="","",ROUND($G83*$H83,0)) | K83: =IF(정기주문설정!$B80="",FALSE(),IF(정기주문설정!$M80="중지",FALSE(),IF(정기주문설정!$L80<>"",IF($B$3<정기주문설정!$L80,FALSE(),IF(정기주문설정!$I80="매일",TRUE(),IF(정기주문설정!$I80="매주",(WEEKDAY($B$3)=IFERROR(MATCH(정기주문설정!$J80,정기주문설정!$O$3:$O$9,0),0)),IF(정기주문설정!$I80="격주",AND((WEEKDAY($B$3)=IFERROR(MATCH(정기주문설정!$J80,정기주문설정!$O$3:$O$9,0),0)),MOD(INT(($B$3-정기주문설정!$L80)/7),2)=0),IF(정기주문설정!$I80="매월",DAY($B$3)=정기주문설정!$K80,FALSE()))))),IF(정기주문설정!$I80="매일",TRUE(),IF(정기주문설정!$I80="매주",(WEEKDAY($B$3)=IFERROR(MATCH(정기주문설정!$J80,정기주문설정!$O$3:$O$9,0),0)),IF(정기주문설정!$I80="매월",DAY($B$3)=정기주문설정!$K80,FALSE())))))) -> FALSE | L83: =IF($K83=FALSE(),"",COUNTIF($K$6:$K83,TRUE())) | M83: =IF($L83="","","R"&$L83)
A84: =IF($C84="","",$B$3) | B84: =IFERROR(INDEX(정기주문설정!$B$3:$B$302,MATCH("R"&79,주문생성!$M$6:$M$305,0)),"") | C84: =IF($B84="","",IFERROR(INDEX(정기주문설정!$C$3:$C$302,MATCH("R"&79,주문생성!$M$6:$M$305,0)),"")) | D84: =IF($B84="","",IFERROR(INDEX(정기주문설정!$D$3:$D$302,MATCH("R"&79,주문생성!$M$6:$M$305,0)),"")) | E84: =IF($B84="","",IFERROR(INDEX(정기주문설정!$E$3:$E$302,MATCH("R"&79,주문생성!$M$6:$M$305,0)),"")) | F84: =IF($B84="","",IFERROR(INDEX(정기주문설정!$F$3:$F$302,MATCH("R"&79,주문생성!$M$6:$M$305,0)),"")) | G84: =IF($B84="","",IFERROR(INDEX(정기주문설정!$G$3:$G$302,MATCH("R"&79,주문생성!$M$6:$M$305,0)),"")) | H84: =IF($B84="","",IFERROR(INDEX(정기주문설정!$H$3:$H$302,MATCH("R"&79,주문생성!$M$6:$M$305,0)),"")) | I84: =IF($B84="","",ROUND($G84*$H84,0)) | K84: =IF(정기주문설정!$B81="",FALSE(),IF(정기주문설정!$M81="중지",FALSE(),IF(정기주문설정!$L81<>"",IF($B$3<정기주문설정!$L81,FALSE(),IF(정기주문설정!$I81="매일",TRUE(),IF(정기주문설정!$I81="매주",(WEEKDAY($B$3)=IFERROR(MATCH(정기주문설정!$J81,정기주문설정!$O$3:$O$9,0),0)),IF(정기주문설정!$I81="격주",AND((WEEKDAY($B$3)=IFERROR(MATCH(정기주문설정!$J81,정기주문설정!$O$3:$O$9,0),0)),MOD(INT(($B$3-정기주문설정!$L81)/7),2)=0),IF(정기주문설정!$I81="매월",DAY($B$3)=정기주문설정!$K81,FALSE()))))),IF(정기주문설정!$I81="매일",TRUE(),IF(정기주문설정!$I81="매주",(WEEKDAY($B$3)=IFERROR(MATCH(정기주문설정!$J81,정기주문설정!$O$3:$O$9,0),0)),IF(정기주문설정!$I81="매월",DAY($B$3)=정기주문설정!$K81,FALSE())))))) -> FALSE | L84: =IF($K84=FALSE(),"",COUNTIF($K$6:$K84,TRUE())) | M84: =IF($L84="","","R"&$L84)
A85: =IF($C85="","",$B$3) | B85: =IFERROR(INDEX(정기주문설정!$B$3:$B$302,MATCH("R"&80,주문생성!$M$6:$M$305,0)),"") | C85: =IF($B85="","",IFERROR(INDEX(정기주문설정!$C$3:$C$302,MATCH("R"&80,주문생성!$M$6:$M$305,0)),"")) | D85: =IF($B85="","",IFERROR(INDEX(정기주문설정!$D$3:$D$302,MATCH("R"&80,주문생성!$M$6:$M$305,0)),"")) | E85: =IF($B85="","",IFERROR(INDEX(정기주문설정!$E$3:$E$302,MATCH("R"&80,주문생성!$M$6:$M$305,0)),"")) | F85: =IF($B85="","",IFERROR(INDEX(정기주문설정!$F$3:$F$302,MATCH("R"&80,주문생성!$M$6:$M$305,0)),"")) | G85: =IF($B85="","",IFERROR(INDEX(정기주문설정!$G$3:$G$302,MATCH("R"&80,주문생성!$M$6:$M$305,0)),"")) | H85: =IF($B85="","",IFERROR(INDEX(정기주문설정!$H$3:$H$302,MATCH("R"&80,주문생성!$M$6:$M$305,0)),"")) | I85: =IF($B85="","",ROUND($G85*$H85,0)) | K85: =IF(정기주문설정!$B82="",FALSE(),IF(정기주문설정!$M82="중지",FALSE(),IF(정기주문설정!$L82<>"",IF($B$3<정기주문설정!$L82,FALSE(),IF(정기주문설정!$I82="매일",TRUE(),IF(정기주문설정!$I82="매주",(WEEKDAY($B$3)=IFERROR(MATCH(정기주문설정!$J82,정기주문설정!$O$3:$O$9,0),0)),IF(정기주문설정!$I82="격주",AND((WEEKDAY($B$3)=IFERROR(MATCH(정기주문설정!$J82,정기주문설정!$O$3:$O$9,0),0)),MOD(INT(($B$3-정기주문설정!$L82)/7),2)=0),IF(정기주문설정!$I82="매월",DAY($B$3)=정기주문설정!$K82,FALSE()))))),IF(정기주문설정!$I82="매일",TRUE(),IF(정기주문설정!$I82="매주",(WEEKDAY($B$3)=IFERROR(MATCH(정기주문설정!$J82,정기주문설정!$O$3:$O$9,0),0)),IF(정기주문설정!$I82="매월",DAY($B$3)=정기주문설정!$K82,FALSE())))))) -> FALSE | L85: =IF($K85=FALSE(),"",COUNTIF($K$6:$K85,TRUE())) | M85: =IF($L85="","","R"&$L85)
K86: =IF(정기주문설정!$B83="",FALSE(),IF(정기주문설정!$M83="중지",FALSE(),IF(정기주문설정!$L83<>"",IF($B$3<정기주문설정!$L83,FALSE(),IF(정기주문설정!$I83="매일",TRUE(),IF(정기주문설정!$I83="매주",(WEEKDAY($B$3)=IFERROR(MATCH(정기주문설정!$J83,정기주문설정!$O$3:$O$9,0),0)),IF(정기주문설정!$I83="격주",AND((WEEKDAY($B$3)=IFERROR(MATCH(정기주문설정!$J83,정기주문설정!$O$3:$O$9,0),0)),MOD(INT(($B$3-정기주문설정!$L83)/7),2)=0),IF(정기주문설정!$I83="매월",DAY($B$3)=정기주문설정!$K83,FALSE()))))),IF(정기주문설정!$I83="매일",TRUE(),IF(정기주문설정!$I83="매주",(WEEKDAY($B$3)=IFERROR(MATCH(정기주문설정!$J83,정기주문설정!$O$3:$O$9,0),0)),IF(정기주문설정!$I83="매월",DAY($B$3)=정기주문설정!$K83,FALSE())))))) -> FALSE | L86: =IF($K86=FALSE(),"",COUNTIF($K$6:$K86,TRUE())) | M86: =IF($L86="","","R"&$L86)
E87: 합계 | G87: =SUM(G6:G85) -> 6 | I87: =SUM(I6:I85) -> 102000 | K87: =IF(정기주문설정!$B84="",FALSE(),IF(정기주문설정!$M84="중지",FALSE(),IF(정기주문설정!$L84<>"",IF($B$3<정기주문설정!$L84,FALSE(),IF(정기주문설정!$I84="매일",TRUE(),IF(정기주문설정!$I84="매주",(WEEKDAY($B$3)=IFERROR(MATCH(정기주문설정!$J84,정기주문설정!$O$3:$O$9,0),0)),IF(정기주문설정!$I84="격주",AND((WEEKDAY($B$3)=IFERROR(MATCH(정기주문설정!$J84,정기주문설정!$O$3:$O$9,0),0)),MOD(INT(($B$3-정기주문설정!$L84)/7),2)=0),IF(정기주문설정!$I84="매월",DAY($B$3)=정기주문설정!$K84,FALSE()))))),IF(정기주문설정!$I84="매일",TRUE(),IF(정기주문설정!$I84="매주",(WEEKDAY($B$3)=IFERROR(MATCH(정기주문설정!$J84,정기주문설정!$O$3:$O$9,0),0)),IF(정기주문설정!$I84="매월",DAY($B$3)=정기주문설정!$K84,FALSE())))))) -> FALSE | L87: =IF($K87=FALSE(),"",COUNTIF($K$6:$K87,TRUE())) | M87: =IF($L87="","","R"&$L87)
K88: =IF(정기주문설정!$B85="",FALSE(),IF(정기주문설정!$M85="중지",FALSE(),IF(정기주문설정!$L85<>"",IF($B$3<정기주문설정!$L85,FALSE(),IF(정기주문설정!$I85="매일",TRUE(),IF(정기주문설정!$I85="매주",(WEEKDAY($B$3)=IFERROR(MATCH(정기주문설정!$J85,정기주문설정!$O$3:$O$9,0),0)),IF(정기주문설정!$I85="격주",AND((WEEKDAY($B$3)=IFERROR(MATCH(정기주문설정!$J85,정기주문설정!$O$3:$O$9,0),0)),MOD(INT(($B$3-정기주문설정!$L85)/7),2)=0),IF(정기주문설정!$I85="매월",DAY($B$3)=정기주문설정!$K85,FALSE()))))),IF(정기주문설정!$I85="매일",TRUE(),IF(정기주문설정!$I85="매주",(WEEKDAY($B$3)=IFERROR(MATCH(정기주문설정!$J85,정기주문설정!$O$3:$O$9,0),0)),IF(정기주문설정!$I85="매월",DAY($B$3)=정기주문설정!$K85,FALSE())))))) -> FALSE | L88: =IF($K88=FALSE(),"",COUNTIF($K$6:$K88,TRUE())) | M88: =IF($L88="","","R"&$L88)
A89: ※ A6:I85 범위를 복사해서 [주문내역]에 '값 붙여넣기'로 붙이세요. | K89: =IF(정기주문설정!$B86="",FALSE(),IF(정기주문설정!$M86="중지",FALSE(),IF(정기주문설정!$L86<>"",IF($B$3<정기주문설정!$L86,FALSE(),IF(정기주문설정!$I86="매일",TRUE(),IF(정기주문설정!$I86="매주",(WEEKDAY($B$3)=IFERROR(MATCH(정기주문설정!$J86,정기주문설정!$O$3:$O$9,0),0)),IF(정기주문설정!$I86="격주",AND((WEEKDAY($B$3)=IFERROR(MATCH(정기주문설정!$J86,정기주문설정!$O$3:$O$9,0),0)),MOD(INT(($B$3-정기주문설정!$L86)/7),2)=0),IF(정기주문설정!$I86="매월",DAY($B$3)=정기주문설정!$K86,FALSE()))))),IF(정기주문설정!$I86="매일",TRUE(),IF(정기주문설정!$I86="매주",(WEEKDAY($B$3)=IFERROR(MATCH(정기주문설정!$J86,정기주문설정!$O$3:$O$9,0),0)),IF(정기주문설정!$I86="매월",DAY($B$3)=정기주문설정!$K86,FALSE())))))) -> FALSE | L89: =IF($K89=FALSE(),"",COUNTIF($K$6:$K89,TRUE())) | M89: =IF($L89="","","R"&$L89)
A90: ※ 한 날짜에 80건을 넘으면 표시되지 않습니다. | K90: =IF(정기주문설정!$B87="",FALSE(),IF(정기주문설정!$M87="중지",FALSE(),IF(정기주문설정!$L87<>"",IF($B$3<정기주문설정!$L87,FALSE(),IF(정기주문설정!$I87="매일",TRUE(),IF(정기주문설정!$I87="매주",(WEEKDAY($B$3)=IFERROR(MATCH(정기주문설정!$J87,정기주문설정!$O$3:$O$9,0),0)),IF(정기주문설정!$I87="격주",AND((WEEKDAY($B$3)=IFERROR(MATCH(정기주문설정!$J87,정기주문설정!$O$3:$O$9,0),0)),MOD(INT(($B$3-정기주문설정!$L87)/7),2)=0),IF(정기주문설정!$I87="매월",DAY($B$3)=정기주문설정!$K87,FALSE()))))),IF(정기주문설정!$I87="매일",TRUE(),IF(정기주문설정!$I87="매주",(WEEKDAY($B$3)=IFERROR(MATCH(정기주문설정!$J87,정기주문설정!$O$3:$O$9,0),0)),IF(정기주문설정!$I87="매월",DAY($B$3)=정기주문설정!$K87,FALSE())))))) -> FALSE | L90: =IF($K90=FALSE(),"",COUNTIF($K$6:$K90,TRUE())) | M90: =IF($L90="","","R"&$L90)
K91: =IF(정기주문설정!$B88="",FALSE(),IF(정기주문설정!$M88="중지",FALSE(),IF(정기주문설정!$L88<>"",IF($B$3<정기주문설정!$L88,FALSE(),IF(정기주문설정!$I88="매일",TRUE(),IF(정기주문설정!$I88="매주",(WEEKDAY($B$3)=IFERROR(MATCH(정기주문설정!$J88,정기주문설정!$O$3:$O$9,0),0)),IF(정기주문설정!$I88="격주",AND((WEEKDAY($B$3)=IFERROR(MATCH(정기주문설정!$J88,정기주문설정!$O$3:$O$9,0),0)),MOD(INT(($B$3-정기주문설정!$L88)/7),2)=0),IF(정기주문설정!$I88="매월",DAY($B$3)=정기주문설정!$K88,FALSE()))))),IF(정기주문설정!$I88="매일",TRUE(),IF(정기주문설정!$I88="매주",(WEEKDAY($B$3)=IFERROR(MATCH(정기주문설정!$J88,정기주문설정!$O$3:$O$9,0),0)),IF(정기주문설정!$I88="매월",DAY($B$3)=정기주문설정!$K88,FALSE())))))) -> FALSE | L91: =IF($K91=FALSE(),"",COUNTIF($K$6:$K91,TRUE())) | M91: =IF($L91="","","R"&$L91)
K92: =IF(정기주문설정!$B89="",FALSE(),IF(정기주문설정!$M89="중지",FALSE(),IF(정기주문설정!$L89<>"",IF($B$3<정기주문설정!$L89,FALSE(),IF(정기주문설정!$I89="매일",TRUE(),IF(정기주문설정!$I89="매주",(WEEKDAY($B$3)=IFERROR(MATCH(정기주문설정!$J89,정기주문설정!$O$3:$O$9,0),0)),IF(정기주문설정!$I89="격주",AND((WEEKDAY($B$3)=IFERROR(MATCH(정기주문설정!$J89,정기주문설정!$O$3:$O$9,0),0)),MOD(INT(($B$3-정기주문설정!$L89)/7),2)=0),IF(정기주문설정!$I89="매월",DAY($B$3)=정기주문설정!$K89,FALSE()))))),IF(정기주문설정!$I89="매일",TRUE(),IF(정기주문설정!$I89="매주",(WEEKDAY($B$3)=IFERROR(MATCH(정기주문설정!$J89,정기주문설정!$O$3:$O$9,0),0)),IF(정기주문설정!$I89="매월",DAY($B$3)=정기주문설정!$K89,FALSE())))))) -> FALSE | L92: =IF($K92=FALSE(),"",COUNTIF($K$6:$K92,TRUE())) | M92: =IF($L92="","","R"&$L92)
K93: =IF(정기주문설정!$B90="",FALSE(),IF(정기주문설정!$M90="중지",FALSE(),IF(정기주문설정!$L90<>"",IF($B$3<정기주문설정!$L90,FALSE(),IF(정기주문설정!$I90="매일",TRUE(),IF(정기주문설정!$I90="매주",(WEEKDAY($B$3)=IFERROR(MATCH(정기주문설정!$J90,정기주문설정!$O$3:$O$9,0),0)),IF(정기주문설정!$I90="격주",AND((WEEKDAY($B$3)=IFERROR(MATCH(정기주문설정!$J90,정기주문설정!$O$3:$O$9,0),0)),MOD(INT(($B$3-정기주문설정!$L90)/7),2)=0),IF(정기주문설정!$I90="매월",DAY($B$3)=정기주문설정!$K90,FALSE()))))),IF(정기주문설정!$I90="매일",TRUE(),IF(정기주문설정!$I90="매주",(WEEKDAY($B$3)=IFERROR(MATCH(정기주문설정!$J90,정기주문설정!$O$3:$O$9,0),0)),IF(정기주문설정!$I90="매월",DAY($B$3)=정기주문설정!$K90,FALSE())))))) -> FALSE | L93: =IF($K93=FALSE(),"",COUNTIF($K$6:$K93,TRUE())) | M93: =IF($L93="","","R"&$L93)
K94: =IF(정기주문설정!$B91="",FALSE(),IF(정기주문설정!$M91="중지",FALSE(),IF(정기주문설정!$L91<>"",IF($B$3<정기주문설정!$L91,FALSE(),IF(정기주문설정!$I91="매일",TRUE(),IF(정기주문설정!$I91="매주",(WEEKDAY($B$3)=IFERROR(MATCH(정기주문설정!$J91,정기주문설정!$O$3:$O$9,0),0)),IF(정기주문설정!$I91="격주",AND((WEEKDAY($B$3)=IFERROR(MATCH(정기주문설정!$J91,정기주문설정!$O$3:$O$9,0),0)),MOD(INT(($B$3-정기주문설정!$L91)/7),2)=0),IF(정기주문설정!$I91="매월",DAY($B$3)=정기주문설정!$K91,FALSE()))))),IF(정기주문설정!$I91="매일",TRUE(),IF(정기주문설정!$I91="매주",(WEEKDAY($B$3)=IFERROR(MATCH(정기주문설정!$J91,정기주문설정!$O$3:$O$9,0),0)),IF(정기주문설정!$I91="매월",DAY($B$3)=정기주문설정!$K91,FALSE())))))) -> FALSE | L94: =IF($K94=FALSE(),"",COUNTIF($K$6:$K94,TRUE())) | M94: =IF($L94="","","R"&$L94)
K95: =IF(정기주문설정!$B92="",FALSE(),IF(정기주문설정!$M92="중지",FALSE(),IF(정기주문설정!$L92<>"",IF($B$3<정기주문설정!$L92,FALSE(),IF(정기주문설정!$I92="매일",TRUE(),IF(정기주문설정!$I92="매주",(WEEKDAY($B$3)=IFERROR(MATCH(정기주문설정!$J92,정기주문설정!$O$3:$O$9,0),0)),IF(정기주문설정!$I92="격주",AND((WEEKDAY($B$3)=IFERROR(MATCH(정기주문설정!$J92,정기주문설정!$O$3:$O$9,0),0)),MOD(INT(($B$3-정기주문설정!$L92)/7),2)=0),IF(정기주문설정!$I92="매월",DAY($B$3)=정기주문설정!$K92,FALSE()))))),IF(정기주문설정!$I92="매일",TRUE(),IF(정기주문설정!$I92="매주",(WEEKDAY($B$3)=IFERROR(MATCH(정기주문설정!$J92,정기주문설정!$O$3:$O$9,0),0)),IF(정기주문설정!$I92="매월",DAY($B$3)=정기주문설정!$K92,FALSE())))))) -> FALSE | L95: =IF($K95=FALSE(),"",COUNTIF($K$6:$K95,TRUE())) | M95: =IF($L95="","","R"&$L95)
K96: =IF(정기주문설정!$B93="",FALSE(),IF(정기주문설정!$M93="중지",FALSE(),IF(정기주문설정!$L93<>"",IF($B$3<정기주문설정!$L93,FALSE(),IF(정기주문설정!$I93="매일",TRUE(),IF(정기주문설정!$I93="매주",(WEEKDAY($B$3)=IFERROR(MATCH(정기주문설정!$J93,정기주문설정!$O$3:$O$9,0),0)),IF(정기주문설정!$I93="격주",AND((WEEKDAY($B$3)=IFERROR(MATCH(정기주문설정!$J93,정기주문설정!$O$3:$O$9,0),0)),MOD(INT(($B$3-정기주문설정!$L93)/7),2)=0),IF(정기주문설정!$I93="매월",DAY($B$3)=정기주문설정!$K93,FALSE()))))),IF(정기주문설정!$I93="매일",TRUE(),IF(정기주문설정!$I93="매주",(WEEKDAY($B$3)=IFERROR(MATCH(정기주문설정!$J93,정기주문설정!$O$3:$O$9,0),0)),IF(정기주문설정!$I93="매월",DAY($B$3)=정기주문설정!$K93,FALSE())))))) -> FALSE | L96: =IF($K96=FALSE(),"",COUNTIF($K$6:$K96,TRUE())) | M96: =IF($L96="","","R"&$L96)
K97: =IF(정기주문설정!$B94="",FALSE(),IF(정기주문설정!$M94="중지",FALSE(),IF(정기주문설정!$L94<>"",IF($B$3<정기주문설정!$L94,FALSE(),IF(정기주문설정!$I94="매일",TRUE(),IF(정기주문설정!$I94="매주",(WEEKDAY($B$3)=IFERROR(MATCH(정기주문설정!$J94,정기주문설정!$O$3:$O$9,0),0)),IF(정기주문설정!$I94="격주",AND((WEEKDAY($B$3)=IFERROR(MATCH(정기주문설정!$J94,정기주문설정!$O$3:$O$9,0),0)),MOD(INT(($B$3-정기주문설정!$L94)/7),2)=0),IF(정기주문설정!$I94="매월",DAY($B$3)=정기주문설정!$K94,FALSE()))))),IF(정기주문설정!$I94="매일",TRUE(),IF(정기주문설정!$I94="매주",(WEEKDAY($B$3)=IFERROR(MATCH(정기주문설정!$J94,정기주문설정!$O$3:$O$9,0),0)),IF(정기주문설정!$I94="매월",DAY($B$3)=정기주문설정!$K94,FALSE())))))) -> FALSE | L97: =IF($K97=FALSE(),"",COUNTIF($K$6:$K97,TRUE())) | M97: =IF($L97="","","R"&$L97)
K98: =IF(정기주문설정!$B95="",FALSE(),IF(정기주문설정!$M95="중지",FALSE(),IF(정기주문설정!$L95<>"",IF($B$3<정기주문설정!$L95,FALSE(),IF(정기주문설정!$I95="매일",TRUE(),IF(정기주문설정!$I95="매주",(WEEKDAY($B$3)=IFERROR(MATCH(정기주문설정!$J95,정기주문설정!$O$3:$O$9,0),0)),IF(정기주문설정!$I95="격주",AND((WEEKDAY($B$3)=IFERROR(MATCH(정기주문설정!$J95,정기주문설정!$O$3:$O$9,0),0)),MOD(INT(($B$3-정기주문설정!$L95)/7),2)=0),IF(정기주문설정!$I95="매월",DAY($B$3)=정기주문설정!$K95,FALSE()))))),IF(정기주문설정!$I95="매일",TRUE(),IF(정기주문설정!$I95="매주",(WEEKDAY($B$3)=IFERROR(MATCH(정기주문설정!$J95,정기주문설정!$O$3:$O$9,0),0)),IF(정기주문설정!$I95="매월",DAY($B$3)=정기주문설정!$K95,FALSE())))))) -> FALSE | L98: =IF($K98=FALSE(),"",COUNTIF($K$6:$K98,TRUE())) | M98: =IF($L98="","","R"&$L98)
K99: =IF(정기주문설정!$B96="",FALSE(),IF(정기주문설정!$M96="중지",FALSE(),IF(정기주문설정!$L96<>"",IF($B$3<정기주문설정!$L96,FALSE(),IF(정기주문설정!$I96="매일",TRUE(),IF(정기주문설정!$I96="매주",(WEEKDAY($B$3)=IFERROR(MATCH(정기주문설정!$J96,정기주문설정!$O$3:$O$9,0),0)),IF(정기주문설정!$I96="격주",AND((WEEKDAY($B$3)=IFERROR(MATCH(정기주문설정!$J96,정기주문설정!$O$3:$O$9,0),0)),MOD(INT(($B$3-정기주문설정!$L96)/7),2)=0),IF(정기주문설정!$I96="매월",DAY($B$3)=정기주문설정!$K96,FALSE()))))),IF(정기주문설정!$I96="매일",TRUE(),IF(정기주문설정!$I96="매주",(WEEKDAY($B$3)=IFERROR(MATCH(정기주문설정!$J96,정기주문설정!$O$3:$O$9,0),0)),IF(정기주문설정!$I96="매월",DAY($B$3)=정기주문설정!$K96,FALSE())))))) -> FALSE | L99: =IF($K99=FALSE(),"",COUNTIF($K$6:$K99,TRUE())) | M99: =IF($L99="","","R"&$L99)
K100: =IF(정기주문설정!$B97="",FALSE(),IF(정기주문설정!$M97="중지",FALSE(),IF(정기주문설정!$L97<>"",IF($B$3<정기주문설정!$L97,FALSE(),IF(정기주문설정!$I97="매일",TRUE(),IF(정기주문설정!$I97="매주",(WEEKDAY($B$3)=IFERROR(MATCH(정기주문설정!$J97,정기주문설정!$O$3:$O$9,0),0)),IF(정기주문설정!$I97="격주",AND((WEEKDAY($B$3)=IFERROR(MATCH(정기주문설정!$J97,정기주문설정!$O$3:$O$9,0),0)),MOD(INT(($B$3-정기주문설정!$L97)/7),2)=0),IF(정기주문설정!$I97="매월",DAY($B$3)=정기주문설정!$K97,FALSE()))))),IF(정기주문설정!$I97="매일",TRUE(),IF(정기주문설정!$I97="매주",(WEEKDAY($B$3)=IFERROR(MATCH(정기주문설정!$J97,정기주문설정!$O$3:$O$9,0),0)),IF(정기주문설정!$I97="매월",DAY($B$3)=정기주문설정!$K97,FALSE())))))) -> FALSE | L100: =IF($K100=FALSE(),"",COUNTIF($K$6:$K100,TRUE())) | M100: =IF($L100="","","R"&$L100)
K101: =IF(정기주문설정!$B98="",FALSE(),IF(정기주문설정!$M98="중지",FALSE(),IF(정기주문설정!$L98<>"",IF($B$3<정기주문설정!$L98,FALSE(),IF(정기주문설정!$I98="매일",TRUE(),IF(정기주문설정!$I98="매주",(WEEKDAY($B$3)=IFERROR(MATCH(정기주문설정!$J98,정기주문설정!$O$3:$O$9,0),0)),IF(정기주문설정!$I98="격주",AND((WEEKDAY($B$3)=IFERROR(MATCH(정기주문설정!$J98,정기주문설정!$O$3:$O$9,0),0)),MOD(INT(($B$3-정기주문설정!$L98)/7),2)=0),IF(정기주문설정!$I98="매월",DAY($B$3)=정기주문설정!$K98,FALSE()))))),IF(정기주문설정!$I98="매일",TRUE(),IF(정기주문설정!$I98="매주",(WEEKDAY($B$3)=IFERROR(MATCH(정기주문설정!$J98,정기주문설정!$O$3:$O$9,0),0)),IF(정기주문설정!$I98="매월",DAY($B$3)=정기주문설정!$K98,FALSE())))))) -> FALSE | L101: =IF($K101=FALSE(),"",COUNTIF($K$6:$K101,TRUE())) | M101: =IF($L101="","","R"&$L101)
K102: =IF(정기주문설정!$B99="",FALSE(),IF(정기주문설정!$M99="중지",FALSE(),IF(정기주문설정!$L99<>"",IF($B$3<정기주문설정!$L99,FALSE(),IF(정기주문설정!$I99="매일",TRUE(),IF(정기주문설정!$I99="매주",(WEEKDAY($B$3)=IFERROR(MATCH(정기주문설정!$J99,정기주문설정!$O$3:$O$9,0),0)),IF(정기주문설정!$I99="격주",AND((WEEKDAY($B$3)=IFERROR(MATCH(정기주문설정!$J99,정기주문설정!$O$3:$O$9,0),0)),MOD(INT(($B$3-정기주문설정!$L99)/7),2)=0),IF(정기주문설정!$I99="매월",DAY($B$3)=정기주문설정!$K99,FALSE()))))),IF(정기주문설정!$I99="매일",TRUE(),IF(정기주문설정!$I99="매주",(WEEKDAY($B$3)=IFERROR(MATCH(정기주문설정!$J99,정기주문설정!$O$3:$O$9,0),0)),IF(정기주문설정!$I99="매월",DAY($B$3)=정기주문설정!$K99,FALSE())))))) -> FALSE | L102: =IF($K102=FALSE(),"",COUNTIF($K$6:$K102,TRUE())) | M102: =IF($L102="","","R"&$L102)
...

Sheet 주문내역
A1: 주문내역 (실제로 나간 주문 / 정기분은 주문생성에서 복사)
A2: 주문일 | B2: 거래처코드 | C2: 거래처명 | D2: 품목코드 | E2: 품목명 | F2: 단위 | G2: 수량 | H2: 단가 | I2: 금액 | J2: 구분 | K2: 비고
A3: 46266 | B3: C001 | C3: ○○식당 | D3: P001 | E3: 폐식용유 수거 | F3: 통 | G3: 2 | H3: 12000 | I3: 24000 | J3: 정기 | K3: ← 예시 행입니다. 지우고 쓰세요.
A4: 46266 | B4: C002 | C4: △△치킨 | D4: P001 | E4: 폐식용유 수거 | F4: 통 | G4: 3 | H4: 12000 | I4: 36000 | J4: 정기
A5: 46269 | B5: C001 | C5: ○○식당 | D5: P003 | E5: 위생용품 세트 | F5: SET | G5: 1 | H5: 18000 | I5: 18000 | J5: 정기
A6: 46273 | B6: C001 | C6: ○○식당 | D6: P001 | E6: 폐식용유 수거 | F6: 통 | G6: 2 | H6: 12000 | I6: 24000 | J6: 정기
A7: 46273 | B7: C002 | C7: △△치킨 | D7: P001 | E7: 폐식용유 수거 | F7: 통 | G7: 3 | H7: 12000 | I7: 36000 | J7: 정기
A8: 46275 | B8: C003 | C8: □□분식 | D8: P002 | E8: 식용유 납품 | F8: 통 | G8: 2 | H8: 42000 | I8: 84000 | J8: 추가
A2004: ※ [주문생성]에서 복사할 때는 오른쪽 클릭 → 선택하여 붙여넣기 → 값 을 쓰세요.
A2005: ※ 금액 칸도 값으로 붙습니다. 수량을 고치면 금액은 직접 수정하세요.

Sheet 거래처별집계
A1: 거래처별집계
A3: 대상 연도 | B3: 2026
A5: 거래처코드 | B5: 거래처명 | C5: 정기설정 건수 | D5: 주문 건수 | E5: 총 수량 | F5: 총 금액
A6: =IF(거래처목록!$A3="","",거래처목록!$A3) -> C001 | B6: =IF($A6="","",거래처목록!$B3) -> ○○식당 | C6: =IF($A6="","",COUNTIFS(정기주문설정!$B$3:$B$302,$A6)) -> 2 | D6: =IF($A6="","",COUNTIFS(주문내역!$B$3:$B$2002,$A6,주문내역!$A$3:$A$2002,">="&DATE($B$3,1,1),주문내역!$A$3:$A$2002,"<="&DATE($B$3,12,31))) -> 3 | E6: =IF($A6="","",SUMIFS(주문내역!$G$3:$G$2002,주문내역!$B$3:$B$2002,$A6,주문내역!$A$3:$A$2002,">="&DATE($B$3,1,1),주문내역!$A$3:$A$2002,"<="&DATE($B$3,12,31))) -> 5 | F6: =IF($A6="","",SUMIFS(주문내역!$I$3:$I$2002,주문내역!$B$3:$B$2002,$A6,주문내역!$A$3:$A$2002,">="&DATE($B$3,1,1),주문내역!$A$3:$A$2002,"<="&DATE($B$3,12,31))) -> 66000
A7: =IF(거래처목록!$A4="","",거래처목록!$A4) -> C002 | B7: =IF($A7="","",거래처목록!$B4) -> △△치킨 | C7: =IF($A7="","",COUNTIFS(정기주문설정!$B$3:$B$302,$A7)) -> 1 | D7: =IF($A7="","",COUNTIFS(주문내역!$B$3:$B$2002,$A7,주문내역!$A$3:$A$2002,">="&DATE($B$3,1,1),주문내역!$A$3:$A$2002,"<="&DATE($B$3,12,31))) -> 2 | E7: =IF($A7="","",SUMIFS(주문내역!$G$3:$G$2002,주문내역!$B$3:$B$2002,$A7,주문내역!$A$3:$A$2002,">="&DATE($B$3,1,1),주문내역!$A$3:$A$2002,"<="&DATE($B$3,12,31))) -> 6 | F7: =IF($A7="","",SUMIFS(주문내역!$I$3:$I$2002,주문내역!$B$3:$B$2002,$A7,주문내역!$A$3:$A$2002,">="&DATE($B$3,1,1),주문내역!$A$3:$A$2002,"<="&DATE($B$3,12,31))) -> 72000
A8: =IF(거래처목록!$A5="","",거래처목록!$A5) -> C003 | B8: =IF($A8="","",거래처목록!$B5) -> □□분식 | C8: =IF($A8="","",COUNTIFS(정기주문설정!$B$3:$B$302,$A8)) -> 1 | D8: =IF($A8="","",COUNTIFS(주문내역!$B$3:$B$2002,$A8,주문내역!$A$3:$A$2002,">="&DATE($B$3,1,1),주문내역!$A$3:$A$2002,"<="&DATE($B$3,12,31))) -> 1 | E8: =IF($A8="","",SUMIFS(주문내역!$G$3:$G$2002,주문내역!$B$3:$B$2002,$A8,주문내역!$A$3:$A$2002,">="&DATE($B$3,1,1),주문내역!$A$3:$A$2002,"<="&DATE($B$3,12,31))) -> 2 | F8: =IF($A8="","",SUMIFS(주문내역!$I$3:$I$2002,주문내역!$B$3:$B$2002,$A8,주문내역!$A$3:$A$2002,">="&DATE($B$3,1,1),주문내역!$A$3:$A$2002,"<="&DATE($B$3,12,31))) -> 84000
A9: =IF(거래처목록!$A6="","",거래처목록!$A6) | B9: =IF($A9="","",거래처목록!$B6) | C9: =IF($A9="","",COUNTIFS(정기주문설정!$B$3:$B$302,$A9)) | D9: =IF($A9="","",COUNTIFS(주문내역!$B$3:$B$2002,$A9,주문내역!$A$3:$A$2002,">="&DATE($B$3,1,1),주문내역!$A$3:$A$2002,"<="&DATE($B$3,12,31))) | E9: =IF($A9="","",SUMIFS(주문내역!$G$3:$G$2002,주문내역!$B$3:$B$2002,$A9,주문내역!$A$3:$A$2002,">="&DATE($B$3,1,1),주문내역!$A$3:$A$2002,"<="&DATE($B$3,12,31))) | F9: =IF($A9="","",SUMIFS(주문내역!$I$3:$I$2002,주문내역!$B$3:$B$2002,$A9,주문내역!$A$3:$A$2002,">="&DATE($B$3,1,1),주문내역!$A$3:$A$2002,"<="&DATE($B$3,12,31)))
A10: =IF(거래처목록!$A7="","",거래처목록!$A7) | B10: =IF($A10="","",거래처목록!$B7) | C10: =IF($A10="","",COUNTIFS(정기주문설정!$B$3:$B$302,$A10)) | D10: =IF($A10="","",COUNTIFS(주문내역!$B$3:$B$2002,$A10,주문내역!$A$3:$A$2002,">="&DATE($B$3,1,1),주문내역!$A$3:$A$2002,"<="&DATE($B$3,12,31))) | E10: =IF($A10="","",SUMIFS(주문내역!$G$3:$G$2002,주문내역!$B$3:$B$2002,$A10,주문내역!$A$3:$A$2002,">="&DATE($B$3,1,1),주문내역!$A$3:$A$2002,"<="&DATE($B$3,12,31))) | F10: =IF($A10="","",SUMIFS(주문내역!$I$3:$I$2002,주문내역!$B$3:$B$2002,$A10,주문내역!$A$3:$A$2002,">="&DATE($B$3,1,1),주문내역!$A$3:$A$2002,"<="&DATE($B$3,12,31)))
A11: =IF(거래처목록!$A8="","",거래처목록!$A8) | B11: =IF($A11="","",거래처목록!$B8) | C11: =IF($A11="","",COUNTIFS(정기주문설정!$B$3:$B$302,$A11)) | D11: =IF($A11="","",COUNTIFS(주문내역!$B$3:$B$2002,$A11,주문내역!$A$3:$A$2002,">="&DATE($B$3,1,1),주문내역!$A$3:$A$2002,"<="&DATE($B$3,12,31))) | E11: =IF($A11="","",SUMIFS(주문내역!$G$3:$G$2002,주문내역!$B$3:$B$2002,$A11,주문내역!$A$3:$A$2002,">="&DATE($B$3,1,1),주문내역!$A$3:$A$2002,"<="&DATE($B$3,12,31))) | F11: =IF($A11="","",SUMIFS(주문내역!$I$3:$I$2002,주문내역!$B$3:$B$2002,$A11,주문내역!$A$3:$A$2002,">="&DATE($B$3,1,1),주문내역!$A$3:$A$2002,"<="&DATE($B$3,12,31)))
A12: =IF(거래처목록!$A9="","",거래처목록!$A9) | B12: =IF($A12="","",거래처목록!$B9) | C12: =IF($A12="","",COUNTIFS(정기주문설정!$B$3:$B$302,$A12)) | D12: =IF($A12="","",COUNTIFS(주문내역!$B$3:$B$2002,$A12,주문내역!$A$3:$A$2002,">="&DATE($B$3,1,1),주문내역!$A$3:$A$2002,"<="&DATE($B$3,12,31))) | E12: =IF($A12="","",SUMIFS(주문내역!$G$3:$G$2002,주문내역!$B$3:$B$2002,$A12,주문내역!$A$3:$A$2002,">="&DATE($B$3,1,1),주문내역!$A$3:$A$2002,"<="&DATE($B$3,12,31))) | F12: =IF($A12="","",SUMIFS(주문내역!$I$3:$I$2002,주문내역!$B$3:$B$2002,$A12,주문내역!$A$3:$A$2002,">="&DATE($B$3,1,1),주문내역!$A$3:$A$2002,"<="&DATE($B$3,12,31)))
A13: =IF(거래처목록!$A10="","",거래처목록!$A10) | B13: =IF($A13="","",거래처목록!$B10) | C13: =IF($A13="","",COUNTIFS(정기주문설정!$B$3:$B$302,$A13)) | D13: =IF($A13="","",COUNTIFS(주문내역!$B$3:$B$2002,$A13,주문내역!$A$3:$A$2002,">="&DATE($B$3,1,1),주문내역!$A$3:$A$2002,"<="&DATE($B$3,12,31))) | E13: =IF($A13="","",SUMIFS(주문내역!$G$3:$G$2002,주문내역!$B$3:$B$2002,$A13,주문내역!$A$3:$A$2002,">="&DATE($B$3,1,1),주문내역!$A$3:$A$2002,"<="&DATE($B$3,12,31))) | F13: =IF($A13="","",SUMIFS(주문내역!$I$3:$I$2002,주문내역!$B$3:$B$2002,$A13,주문내역!$A$3:$A$2002,">="&DATE($B$3,1,1),주문내역!$A$3:$A$2002,"<="&DATE($B$3,12,31)))
A14: =IF(거래처목록!$A11="","",거래처목록!$A11) | B14: =IF($A14="","",거래처목록!$B11) | C14: =IF($A14="","",COUNTIFS(정기주문설정!$B$3:$B$302,$A14)) | D14: =IF($A14="","",COUNTIFS(주문내역!$B$3:$B$2002,$A14,주문내역!$A$3:$A$2002,">="&DATE($B$3,1,1),주문내역!$A$3:$A$2002,"<="&DATE($B$3,12,31))) | E14: =IF($A14="","",SUMIFS(주문내역!$G$3:$G$2002,주문내역!$B$3:$B$2002,$A14,주문내역!$A$3:$A$2002,">="&DATE($B$3,1,1),주문내역!$A$3:$A$2002,"<="&DATE($B$3,12,31))) | F14: =IF($A14="","",SUMIFS(주문내역!$I$3:$I$2002,주문내역!$B$3:$B$2002,$A14,주문내역!$A$3:$A$2002,">="&DATE($B$3,1,1),주문내역!$A$3:$A$2002,"<="&DATE($B$3,12,31)))
A15: =IF(거래처목록!$A12="","",거래처목록!$A12) | B15: =IF($A15="","",거래처목록!$B12) | C15: =IF($A15="","",COUNTIFS(정기주문설정!$B$3:$B$302,$A15)) | D15: =IF($A15="","",COUNTIFS(주문내역!$B$3:$B$2002,$A15,주문내역!$A$3:$A$2002,">="&DATE($B$3,1,1),주문내역!$A$3:$A$2002,"<="&DATE($B$3,12,31))) | E15: =IF($A15="","",SUMIFS(주문내역!$G$3:$G$2002,주문내역!$B$3:$B$2002,$A15,주문내역!$A$3:$A$2002,">="&DATE($B$3,1,1),주문내역!$A$3:$A$2002,"<="&DATE($B$3,12,31))) | F15: =IF($A15="","",SUMIFS(주문내역!$I$3:$I$2002,주문내역!$B$3:$B$2002,$A15,주문내역!$A$3:$A$2002,">="&DATE($B$3,1,1),주문내역!$A$3:$A$2002,"<="&DATE($B$3,12,31)))
A16: =IF(거래처목록!$A13="","",거래처목록!$A13) | B16: =IF($A16="","",거래처목록!$B13) | C16: =IF($A16="","",COUNTIFS(정기주문설정!$B$3:$B$302,$A16)) | D16: =IF($A16="","",COUNTIFS(주문내역!$B$3:$B$2002,$A16,주문내역!$A$3:$A$2002,">="&DATE($B$3,1,1),주문내역!$A$3:$A$2002,"<="&DATE($B$3,12,31))) | E16: =IF($A16="","",SUMIFS(주문내역!$G$3:$G$2002,주문내역!$B$3:$B$2002,$A16,주문내역!$A$3:$A$2002,">="&DATE($B$3,1,1),주문내역!$A$3:$A$2002,"<="&DATE($B$3,12,31))) | F16: =IF($A16="","",SUMIFS(주문내역!$I$3:$I$2002,주문내역!$B$3:$B$2002,$A16,주문내역!$A$3:$A$2002,">="&DATE($B$3,1,1),주문내역!$A$3:$A$2002,"<="&DATE($B$3,12,31)))
A17: =IF(거래처목록!$A14="","",거래처목록!$A14) | B17: =IF($A17="","",거래처목록!$B14) | C17: =IF($A17="","",COUNTIFS(정기주문설정!$B$3:$B$302,$A17)) | D17: =IF($A17="","",COUNTIFS(주문내역!$B$3:$B$2002,$A17,주문내역!$A$3:$A$2002,">="&DATE($B$3,1,1),주문내역!$A$3:$A$2002,"<="&DATE($B$3,12,31))) | E17: =IF($A17="","",SUMIFS(주문내역!$G$3:$G$2002,주문내역!$B$3:$B$2002,$A17,주문내역!$A$3:$A$2002,">="&DATE($B$3,1,1),주문내역!$A$3:$A$2002,"<="&DATE($B$3,12,31))) | F17: =IF($A17="","",SUMIFS(주문내역!$I$3:$I$2002,주문내역!$B$3:$B$2002,$A17,주문내역!$A$3:$A$2002,">="&DATE($B$3,1,1),주문내역!$A$3:$A$2002,"<="&DATE($B$3,12,31)))
... A305: =IF(거래처목록!$A302="","",거래처목록!$A302) | B305: =IF($A305="","",거래처목록!$B302) | C305: =IF($A305="","",COUNTIFS(정기주문설정!$B$3:$B$302,$A305)) | D305: =IF($A305="","",COUNTIFS(주문내역!$B$3:$B$2002,$A305,주문내역!$A$3:$A$2002,">="&DATE($B$3,1,1),주문내역!$A$3:$A$2002,"<="&DATE($B$3,12,31))) | E305: =IF($A305="","",SUMIFS(주문내역!$G$3:$G$2002,주문내역!$B$3:$B$2002,$A305,주문내역!$A$3:$A$2002,">="&DATE($B$3,1,1),주문내역!$A$3:$A$2002,"<="&DATE($B$3,12,31))) | F305: =IF($A305="","",SUMIFS(주문내역!$I$3:$I$2002,주문내역!$B$3:$B$2002,$A305,주문내역!$A$3:$A$2002,">="&DATE($B$3,1,1),주문내역!$A$3:$A$2002,"<="&DATE($B$3,12,31)))
B307: 합계 | C307: =SUM(C6:C305) -> 4 | D307: =SUM(D6:D305) -> 6 | E307: =SUM(E6:E305) -> 13 | F307: =SUM(F6:F305) -> 222000

Sheet 월별집계
A1: 월별집계
A3: 대상 연도 | B3: 2026
A5: 월 | B5: 주문 건수 | C5: 총 수량 | D5: 총 금액 | E5: 거래처 수
A6: 1 | B6: =COUNTIFS(주문내역!$A$3:$A$2002,">="&DATE($B$3,1,1),주문내역!$A$3:$A$2002,"<="&EOMONTH(DATE($B$3,1,1),0)) -> 0 | C6: =SUMIFS(주문내역!$G$3:$G$2002,주문내역!$A$3:$A$2002,">="&DATE($B$3,1,1),주문내역!$A$3:$A$2002,"<="&EOMONTH(DATE($B$3,1,1),0)) -> 0 | D6: =SUMIFS(주문내역!$I$3:$I$2002,주문내역!$A$3:$A$2002,">="&DATE($B$3,1,1),주문내역!$A$3:$A$2002,"<="&EOMONTH(DATE($B$3,1,1),0)) -> 0 | E6: =SUMPRODUCT((거래처목록!$A$3:$A$302<>"")*(COUNTIFS(주문내역!$B$3:$B$2002,거래처목록!$A$3:$A$302,주문내역!$A$3:$A$2002,">="&DATE($B$3,1,1),주문내역!$A$3:$A$2002,"<="&EOMONTH(DATE($B$3,1,1),0))>0)) -> 0
A7: 2 | B7: =COUNTIFS(주문내역!$A$3:$A$2002,">="&DATE($B$3,2,1),주문내역!$A$3:$A$2002,"<="&EOMONTH(DATE($B$3,2,1),0)) -> 0 | C7: =SUMIFS(주문내역!$G$3:$G$2002,주문내역!$A$3:$A$2002,">="&DATE($B$3,2,1),주문내역!$A$3:$A$2002,"<="&EOMONTH(DATE($B$3,2,1),0)) -> 0 | D7: =SUMIFS(주문내역!$I$3:$I$2002,주문내역!$A$3:$A$2002,">="&DATE($B$3,2,1),주문내역!$A$3:$A$2002,"<="&EOMONTH(DATE($B$3,2,1),0)) -> 0 | E7: =SUMPRODUCT((거래처목록!$A$3:$A$302<>"")*(COUNTIFS(주문내역!$B$3:$B$2002,거래처목록!$A$3:$A$302,주문내역!$A$3:$A$2002,">="&DATE($B$3,2,1),주문내역!$A$3:$A$2002,"<="&EOMONTH(DATE($B$3,2,1),0))>0)) -> 0
A8: 3 | B8: =COUNTIFS(주문내역!$A$3:$A$2002,">="&DATE($B$3,3,1),주문내역!$A$3:$A$2002,"<="&EOMONTH(DATE($B$3,3,1),0)) -> 0 | C8: =SUMIFS(주문내역!$G$3:$G$2002,주문내역!$A$3:$A$2002,">="&DATE($B$3,3,1),주문내역!$A$3:$A$2002,"<="&EOMONTH(DATE($B$3,3,1),0)) -> 0 | D8: =SUMIFS(주문내역!$I$3:$I$2002,주문내역!$A$3:$A$2002,">="&DATE($B$3,3,1),주문내역!$A$3:$A$2002,"<="&EOMONTH(DATE($B$3,3,1),0)) -> 0 | E8: =SUMPRODUCT((거래처목록!$A$3:$A$302<>"")*(COUNTIFS(주문내역!$B$3:$B$2002,거래처목록!$A$3:$A$302,주문내역!$A$3:$A$2002,">="&DATE($B$3,3,1),주문내역!$A$3:$A$2002,"<="&EOMONTH(DATE($B$3,3,1),0))>0)) -> 0
A9: 4 | B9: =COUNTIFS(주문내역!$A$3:$A$2002,">="&DATE($B$3,4,1),주문내역!$A$3:$A$2002,"<="&EOMONTH(DATE($B$3,4,1),0)) -> 0 | C9: =SUMIFS(주문내역!$G$3:$G$2002,주문내역!$A$3:$A$2002,">="&DATE($B$3,4,1),주문내역!$A$3:$A$2002,"<="&EOMONTH(DATE($B$3,4,1),0)) -> 0 | D9: =SUMIFS(주문내역!$I$3:$I$2002,주문내역!$A$3:$A$2002,">="&DATE($B$3,4,1),주문내역!$A$3:$A$2002,"<="&EOMONTH(DATE($B$3,4,1),0)) -> 0 | E9: =SUMPRODUCT((거래처목록!$A$3:$A$302<>"")*(COUNTIFS(주문내역!$B$3:$B$2002,거래처목록!$A$3:$A$302,주문내역!$A$3:$A$2002,">="&DATE($B$3,4,1),주문내역!$A$3:$A$2002,"<="&EOMONTH(DATE($B$3,4,1),0))>0)) -> 0
A10: 5 | B10: =COUNTIFS(주문내역!$A$3:$A$2002,">="&DATE($B$3,5,1),주문내역!$A$3:$A$2002,"<="&EOMONTH(DATE($B$3,5,1),0)) -> 0 | C10: =SUMIFS(주문내역!$G$3:$G$2002,주문내역!$A$3:$A$2002,">="&DATE($B$3,5,1),주문내역!$A$3:$A$2002,"<="&EOMONTH(DATE($B$3,5,1),0)) -> 0 | D10: =SUMIFS(주문내역!$I$3:$I$2002,주문내역!$A$3:$A$2002,">="&DATE($B$3,5,1),주문내역!$A$3:$A$2002,"<="&EOMONTH(DATE($B$3,5,1),0)) -> 0 | E10: =SUMPRODUCT((거래처목록!$A$3:$A$302<>"")*(COUNTIFS(주문내역!$B$3:$B$2002,거래처목록!$A$3:$A$302,주문내역!$A$3:$A$2002,">="&DATE($B$3,5,1),주문내역!$A$3:$A$2002,"<="&EOMONTH(DATE($B$3,5,1),0))>0)) -> 0
A11: 6 | B11: =COUNTIFS(주문내역!$A$3:$A$2002,">="&DATE($B$3,6,1),주문내역!$A$3:$A$2002,"<="&EOMONTH(DATE($B$3,6,1),0)) -> 0 | C11: =SUMIFS(주문내역!$G$3:$G$2002,주문내역!$A$3:$A$2002,">="&DATE($B$3,6,1),주문내역!$A$3:$A$2002,"<="&EOMONTH(DATE($B$3,6,1),0)) -> 0 | D11: =SUMIFS(주문내역!$I$3:$I$2002,주문내역!$A$3:$A$2002,">="&DATE($B$3,6,1),주문내역!$A$3:$A$2002,"<="&EOMONTH(DATE($B$3,6,1),0)) -> 0 | E11: =SUMPRODUCT((거래처목록!$A$3:$A$302<>"")*(COUNTIFS(주문내역!$B$3:$B$2002,거래처목록!$A$3:$A$302,주문내역!$A$3:$A$2002,">="&DATE($B$3,6,1),주문내역!$A$3:$A$2002,"<="&EOMONTH(DATE($B$3,6,1),0))>0)) -> 0
A12: 7 | B12: =COUNTIFS(주문내역!$A$3:$A$2002,">="&DATE($B$3,7,1),주문내역!$A$3:$A$2002,"<="&EOMONTH(DATE($B$3,7,1),0)) -> 0 | C12: =SUMIFS(주문내역!$G$3:$G$2002,주문내역!$A$3:$A$2002,">="&DATE($B$3,7,1),주문내역!$A$3:$A$2002,"<="&EOMONTH(DATE($B$3,7,1),0)) -> 0 | D12: =SUMIFS(주문내역!$I$3:$I$2002,주문내역!$A$3:$A$2002,">="&DATE($B$3,7,1),주문내역!$A$3:$A$2002,"<="&EOMONTH(DATE($B$3,7,1),0)) -> 0 | E12: =SUMPRODUCT((거래처목록!$A$3:$A$302<>"")*(COUNTIFS(주문내역!$B$3:$B$2002,거래처목록!$A$3:$A$302,주문내역!$A$3:$A$2002,">="&DATE($B$3,7,1),주문내역!$A$3:$A$2002,"<="&EOMONTH(DATE($B$3,7,1),0))>0)) -> 0
A13: 8 | B13: =COUNTIFS(주문내역!$A$3:$A$2002,">="&DATE($B$3,8,1),주문내역!$A$3:$A$2002,"<="&EOMONTH(DATE($B$3,8,1),0)) -> 0 | C13: =SUMIFS(주문내역!$G$3:$G$2002,주문내역!$A$3:$A$2002,">="&DATE($B$3,8,1),주문내역!$A$3:$A$2002,"<="&EOMONTH(DATE($B$3,8,1),0)) -> 0 | D13: =SUMIFS(주문내역!$I$3:$I$2002,주문내역!$A$3:$A$2002,">="&DATE($B$3,8,1),주문내역!$A$3:$A$2002,"<="&EOMONTH(DATE($B$3,8,1),0)) -> 0 | E13: =SUMPRODUCT((거래처목록!$A$3:$A$302<>"")*(COUNTIFS(주문내역!$B$3:$B$2002,거래처목록!$A$3:$A$302,주문내역!$A$3:$A$2002,">="&DATE($B$3,8,1),주문내역!$A$3:$A$2002,"<="&EOMONTH(DATE($B$3,8,1),0))>0)) -> 0
A14: 9 | B14: =COUNTIFS(주문내역!$A$3:$A$2002,">="&DATE($B$3,9,1),주문내역!$A$3:$A$2002,"<="&EOMONTH(DATE($B$3,9,1),0)) -> 6 | C14: =SUMIFS(주문내역!$G$3:$G$2002,주문내역!$A$3:$A$2002,">="&DATE($B$3,9,1),주문내역!$A$3:$A$2002,"<="&EOMONTH(DATE($B$3,9,1),0)) -> 13 | D14: =SUMIFS(주문내역!$I$3:$I$2002,주문내역!$A$3:$A$2002,">="&DATE($B$3,9,1),주문내역!$A$3:$A$2002,"<="&EOMONTH(DATE($B$3,9,1),0)) -> 222000 | E14: =SUMPRODUCT((거래처목록!$A$3:$A$302<>"")*(COUNTIFS(주문내역!$B$3:$B$2002,거래처목록!$A$3:$A$302,주문내역!$A$3:$A$2002,">="&DATE($B$3,9,1),주문내역!$A$3:$A$2002,"<="&EOMONTH(DATE($B$3,9,1),0))>0)) -> 3
A15: 10 | B15: =COUNTIFS(주문내역!$A$3:$A$2002,">="&DATE($B$3,10,1),주문내역!$A$3:$A$2002,"<="&EOMONTH(DATE($B$3,10,1),0)) -> 0 | C15: =SUMIFS(주문내역!$G$3:$G$2002,주문내역!$A$3:$A$2002,">="&DATE($B$3,10,1),주문내역!$A$3:$A$2002,"<="&EOMONTH(DATE($B$3,10,1),0)) -> 0 | D15: =SUMIFS(주문내역!$I$3:$I$2002,주문내역!$A$3:$A$2002,">="&DATE($B$3,10,1),주문내역!$A$3:$A$2002,"<="&EOMONTH(DATE($B$3,10,1),0)) -> 0 | E15: =SUMPRODUCT((거래처목록!$A$3:$A$302<>"")*(COUNTIFS(주문내역!$B$3:$B$2002,거래처목록!$A$3:$A$302,주문내역!$A$3:$A$2002,">="&DATE($B$3,10,1),주문내역!$A$3:$A$2002,"<="&EOMONTH(DATE($B$3,10,1),0))>0)) -> 0
A16: 11 | B16: =COUNTIFS(주문내역!$A$3:$A$2002,">="&DATE($B$3,11,1),주문내역!$A$3:$A$2002,"<="&EOMONTH(DATE($B$3,11,1),0)) -> 0 | C16: =SUMIFS(주문내역!$G$3:$G$2002,주문내역!$A$3:$A$2002,">="&DATE($B$3,11,1),주문내역!$A$3:$A$2002,"<="&EOMONTH(DATE($B$3,11,1),0)) -> 0 | D16: =SUMIFS(주문내역!$I$3:$I$2002,주문내역!$A$3:$A$2002,">="&DATE($B$3,11,1),주문내역!$A$3:$A$2002,"<="&EOMONTH(DATE($B$3,11,1),0)) -> 0 | E16: =SUMPRODUCT((거래처목록!$A$3:$A$302<>"")*(COUNTIFS(주문내역!$B$3:$B$2002,거래처목록!$A$3:$A$302,주문내역!$A$3:$A$2002,">="&DATE($B$3,11,1),주문내역!$A$3:$A$2002,"<="&EOMONTH(DATE($B$3,11,1),0))>0)) -> 0
A17: 12 | B17: =COUNTIFS(주문내역!$A$3:$A$2002,">="&DATE($B$3,12,1),주문내역!$A$3:$A$2002,"<="&EOMONTH(DATE($B$3,12,1),0)) -> 0 | C17: =SUMIFS(주문내역!$G$3:$G$2002,주문내역!$A$3:$A$2002,">="&DATE($B$3,12,1),주문내역!$A$3:$A$2002,"<="&EOMONTH(DATE($B$3,12,1),0)) -> 0 | D17: =SUMIFS(주문내역!$I$3:$I$2002,주문내역!$A$3:$A$2002,">="&DATE($B$3,12,1),주문내역!$A$3:$A$2002,"<="&EOMONTH(DATE($B$3,12,1),0)) -> 0 | E17: =SUMPRODUCT((거래처목록!$A$3:$A$302<>"")*(COUNTIFS(주문내역!$B$3:$B$2002,거래처목록!$A$3:$A$302,주문내역!$A$3:$A$2002,">="&DATE($B$3,12,1),주문내역!$A$3:$A$2002,"<="&EOMONTH(DATE($B$3,12,1),0))>0)) -> 0
A18: 합계 | B18: =SUM(B6:B17) -> 6 | C18: =SUM(C6:C17) -> 13 | D18: =SUM(D6:D17) -> 222000
