Workbook

Sheet 사용안내
B2: 거래처 서류 일괄생성 (거래명세서 · 출고증 · AS요청서)
B4: 핵심 | C4: 출고 건을 [출고현황]에 한 번만 입력하면 거래명세서·출고증·AS요청서가 자동으로 만들어집니다.
B5: 입력 규칙 | C5: 파란색 글씨 칸만 입력하세요. 검은색은 자동 계산입니다.
B6: ① 기초정보 | C6: 우리 회사 정보와 부가세율을 등록합니다.
B7: ② 거래처목록 | C7: 거래처명·사업자번호·주소·담당자를 등록합니다.
B8: ③ 품목마스터 | C8: 품목명·규격·단위·기본단가를 등록해두면 입력이 빨라집니다.
B9: ④ 출고현황 | C9: 출고할 때마다 한 줄씩. 같은 출고번호를 쓰면 한 건으로 묶입니다.
C10: AS여부에 'Y'를 넣으면 그 항목만 AS요청서에 나타납니다.
B11: ⑤ 거래명세서 / 출고증 / AS요청서 | C11: 출고번호만 고르면 해당 건이 자동으로 채워집니다.
B12: 출고번호 규칙 | C12: 예: 2026-0001 처럼 자유롭게 쓰되, 한 건의 출고에는 같은 번호를 쓰세요.
B15: ※ 서식 한 장당 최대 항목 수는 18개입니다.

Sheet 기초정보
B2: 기초정보 (파란색 칸에 입력)
B4: 상호 | C4: ○○산업
B5: 사업자등록번호 | C5: 000-00-00000
B6: 대표자 | C6: 홍길동
B7: 주소 | C7: 경기도 ○○시 ○○로 00
B8: 전화 | C8: 031-000-0000
B9: 팩스 | C9: 031-000-0001
B10: 담당자 | C10: 김담당
B11: 부가세율 | C11: 0.1
B13: ※ 예시값입니다. 실제 회사 정보로 바꿔주세요.

Sheet 거래처목록
A1: 거래처목록
A2: 거래처명 | B2: 사업자번호 | C2: 대표자 | D2: 주소 | E2: 담당자 | F2: 연락처
A3: ○○전자 | B3: 111-11-11111 | C3: 이대표 | D3: 서울시 ○○구 | E3: 박과장 | F3: 010-0000-0000

Sheet 품목마스터
A1: 품목마스터
A2: 품목명 | B2: 규격 | C2: 단위 | D2: 기본단가 | E2: 비고
A3: 제어반 ASSY | B3: CP-200 | C3: EA | D3: 320000
A4: 센서 모듈 | B4: SM-15 | C4: EA | D4: 45000
A5: 케이블 하네스 | B5: 2M | C5: SET | D5: 28000

Sheet 출고현황
A1: 출고현황 (출고번호·출고일·거래처·품목·수량만 입력 / 나머지 자동)
A2: 출고번호 | B2: 출고일 | C2: 거래처명 | D2: 품목명 | E2: 규격(자동) | F2: 단위(자동) | G2: 단가 | H2: 수량 | I2: 공급가액(자동) | J2: AS여부(Y) | K2: AS사유 | L2: 순번(자동) | M2: 조회키(자동) | N2: AS키(자동)
E3: =IF($D3="","",IFERROR(INDEX(품목마스터!$B$3:$B$102,MATCH($D3,품목마스터!$A$3:$A$102,0)),"")) | F3: =IF($D3="","",IFERROR(INDEX(품목마스터!$C$3:$C$102,MATCH($D3,품목마스터!$A$3:$A$102,0)),"")) | G3: =IF($D3="","",IFERROR(INDEX(품목마스터!$D$3:$D$102,MATCH($D3,품목마스터!$A$3:$A$102,0)),0)) | I3: =IF(OR($G3="",$H3=""),"",ROUND($G3*$H3,0)) | L3: =IF($A3="","",COUNTIFS($A$3:$A3,$A3)) | M3: =IF($A3="","",$A3&"|"&$L3) | N3: =IF(OR($A3="",UPPER($J3)<>"Y"),"",$A3&"#"&COUNTIFS($A$3:$A3,$A3,$J$3:$J3,"Y"))
E4: =IF($D4="","",IFERROR(INDEX(품목마스터!$B$3:$B$102,MATCH($D4,품목마스터!$A$3:$A$102,0)),"")) | F4: =IF($D4="","",IFERROR(INDEX(품목마스터!$C$3:$C$102,MATCH($D4,품목마스터!$A$3:$A$102,0)),"")) | G4: =IF($D4="","",IFERROR(INDEX(품목마스터!$D$3:$D$102,MATCH($D4,품목마스터!$A$3:$A$102,0)),0)) | I4: =IF(OR($G4="",$H4=""),"",ROUND($G4*$H4,0)) | L4: =IF($A4="","",COUNTIFS($A$3:$A4,$A4)) | M4: =IF($A4="","",$A4&"|"&$L4) | N4: =IF(OR($A4="",UPPER($J4)<>"Y"),"",$A4&"#"&COUNTIFS($A$3:$A4,$A4,$J$3:$J4,"Y"))
E5: =IF($D5="","",IFERROR(INDEX(품목마스터!$B$3:$B$102,MATCH($D5,품목마스터!$A$3:$A$102,0)),"")) | F5: =IF($D5="","",IFERROR(INDEX(품목마스터!$C$3:$C$102,MATCH($D5,품목마스터!$A$3:$A$102,0)),"")) | G5: =IF($D5="","",IFERROR(INDEX(품목마스터!$D$3:$D$102,MATCH($D5,품목마스터!$A$3:$A$102,0)),0)) | I5: =IF(OR($G5="",$H5=""),"",ROUND($G5*$H5,0)) | L5: =IF($A5="","",COUNTIFS($A$3:$A5,$A5)) | M5: =IF($A5="","",$A5&"|"&$L5) | N5: =IF(OR($A5="",UPPER($J5)<>"Y"),"",$A5&"#"&COUNTIFS($A$3:$A5,$A5,$J$3:$J5,"Y"))
E6: =IF($D6="","",IFERROR(INDEX(품목마스터!$B$3:$B$102,MATCH($D6,품목마스터!$A$3:$A$102,0)),"")) | F6: =IF($D6="","",IFERROR(INDEX(품목마스터!$C$3:$C$102,MATCH($D6,품목마스터!$A$3:$A$102,0)),"")) | G6: =IF($D6="","",IFERROR(INDEX(품목마스터!$D$3:$D$102,MATCH($D6,품목마스터!$A$3:$A$102,0)),0)) | I6: =IF(OR($G6="",$H6=""),"",ROUND($G6*$H6,0)) | L6: =IF($A6="","",COUNTIFS($A$3:$A6,$A6)) | M6: =IF($A6="","",$A6&"|"&$L6) | N6: =IF(OR($A6="",UPPER($J6)<>"Y"),"",$A6&"#"&COUNTIFS($A$3:$A6,$A6,$J$3:$J6,"Y"))
E7: =IF($D7="","",IFERROR(INDEX(품목마스터!$B$3:$B$102,MATCH($D7,품목마스터!$A$3:$A$102,0)),"")) | F7: =IF($D7="","",IFERROR(INDEX(품목마스터!$C$3:$C$102,MATCH($D7,품목마스터!$A$3:$A$102,0)),"")) | G7: =IF($D7="","",IFERROR(INDEX(품목마스터!$D$3:$D$102,MATCH($D7,품목마스터!$A$3:$A$102,0)),0)) | I7: =IF(OR($G7="",$H7=""),"",ROUND($G7*$H7,0)) | L7: =IF($A7="","",COUNTIFS($A$3:$A7,$A7)) | M7: =IF($A7="","",$A7&"|"&$L7) | N7: =IF(OR($A7="",UPPER($J7)<>"Y"),"",$A7&"#"&COUNTIFS($A$3:$A7,$A7,$J$3:$J7,"Y"))
E8: =IF($D8="","",IFERROR(INDEX(품목마스터!$B$3:$B$102,MATCH($D8,품목마스터!$A$3:$A$102,0)),"")) | F8: =IF($D8="","",IFERROR(INDEX(품목마스터!$C$3:$C$102,MATCH($D8,품목마스터!$A$3:$A$102,0)),"")) | G8: =IF($D8="","",IFERROR(INDEX(품목마스터!$D$3:$D$102,MATCH($D8,품목마스터!$A$3:$A$102,0)),0)) | I8: =IF(OR($G8="",$H8=""),"",ROUND($G8*$H8,0)) | L8: =IF($A8="","",COUNTIFS($A$3:$A8,$A8)) | M8: =IF($A8="","",$A8&"|"&$L8) | N8: =IF(OR($A8="",UPPER($J8)<>"Y"),"",$A8&"#"&COUNTIFS($A$3:$A8,$A8,$J$3:$J8,"Y"))
E9: =IF($D9="","",IFERROR(INDEX(품목마스터!$B$3:$B$102,MATCH($D9,품목마스터!$A$3:$A$102,0)),"")) | F9: =IF($D9="","",IFERROR(INDEX(품목마스터!$C$3:$C$102,MATCH($D9,품목마스터!$A$3:$A$102,0)),"")) | G9: =IF($D9="","",IFERROR(INDEX(품목마스터!$D$3:$D$102,MATCH($D9,품목마스터!$A$3:$A$102,0)),0)) | I9: =IF(OR($G9="",$H9=""),"",ROUND($G9*$H9,0)) | L9: =IF($A9="","",COUNTIFS($A$3:$A9,$A9)) | M9: =IF($A9="","",$A9&"|"&$L9) | N9: =IF(OR($A9="",UPPER($J9)<>"Y"),"",$A9&"#"&COUNTIFS($A$3:$A9,$A9,$J$3:$J9,"Y"))
E10: =IF($D10="","",IFERROR(INDEX(품목마스터!$B$3:$B$102,MATCH($D10,품목마스터!$A$3:$A$102,0)),"")) | F10: =IF($D10="","",IFERROR(INDEX(품목마스터!$C$3:$C$102,MATCH($D10,품목마스터!$A$3:$A$102,0)),"")) | G10: =IF($D10="","",IFERROR(INDEX(품목마스터!$D$3:$D$102,MATCH($D10,품목마스터!$A$3:$A$102,0)),0)) | I10: =IF(OR($G10="",$H10=""),"",ROUND($G10*$H10,0)) | L10: =IF($A10="","",COUNTIFS($A$3:$A10,$A10)) | M10: =IF($A10="","",$A10&"|"&$L10) | N10: =IF(OR($A10="",UPPER($J10)<>"Y"),"",$A10&"#"&COUNTIFS($A$3:$A10,$A10,$J$3:$J10,"Y"))
E11: =IF($D11="","",IFERROR(INDEX(품목마스터!$B$3:$B$102,MATCH($D11,품목마스터!$A$3:$A$102,0)),"")) | F11: =IF($D11="","",IFERROR(INDEX(품목마스터!$C$3:$C$102,MATCH($D11,품목마스터!$A$3:$A$102,0)),"")) | G11: =IF($D11="","",IFERROR(INDEX(품목마스터!$D$3:$D$102,MATCH($D11,품목마스터!$A$3:$A$102,0)),0)) | I11: =IF(OR($G11="",$H11=""),"",ROUND($G11*$H11,0)) | L11: =IF($A11="","",COUNTIFS($A$3:$A11,$A11)) | M11: =IF($A11="","",$A11&"|"&$L11) | N11: =IF(OR($A11="",UPPER($J11)<>"Y"),"",$A11&"#"&COUNTIFS($A$3:$A11,$A11,$J$3:$J11,"Y"))
E12: =IF($D12="","",IFERROR(INDEX(품목마스터!$B$3:$B$102,MATCH($D12,품목마스터!$A$3:$A$102,0)),"")) | F12: =IF($D12="","",IFERROR(INDEX(품목마스터!$C$3:$C$102,MATCH($D12,품목마스터!$A$3:$A$102,0)),"")) | G12: =IF($D12="","",IFERROR(INDEX(품목마스터!$D$3:$D$102,MATCH($D12,품목마스터!$A$3:$A$102,0)),0)) | I12: =IF(OR($G12="",$H12=""),"",ROUND($G12*$H12,0)) | L12: =IF($A12="","",COUNTIFS($A$3:$A12,$A12)) | M12: =IF($A12="","",$A12&"|"&$L12) | N12: =IF(OR($A12="",UPPER($J12)<>"Y"),"",$A12&"#"&COUNTIFS($A$3:$A12,$A12,$J$3:$J12,"Y"))
E13: =IF($D13="","",IFERROR(INDEX(품목마스터!$B$3:$B$102,MATCH($D13,품목마스터!$A$3:$A$102,0)),"")) | F13: =IF($D13="","",IFERROR(INDEX(품목마스터!$C$3:$C$102,MATCH($D13,품목마스터!$A$3:$A$102,0)),"")) | G13: =IF($D13="","",IFERROR(INDEX(품목마스터!$D$3:$D$102,MATCH($D13,품목마스터!$A$3:$A$102,0)),0)) | I13: =IF(OR($G13="",$H13=""),"",ROUND($G13*$H13,0)) | L13: =IF($A13="","",COUNTIFS($A$3:$A13,$A13)) | M13: =IF($A13="","",$A13&"|"&$L13) | N13: =IF(OR($A13="",UPPER($J13)<>"Y"),"",$A13&"#"&COUNTIFS($A$3:$A13,$A13,$J$3:$J13,"Y"))
E14: =IF($D14="","",IFERROR(INDEX(품목마스터!$B$3:$B$102,MATCH($D14,품목마스터!$A$3:$A$102,0)),"")) | F14: =IF($D14="","",IFERROR(INDEX(품목마스터!$C$3:$C$102,MATCH($D14,품목마스터!$A$3:$A$102,0)),"")) | G14: =IF($D14="","",IFERROR(INDEX(품목마스터!$D$3:$D$102,MATCH($D14,품목마스터!$A$3:$A$102,0)),0)) | I14: =IF(OR($G14="",$H14=""),"",ROUND($G14*$H14,0)) | L14: =IF($A14="","",COUNTIFS($A$3:$A14,$A14)) | M14: =IF($A14="","",$A14&"|"&$L14) | N14: =IF(OR($A14="",UPPER($J14)<>"Y"),"",$A14&"#"&COUNTIFS($A$3:$A14,$A14,$J$3:$J14,"Y"))
... E302: =IF($D302="","",IFERROR(INDEX(품목마스터!$B$3:$B$102,MATCH($D302,품목마스터!$A$3:$A$102,0)),"")) | F302: =IF($D302="","",IFERROR(INDEX(품목마스터!$C$3:$C$102,MATCH($D302,품목마스터!$A$3:$A$102,0)),"")) | G302: =IF($D302="","",IFERROR(INDEX(품목마스터!$D$3:$D$102,MATCH($D302,품목마스터!$A$3:$A$102,0)),0)) | I302: =IF(OR($G302="",$H302=""),"",ROUND($G302*$H302,0)) | L302: =IF($A302="","",COUNTIFS($A$3:$A302,$A302)) | M302: =IF($A302="","",$A302&"|"&$L302) | N302: =IF(OR($A302="",UPPER($J302)<>"Y"),"",$A302&"#"&COUNTIFS($A$3:$A302,$A302,$J$3:$J302,"Y"))

Sheet 거래명세서
A1: 거 래 명 세 서
A3: 출고번호 | C3: 2026-0001 | E3: 출고일 | F3: =IFERROR(INDEX(출고현황!$B$3:$B$302,MATCH($C$3,출고현황!$A$3:$A$302,0)),"")
A4: ※ 위의 [출고번호]만 바꾸면 아래 내용이 전부 자동으로 바뀝니다.
A6: 거래처 | C6: =IFERROR(INDEX(출고현황!$C$3:$C$302,MATCH($C$3,출고현황!$A$3:$A$302,0)),"") | E6: 상호 | F6: =기초정보!$C$4 -> ○○산업
A7: 사업자번호 | C7: =IFERROR(INDEX(거래처목록!$B$3:$B$62,MATCH($C$6,거래처목록!$A$3:$A$62,0)),"") | E7: 사업자번호 | F7: =기초정보!$C$5 -> 000-00-00000
A8: 담당자 | C8: =IFERROR(INDEX(거래처목록!$E$3:$E$62,MATCH($C$6,거래처목록!$A$3:$A$62,0)),"") | E8: 담당자 | F8: =기초정보!$C$10 -> 김담당
A10: No | B10: 품 목 | C10: 규 격 | D10: 단위 | E10: 수량 | F10: 단가 | G10: 공급가액
A11: 1 | B11: =IFERROR(INDEX(출고현황!$D$3:$D$302,MATCH($C$3&"|"&1,출고현황!$M$3:$M$302,0)),"") | C11: =IF($B11="","",IFERROR(INDEX(출고현황!$E$3:$E$302,MATCH($C$3&"|"&1,출고현황!$M$3:$M$302,0)),"")) | D11: =IF($B11="","",IFERROR(INDEX(출고현황!$F$3:$F$302,MATCH($C$3&"|"&1,출고현황!$M$3:$M$302,0)),"")) | E11: =IF($B11="","",IFERROR(INDEX(출고현황!$H$3:$H$302,MATCH($C$3&"|"&1,출고현황!$M$3:$M$302,0)),"")) | F11: =IF($B11="","",IFERROR(INDEX(출고현황!$G$3:$G$302,MATCH($C$3&"|"&1,출고현황!$M$3:$M$302,0)),"")) | G11: =IF($B11="","",IFERROR(INDEX(출고현황!$I$3:$I$302,MATCH($C$3&"|"&1,출고현황!$M$3:$M$302,0)),""))
A12: 2 | B12: =IFERROR(INDEX(출고현황!$D$3:$D$302,MATCH($C$3&"|"&2,출고현황!$M$3:$M$302,0)),"") | C12: =IF($B12="","",IFERROR(INDEX(출고현황!$E$3:$E$302,MATCH($C$3&"|"&2,출고현황!$M$3:$M$302,0)),"")) | D12: =IF($B12="","",IFERROR(INDEX(출고현황!$F$3:$F$302,MATCH($C$3&"|"&2,출고현황!$M$3:$M$302,0)),"")) | E12: =IF($B12="","",IFERROR(INDEX(출고현황!$H$3:$H$302,MATCH($C$3&"|"&2,출고현황!$M$3:$M$302,0)),"")) | F12: =IF($B12="","",IFERROR(INDEX(출고현황!$G$3:$G$302,MATCH($C$3&"|"&2,출고현황!$M$3:$M$302,0)),"")) | G12: =IF($B12="","",IFERROR(INDEX(출고현황!$I$3:$I$302,MATCH($C$3&"|"&2,출고현황!$M$3:$M$302,0)),""))
A13: 3 | B13: =IFERROR(INDEX(출고현황!$D$3:$D$302,MATCH($C$3&"|"&3,출고현황!$M$3:$M$302,0)),"") | C13: =IF($B13="","",IFERROR(INDEX(출고현황!$E$3:$E$302,MATCH($C$3&"|"&3,출고현황!$M$3:$M$302,0)),"")) | D13: =IF($B13="","",IFERROR(INDEX(출고현황!$F$3:$F$302,MATCH($C$3&"|"&3,출고현황!$M$3:$M$302,0)),"")) | E13: =IF($B13="","",IFERROR(INDEX(출고현황!$H$3:$H$302,MATCH($C$3&"|"&3,출고현황!$M$3:$M$302,0)),"")) | F13: =IF($B13="","",IFERROR(INDEX(출고현황!$G$3:$G$302,MATCH($C$3&"|"&3,출고현황!$M$3:$M$302,0)),"")) | G13: =IF($B13="","",IFERROR(INDEX(출고현황!$I$3:$I$302,MATCH($C$3&"|"&3,출고현황!$M$3:$M$302,0)),""))
A14: 4 | B14: =IFERROR(INDEX(출고현황!$D$3:$D$302,MATCH($C$3&"|"&4,출고현황!$M$3:$M$302,0)),"") | C14: =IF($B14="","",IFERROR(INDEX(출고현황!$E$3:$E$302,MATCH($C$3&"|"&4,출고현황!$M$3:$M$302,0)),"")) | D14: =IF($B14="","",IFERROR(INDEX(출고현황!$F$3:$F$302,MATCH($C$3&"|"&4,출고현황!$M$3:$M$302,0)),"")) | E14: =IF($B14="","",IFERROR(INDEX(출고현황!$H$3:$H$302,MATCH($C$3&"|"&4,출고현황!$M$3:$M$302,0)),"")) | F14: =IF($B14="","",IFERROR(INDEX(출고현황!$G$3:$G$302,MATCH($C$3&"|"&4,출고현황!$M$3:$M$302,0)),"")) | G14: =IF($B14="","",IFERROR(INDEX(출고현황!$I$3:$I$302,MATCH($C$3&"|"&4,출고현황!$M$3:$M$302,0)),""))
A15: 5 | B15: =IFERROR(INDEX(출고현황!$D$3:$D$302,MATCH($C$3&"|"&5,출고현황!$M$3:$M$302,0)),"") | C15: =IF($B15="","",IFERROR(INDEX(출고현황!$E$3:$E$302,MATCH($C$3&"|"&5,출고현황!$M$3:$M$302,0)),"")) | D15: =IF($B15="","",IFERROR(INDEX(출고현황!$F$3:$F$302,MATCH($C$3&"|"&5,출고현황!$M$3:$M$302,0)),"")) | E15: =IF($B15="","",IFERROR(INDEX(출고현황!$H$3:$H$302,MATCH($C$3&"|"&5,출고현황!$M$3:$M$302,0)),"")) | F15: =IF($B15="","",IFERROR(INDEX(출고현황!$G$3:$G$302,MATCH($C$3&"|"&5,출고현황!$M$3:$M$302,0)),"")) | G15: =IF($B15="","",IFERROR(INDEX(출고현황!$I$3:$I$302,MATCH($C$3&"|"&5,출고현황!$M$3:$M$302,0)),""))
A16: 6 | B16: =IFERROR(INDEX(출고현황!$D$3:$D$302,MATCH($C$3&"|"&6,출고현황!$M$3:$M$302,0)),"") | C16: =IF($B16="","",IFERROR(INDEX(출고현황!$E$3:$E$302,MATCH($C$3&"|"&6,출고현황!$M$3:$M$302,0)),"")) | D16: =IF($B16="","",IFERROR(INDEX(출고현황!$F$3:$F$302,MATCH($C$3&"|"&6,출고현황!$M$3:$M$302,0)),"")) | E16: =IF($B16="","",IFERROR(INDEX(출고현황!$H$3:$H$302,MATCH($C$3&"|"&6,출고현황!$M$3:$M$302,0)),"")) | F16: =IF($B16="","",IFERROR(INDEX(출고현황!$G$3:$G$302,MATCH($C$3&"|"&6,출고현황!$M$3:$M$302,0)),"")) | G16: =IF($B16="","",IFERROR(INDEX(출고현황!$I$3:$I$302,MATCH($C$3&"|"&6,출고현황!$M$3:$M$302,0)),""))
A17: 7 | B17: =IFERROR(INDEX(출고현황!$D$3:$D$302,MATCH($C$3&"|"&7,출고현황!$M$3:$M$302,0)),"") | C17: =IF($B17="","",IFERROR(INDEX(출고현황!$E$3:$E$302,MATCH($C$3&"|"&7,출고현황!$M$3:$M$302,0)),"")) | D17: =IF($B17="","",IFERROR(INDEX(출고현황!$F$3:$F$302,MATCH($C$3&"|"&7,출고현황!$M$3:$M$302,0)),"")) | E17: =IF($B17="","",IFERROR(INDEX(출고현황!$H$3:$H$302,MATCH($C$3&"|"&7,출고현황!$M$3:$M$302,0)),"")) | F17: =IF($B17="","",IFERROR(INDEX(출고현황!$G$3:$G$302,MATCH($C$3&"|"&7,출고현황!$M$3:$M$302,0)),"")) | G17: =IF($B17="","",IFERROR(INDEX(출고현황!$I$3:$I$302,MATCH($C$3&"|"&7,출고현황!$M$3:$M$302,0)),""))
A18: 8 | B18: =IFERROR(INDEX(출고현황!$D$3:$D$302,MATCH($C$3&"|"&8,출고현황!$M$3:$M$302,0)),"") | C18: =IF($B18="","",IFERROR(INDEX(출고현황!$E$3:$E$302,MATCH($C$3&"|"&8,출고현황!$M$3:$M$302,0)),"")) | D18: =IF($B18="","",IFERROR(INDEX(출고현황!$F$3:$F$302,MATCH($C$3&"|"&8,출고현황!$M$3:$M$302,0)),"")) | E18: =IF($B18="","",IFERROR(INDEX(출고현황!$H$3:$H$302,MATCH($C$3&"|"&8,출고현황!$M$3:$M$302,0)),"")) | F18: =IF($B18="","",IFERROR(INDEX(출고현황!$G$3:$G$302,MATCH($C$3&"|"&8,출고현황!$M$3:$M$302,0)),"")) | G18: =IF($B18="","",IFERROR(INDEX(출고현황!$I$3:$I$302,MATCH($C$3&"|"&8,출고현황!$M$3:$M$302,0)),""))
A19: 9 | B19: =IFERROR(INDEX(출고현황!$D$3:$D$302,MATCH($C$3&"|"&9,출고현황!$M$3:$M$302,0)),"") | C19: =IF($B19="","",IFERROR(INDEX(출고현황!$E$3:$E$302,MATCH($C$3&"|"&9,출고현황!$M$3:$M$302,0)),"")) | D19: =IF($B19="","",IFERROR(INDEX(출고현황!$F$3:$F$302,MATCH($C$3&"|"&9,출고현황!$M$3:$M$302,0)),"")) | E19: =IF($B19="","",IFERROR(INDEX(출고현황!$H$3:$H$302,MATCH($C$3&"|"&9,출고현황!$M$3:$M$302,0)),"")) | F19: =IF($B19="","",IFERROR(INDEX(출고현황!$G$3:$G$302,MATCH($C$3&"|"&9,출고현황!$M$3:$M$302,0)),"")) | G19: =IF($B19="","",IFERROR(INDEX(출고현황!$I$3:$I$302,MATCH($C$3&"|"&9,출고현황!$M$3:$M$302,0)),""))
A20: 10 | B20: =IFERROR(INDEX(출고현황!$D$3:$D$302,MATCH($C$3&"|"&10,출고현황!$M$3:$M$302,0)),"") | C20: =IF($B20="","",IFERROR(INDEX(출고현황!$E$3:$E$302,MATCH($C$3&"|"&10,출고현황!$M$3:$M$302,0)),"")) | D20: =IF($B20="","",IFERROR(INDEX(출고현황!$F$3:$F$302,MATCH($C$3&"|"&10,출고현황!$M$3:$M$302,0)),"")) | E20: =IF($B20="","",IFERROR(INDEX(출고현황!$H$3:$H$302,MATCH($C$3&"|"&10,출고현황!$M$3:$M$302,0)),"")) | F20: =IF($B20="","",IFERROR(INDEX(출고현황!$G$3:$G$302,MATCH($C$3&"|"&10,출고현황!$M$3:$M$302,0)),"")) | G20: =IF($B20="","",IFERROR(INDEX(출고현황!$I$3:$I$302,MATCH($C$3&"|"&10,출고현황!$M$3:$M$302,0)),""))
A21: 11 | B21: =IFERROR(INDEX(출고현황!$D$3:$D$302,MATCH($C$3&"|"&11,출고현황!$M$3:$M$302,0)),"") | C21: =IF($B21="","",IFERROR(INDEX(출고현황!$E$3:$E$302,MATCH($C$3&"|"&11,출고현황!$M$3:$M$302,0)),"")) | D21: =IF($B21="","",IFERROR(INDEX(출고현황!$F$3:$F$302,MATCH($C$3&"|"&11,출고현황!$M$3:$M$302,0)),"")) | E21: =IF($B21="","",IFERROR(INDEX(출고현황!$H$3:$H$302,MATCH($C$3&"|"&11,출고현황!$M$3:$M$302,0)),"")) | F21: =IF($B21="","",IFERROR(INDEX(출고현황!$G$3:$G$302,MATCH($C$3&"|"&11,출고현황!$M$3:$M$302,0)),"")) | G21: =IF($B21="","",IFERROR(INDEX(출고현황!$I$3:$I$302,MATCH($C$3&"|"&11,출고현황!$M$3:$M$302,0)),""))
A22: 12 | B22: =IFERROR(INDEX(출고현황!$D$3:$D$302,MATCH($C$3&"|"&12,출고현황!$M$3:$M$302,0)),"") | C22: =IF($B22="","",IFERROR(INDEX(출고현황!$E$3:$E$302,MATCH($C$3&"|"&12,출고현황!$M$3:$M$302,0)),"")) | D22: =IF($B22="","",IFERROR(INDEX(출고현황!$F$3:$F$302,MATCH($C$3&"|"&12,출고현황!$M$3:$M$302,0)),"")) | E22: =IF($B22="","",IFERROR(INDEX(출고현황!$H$3:$H$302,MATCH($C$3&"|"&12,출고현황!$M$3:$M$302,0)),"")) | F22: =IF($B22="","",IFERROR(INDEX(출고현황!$G$3:$G$302,MATCH($C$3&"|"&12,출고현황!$M$3:$M$302,0)),"")) | G22: =IF($B22="","",IFERROR(INDEX(출고현황!$I$3:$I$302,MATCH($C$3&"|"&12,출고현황!$M$3:$M$302,0)),""))
A23: 13 | B23: =IFERROR(INDEX(출고현황!$D$3:$D$302,MATCH($C$3&"|"&13,출고현황!$M$3:$M$302,0)),"") | C23: =IF($B23="","",IFERROR(INDEX(출고현황!$E$3:$E$302,MATCH($C$3&"|"&13,출고현황!$M$3:$M$302,0)),"")) | D23: =IF($B23="","",IFERROR(INDEX(출고현황!$F$3:$F$302,MATCH($C$3&"|"&13,출고현황!$M$3:$M$302,0)),"")) | E23: =IF($B23="","",IFERROR(INDEX(출고현황!$H$3:$H$302,MATCH($C$3&"|"&13,출고현황!$M$3:$M$302,0)),"")) | F23: =IF($B23="","",IFERROR(INDEX(출고현황!$G$3:$G$302,MATCH($C$3&"|"&13,출고현황!$M$3:$M$302,0)),"")) | G23: =IF($B23="","",IFERROR(INDEX(출고현황!$I$3:$I$302,MATCH($C$3&"|"&13,출고현황!$M$3:$M$302,0)),""))
A24: 14 | B24: =IFERROR(INDEX(출고현황!$D$3:$D$302,MATCH($C$3&"|"&14,출고현황!$M$3:$M$302,0)),"") | C24: =IF($B24="","",IFERROR(INDEX(출고현황!$E$3:$E$302,MATCH($C$3&"|"&14,출고현황!$M$3:$M$302,0)),"")) | D24: =IF($B24="","",IFERROR(INDEX(출고현황!$F$3:$F$302,MATCH($C$3&"|"&14,출고현황!$M$3:$M$302,0)),"")) | E24: =IF($B24="","",IFERROR(INDEX(출고현황!$H$3:$H$302,MATCH($C$3&"|"&14,출고현황!$M$3:$M$302,0)),"")) | F24: =IF($B24="","",IFERROR(INDEX(출고현황!$G$3:$G$302,MATCH($C$3&"|"&14,출고현황!$M$3:$M$302,0)),"")) | G24: =IF($B24="","",IFERROR(INDEX(출고현황!$I$3:$I$302,MATCH($C$3&"|"&14,출고현황!$M$3:$M$302,0)),""))
A25: 15 | B25: =IFERROR(INDEX(출고현황!$D$3:$D$302,MATCH($C$3&"|"&15,출고현황!$M$3:$M$302,0)),"") | C25: =IF($B25="","",IFERROR(INDEX(출고현황!$E$3:$E$302,MATCH($C$3&"|"&15,출고현황!$M$3:$M$302,0)),"")) | D25: =IF($B25="","",IFERROR(INDEX(출고현황!$F$3:$F$302,MATCH($C$3&"|"&15,출고현황!$M$3:$M$302,0)),"")) | E25: =IF($B25="","",IFERROR(INDEX(출고현황!$H$3:$H$302,MATCH($C$3&"|"&15,출고현황!$M$3:$M$302,0)),"")) | F25: =IF($B25="","",IFERROR(INDEX(출고현황!$G$3:$G$302,MATCH($C$3&"|"&15,출고현황!$M$3:$M$302,0)),"")) | G25: =IF($B25="","",IFERROR(INDEX(출고현황!$I$3:$I$302,MATCH($C$3&"|"&15,출고현황!$M$3:$M$302,0)),""))
A26: 16 | B26: =IFERROR(INDEX(출고현황!$D$3:$D$302,MATCH($C$3&"|"&16,출고현황!$M$3:$M$302,0)),"") | C26: =IF($B26="","",IFERROR(INDEX(출고현황!$E$3:$E$302,MATCH($C$3&"|"&16,출고현황!$M$3:$M$302,0)),"")) | D26: =IF($B26="","",IFERROR(INDEX(출고현황!$F$3:$F$302,MATCH($C$3&"|"&16,출고현황!$M$3:$M$302,0)),"")) | E26: =IF($B26="","",IFERROR(INDEX(출고현황!$H$3:$H$302,MATCH($C$3&"|"&16,출고현황!$M$3:$M$302,0)),"")) | F26: =IF($B26="","",IFERROR(INDEX(출고현황!$G$3:$G$302,MATCH($C$3&"|"&16,출고현황!$M$3:$M$302,0)),"")) | G26: =IF($B26="","",IFERROR(INDEX(출고현황!$I$3:$I$302,MATCH($C$3&"|"&16,출고현황!$M$3:$M$302,0)),""))
A27: 17 | B27: =IFERROR(INDEX(출고현황!$D$3:$D$302,MATCH($C$3&"|"&17,출고현황!$M$3:$M$302,0)),"") | C27: =IF($B27="","",IFERROR(INDEX(출고현황!$E$3:$E$302,MATCH($C$3&"|"&17,출고현황!$M$3:$M$302,0)),"")) | D27: =IF($B27="","",IFERROR(INDEX(출고현황!$F$3:$F$302,MATCH($C$3&"|"&17,출고현황!$M$3:$M$302,0)),"")) | E27: =IF($B27="","",IFERROR(INDEX(출고현황!$H$3:$H$302,MATCH($C$3&"|"&17,출고현황!$M$3:$M$302,0)),"")) | F27: =IF($B27="","",IFERROR(INDEX(출고현황!$G$3:$G$302,MATCH($C$3&"|"&17,출고현황!$M$3:$M$302,0)),"")) | G27: =IF($B27="","",IFERROR(INDEX(출고현황!$I$3:$I$302,MATCH($C$3&"|"&17,출고현황!$M$3:$M$302,0)),""))
A28: 18 | B28: =IFERROR(INDEX(출고현황!$D$3:$D$302,MATCH($C$3&"|"&18,출고현황!$M$3:$M$302,0)),"") | C28: =IF($B28="","",IFERROR(INDEX(출고현황!$E$3:$E$302,MATCH($C$3&"|"&18,출고현황!$M$3:$M$302,0)),"")) | D28: =IF($B28="","",IFERROR(INDEX(출고현황!$F$3:$F$302,MATCH($C$3&"|"&18,출고현황!$M$3:$M$302,0)),"")) | E28: =IF($B28="","",IFERROR(INDEX(출고현황!$H$3:$H$302,MATCH($C$3&"|"&18,출고현황!$M$3:$M$302,0)),"")) | F28: =IF($B28="","",IFERROR(INDEX(출고현황!$G$3:$G$302,MATCH($C$3&"|"&18,출고현황!$M$3:$M$302,0)),"")) | G28: =IF($B28="","",IFERROR(INDEX(출고현황!$I$3:$I$302,MATCH($C$3&"|"&18,출고현황!$M$3:$M$302,0)),""))
B29: 공 급 가 액 | G29: =SUM(G11:G28) -> 0
B30: 부 가 세 | G30: =ROUND(G29*기초정보!$C$11,0) -> 0
B31: 합 계 금 액 | G31: =G29+G30 -> 0
A34: ※ 항목이 18개를 넘으면 표시되지 않습니다.

Sheet 출고증
A1: 출 고 증
A3: 출고번호 | C3: 2026-0001 | E3: 출고일 | F3: =IFERROR(INDEX(출고현황!$B$3:$B$302,MATCH($C$3,출고현황!$A$3:$A$302,0)),"")
A4: ※ 위의 [출고번호]만 바꾸면 아래 내용이 전부 자동으로 바뀝니다.
A6: 거래처 | C6: =IFERROR(INDEX(출고현황!$C$3:$C$302,MATCH($C$3,출고현황!$A$3:$A$302,0)),"") | E6: 상호 | F6: =기초정보!$C$4 -> ○○산업
A7: 사업자번호 | C7: =IFERROR(INDEX(거래처목록!$B$3:$B$62,MATCH($C$6,거래처목록!$A$3:$A$62,0)),"") | E7: 사업자번호 | F7: =기초정보!$C$5 -> 000-00-00000
A8: 담당자 | C8: =IFERROR(INDEX(거래처목록!$E$3:$E$62,MATCH($C$6,거래처목록!$A$3:$A$62,0)),"") | E8: 담당자 | F8: =기초정보!$C$10 -> 김담당
A10: No | B10: 품 목 | C10: 규 격 | D10: 단위 | E10: 수량 | F10: 단가 | G10: 금액
A11: 1 | B11: =IFERROR(INDEX(출고현황!$D$3:$D$302,MATCH($C$3&"|"&1,출고현황!$M$3:$M$302,0)),"") | C11: =IF($B11="","",IFERROR(INDEX(출고현황!$E$3:$E$302,MATCH($C$3&"|"&1,출고현황!$M$3:$M$302,0)),"")) | D11: =IF($B11="","",IFERROR(INDEX(출고현황!$F$3:$F$302,MATCH($C$3&"|"&1,출고현황!$M$3:$M$302,0)),"")) | E11: =IF($B11="","",IFERROR(INDEX(출고현황!$H$3:$H$302,MATCH($C$3&"|"&1,출고현황!$M$3:$M$302,0)),"")) | F11: =IF($B11="","",IFERROR(INDEX(출고현황!$G$3:$G$302,MATCH($C$3&"|"&1,출고현황!$M$3:$M$302,0)),"")) | G11: =IF($B11="","",IFERROR(INDEX(출고현황!$I$3:$I$302,MATCH($C$3&"|"&1,출고현황!$M$3:$M$302,0)),""))
A12: 2 | B12: =IFERROR(INDEX(출고현황!$D$3:$D$302,MATCH($C$3&"|"&2,출고현황!$M$3:$M$302,0)),"") | C12: =IF($B12="","",IFERROR(INDEX(출고현황!$E$3:$E$302,MATCH($C$3&"|"&2,출고현황!$M$3:$M$302,0)),"")) | D12: =IF($B12="","",IFERROR(INDEX(출고현황!$F$3:$F$302,MATCH($C$3&"|"&2,출고현황!$M$3:$M$302,0)),"")) | E12: =IF($B12="","",IFERROR(INDEX(출고현황!$H$3:$H$302,MATCH($C$3&"|"&2,출고현황!$M$3:$M$302,0)),"")) | F12: =IF($B12="","",IFERROR(INDEX(출고현황!$G$3:$G$302,MATCH($C$3&"|"&2,출고현황!$M$3:$M$302,0)),"")) | G12: =IF($B12="","",IFERROR(INDEX(출고현황!$I$3:$I$302,MATCH($C$3&"|"&2,출고현황!$M$3:$M$302,0)),""))
A13: 3 | B13: =IFERROR(INDEX(출고현황!$D$3:$D$302,MATCH($C$3&"|"&3,출고현황!$M$3:$M$302,0)),"") | C13: =IF($B13="","",IFERROR(INDEX(출고현황!$E$3:$E$302,MATCH($C$3&"|"&3,출고현황!$M$3:$M$302,0)),"")) | D13: =IF($B13="","",IFERROR(INDEX(출고현황!$F$3:$F$302,MATCH($C$3&"|"&3,출고현황!$M$3:$M$302,0)),"")) | E13: =IF($B13="","",IFERROR(INDEX(출고현황!$H$3:$H$302,MATCH($C$3&"|"&3,출고현황!$M$3:$M$302,0)),"")) | F13: =IF($B13="","",IFERROR(INDEX(출고현황!$G$3:$G$302,MATCH($C$3&"|"&3,출고현황!$M$3:$M$302,0)),"")) | G13: =IF($B13="","",IFERROR(INDEX(출고현황!$I$3:$I$302,MATCH($C$3&"|"&3,출고현황!$M$3:$M$302,0)),""))
A14: 4 | B14: =IFERROR(INDEX(출고현황!$D$3:$D$302,MATCH($C$3&"|"&4,출고현황!$M$3:$M$302,0)),"") | C14: =IF($B14="","",IFERROR(INDEX(출고현황!$E$3:$E$302,MATCH($C$3&"|"&4,출고현황!$M$3:$M$302,0)),"")) | D14: =IF($B14="","",IFERROR(INDEX(출고현황!$F$3:$F$302,MATCH($C$3&"|"&4,출고현황!$M$3:$M$302,0)),"")) | E14: =IF($B14="","",IFERROR(INDEX(출고현황!$H$3:$H$302,MATCH($C$3&"|"&4,출고현황!$M$3:$M$302,0)),"")) | F14: =IF($B14="","",IFERROR(INDEX(출고현황!$G$3:$G$302,MATCH($C$3&"|"&4,출고현황!$M$3:$M$302,0)),"")) | G14: =IF($B14="","",IFERROR(INDEX(출고현황!$I$3:$I$302,MATCH($C$3&"|"&4,출고현황!$M$3:$M$302,0)),""))
A15: 5 | B15: =IFERROR(INDEX(출고현황!$D$3:$D$302,MATCH($C$3&"|"&5,출고현황!$M$3:$M$302,0)),"") | C15: =IF($B15="","",IFERROR(INDEX(출고현황!$E$3:$E$302,MATCH($C$3&"|"&5,출고현황!$M$3:$M$302,0)),"")) | D15: =IF($B15="","",IFERROR(INDEX(출고현황!$F$3:$F$302,MATCH($C$3&"|"&5,출고현황!$M$3:$M$302,0)),"")) | E15: =IF($B15="","",IFERROR(INDEX(출고현황!$H$3:$H$302,MATCH($C$3&"|"&5,출고현황!$M$3:$M$302,0)),"")) | F15: =IF($B15="","",IFERROR(INDEX(출고현황!$G$3:$G$302,MATCH($C$3&"|"&5,출고현황!$M$3:$M$302,0)),"")) | G15: =IF($B15="","",IFERROR(INDEX(출고현황!$I$3:$I$302,MATCH($C$3&"|"&5,출고현황!$M$3:$M$302,0)),""))
A16: 6 | B16: =IFERROR(INDEX(출고현황!$D$3:$D$302,MATCH($C$3&"|"&6,출고현황!$M$3:$M$302,0)),"") | C16: =IF($B16="","",IFERROR(INDEX(출고현황!$E$3:$E$302,MATCH($C$3&"|"&6,출고현황!$M$3:$M$302,0)),"")) | D16: =IF($B16="","",IFERROR(INDEX(출고현황!$F$3:$F$302,MATCH($C$3&"|"&6,출고현황!$M$3:$M$302,0)),"")) | E16: =IF($B16="","",IFERROR(INDEX(출고현황!$H$3:$H$302,MATCH($C$3&"|"&6,출고현황!$M$3:$M$302,0)),"")) | F16: =IF($B16="","",IFERROR(INDEX(출고현황!$G$3:$G$302,MATCH($C$3&"|"&6,출고현황!$M$3:$M$302,0)),"")) | G16: =IF($B16="","",IFERROR(INDEX(출고현황!$I$3:$I$302,MATCH($C$3&"|"&6,출고현황!$M$3:$M$302,0)),""))
A17: 7 | B17: =IFERROR(INDEX(출고현황!$D$3:$D$302,MATCH($C$3&"|"&7,출고현황!$M$3:$M$302,0)),"") | C17: =IF($B17="","",IFERROR(INDEX(출고현황!$E$3:$E$302,MATCH($C$3&"|"&7,출고현황!$M$3:$M$302,0)),"")) | D17: =IF($B17="","",IFERROR(INDEX(출고현황!$F$3:$F$302,MATCH($C$3&"|"&7,출고현황!$M$3:$M$302,0)),"")) | E17: =IF($B17="","",IFERROR(INDEX(출고현황!$H$3:$H$302,MATCH($C$3&"|"&7,출고현황!$M$3:$M$302,0)),"")) | F17: =IF($B17="","",IFERROR(INDEX(출고현황!$G$3:$G$302,MATCH($C$3&"|"&7,출고현황!$M$3:$M$302,0)),"")) | G17: =IF($B17="","",IFERROR(INDEX(출고현황!$I$3:$I$302,MATCH($C$3&"|"&7,출고현황!$M$3:$M$302,0)),""))
A18: 8 | B18: =IFERROR(INDEX(출고현황!$D$3:$D$302,MATCH($C$3&"|"&8,출고현황!$M$3:$M$302,0)),"") | C18: =IF($B18="","",IFERROR(INDEX(출고현황!$E$3:$E$302,MATCH($C$3&"|"&8,출고현황!$M$3:$M$302,0)),"")) | D18: =IF($B18="","",IFERROR(INDEX(출고현황!$F$3:$F$302,MATCH($C$3&"|"&8,출고현황!$M$3:$M$302,0)),"")) | E18: =IF($B18="","",IFERROR(INDEX(출고현황!$H$3:$H$302,MATCH($C$3&"|"&8,출고현황!$M$3:$M$302,0)),"")) | F18: =IF($B18="","",IFERROR(INDEX(출고현황!$G$3:$G$302,MATCH($C$3&"|"&8,출고현황!$M$3:$M$302,0)),"")) | G18: =IF($B18="","",IFERROR(INDEX(출고현황!$I$3:$I$302,MATCH($C$3&"|"&8,출고현황!$M$3:$M$302,0)),""))
A19: 9 | B19: =IFERROR(INDEX(출고현황!$D$3:$D$302,MATCH($C$3&"|"&9,출고현황!$M$3:$M$302,0)),"") | C19: =IF($B19="","",IFERROR(INDEX(출고현황!$E$3:$E$302,MATCH($C$3&"|"&9,출고현황!$M$3:$M$302,0)),"")) | D19: =IF($B19="","",IFERROR(INDEX(출고현황!$F$3:$F$302,MATCH($C$3&"|"&9,출고현황!$M$3:$M$302,0)),"")) | E19: =IF($B19="","",IFERROR(INDEX(출고현황!$H$3:$H$302,MATCH($C$3&"|"&9,출고현황!$M$3:$M$302,0)),"")) | F19: =IF($B19="","",IFERROR(INDEX(출고현황!$G$3:$G$302,MATCH($C$3&"|"&9,출고현황!$M$3:$M$302,0)),"")) | G19: =IF($B19="","",IFERROR(INDEX(출고현황!$I$3:$I$302,MATCH($C$3&"|"&9,출고현황!$M$3:$M$302,0)),""))
A20: 10 | B20: =IFERROR(INDEX(출고현황!$D$3:$D$302,MATCH($C$3&"|"&10,출고현황!$M$3:$M$302,0)),"") | C20: =IF($B20="","",IFERROR(INDEX(출고현황!$E$3:$E$302,MATCH($C$3&"|"&10,출고현황!$M$3:$M$302,0)),"")) | D20: =IF($B20="","",IFERROR(INDEX(출고현황!$F$3:$F$302,MATCH($C$3&"|"&10,출고현황!$M$3:$M$302,0)),"")) | E20: =IF($B20="","",IFERROR(INDEX(출고현황!$H$3:$H$302,MATCH($C$3&"|"&10,출고현황!$M$3:$M$302,0)),"")) | F20: =IF($B20="","",IFERROR(INDEX(출고현황!$G$3:$G$302,MATCH($C$3&"|"&10,출고현황!$M$3:$M$302,0)),"")) | G20: =IF($B20="","",IFERROR(INDEX(출고현황!$I$3:$I$302,MATCH($C$3&"|"&10,출고현황!$M$3:$M$302,0)),""))
A21: 11 | B21: =IFERROR(INDEX(출고현황!$D$3:$D$302,MATCH($C$3&"|"&11,출고현황!$M$3:$M$302,0)),"") | C21: =IF($B21="","",IFERROR(INDEX(출고현황!$E$3:$E$302,MATCH($C$3&"|"&11,출고현황!$M$3:$M$302,0)),"")) | D21: =IF($B21="","",IFERROR(INDEX(출고현황!$F$3:$F$302,MATCH($C$3&"|"&11,출고현황!$M$3:$M$302,0)),"")) | E21: =IF($B21="","",IFERROR(INDEX(출고현황!$H$3:$H$302,MATCH($C$3&"|"&11,출고현황!$M$3:$M$302,0)),"")) | F21: =IF($B21="","",IFERROR(INDEX(출고현황!$G$3:$G$302,MATCH($C$3&"|"&11,출고현황!$M$3:$M$302,0)),"")) | G21: =IF($B21="","",IFERROR(INDEX(출고현황!$I$3:$I$302,MATCH($C$3&"|"&11,출고현황!$M$3:$M$302,0)),""))
A22: 12 | B22: =IFERROR(INDEX(출고현황!$D$3:$D$302,MATCH($C$3&"|"&12,출고현황!$M$3:$M$302,0)),"") | C22: =IF($B22="","",IFERROR(INDEX(출고현황!$E$3:$E$302,MATCH($C$3&"|"&12,출고현황!$M$3:$M$302,0)),"")) | D22: =IF($B22="","",IFERROR(INDEX(출고현황!$F$3:$F$302,MATCH($C$3&"|"&12,출고현황!$M$3:$M$302,0)),"")) | E22: =IF($B22="","",IFERROR(INDEX(출고현황!$H$3:$H$302,MATCH($C$3&"|"&12,출고현황!$M$3:$M$302,0)),"")) | F22: =IF($B22="","",IFERROR(INDEX(출고현황!$G$3:$G$302,MATCH($C$3&"|"&12,출고현황!$M$3:$M$302,0)),"")) | G22: =IF($B22="","",IFERROR(INDEX(출고현황!$I$3:$I$302,MATCH($C$3&"|"&12,출고현황!$M$3:$M$302,0)),""))
A23: 13 | B23: =IFERROR(INDEX(출고현황!$D$3:$D$302,MATCH($C$3&"|"&13,출고현황!$M$3:$M$302,0)),"") | C23: =IF($B23="","",IFERROR(INDEX(출고현황!$E$3:$E$302,MATCH($C$3&"|"&13,출고현황!$M$3:$M$302,0)),"")) | D23: =IF($B23="","",IFERROR(INDEX(출고현황!$F$3:$F$302,MATCH($C$3&"|"&13,출고현황!$M$3:$M$302,0)),"")) | E23: =IF($B23="","",IFERROR(INDEX(출고현황!$H$3:$H$302,MATCH($C$3&"|"&13,출고현황!$M$3:$M$302,0)),"")) | F23: =IF($B23="","",IFERROR(INDEX(출고현황!$G$3:$G$302,MATCH($C$3&"|"&13,출고현황!$M$3:$M$302,0)),"")) | G23: =IF($B23="","",IFERROR(INDEX(출고현황!$I$3:$I$302,MATCH($C$3&"|"&13,출고현황!$M$3:$M$302,0)),""))
A24: 14 | B24: =IFERROR(INDEX(출고현황!$D$3:$D$302,MATCH($C$3&"|"&14,출고현황!$M$3:$M$302,0)),"") | C24: =IF($B24="","",IFERROR(INDEX(출고현황!$E$3:$E$302,MATCH($C$3&"|"&14,출고현황!$M$3:$M$302,0)),"")) | D24: =IF($B24="","",IFERROR(INDEX(출고현황!$F$3:$F$302,MATCH($C$3&"|"&14,출고현황!$M$3:$M$302,0)),"")) | E24: =IF($B24="","",IFERROR(INDEX(출고현황!$H$3:$H$302,MATCH($C$3&"|"&14,출고현황!$M$3:$M$302,0)),"")) | F24: =IF($B24="","",IFERROR(INDEX(출고현황!$G$3:$G$302,MATCH($C$3&"|"&14,출고현황!$M$3:$M$302,0)),"")) | G24: =IF($B24="","",IFERROR(INDEX(출고현황!$I$3:$I$302,MATCH($C$3&"|"&14,출고현황!$M$3:$M$302,0)),""))
A25: 15 | B25: =IFERROR(INDEX(출고현황!$D$3:$D$302,MATCH($C$3&"|"&15,출고현황!$M$3:$M$302,0)),"") | C25: =IF($B25="","",IFERROR(INDEX(출고현황!$E$3:$E$302,MATCH($C$3&"|"&15,출고현황!$M$3:$M$302,0)),"")) | D25: =IF($B25="","",IFERROR(INDEX(출고현황!$F$3:$F$302,MATCH($C$3&"|"&15,출고현황!$M$3:$M$302,0)),"")) | E25: =IF($B25="","",IFERROR(INDEX(출고현황!$H$3:$H$302,MATCH($C$3&"|"&15,출고현황!$M$3:$M$302,0)),"")) | F25: =IF($B25="","",IFERROR(INDEX(출고현황!$G$3:$G$302,MATCH($C$3&"|"&15,출고현황!$M$3:$M$302,0)),"")) | G25: =IF($B25="","",IFERROR(INDEX(출고현황!$I$3:$I$302,MATCH($C$3&"|"&15,출고현황!$M$3:$M$302,0)),""))
A26: 16 | B26: =IFERROR(INDEX(출고현황!$D$3:$D$302,MATCH($C$3&"|"&16,출고현황!$M$3:$M$302,0)),"") | C26: =IF($B26="","",IFERROR(INDEX(출고현황!$E$3:$E$302,MATCH($C$3&"|"&16,출고현황!$M$3:$M$302,0)),"")) | D26: =IF($B26="","",IFERROR(INDEX(출고현황!$F$3:$F$302,MATCH($C$3&"|"&16,출고현황!$M$3:$M$302,0)),"")) | E26: =IF($B26="","",IFERROR(INDEX(출고현황!$H$3:$H$302,MATCH($C$3&"|"&16,출고현황!$M$3:$M$302,0)),"")) | F26: =IF($B26="","",IFERROR(INDEX(출고현황!$G$3:$G$302,MATCH($C$3&"|"&16,출고현황!$M$3:$M$302,0)),"")) | G26: =IF($B26="","",IFERROR(INDEX(출고현황!$I$3:$I$302,MATCH($C$3&"|"&16,출고현황!$M$3:$M$302,0)),""))
A27: 17 | B27: =IFERROR(INDEX(출고현황!$D$3:$D$302,MATCH($C$3&"|"&17,출고현황!$M$3:$M$302,0)),"") | C27: =IF($B27="","",IFERROR(INDEX(출고현황!$E$3:$E$302,MATCH($C$3&"|"&17,출고현황!$M$3:$M$302,0)),"")) | D27: =IF($B27="","",IFERROR(INDEX(출고현황!$F$3:$F$302,MATCH($C$3&"|"&17,출고현황!$M$3:$M$302,0)),"")) | E27: =IF($B27="","",IFERROR(INDEX(출고현황!$H$3:$H$302,MATCH($C$3&"|"&17,출고현황!$M$3:$M$302,0)),"")) | F27: =IF($B27="","",IFERROR(INDEX(출고현황!$G$3:$G$302,MATCH($C$3&"|"&17,출고현황!$M$3:$M$302,0)),"")) | G27: =IF($B27="","",IFERROR(INDEX(출고현황!$I$3:$I$302,MATCH($C$3&"|"&17,출고현황!$M$3:$M$302,0)),""))
A28: 18 | B28: =IFERROR(INDEX(출고현황!$D$3:$D$302,MATCH($C$3&"|"&18,출고현황!$M$3:$M$302,0)),"") | C28: =IF($B28="","",IFERROR(INDEX(출고현황!$E$3:$E$302,MATCH($C$3&"|"&18,출고현황!$M$3:$M$302,0)),"")) | D28: =IF($B28="","",IFERROR(INDEX(출고현황!$F$3:$F$302,MATCH($C$3&"|"&18,출고현황!$M$3:$M$302,0)),"")) | E28: =IF($B28="","",IFERROR(INDEX(출고현황!$H$3:$H$302,MATCH($C$3&"|"&18,출고현황!$M$3:$M$302,0)),"")) | F28: =IF($B28="","",IFERROR(INDEX(출고현황!$G$3:$G$302,MATCH($C$3&"|"&18,출고현황!$M$3:$M$302,0)),"")) | G28: =IF($B28="","",IFERROR(INDEX(출고현황!$I$3:$I$302,MATCH($C$3&"|"&18,출고현황!$M$3:$M$302,0)),""))
B29: 공 급 가 액 | G29: =SUM(G11:G28) -> 0
B30: 부 가 세 | G30: =ROUND(G29*기초정보!$C$11,0) -> 0
B31: 합 계 금 액 | G31: =G29+G30 -> 0
A34: ※ 항목이 18개를 넘으면 표시되지 않습니다.

Sheet AS요청서
A1: A S 요 청 서
A3: 출고번호 | C3: 2026-0001 | E3: 출고일 | F3: =IFERROR(INDEX(출고현황!$B$3:$B$302,MATCH($C$3,출고현황!$A$3:$A$302,0)),"")
A4: ※ 위의 [출고번호]만 바꾸면 아래 내용이 전부 자동으로 바뀝니다.
A6: 거래처 | C6: =IFERROR(INDEX(출고현황!$C$3:$C$302,MATCH($C$3,출고현황!$A$3:$A$302,0)),"") | E6: 상호 | F6: =기초정보!$C$4 -> ○○산업
A7: 사업자번호 | C7: =IFERROR(INDEX(거래처목록!$B$3:$B$62,MATCH($C$6,거래처목록!$A$3:$A$62,0)),"") | E7: 사업자번호 | F7: =기초정보!$C$5 -> 000-00-00000
A8: 담당자 | C8: =IFERROR(INDEX(거래처목록!$E$3:$E$62,MATCH($C$6,거래처목록!$A$3:$A$62,0)),"") | E8: 담당자 | F8: =기초정보!$C$10 -> 김담당
A10: No | B10: 품 목 | C10: 규 격 | D10: 단위 | E10: 수량 | F10: AS 사유
A11: 1 | B11: =IFERROR(INDEX(출고현황!$D$3:$D$302,MATCH($C$3&"#"&1,출고현황!$N$3:$N$302,0)),"") | C11: =IF($B11="","",IFERROR(INDEX(출고현황!$E$3:$E$302,MATCH($C$3&"#"&1,출고현황!$N$3:$N$302,0)),"")) | D11: =IF($B11="","",IFERROR(INDEX(출고현황!$F$3:$F$302,MATCH($C$3&"#"&1,출고현황!$N$3:$N$302,0)),"")) | E11: =IF($B11="","",IFERROR(INDEX(출고현황!$H$3:$H$302,MATCH($C$3&"#"&1,출고현황!$N$3:$N$302,0)),"")) | F11: =IF($B11="","",IFERROR(INDEX(출고현황!$K$3:$K$302,MATCH($C$3&"#"&1,출고현황!$N$3:$N$302,0)),""))
A12: 2 | B12: =IFERROR(INDEX(출고현황!$D$3:$D$302,MATCH($C$3&"#"&2,출고현황!$N$3:$N$302,0)),"") | C12: =IF($B12="","",IFERROR(INDEX(출고현황!$E$3:$E$302,MATCH($C$3&"#"&2,출고현황!$N$3:$N$302,0)),"")) | D12: =IF($B12="","",IFERROR(INDEX(출고현황!$F$3:$F$302,MATCH($C$3&"#"&2,출고현황!$N$3:$N$302,0)),"")) | E12: =IF($B12="","",IFERROR(INDEX(출고현황!$H$3:$H$302,MATCH($C$3&"#"&2,출고현황!$N$3:$N$302,0)),"")) | F12: =IF($B12="","",IFERROR(INDEX(출고현황!$K$3:$K$302,MATCH($C$3&"#"&2,출고현황!$N$3:$N$302,0)),""))
A13: 3 | B13: =IFERROR(INDEX(출고현황!$D$3:$D$302,MATCH($C$3&"#"&3,출고현황!$N$3:$N$302,0)),"") | C13: =IF($B13="","",IFERROR(INDEX(출고현황!$E$3:$E$302,MATCH($C$3&"#"&3,출고현황!$N$3:$N$302,0)),"")) | D13: =IF($B13="","",IFERROR(INDEX(출고현황!$F$3:$F$302,MATCH($C$3&"#"&3,출고현황!$N$3:$N$302,0)),"")) | E13: =IF($B13="","",IFERROR(INDEX(출고현황!$H$3:$H$302,MATCH($C$3&"#"&3,출고현황!$N$3:$N$302,0)),"")) | F13: =IF($B13="","",IFERROR(INDEX(출고현황!$K$3:$K$302,MATCH($C$3&"#"&3,출고현황!$N$3:$N$302,0)),""))
A14: 4 | B14: =IFERROR(INDEX(출고현황!$D$3:$D$302,MATCH($C$3&"#"&4,출고현황!$N$3:$N$302,0)),"") | C14: =IF($B14="","",IFERROR(INDEX(출고현황!$E$3:$E$302,MATCH($C$3&"#"&4,출고현황!$N$3:$N$302,0)),"")) | D14: =IF($B14="","",IFERROR(INDEX(출고현황!$F$3:$F$302,MATCH($C$3&"#"&4,출고현황!$N$3:$N$302,0)),"")) | E14: =IF($B14="","",IFERROR(INDEX(출고현황!$H$3:$H$302,MATCH($C$3&"#"&4,출고현황!$N$3:$N$302,0)),"")) | F14: =IF($B14="","",IFERROR(INDEX(출고현황!$K$3:$K$302,MATCH($C$3&"#"&4,출고현황!$N$3:$N$302,0)),""))
A15: 5 | B15: =IFERROR(INDEX(출고현황!$D$3:$D$302,MATCH($C$3&"#"&5,출고현황!$N$3:$N$302,0)),"") | C15: =IF($B15="","",IFERROR(INDEX(출고현황!$E$3:$E$302,MATCH($C$3&"#"&5,출고현황!$N$3:$N$302,0)),"")) | D15: =IF($B15="","",IFERROR(INDEX(출고현황!$F$3:$F$302,MATCH($C$3&"#"&5,출고현황!$N$3:$N$302,0)),"")) | E15: =IF($B15="","",IFERROR(INDEX(출고현황!$H$3:$H$302,MATCH($C$3&"#"&5,출고현황!$N$3:$N$302,0)),"")) | F15: =IF($B15="","",IFERROR(INDEX(출고현황!$K$3:$K$302,MATCH($C$3&"#"&5,출고현황!$N$3:$N$302,0)),""))
A16: 6 | B16: =IFERROR(INDEX(출고현황!$D$3:$D$302,MATCH($C$3&"#"&6,출고현황!$N$3:$N$302,0)),"") | C16: =IF($B16="","",IFERROR(INDEX(출고현황!$E$3:$E$302,MATCH($C$3&"#"&6,출고현황!$N$3:$N$302,0)),"")) | D16: =IF($B16="","",IFERROR(INDEX(출고현황!$F$3:$F$302,MATCH($C$3&"#"&6,출고현황!$N$3:$N$302,0)),"")) | E16: =IF($B16="","",IFERROR(INDEX(출고현황!$H$3:$H$302,MATCH($C$3&"#"&6,출고현황!$N$3:$N$302,0)),"")) | F16: =IF($B16="","",IFERROR(INDEX(출고현황!$K$3:$K$302,MATCH($C$3&"#"&6,출고현황!$N$3:$N$302,0)),""))
A17: 7 | B17: =IFERROR(INDEX(출고현황!$D$3:$D$302,MATCH($C$3&"#"&7,출고현황!$N$3:$N$302,0)),"") | C17: =IF($B17="","",IFERROR(INDEX(출고현황!$E$3:$E$302,MATCH($C$3&"#"&7,출고현황!$N$3:$N$302,0)),"")) | D17: =IF($B17="","",IFERROR(INDEX(출고현황!$F$3:$F$302,MATCH($C$3&"#"&7,출고현황!$N$3:$N$302,0)),"")) | E17: =IF($B17="","",IFERROR(INDEX(출고현황!$H$3:$H$302,MATCH($C$3&"#"&7,출고현황!$N$3:$N$302,0)),"")) | F17: =IF($B17="","",IFERROR(INDEX(출고현황!$K$3:$K$302,MATCH($C$3&"#"&7,출고현황!$N$3:$N$302,0)),""))
A18: 8 | B18: =IFERROR(INDEX(출고현황!$D$3:$D$302,MATCH($C$3&"#"&8,출고현황!$N$3:$N$302,0)),"") | C18: =IF($B18="","",IFERROR(INDEX(출고현황!$E$3:$E$302,MATCH($C$3&"#"&8,출고현황!$N$3:$N$302,0)),"")) | D18: =IF($B18="","",IFERROR(INDEX(출고현황!$F$3:$F$302,MATCH($C$3&"#"&8,출고현황!$N$3:$N$302,0)),"")) | E18: =IF($B18="","",IFERROR(INDEX(출고현황!$H$3:$H$302,MATCH($C$3&"#"&8,출고현황!$N$3:$N$302,0)),"")) | F18: =IF($B18="","",IFERROR(INDEX(출고현황!$K$3:$K$302,MATCH($C$3&"#"&8,출고현황!$N$3:$N$302,0)),""))
A19: 9 | B19: =IFERROR(INDEX(출고현황!$D$3:$D$302,MATCH($C$3&"#"&9,출고현황!$N$3:$N$302,0)),"") | C19: =IF($B19="","",IFERROR(INDEX(출고현황!$E$3:$E$302,MATCH($C$3&"#"&9,출고현황!$N$3:$N$302,0)),"")) | D19: =IF($B19="","",IFERROR(INDEX(출고현황!$F$3:$F$302,MATCH($C$3&"#"&9,출고현황!$N$3:$N$302,0)),"")) | E19: =IF($B19="","",IFERROR(INDEX(출고현황!$H$3:$H$302,MATCH($C$3&"#"&9,출고현황!$N$3:$N$302,0)),"")) | F19: =IF($B19="","",IFERROR(INDEX(출고현황!$K$3:$K$302,MATCH($C$3&"#"&9,출고현황!$N$3:$N$302,0)),""))
A20: 10 | B20: =IFERROR(INDEX(출고현황!$D$3:$D$302,MATCH($C$3&"#"&10,출고현황!$N$3:$N$302,0)),"") | C20: =IF($B20="","",IFERROR(INDEX(출고현황!$E$3:$E$302,MATCH($C$3&"#"&10,출고현황!$N$3:$N$302,0)),"")) | D20: =IF($B20="","",IFERROR(INDEX(출고현황!$F$3:$F$302,MATCH($C$3&"#"&10,출고현황!$N$3:$N$302,0)),"")) | E20: =IF($B20="","",IFERROR(INDEX(출고현황!$H$3:$H$302,MATCH($C$3&"#"&10,출고현황!$N$3:$N$302,0)),"")) | F20: =IF($B20="","",IFERROR(INDEX(출고현황!$K$3:$K$302,MATCH($C$3&"#"&10,출고현황!$N$3:$N$302,0)),""))
A21: 11 | B21: =IFERROR(INDEX(출고현황!$D$3:$D$302,MATCH($C$3&"#"&11,출고현황!$N$3:$N$302,0)),"") | C21: =IF($B21="","",IFERROR(INDEX(출고현황!$E$3:$E$302,MATCH($C$3&"#"&11,출고현황!$N$3:$N$302,0)),"")) | D21: =IF($B21="","",IFERROR(INDEX(출고현황!$F$3:$F$302,MATCH($C$3&"#"&11,출고현황!$N$3:$N$302,0)),"")) | E21: =IF($B21="","",IFERROR(INDEX(출고현황!$H$3:$H$302,MATCH($C$3&"#"&11,출고현황!$N$3:$N$302,0)),"")) | F21: =IF($B21="","",IFERROR(INDEX(출고현황!$K$3:$K$302,MATCH($C$3&"#"&11,출고현황!$N$3:$N$302,0)),""))
A22: 12 | B22: =IFERROR(INDEX(출고현황!$D$3:$D$302,MATCH($C$3&"#"&12,출고현황!$N$3:$N$302,0)),"") | C22: =IF($B22="","",IFERROR(INDEX(출고현황!$E$3:$E$302,MATCH($C$3&"#"&12,출고현황!$N$3:$N$302,0)),"")) | D22: =IF($B22="","",IFERROR(INDEX(출고현황!$F$3:$F$302,MATCH($C$3&"#"&12,출고현황!$N$3:$N$302,0)),"")) | E22: =IF($B22="","",IFERROR(INDEX(출고현황!$H$3:$H$302,MATCH($C$3&"#"&12,출고현황!$N$3:$N$302,0)),"")) | F22: =IF($B22="","",IFERROR(INDEX(출고현황!$K$3:$K$302,MATCH($C$3&"#"&12,출고현황!$N$3:$N$302,0)),""))
A23: 13 | B23: =IFERROR(INDEX(출고현황!$D$3:$D$302,MATCH($C$3&"#"&13,출고현황!$N$3:$N$302,0)),"") | C23: =IF($B23="","",IFERROR(INDEX(출고현황!$E$3:$E$302,MATCH($C$3&"#"&13,출고현황!$N$3:$N$302,0)),"")) | D23: =IF($B23="","",IFERROR(INDEX(출고현황!$F$3:$F$302,MATCH($C$3&"#"&13,출고현황!$N$3:$N$302,0)),"")) | E23: =IF($B23="","",IFERROR(INDEX(출고현황!$H$3:$H$302,MATCH($C$3&"#"&13,출고현황!$N$3:$N$302,0)),"")) | F23: =IF($B23="","",IFERROR(INDEX(출고현황!$K$3:$K$302,MATCH($C$3&"#"&13,출고현황!$N$3:$N$302,0)),""))
A24: 14 | B24: =IFERROR(INDEX(출고현황!$D$3:$D$302,MATCH($C$3&"#"&14,출고현황!$N$3:$N$302,0)),"") | C24: =IF($B24="","",IFERROR(INDEX(출고현황!$E$3:$E$302,MATCH($C$3&"#"&14,출고현황!$N$3:$N$302,0)),"")) | D24: =IF($B24="","",IFERROR(INDEX(출고현황!$F$3:$F$302,MATCH($C$3&"#"&14,출고현황!$N$3:$N$302,0)),"")) | E24: =IF($B24="","",IFERROR(INDEX(출고현황!$H$3:$H$302,MATCH($C$3&"#"&14,출고현황!$N$3:$N$302,0)),"")) | F24: =IF($B24="","",IFERROR(INDEX(출고현황!$K$3:$K$302,MATCH($C$3&"#"&14,출고현황!$N$3:$N$302,0)),""))
A25: 15 | B25: =IFERROR(INDEX(출고현황!$D$3:$D$302,MATCH($C$3&"#"&15,출고현황!$N$3:$N$302,0)),"") | C25: =IF($B25="","",IFERROR(INDEX(출고현황!$E$3:$E$302,MATCH($C$3&"#"&15,출고현황!$N$3:$N$302,0)),"")) | D25: =IF($B25="","",IFERROR(INDEX(출고현황!$F$3:$F$302,MATCH($C$3&"#"&15,출고현황!$N$3:$N$302,0)),"")) | E25: =IF($B25="","",IFERROR(INDEX(출고현황!$H$3:$H$302,MATCH($C$3&"#"&15,출고현황!$N$3:$N$302,0)),"")) | F25: =IF($B25="","",IFERROR(INDEX(출고현황!$K$3:$K$302,MATCH($C$3&"#"&15,출고현황!$N$3:$N$302,0)),""))
A26: 16 | B26: =IFERROR(INDEX(출고현황!$D$3:$D$302,MATCH($C$3&"#"&16,출고현황!$N$3:$N$302,0)),"") | C26: =IF($B26="","",IFERROR(INDEX(출고현황!$E$3:$E$302,MATCH($C$3&"#"&16,출고현황!$N$3:$N$302,0)),"")) | D26: =IF($B26="","",IFERROR(INDEX(출고현황!$F$3:$F$302,MATCH($C$3&"#"&16,출고현황!$N$3:$N$302,0)),"")) | E26: =IF($B26="","",IFERROR(INDEX(출고현황!$H$3:$H$302,MATCH($C$3&"#"&16,출고현황!$N$3:$N$302,0)),"")) | F26: =IF($B26="","",IFERROR(INDEX(출고현황!$K$3:$K$302,MATCH($C$3&"#"&16,출고현황!$N$3:$N$302,0)),""))
A27: 17 | B27: =IFERROR(INDEX(출고현황!$D$3:$D$302,MATCH($C$3&"#"&17,출고현황!$N$3:$N$302,0)),"") | C27: =IF($B27="","",IFERROR(INDEX(출고현황!$E$3:$E$302,MATCH($C$3&"#"&17,출고현황!$N$3:$N$302,0)),"")) | D27: =IF($B27="","",IFERROR(INDEX(출고현황!$F$3:$F$302,MATCH($C$3&"#"&17,출고현황!$N$3:$N$302,0)),"")) | E27: =IF($B27="","",IFERROR(INDEX(출고현황!$H$3:$H$302,MATCH($C$3&"#"&17,출고현황!$N$3:$N$302,0)),"")) | F27: =IF($B27="","",IFERROR(INDEX(출고현황!$K$3:$K$302,MATCH($C$3&"#"&17,출고현황!$N$3:$N$302,0)),""))
A28: 18 | B28: =IFERROR(INDEX(출고현황!$D$3:$D$302,MATCH($C$3&"#"&18,출고현황!$N$3:$N$302,0)),"") | C28: =IF($B28="","",IFERROR(INDEX(출고현황!$E$3:$E$302,MATCH($C$3&"#"&18,출고현황!$N$3:$N$302,0)),"")) | D28: =IF($B28="","",IFERROR(INDEX(출고현황!$F$3:$F$302,MATCH($C$3&"#"&18,출고현황!$N$3:$N$302,0)),"")) | E28: =IF($B28="","",IFERROR(INDEX(출고현황!$H$3:$H$302,MATCH($C$3&"#"&18,출고현황!$N$3:$N$302,0)),"")) | F28: =IF($B28="","",IFERROR(INDEX(출고현황!$K$3:$K$302,MATCH($C$3&"#"&18,출고현황!$N$3:$N$302,0)),""))
A31: ※ 항목이 18개를 넘으면 표시되지 않습니다.
