Workbook

Sheet 사용안내
B2: 샘플 · 견본 대여 관리
B4: 핵심 | C4: 빌려준 수량에서 돌아온 수량을 빼면 아직 안 온 게 남습니다. 며칠 지났는지도 자동으로 나옵니다.
B5: 입력 규칙 | C5: 파란색 글씨 칸만 입력하세요. 검은색은 자동 계산입니다.
B6: ① 대여처목록 | C6: 샘플을 가져가는 거래처·부서·담당자를 등록합니다.
B7: ② 품목목록 | C7: 빌려주는 샘플·견본·장비를 등록합니다.
B8: ③ 대여내역 | C8: 빌려줄 때마다 한 줄. 반납예정일을 넣으면 연체 여부가 자동으로 나옵니다.
B9: ④ 반납내역 | C9: 돌아올 때마다 한 줄. 나눠서 돌아와도 여러 줄로 넣으면 됩니다.
B10: ⑤ 미반납현황 | C10: 아직 안 돌아온 것만 모아서, 오래된 순으로 보여줍니다.
B11: ⑥ 품목별현황 | C11: 품목별 총 대여·반납·미반납 수량입니다.
B12: ⑦ 대여처별현황 | C12: 어느 거래처가 많이 안 돌려주는지 보여줍니다.
B13: 미반납 계산 | C13: 대여 수량 − 반납 수량 합계
B15: 설정 | C15: 값을 바꾸면 모든 계산에 반영됩니다
B16: 연체 경고 기준(일) | C16: 7

Sheet 대여처목록
A1: 대여처목록
A2: 대여처 | B2: 담당자 | C2: 연락처 | D2: 비고
A3: ○○상사 | B3: 김과장 | C3: 010-0000-0001
A4: △△디자인 | B4: 이대리 | C4: 010-0000-0002
A5: 영업2팀 | B5: 박주임 | C5: 내선 204

Sheet 품목목록
A1: 품목목록
A2: 품번 | B2: 품명 | C2: 규격 | D2: 단위 | E2: 보유수량
A3: S001 | B3: 원단 샘플북 A | C3: 2026 S/S | D3: 권 | E3: 10
A4: S002 | B4: 컬러칩 세트 | C4: 표준 | D4: 세트 | E4: 5
A5: S003 | B5: 시연용 노트북 | C5: 15인치 | D5: 대 | E5: 3

Sheet 대여내역
A1: 대여내역 (빌려줄 때마다 한 줄)
A2: 대여번호(자동) | B2: 대여일 | C2: 대여처 | D2: 품번 | E2: 품명(자동) | F2: 단위(자동) | G2: 대여수량 | H2: 반납예정일 | I2: 반납수량(자동) | J2: 미반납(자동) | K2: D-Day(자동) | L2: 상태(자동)
A3: =IF($B3="","",TEXT($B3,"yymmdd")&"-"&TEXT(COUNTIFS($B$3:$B3,$B3),"00")) -> 260801-01 | B3: 46235 | C3: ○○상사 | D3: S001 | E3: =IF($D3="","",IFERROR(INDEX(품목목록!$B$3:$B$202,MATCH($D3,품목목록!$A$3:$A$202,0)),"미등록품번")) -> 원단 샘플북 A | F3: =IF($D3="","",IFERROR(INDEX(품목목록!$D$3:$D$202,MATCH($D3,품목목록!$A$3:$A$202,0)),"")) -> 권 | G3: 3 | H3: 46265 | I3: =IF($A3="","",SUMIFS(반납내역!$D$3:$D$1502,반납내역!$B$3:$B$1502,$A3)) -> 3 | J3: =IF($A3="","",IF($G3="","",$G3-$I3)) -> 0 | K3: =IF(OR($A3="",$J3="",$J3<=0,$H3=""),"",TODAY()-$H3) | L3: =IF($A3="","",IF($G3="","",IF($J3<=0,"반납완료",IF($I3>0,"부분반납","미반납")))) -> 반납완료
A4: =IF($B4="","",TEXT($B4,"yymmdd")&"-"&TEXT(COUNTIFS($B$3:$B4,$B4),"00")) -> 260901-01 | B4: 46266 | C4: △△디자인 | D4: S002 | E4: =IF($D4="","",IFERROR(INDEX(품목목록!$B$3:$B$202,MATCH($D4,품목목록!$A$3:$A$202,0)),"미등록품번")) -> 컬러칩 세트 | F4: =IF($D4="","",IFERROR(INDEX(품목목록!$D$3:$D$202,MATCH($D4,품목목록!$A$3:$A$202,0)),"")) -> 세트 | G4: 2 | H4: 46295 | I4: =IF($A4="","",SUMIFS(반납내역!$D$3:$D$1502,반납내역!$B$3:$B$1502,$A4)) -> 0 | J4: =IF($A4="","",IF($G4="","",$G4-$I4)) -> 2 | K4: =IF(OR($A4="",$J4="",$J4<=0,$H4=""),"",TODAY()-$H4) -> -16 | L4: =IF($A4="","",IF($G4="","",IF($J4<=0,"반납완료",IF($I4>0,"부분반납","미반납")))) -> 미반납
A5: =IF($B5="","",TEXT($B5,"yymmdd")&"-"&TEXT(COUNTIFS($B$3:$B5,$B5),"00")) -> 260905-01 | B5: 46270 | C5: 영업2팀 | D5: S003 | E5: =IF($D5="","",IFERROR(INDEX(품목목록!$B$3:$B$202,MATCH($D5,품목목록!$A$3:$A$202,0)),"미등록품번")) -> 시연용 노트북 | F5: =IF($D5="","",IFERROR(INDEX(품목목록!$D$3:$D$202,MATCH($D5,품목목록!$A$3:$A$202,0)),"")) -> 대 | G5: 1 | H5: 46277 | I5: =IF($A5="","",SUMIFS(반납내역!$D$3:$D$1502,반납내역!$B$3:$B$1502,$A5)) -> 1 | J5: =IF($A5="","",IF($G5="","",$G5-$I5)) -> 0 | K5: =IF(OR($A5="",$J5="",$J5<=0,$H5=""),"",TODAY()-$H5) | L5: =IF($A5="","",IF($G5="","",IF($J5<=0,"반납완료",IF($I5>0,"부분반납","미반납")))) -> 반납완료
A6: =IF($B6="","",TEXT($B6,"yymmdd")&"-"&TEXT(COUNTIFS($B$3:$B6,$B6),"00")) -> 260910-01 | B6: 46275 | C6: ○○상사 | D6: S001 | E6: =IF($D6="","",IFERROR(INDEX(품목목록!$B$3:$B$202,MATCH($D6,품목목록!$A$3:$A$202,0)),"미등록품번")) -> 원단 샘플북 A | F6: =IF($D6="","",IFERROR(INDEX(품목목록!$D$3:$D$202,MATCH($D6,품목목록!$A$3:$A$202,0)),"")) -> 권 | G6: 2 | H6: 46305 | I6: =IF($A6="","",SUMIFS(반납내역!$D$3:$D$1502,반납내역!$B$3:$B$1502,$A6)) -> 0 | J6: =IF($A6="","",IF($G6="","",$G6-$I6)) -> 2 | K6: =IF(OR($A6="",$J6="",$J6<=0,$H6=""),"",TODAY()-$H6) -> -26 | L6: =IF($A6="","",IF($G6="","",IF($J6<=0,"반납완료",IF($I6>0,"부분반납","미반납")))) -> 미반납
A7: =IF($B7="","",TEXT($B7,"yymmdd")&"-"&TEXT(COUNTIFS($B$3:$B7,$B7),"00")) | E7: =IF($D7="","",IFERROR(INDEX(품목목록!$B$3:$B$202,MATCH($D7,품목목록!$A$3:$A$202,0)),"미등록품번")) | F7: =IF($D7="","",IFERROR(INDEX(품목목록!$D$3:$D$202,MATCH($D7,품목목록!$A$3:$A$202,0)),"")) | I7: =IF($A7="","",SUMIFS(반납내역!$D$3:$D$1502,반납내역!$B$3:$B$1502,$A7)) | J7: =IF($A7="","",IF($G7="","",$G7-$I7)) | K7: =IF(OR($A7="",$J7="",$J7<=0,$H7=""),"",TODAY()-$H7) | L7: =IF($A7="","",IF($G7="","",IF($J7<=0,"반납완료",IF($I7>0,"부분반납","미반납"))))
A8: =IF($B8="","",TEXT($B8,"yymmdd")&"-"&TEXT(COUNTIFS($B$3:$B8,$B8),"00")) | E8: =IF($D8="","",IFERROR(INDEX(품목목록!$B$3:$B$202,MATCH($D8,품목목록!$A$3:$A$202,0)),"미등록품번")) | F8: =IF($D8="","",IFERROR(INDEX(품목목록!$D$3:$D$202,MATCH($D8,품목목록!$A$3:$A$202,0)),"")) | I8: =IF($A8="","",SUMIFS(반납내역!$D$3:$D$1502,반납내역!$B$3:$B$1502,$A8)) | J8: =IF($A8="","",IF($G8="","",$G8-$I8)) | K8: =IF(OR($A8="",$J8="",$J8<=0,$H8=""),"",TODAY()-$H8) | L8: =IF($A8="","",IF($G8="","",IF($J8<=0,"반납완료",IF($I8>0,"부분반납","미반납"))))
A9: =IF($B9="","",TEXT($B9,"yymmdd")&"-"&TEXT(COUNTIFS($B$3:$B9,$B9),"00")) | E9: =IF($D9="","",IFERROR(INDEX(품목목록!$B$3:$B$202,MATCH($D9,품목목록!$A$3:$A$202,0)),"미등록품번")) | F9: =IF($D9="","",IFERROR(INDEX(품목목록!$D$3:$D$202,MATCH($D9,품목목록!$A$3:$A$202,0)),"")) | I9: =IF($A9="","",SUMIFS(반납내역!$D$3:$D$1502,반납내역!$B$3:$B$1502,$A9)) | J9: =IF($A9="","",IF($G9="","",$G9-$I9)) | K9: =IF(OR($A9="",$J9="",$J9<=0,$H9=""),"",TODAY()-$H9) | L9: =IF($A9="","",IF($G9="","",IF($J9<=0,"반납완료",IF($I9>0,"부분반납","미반납"))))
A10: =IF($B10="","",TEXT($B10,"yymmdd")&"-"&TEXT(COUNTIFS($B$3:$B10,$B10),"00")) | E10: =IF($D10="","",IFERROR(INDEX(품목목록!$B$3:$B$202,MATCH($D10,품목목록!$A$3:$A$202,0)),"미등록품번")) | F10: =IF($D10="","",IFERROR(INDEX(품목목록!$D$3:$D$202,MATCH($D10,품목목록!$A$3:$A$202,0)),"")) | I10: =IF($A10="","",SUMIFS(반납내역!$D$3:$D$1502,반납내역!$B$3:$B$1502,$A10)) | J10: =IF($A10="","",IF($G10="","",$G10-$I10)) | K10: =IF(OR($A10="",$J10="",$J10<=0,$H10=""),"",TODAY()-$H10) | L10: =IF($A10="","",IF($G10="","",IF($J10<=0,"반납완료",IF($I10>0,"부분반납","미반납"))))
A11: =IF($B11="","",TEXT($B11,"yymmdd")&"-"&TEXT(COUNTIFS($B$3:$B11,$B11),"00")) | E11: =IF($D11="","",IFERROR(INDEX(품목목록!$B$3:$B$202,MATCH($D11,품목목록!$A$3:$A$202,0)),"미등록품번")) | F11: =IF($D11="","",IFERROR(INDEX(품목목록!$D$3:$D$202,MATCH($D11,품목목록!$A$3:$A$202,0)),"")) | I11: =IF($A11="","",SUMIFS(반납내역!$D$3:$D$1502,반납내역!$B$3:$B$1502,$A11)) | J11: =IF($A11="","",IF($G11="","",$G11-$I11)) | K11: =IF(OR($A11="",$J11="",$J11<=0,$H11=""),"",TODAY()-$H11) | L11: =IF($A11="","",IF($G11="","",IF($J11<=0,"반납완료",IF($I11>0,"부분반납","미반납"))))
A12: =IF($B12="","",TEXT($B12,"yymmdd")&"-"&TEXT(COUNTIFS($B$3:$B12,$B12),"00")) | E12: =IF($D12="","",IFERROR(INDEX(품목목록!$B$3:$B$202,MATCH($D12,품목목록!$A$3:$A$202,0)),"미등록품번")) | F12: =IF($D12="","",IFERROR(INDEX(품목목록!$D$3:$D$202,MATCH($D12,품목목록!$A$3:$A$202,0)),"")) | I12: =IF($A12="","",SUMIFS(반납내역!$D$3:$D$1502,반납내역!$B$3:$B$1502,$A12)) | J12: =IF($A12="","",IF($G12="","",$G12-$I12)) | K12: =IF(OR($A12="",$J12="",$J12<=0,$H12=""),"",TODAY()-$H12) | L12: =IF($A12="","",IF($G12="","",IF($J12<=0,"반납완료",IF($I12>0,"부분반납","미반납"))))
A13: =IF($B13="","",TEXT($B13,"yymmdd")&"-"&TEXT(COUNTIFS($B$3:$B13,$B13),"00")) | E13: =IF($D13="","",IFERROR(INDEX(품목목록!$B$3:$B$202,MATCH($D13,품목목록!$A$3:$A$202,0)),"미등록품번")) | F13: =IF($D13="","",IFERROR(INDEX(품목목록!$D$3:$D$202,MATCH($D13,품목목록!$A$3:$A$202,0)),"")) | I13: =IF($A13="","",SUMIFS(반납내역!$D$3:$D$1502,반납내역!$B$3:$B$1502,$A13)) | J13: =IF($A13="","",IF($G13="","",$G13-$I13)) | K13: =IF(OR($A13="",$J13="",$J13<=0,$H13=""),"",TODAY()-$H13) | L13: =IF($A13="","",IF($G13="","",IF($J13<=0,"반납완료",IF($I13>0,"부분반납","미반납"))))
A14: =IF($B14="","",TEXT($B14,"yymmdd")&"-"&TEXT(COUNTIFS($B$3:$B14,$B14),"00")) | E14: =IF($D14="","",IFERROR(INDEX(품목목록!$B$3:$B$202,MATCH($D14,품목목록!$A$3:$A$202,0)),"미등록품번")) | F14: =IF($D14="","",IFERROR(INDEX(품목목록!$D$3:$D$202,MATCH($D14,품목목록!$A$3:$A$202,0)),"")) | I14: =IF($A14="","",SUMIFS(반납내역!$D$3:$D$1502,반납내역!$B$3:$B$1502,$A14)) | J14: =IF($A14="","",IF($G14="","",$G14-$I14)) | K14: =IF(OR($A14="",$J14="",$J14<=0,$H14=""),"",TODAY()-$H14) | L14: =IF($A14="","",IF($G14="","",IF($J14<=0,"반납완료",IF($I14>0,"부분반납","미반납"))))
A15: =IF($B15="","",TEXT($B15,"yymmdd")&"-"&TEXT(COUNTIFS($B$3:$B15,$B15),"00")) | E15: =IF($D15="","",IFERROR(INDEX(품목목록!$B$3:$B$202,MATCH($D15,품목목록!$A$3:$A$202,0)),"미등록품번")) | F15: =IF($D15="","",IFERROR(INDEX(품목목록!$D$3:$D$202,MATCH($D15,품목목록!$A$3:$A$202,0)),"")) | I15: =IF($A15="","",SUMIFS(반납내역!$D$3:$D$1502,반납내역!$B$3:$B$1502,$A15)) | J15: =IF($A15="","",IF($G15="","",$G15-$I15)) | K15: =IF(OR($A15="",$J15="",$J15<=0,$H15=""),"",TODAY()-$H15) | L15: =IF($A15="","",IF($G15="","",IF($J15<=0,"반납완료",IF($I15>0,"부분반납","미반납"))))
A16: =IF($B16="","",TEXT($B16,"yymmdd")&"-"&TEXT(COUNTIFS($B$3:$B16,$B16),"00")) | E16: =IF($D16="","",IFERROR(INDEX(품목목록!$B$3:$B$202,MATCH($D16,품목목록!$A$3:$A$202,0)),"미등록품번")) | F16: =IF($D16="","",IFERROR(INDEX(품목목록!$D$3:$D$202,MATCH($D16,품목목록!$A$3:$A$202,0)),"")) | I16: =IF($A16="","",SUMIFS(반납내역!$D$3:$D$1502,반납내역!$B$3:$B$1502,$A16)) | J16: =IF($A16="","",IF($G16="","",$G16-$I16)) | K16: =IF(OR($A16="",$J16="",$J16<=0,$H16=""),"",TODAY()-$H16) | L16: =IF($A16="","",IF($G16="","",IF($J16<=0,"반납완료",IF($I16>0,"부분반납","미반납"))))
A17: =IF($B17="","",TEXT($B17,"yymmdd")&"-"&TEXT(COUNTIFS($B$3:$B17,$B17),"00")) | E17: =IF($D17="","",IFERROR(INDEX(품목목록!$B$3:$B$202,MATCH($D17,품목목록!$A$3:$A$202,0)),"미등록품번")) | F17: =IF($D17="","",IFERROR(INDEX(품목목록!$D$3:$D$202,MATCH($D17,품목목록!$A$3:$A$202,0)),"")) | I17: =IF($A17="","",SUMIFS(반납내역!$D$3:$D$1502,반납내역!$B$3:$B$1502,$A17)) | J17: =IF($A17="","",IF($G17="","",$G17-$I17)) | K17: =IF(OR($A17="",$J17="",$J17<=0,$H17=""),"",TODAY()-$H17) | L17: =IF($A17="","",IF($G17="","",IF($J17<=0,"반납완료",IF($I17>0,"부분반납","미반납"))))
A18: =IF($B18="","",TEXT($B18,"yymmdd")&"-"&TEXT(COUNTIFS($B$3:$B18,$B18),"00")) | E18: =IF($D18="","",IFERROR(INDEX(품목목록!$B$3:$B$202,MATCH($D18,품목목록!$A$3:$A$202,0)),"미등록품번")) | F18: =IF($D18="","",IFERROR(INDEX(품목목록!$D$3:$D$202,MATCH($D18,품목목록!$A$3:$A$202,0)),"")) | I18: =IF($A18="","",SUMIFS(반납내역!$D$3:$D$1502,반납내역!$B$3:$B$1502,$A18)) | J18: =IF($A18="","",IF($G18="","",$G18-$I18)) | K18: =IF(OR($A18="",$J18="",$J18<=0,$H18=""),"",TODAY()-$H18) | L18: =IF($A18="","",IF($G18="","",IF($J18<=0,"반납완료",IF($I18>0,"부분반납","미반납"))))
... A1002: =IF($B1002="","",TEXT($B1002,"yymmdd")&"-"&TEXT(COUNTIFS($B$3:$B1002,$B1002),"00")) | E1002: =IF($D1002="","",IFERROR(INDEX(품목목록!$B$3:$B$202,MATCH($D1002,품목목록!$A$3:$A$202,0)),"미등록품번")) | F1002: =IF($D1002="","",IFERROR(INDEX(품목목록!$D$3:$D$202,MATCH($D1002,품목목록!$A$3:$A$202,0)),"")) | I1002: =IF($A1002="","",SUMIFS(반납내역!$D$3:$D$1502,반납내역!$B$3:$B$1502,$A1002)) | J1002: =IF($A1002="","",IF($G1002="","",$G1002-$I1002)) | K1002: =IF(OR($A1002="",$J1002="",$J1002<=0,$H1002=""),"",TODAY()-$H1002) | L1002: =IF($A1002="","",IF($G1002="","",IF($J1002<=0,"반납완료",IF($I1002>0,"부분반납","미반납"))))

Sheet 반납내역
A1: 반납내역 (나눠서 돌아와도 여러 줄로)
A2: 반납일 | B2: 대여번호 | C2: 품명(자동) | D2: 반납수량 | E2: 상태 | F2: 비고
A3: 46254 | B3: 260801-01 | C3: =IF($B3="","",IFERROR(INDEX(대여내역!$E$3:$E$1002,MATCH($B3,대여내역!$A$3:$A$1002,0)),"대여번호없음")) -> 원단 샘플북 A | D3: 3 | E3: 정상
A4: 46277 | B4: 260905-01 | C4: =IF($B4="","",IFERROR(INDEX(대여내역!$E$3:$E$1002,MATCH($B4,대여내역!$A$3:$A$1002,0)),"대여번호없음")) -> 시연용 노트북 | D4: 1 | E4: 정상
C5: =IF($B5="","",IFERROR(INDEX(대여내역!$E$3:$E$1002,MATCH($B5,대여내역!$A$3:$A$1002,0)),"대여번호없음"))
C6: =IF($B6="","",IFERROR(INDEX(대여내역!$E$3:$E$1002,MATCH($B6,대여내역!$A$3:$A$1002,0)),"대여번호없음"))
C7: =IF($B7="","",IFERROR(INDEX(대여내역!$E$3:$E$1002,MATCH($B7,대여내역!$A$3:$A$1002,0)),"대여번호없음"))
C8: =IF($B8="","",IFERROR(INDEX(대여내역!$E$3:$E$1002,MATCH($B8,대여내역!$A$3:$A$1002,0)),"대여번호없음"))
C9: =IF($B9="","",IFERROR(INDEX(대여내역!$E$3:$E$1002,MATCH($B9,대여내역!$A$3:$A$1002,0)),"대여번호없음"))
C10: =IF($B10="","",IFERROR(INDEX(대여내역!$E$3:$E$1002,MATCH($B10,대여내역!$A$3:$A$1002,0)),"대여번호없음"))
C11: =IF($B11="","",IFERROR(INDEX(대여내역!$E$3:$E$1002,MATCH($B11,대여내역!$A$3:$A$1002,0)),"대여번호없음"))
C12: =IF($B12="","",IFERROR(INDEX(대여내역!$E$3:$E$1002,MATCH($B12,대여내역!$A$3:$A$1002,0)),"대여번호없음"))
C13: =IF($B13="","",IFERROR(INDEX(대여내역!$E$3:$E$1002,MATCH($B13,대여내역!$A$3:$A$1002,0)),"대여번호없음"))
C14: =IF($B14="","",IFERROR(INDEX(대여내역!$E$3:$E$1002,MATCH($B14,대여내역!$A$3:$A$1002,0)),"대여번호없음"))
C15: =IF($B15="","",IFERROR(INDEX(대여내역!$E$3:$E$1002,MATCH($B15,대여내역!$A$3:$A$1002,0)),"대여번호없음"))
C16: =IF($B16="","",IFERROR(INDEX(대여내역!$E$3:$E$1002,MATCH($B16,대여내역!$A$3:$A$1002,0)),"대여번호없음"))
... C1502: =IF($B1502="","",IFERROR(INDEX(대여내역!$E$3:$E$1002,MATCH($B1502,대여내역!$A$3:$A$1002,0)),"대여번호없음"))

Sheet 미반납현황
A1: 미반납현황
A3: 미반납 건수 | B3: =COUNTIF(대여내역!$L$3:$L$1002,"미반납")+COUNTIF(대여내역!$L$3:$L$1002,"부분반납") -> 2 | D3: 연체 건수 | E3: =COUNTIFS(대여내역!$J$3:$J$1002,">0",대여내역!$H$3:$H$1002,"<"&TODAY()) -> 0 | G3: 미반납 수량 | H3: =SUMIFS(대여내역!$J$3:$J$1002,대여내역!$J$3:$J$1002,">0") -> 4
A5: 순번 | B5: 대여번호 | C5: 대여일 | D5: 대여처 | E5: 품명 | F5: 대여수량 | G5: 미반납 | H5: 반납예정일 | I5: D-Day
A6: =IF($B6="","",1) -> 1 | B6: =IFERROR(INDEX(대여내역!$A$3:$A$1002,MATCH("R"&1,미반납현황!$M$6:$M$1005,0)),"") -> 260901-01 | C6: =IF($B6="","",IFERROR(INDEX(대여내역!$B$3:$B$1002,MATCH("R"&1,미반납현황!$M$6:$M$1005,0)),"")) -> 46266 | D6: =IF($B6="","",IFERROR(INDEX(대여내역!$C$3:$C$1002,MATCH("R"&1,미반납현황!$M$6:$M$1005,0)),"")) -> △△디자인 | E6: =IF($B6="","",IFERROR(INDEX(대여내역!$E$3:$E$1002,MATCH("R"&1,미반납현황!$M$6:$M$1005,0)),"")) -> 컬러칩 세트 | F6: =IF($B6="","",IFERROR(INDEX(대여내역!$G$3:$G$1002,MATCH("R"&1,미반납현황!$M$6:$M$1005,0)),"")) -> 2 | G6: =IF($B6="","",IFERROR(INDEX(대여내역!$J$3:$J$1002,MATCH("R"&1,미반납현황!$M$6:$M$1005,0)),"")) -> 2 | H6: =IF($B6="","",IFERROR(INDEX(대여내역!$H$3:$H$1002,MATCH("R"&1,미반납현황!$M$6:$M$1005,0)),"")) -> 46295 | I6: =IF($B6="","",IFERROR(INDEX(대여내역!$K$3:$K$1002,MATCH("R"&1,미반납현황!$M$6:$M$1005,0)),"")) -> -16 | K6: =IF(대여내역!$A3="",FALSE(),OR(대여내역!$L3="미반납",대여내역!$L3="부분반납")) -> FALSE | L6: =IF($K6=FALSE(),"",COUNTIF($K$6:$K6,TRUE())) | M6: =IF($L6="","","R"&$L6)
A7: =IF($B7="","",2) -> 2 | B7: =IFERROR(INDEX(대여내역!$A$3:$A$1002,MATCH("R"&2,미반납현황!$M$6:$M$1005,0)),"") -> 260910-01 | C7: =IF($B7="","",IFERROR(INDEX(대여내역!$B$3:$B$1002,MATCH("R"&2,미반납현황!$M$6:$M$1005,0)),"")) -> 46275 | D7: =IF($B7="","",IFERROR(INDEX(대여내역!$C$3:$C$1002,MATCH("R"&2,미반납현황!$M$6:$M$1005,0)),"")) -> ○○상사 | E7: =IF($B7="","",IFERROR(INDEX(대여내역!$E$3:$E$1002,MATCH("R"&2,미반납현황!$M$6:$M$1005,0)),"")) -> 원단 샘플북 A | F7: =IF($B7="","",IFERROR(INDEX(대여내역!$G$3:$G$1002,MATCH("R"&2,미반납현황!$M$6:$M$1005,0)),"")) -> 2 | G7: =IF($B7="","",IFERROR(INDEX(대여내역!$J$3:$J$1002,MATCH("R"&2,미반납현황!$M$6:$M$1005,0)),"")) -> 2 | H7: =IF($B7="","",IFERROR(INDEX(대여내역!$H$3:$H$1002,MATCH("R"&2,미반납현황!$M$6:$M$1005,0)),"")) -> 46305 | I7: =IF($B7="","",IFERROR(INDEX(대여내역!$K$3:$K$1002,MATCH("R"&2,미반납현황!$M$6:$M$1005,0)),"")) -> -26 | K7: =IF(대여내역!$A4="",FALSE(),OR(대여내역!$L4="미반납",대여내역!$L4="부분반납")) -> TRUE | L7: =IF($K7=FALSE(),"",COUNTIF($K$6:$K7,TRUE())) -> 1 | M7: =IF($L7="","","R"&$L7) -> R1
A8: =IF($B8="","",3) | B8: =IFERROR(INDEX(대여내역!$A$3:$A$1002,MATCH("R"&3,미반납현황!$M$6:$M$1005,0)),"") | C8: =IF($B8="","",IFERROR(INDEX(대여내역!$B$3:$B$1002,MATCH("R"&3,미반납현황!$M$6:$M$1005,0)),"")) | D8: =IF($B8="","",IFERROR(INDEX(대여내역!$C$3:$C$1002,MATCH("R"&3,미반납현황!$M$6:$M$1005,0)),"")) | E8: =IF($B8="","",IFERROR(INDEX(대여내역!$E$3:$E$1002,MATCH("R"&3,미반납현황!$M$6:$M$1005,0)),"")) | F8: =IF($B8="","",IFERROR(INDEX(대여내역!$G$3:$G$1002,MATCH("R"&3,미반납현황!$M$6:$M$1005,0)),"")) | G8: =IF($B8="","",IFERROR(INDEX(대여내역!$J$3:$J$1002,MATCH("R"&3,미반납현황!$M$6:$M$1005,0)),"")) | H8: =IF($B8="","",IFERROR(INDEX(대여내역!$H$3:$H$1002,MATCH("R"&3,미반납현황!$M$6:$M$1005,0)),"")) | I8: =IF($B8="","",IFERROR(INDEX(대여내역!$K$3:$K$1002,MATCH("R"&3,미반납현황!$M$6:$M$1005,0)),"")) | K8: =IF(대여내역!$A5="",FALSE(),OR(대여내역!$L5="미반납",대여내역!$L5="부분반납")) -> FALSE | L8: =IF($K8=FALSE(),"",COUNTIF($K$6:$K8,TRUE())) | M8: =IF($L8="","","R"&$L8)
A9: =IF($B9="","",4) | B9: =IFERROR(INDEX(대여내역!$A$3:$A$1002,MATCH("R"&4,미반납현황!$M$6:$M$1005,0)),"") | C9: =IF($B9="","",IFERROR(INDEX(대여내역!$B$3:$B$1002,MATCH("R"&4,미반납현황!$M$6:$M$1005,0)),"")) | D9: =IF($B9="","",IFERROR(INDEX(대여내역!$C$3:$C$1002,MATCH("R"&4,미반납현황!$M$6:$M$1005,0)),"")) | E9: =IF($B9="","",IFERROR(INDEX(대여내역!$E$3:$E$1002,MATCH("R"&4,미반납현황!$M$6:$M$1005,0)),"")) | F9: =IF($B9="","",IFERROR(INDEX(대여내역!$G$3:$G$1002,MATCH("R"&4,미반납현황!$M$6:$M$1005,0)),"")) | G9: =IF($B9="","",IFERROR(INDEX(대여내역!$J$3:$J$1002,MATCH("R"&4,미반납현황!$M$6:$M$1005,0)),"")) | H9: =IF($B9="","",IFERROR(INDEX(대여내역!$H$3:$H$1002,MATCH("R"&4,미반납현황!$M$6:$M$1005,0)),"")) | I9: =IF($B9="","",IFERROR(INDEX(대여내역!$K$3:$K$1002,MATCH("R"&4,미반납현황!$M$6:$M$1005,0)),"")) | K9: =IF(대여내역!$A6="",FALSE(),OR(대여내역!$L6="미반납",대여내역!$L6="부분반납")) -> TRUE | L9: =IF($K9=FALSE(),"",COUNTIF($K$6:$K9,TRUE())) -> 2 | M9: =IF($L9="","","R"&$L9) -> R2
A10: =IF($B10="","",5) | B10: =IFERROR(INDEX(대여내역!$A$3:$A$1002,MATCH("R"&5,미반납현황!$M$6:$M$1005,0)),"") | C10: =IF($B10="","",IFERROR(INDEX(대여내역!$B$3:$B$1002,MATCH("R"&5,미반납현황!$M$6:$M$1005,0)),"")) | D10: =IF($B10="","",IFERROR(INDEX(대여내역!$C$3:$C$1002,MATCH("R"&5,미반납현황!$M$6:$M$1005,0)),"")) | E10: =IF($B10="","",IFERROR(INDEX(대여내역!$E$3:$E$1002,MATCH("R"&5,미반납현황!$M$6:$M$1005,0)),"")) | F10: =IF($B10="","",IFERROR(INDEX(대여내역!$G$3:$G$1002,MATCH("R"&5,미반납현황!$M$6:$M$1005,0)),"")) | G10: =IF($B10="","",IFERROR(INDEX(대여내역!$J$3:$J$1002,MATCH("R"&5,미반납현황!$M$6:$M$1005,0)),"")) | H10: =IF($B10="","",IFERROR(INDEX(대여내역!$H$3:$H$1002,MATCH("R"&5,미반납현황!$M$6:$M$1005,0)),"")) | I10: =IF($B10="","",IFERROR(INDEX(대여내역!$K$3:$K$1002,MATCH("R"&5,미반납현황!$M$6:$M$1005,0)),"")) | K10: =IF(대여내역!$A7="",FALSE(),OR(대여내역!$L7="미반납",대여내역!$L7="부분반납")) -> FALSE | L10: =IF($K10=FALSE(),"",COUNTIF($K$6:$K10,TRUE())) | M10: =IF($L10="","","R"&$L10)
A11: =IF($B11="","",6) | B11: =IFERROR(INDEX(대여내역!$A$3:$A$1002,MATCH("R"&6,미반납현황!$M$6:$M$1005,0)),"") | C11: =IF($B11="","",IFERROR(INDEX(대여내역!$B$3:$B$1002,MATCH("R"&6,미반납현황!$M$6:$M$1005,0)),"")) | D11: =IF($B11="","",IFERROR(INDEX(대여내역!$C$3:$C$1002,MATCH("R"&6,미반납현황!$M$6:$M$1005,0)),"")) | E11: =IF($B11="","",IFERROR(INDEX(대여내역!$E$3:$E$1002,MATCH("R"&6,미반납현황!$M$6:$M$1005,0)),"")) | F11: =IF($B11="","",IFERROR(INDEX(대여내역!$G$3:$G$1002,MATCH("R"&6,미반납현황!$M$6:$M$1005,0)),"")) | G11: =IF($B11="","",IFERROR(INDEX(대여내역!$J$3:$J$1002,MATCH("R"&6,미반납현황!$M$6:$M$1005,0)),"")) | H11: =IF($B11="","",IFERROR(INDEX(대여내역!$H$3:$H$1002,MATCH("R"&6,미반납현황!$M$6:$M$1005,0)),"")) | I11: =IF($B11="","",IFERROR(INDEX(대여내역!$K$3:$K$1002,MATCH("R"&6,미반납현황!$M$6:$M$1005,0)),"")) | K11: =IF(대여내역!$A8="",FALSE(),OR(대여내역!$L8="미반납",대여내역!$L8="부분반납")) -> FALSE | L11: =IF($K11=FALSE(),"",COUNTIF($K$6:$K11,TRUE())) | M11: =IF($L11="","","R"&$L11)
A12: =IF($B12="","",7) | B12: =IFERROR(INDEX(대여내역!$A$3:$A$1002,MATCH("R"&7,미반납현황!$M$6:$M$1005,0)),"") | C12: =IF($B12="","",IFERROR(INDEX(대여내역!$B$3:$B$1002,MATCH("R"&7,미반납현황!$M$6:$M$1005,0)),"")) | D12: =IF($B12="","",IFERROR(INDEX(대여내역!$C$3:$C$1002,MATCH("R"&7,미반납현황!$M$6:$M$1005,0)),"")) | E12: =IF($B12="","",IFERROR(INDEX(대여내역!$E$3:$E$1002,MATCH("R"&7,미반납현황!$M$6:$M$1005,0)),"")) | F12: =IF($B12="","",IFERROR(INDEX(대여내역!$G$3:$G$1002,MATCH("R"&7,미반납현황!$M$6:$M$1005,0)),"")) | G12: =IF($B12="","",IFERROR(INDEX(대여내역!$J$3:$J$1002,MATCH("R"&7,미반납현황!$M$6:$M$1005,0)),"")) | H12: =IF($B12="","",IFERROR(INDEX(대여내역!$H$3:$H$1002,MATCH("R"&7,미반납현황!$M$6:$M$1005,0)),"")) | I12: =IF($B12="","",IFERROR(INDEX(대여내역!$K$3:$K$1002,MATCH("R"&7,미반납현황!$M$6:$M$1005,0)),"")) | K12: =IF(대여내역!$A9="",FALSE(),OR(대여내역!$L9="미반납",대여내역!$L9="부분반납")) -> FALSE | L12: =IF($K12=FALSE(),"",COUNTIF($K$6:$K12,TRUE())) | M12: =IF($L12="","","R"&$L12)
A13: =IF($B13="","",8) | B13: =IFERROR(INDEX(대여내역!$A$3:$A$1002,MATCH("R"&8,미반납현황!$M$6:$M$1005,0)),"") | C13: =IF($B13="","",IFERROR(INDEX(대여내역!$B$3:$B$1002,MATCH("R"&8,미반납현황!$M$6:$M$1005,0)),"")) | D13: =IF($B13="","",IFERROR(INDEX(대여내역!$C$3:$C$1002,MATCH("R"&8,미반납현황!$M$6:$M$1005,0)),"")) | E13: =IF($B13="","",IFERROR(INDEX(대여내역!$E$3:$E$1002,MATCH("R"&8,미반납현황!$M$6:$M$1005,0)),"")) | F13: =IF($B13="","",IFERROR(INDEX(대여내역!$G$3:$G$1002,MATCH("R"&8,미반납현황!$M$6:$M$1005,0)),"")) | G13: =IF($B13="","",IFERROR(INDEX(대여내역!$J$3:$J$1002,MATCH("R"&8,미반납현황!$M$6:$M$1005,0)),"")) | H13: =IF($B13="","",IFERROR(INDEX(대여내역!$H$3:$H$1002,MATCH("R"&8,미반납현황!$M$6:$M$1005,0)),"")) | I13: =IF($B13="","",IFERROR(INDEX(대여내역!$K$3:$K$1002,MATCH("R"&8,미반납현황!$M$6:$M$1005,0)),"")) | K13: =IF(대여내역!$A10="",FALSE(),OR(대여내역!$L10="미반납",대여내역!$L10="부분반납")) -> FALSE | L13: =IF($K13=FALSE(),"",COUNTIF($K$6:$K13,TRUE())) | M13: =IF($L13="","","R"&$L13)
A14: =IF($B14="","",9) | B14: =IFERROR(INDEX(대여내역!$A$3:$A$1002,MATCH("R"&9,미반납현황!$M$6:$M$1005,0)),"") | C14: =IF($B14="","",IFERROR(INDEX(대여내역!$B$3:$B$1002,MATCH("R"&9,미반납현황!$M$6:$M$1005,0)),"")) | D14: =IF($B14="","",IFERROR(INDEX(대여내역!$C$3:$C$1002,MATCH("R"&9,미반납현황!$M$6:$M$1005,0)),"")) | E14: =IF($B14="","",IFERROR(INDEX(대여내역!$E$3:$E$1002,MATCH("R"&9,미반납현황!$M$6:$M$1005,0)),"")) | F14: =IF($B14="","",IFERROR(INDEX(대여내역!$G$3:$G$1002,MATCH("R"&9,미반납현황!$M$6:$M$1005,0)),"")) | G14: =IF($B14="","",IFERROR(INDEX(대여내역!$J$3:$J$1002,MATCH("R"&9,미반납현황!$M$6:$M$1005,0)),"")) | H14: =IF($B14="","",IFERROR(INDEX(대여내역!$H$3:$H$1002,MATCH("R"&9,미반납현황!$M$6:$M$1005,0)),"")) | I14: =IF($B14="","",IFERROR(INDEX(대여내역!$K$3:$K$1002,MATCH("R"&9,미반납현황!$M$6:$M$1005,0)),"")) | K14: =IF(대여내역!$A11="",FALSE(),OR(대여내역!$L11="미반납",대여내역!$L11="부분반납")) -> FALSE | L14: =IF($K14=FALSE(),"",COUNTIF($K$6:$K14,TRUE())) | M14: =IF($L14="","","R"&$L14)
A15: =IF($B15="","",10) | B15: =IFERROR(INDEX(대여내역!$A$3:$A$1002,MATCH("R"&10,미반납현황!$M$6:$M$1005,0)),"") | C15: =IF($B15="","",IFERROR(INDEX(대여내역!$B$3:$B$1002,MATCH("R"&10,미반납현황!$M$6:$M$1005,0)),"")) | D15: =IF($B15="","",IFERROR(INDEX(대여내역!$C$3:$C$1002,MATCH("R"&10,미반납현황!$M$6:$M$1005,0)),"")) | E15: =IF($B15="","",IFERROR(INDEX(대여내역!$E$3:$E$1002,MATCH("R"&10,미반납현황!$M$6:$M$1005,0)),"")) | F15: =IF($B15="","",IFERROR(INDEX(대여내역!$G$3:$G$1002,MATCH("R"&10,미반납현황!$M$6:$M$1005,0)),"")) | G15: =IF($B15="","",IFERROR(INDEX(대여내역!$J$3:$J$1002,MATCH("R"&10,미반납현황!$M$6:$M$1005,0)),"")) | H15: =IF($B15="","",IFERROR(INDEX(대여내역!$H$3:$H$1002,MATCH("R"&10,미반납현황!$M$6:$M$1005,0)),"")) | I15: =IF($B15="","",IFERROR(INDEX(대여내역!$K$3:$K$1002,MATCH("R"&10,미반납현황!$M$6:$M$1005,0)),"")) | K15: =IF(대여내역!$A12="",FALSE(),OR(대여내역!$L12="미반납",대여내역!$L12="부분반납")) -> FALSE | L15: =IF($K15=FALSE(),"",COUNTIF($K$6:$K15,TRUE())) | M15: =IF($L15="","","R"&$L15)
A16: =IF($B16="","",11) | B16: =IFERROR(INDEX(대여내역!$A$3:$A$1002,MATCH("R"&11,미반납현황!$M$6:$M$1005,0)),"") | C16: =IF($B16="","",IFERROR(INDEX(대여내역!$B$3:$B$1002,MATCH("R"&11,미반납현황!$M$6:$M$1005,0)),"")) | D16: =IF($B16="","",IFERROR(INDEX(대여내역!$C$3:$C$1002,MATCH("R"&11,미반납현황!$M$6:$M$1005,0)),"")) | E16: =IF($B16="","",IFERROR(INDEX(대여내역!$E$3:$E$1002,MATCH("R"&11,미반납현황!$M$6:$M$1005,0)),"")) | F16: =IF($B16="","",IFERROR(INDEX(대여내역!$G$3:$G$1002,MATCH("R"&11,미반납현황!$M$6:$M$1005,0)),"")) | G16: =IF($B16="","",IFERROR(INDEX(대여내역!$J$3:$J$1002,MATCH("R"&11,미반납현황!$M$6:$M$1005,0)),"")) | H16: =IF($B16="","",IFERROR(INDEX(대여내역!$H$3:$H$1002,MATCH("R"&11,미반납현황!$M$6:$M$1005,0)),"")) | I16: =IF($B16="","",IFERROR(INDEX(대여내역!$K$3:$K$1002,MATCH("R"&11,미반납현황!$M$6:$M$1005,0)),"")) | K16: =IF(대여내역!$A13="",FALSE(),OR(대여내역!$L13="미반납",대여내역!$L13="부분반납")) -> FALSE | L16: =IF($K16=FALSE(),"",COUNTIF($K$6:$K16,TRUE())) | M16: =IF($L16="","","R"&$L16)
A17: =IF($B17="","",12) | B17: =IFERROR(INDEX(대여내역!$A$3:$A$1002,MATCH("R"&12,미반납현황!$M$6:$M$1005,0)),"") | C17: =IF($B17="","",IFERROR(INDEX(대여내역!$B$3:$B$1002,MATCH("R"&12,미반납현황!$M$6:$M$1005,0)),"")) | D17: =IF($B17="","",IFERROR(INDEX(대여내역!$C$3:$C$1002,MATCH("R"&12,미반납현황!$M$6:$M$1005,0)),"")) | E17: =IF($B17="","",IFERROR(INDEX(대여내역!$E$3:$E$1002,MATCH("R"&12,미반납현황!$M$6:$M$1005,0)),"")) | F17: =IF($B17="","",IFERROR(INDEX(대여내역!$G$3:$G$1002,MATCH("R"&12,미반납현황!$M$6:$M$1005,0)),"")) | G17: =IF($B17="","",IFERROR(INDEX(대여내역!$J$3:$J$1002,MATCH("R"&12,미반납현황!$M$6:$M$1005,0)),"")) | H17: =IF($B17="","",IFERROR(INDEX(대여내역!$H$3:$H$1002,MATCH("R"&12,미반납현황!$M$6:$M$1005,0)),"")) | I17: =IF($B17="","",IFERROR(INDEX(대여내역!$K$3:$K$1002,MATCH("R"&12,미반납현황!$M$6:$M$1005,0)),"")) | K17: =IF(대여내역!$A14="",FALSE(),OR(대여내역!$L14="미반납",대여내역!$L14="부분반납")) -> FALSE | L17: =IF($K17=FALSE(),"",COUNTIF($K$6:$K17,TRUE())) | M17: =IF($L17="","","R"&$L17)
A18: =IF($B18="","",13) | B18: =IFERROR(INDEX(대여내역!$A$3:$A$1002,MATCH("R"&13,미반납현황!$M$6:$M$1005,0)),"") | C18: =IF($B18="","",IFERROR(INDEX(대여내역!$B$3:$B$1002,MATCH("R"&13,미반납현황!$M$6:$M$1005,0)),"")) | D18: =IF($B18="","",IFERROR(INDEX(대여내역!$C$3:$C$1002,MATCH("R"&13,미반납현황!$M$6:$M$1005,0)),"")) | E18: =IF($B18="","",IFERROR(INDEX(대여내역!$E$3:$E$1002,MATCH("R"&13,미반납현황!$M$6:$M$1005,0)),"")) | F18: =IF($B18="","",IFERROR(INDEX(대여내역!$G$3:$G$1002,MATCH("R"&13,미반납현황!$M$6:$M$1005,0)),"")) | G18: =IF($B18="","",IFERROR(INDEX(대여내역!$J$3:$J$1002,MATCH("R"&13,미반납현황!$M$6:$M$1005,0)),"")) | H18: =IF($B18="","",IFERROR(INDEX(대여내역!$H$3:$H$1002,MATCH("R"&13,미반납현황!$M$6:$M$1005,0)),"")) | I18: =IF($B18="","",IFERROR(INDEX(대여내역!$K$3:$K$1002,MATCH("R"&13,미반납현황!$M$6:$M$1005,0)),"")) | K18: =IF(대여내역!$A15="",FALSE(),OR(대여내역!$L15="미반납",대여내역!$L15="부분반납")) -> FALSE | L18: =IF($K18=FALSE(),"",COUNTIF($K$6:$K18,TRUE())) | M18: =IF($L18="","","R"&$L18)
A19: =IF($B19="","",14) | B19: =IFERROR(INDEX(대여내역!$A$3:$A$1002,MATCH("R"&14,미반납현황!$M$6:$M$1005,0)),"") | C19: =IF($B19="","",IFERROR(INDEX(대여내역!$B$3:$B$1002,MATCH("R"&14,미반납현황!$M$6:$M$1005,0)),"")) | D19: =IF($B19="","",IFERROR(INDEX(대여내역!$C$3:$C$1002,MATCH("R"&14,미반납현황!$M$6:$M$1005,0)),"")) | E19: =IF($B19="","",IFERROR(INDEX(대여내역!$E$3:$E$1002,MATCH("R"&14,미반납현황!$M$6:$M$1005,0)),"")) | F19: =IF($B19="","",IFERROR(INDEX(대여내역!$G$3:$G$1002,MATCH("R"&14,미반납현황!$M$6:$M$1005,0)),"")) | G19: =IF($B19="","",IFERROR(INDEX(대여내역!$J$3:$J$1002,MATCH("R"&14,미반납현황!$M$6:$M$1005,0)),"")) | H19: =IF($B19="","",IFERROR(INDEX(대여내역!$H$3:$H$1002,MATCH("R"&14,미반납현황!$M$6:$M$1005,0)),"")) | I19: =IF($B19="","",IFERROR(INDEX(대여내역!$K$3:$K$1002,MATCH("R"&14,미반납현황!$M$6:$M$1005,0)),"")) | K19: =IF(대여내역!$A16="",FALSE(),OR(대여내역!$L16="미반납",대여내역!$L16="부분반납")) -> FALSE | L19: =IF($K19=FALSE(),"",COUNTIF($K$6:$K19,TRUE())) | M19: =IF($L19="","","R"&$L19)
A20: =IF($B20="","",15) | B20: =IFERROR(INDEX(대여내역!$A$3:$A$1002,MATCH("R"&15,미반납현황!$M$6:$M$1005,0)),"") | C20: =IF($B20="","",IFERROR(INDEX(대여내역!$B$3:$B$1002,MATCH("R"&15,미반납현황!$M$6:$M$1005,0)),"")) | D20: =IF($B20="","",IFERROR(INDEX(대여내역!$C$3:$C$1002,MATCH("R"&15,미반납현황!$M$6:$M$1005,0)),"")) | E20: =IF($B20="","",IFERROR(INDEX(대여내역!$E$3:$E$1002,MATCH("R"&15,미반납현황!$M$6:$M$1005,0)),"")) | F20: =IF($B20="","",IFERROR(INDEX(대여내역!$G$3:$G$1002,MATCH("R"&15,미반납현황!$M$6:$M$1005,0)),"")) | G20: =IF($B20="","",IFERROR(INDEX(대여내역!$J$3:$J$1002,MATCH("R"&15,미반납현황!$M$6:$M$1005,0)),"")) | H20: =IF($B20="","",IFERROR(INDEX(대여내역!$H$3:$H$1002,MATCH("R"&15,미반납현황!$M$6:$M$1005,0)),"")) | I20: =IF($B20="","",IFERROR(INDEX(대여내역!$K$3:$K$1002,MATCH("R"&15,미반납현황!$M$6:$M$1005,0)),"")) | K20: =IF(대여내역!$A17="",FALSE(),OR(대여내역!$L17="미반납",대여내역!$L17="부분반납")) -> FALSE | L20: =IF($K20=FALSE(),"",COUNTIF($K$6:$K20,TRUE())) | M20: =IF($L20="","","R"&$L20)
A21: =IF($B21="","",16) | B21: =IFERROR(INDEX(대여내역!$A$3:$A$1002,MATCH("R"&16,미반납현황!$M$6:$M$1005,0)),"") | C21: =IF($B21="","",IFERROR(INDEX(대여내역!$B$3:$B$1002,MATCH("R"&16,미반납현황!$M$6:$M$1005,0)),"")) | D21: =IF($B21="","",IFERROR(INDEX(대여내역!$C$3:$C$1002,MATCH("R"&16,미반납현황!$M$6:$M$1005,0)),"")) | E21: =IF($B21="","",IFERROR(INDEX(대여내역!$E$3:$E$1002,MATCH("R"&16,미반납현황!$M$6:$M$1005,0)),"")) | F21: =IF($B21="","",IFERROR(INDEX(대여내역!$G$3:$G$1002,MATCH("R"&16,미반납현황!$M$6:$M$1005,0)),"")) | G21: =IF($B21="","",IFERROR(INDEX(대여내역!$J$3:$J$1002,MATCH("R"&16,미반납현황!$M$6:$M$1005,0)),"")) | H21: =IF($B21="","",IFERROR(INDEX(대여내역!$H$3:$H$1002,MATCH("R"&16,미반납현황!$M$6:$M$1005,0)),"")) | I21: =IF($B21="","",IFERROR(INDEX(대여내역!$K$3:$K$1002,MATCH("R"&16,미반납현황!$M$6:$M$1005,0)),"")) | K21: =IF(대여내역!$A18="",FALSE(),OR(대여내역!$L18="미반납",대여내역!$L18="부분반납")) -> FALSE | L21: =IF($K21=FALSE(),"",COUNTIF($K$6:$K21,TRUE())) | M21: =IF($L21="","","R"&$L21)
A22: =IF($B22="","",17) | B22: =IFERROR(INDEX(대여내역!$A$3:$A$1002,MATCH("R"&17,미반납현황!$M$6:$M$1005,0)),"") | C22: =IF($B22="","",IFERROR(INDEX(대여내역!$B$3:$B$1002,MATCH("R"&17,미반납현황!$M$6:$M$1005,0)),"")) | D22: =IF($B22="","",IFERROR(INDEX(대여내역!$C$3:$C$1002,MATCH("R"&17,미반납현황!$M$6:$M$1005,0)),"")) | E22: =IF($B22="","",IFERROR(INDEX(대여내역!$E$3:$E$1002,MATCH("R"&17,미반납현황!$M$6:$M$1005,0)),"")) | F22: =IF($B22="","",IFERROR(INDEX(대여내역!$G$3:$G$1002,MATCH("R"&17,미반납현황!$M$6:$M$1005,0)),"")) | G22: =IF($B22="","",IFERROR(INDEX(대여내역!$J$3:$J$1002,MATCH("R"&17,미반납현황!$M$6:$M$1005,0)),"")) | H22: =IF($B22="","",IFERROR(INDEX(대여내역!$H$3:$H$1002,MATCH("R"&17,미반납현황!$M$6:$M$1005,0)),"")) | I22: =IF($B22="","",IFERROR(INDEX(대여내역!$K$3:$K$1002,MATCH("R"&17,미반납현황!$M$6:$M$1005,0)),"")) | K22: =IF(대여내역!$A19="",FALSE(),OR(대여내역!$L19="미반납",대여내역!$L19="부분반납")) -> FALSE | L22: =IF($K22=FALSE(),"",COUNTIF($K$6:$K22,TRUE())) | M22: =IF($L22="","","R"&$L22)
A23: =IF($B23="","",18) | B23: =IFERROR(INDEX(대여내역!$A$3:$A$1002,MATCH("R"&18,미반납현황!$M$6:$M$1005,0)),"") | C23: =IF($B23="","",IFERROR(INDEX(대여내역!$B$3:$B$1002,MATCH("R"&18,미반납현황!$M$6:$M$1005,0)),"")) | D23: =IF($B23="","",IFERROR(INDEX(대여내역!$C$3:$C$1002,MATCH("R"&18,미반납현황!$M$6:$M$1005,0)),"")) | E23: =IF($B23="","",IFERROR(INDEX(대여내역!$E$3:$E$1002,MATCH("R"&18,미반납현황!$M$6:$M$1005,0)),"")) | F23: =IF($B23="","",IFERROR(INDEX(대여내역!$G$3:$G$1002,MATCH("R"&18,미반납현황!$M$6:$M$1005,0)),"")) | G23: =IF($B23="","",IFERROR(INDEX(대여내역!$J$3:$J$1002,MATCH("R"&18,미반납현황!$M$6:$M$1005,0)),"")) | H23: =IF($B23="","",IFERROR(INDEX(대여내역!$H$3:$H$1002,MATCH("R"&18,미반납현황!$M$6:$M$1005,0)),"")) | I23: =IF($B23="","",IFERROR(INDEX(대여내역!$K$3:$K$1002,MATCH("R"&18,미반납현황!$M$6:$M$1005,0)),"")) | K23: =IF(대여내역!$A20="",FALSE(),OR(대여내역!$L20="미반납",대여내역!$L20="부분반납")) -> FALSE | L23: =IF($K23=FALSE(),"",COUNTIF($K$6:$K23,TRUE())) | M23: =IF($L23="","","R"&$L23)
A24: =IF($B24="","",19) | B24: =IFERROR(INDEX(대여내역!$A$3:$A$1002,MATCH("R"&19,미반납현황!$M$6:$M$1005,0)),"") | C24: =IF($B24="","",IFERROR(INDEX(대여내역!$B$3:$B$1002,MATCH("R"&19,미반납현황!$M$6:$M$1005,0)),"")) | D24: =IF($B24="","",IFERROR(INDEX(대여내역!$C$3:$C$1002,MATCH("R"&19,미반납현황!$M$6:$M$1005,0)),"")) | E24: =IF($B24="","",IFERROR(INDEX(대여내역!$E$3:$E$1002,MATCH("R"&19,미반납현황!$M$6:$M$1005,0)),"")) | F24: =IF($B24="","",IFERROR(INDEX(대여내역!$G$3:$G$1002,MATCH("R"&19,미반납현황!$M$6:$M$1005,0)),"")) | G24: =IF($B24="","",IFERROR(INDEX(대여내역!$J$3:$J$1002,MATCH("R"&19,미반납현황!$M$6:$M$1005,0)),"")) | H24: =IF($B24="","",IFERROR(INDEX(대여내역!$H$3:$H$1002,MATCH("R"&19,미반납현황!$M$6:$M$1005,0)),"")) | I24: =IF($B24="","",IFERROR(INDEX(대여내역!$K$3:$K$1002,MATCH("R"&19,미반납현황!$M$6:$M$1005,0)),"")) | K24: =IF(대여내역!$A21="",FALSE(),OR(대여내역!$L21="미반납",대여내역!$L21="부분반납")) -> FALSE | L24: =IF($K24=FALSE(),"",COUNTIF($K$6:$K24,TRUE())) | M24: =IF($L24="","","R"&$L24)
A25: =IF($B25="","",20) | B25: =IFERROR(INDEX(대여내역!$A$3:$A$1002,MATCH("R"&20,미반납현황!$M$6:$M$1005,0)),"") | C25: =IF($B25="","",IFERROR(INDEX(대여내역!$B$3:$B$1002,MATCH("R"&20,미반납현황!$M$6:$M$1005,0)),"")) | D25: =IF($B25="","",IFERROR(INDEX(대여내역!$C$3:$C$1002,MATCH("R"&20,미반납현황!$M$6:$M$1005,0)),"")) | E25: =IF($B25="","",IFERROR(INDEX(대여내역!$E$3:$E$1002,MATCH("R"&20,미반납현황!$M$6:$M$1005,0)),"")) | F25: =IF($B25="","",IFERROR(INDEX(대여내역!$G$3:$G$1002,MATCH("R"&20,미반납현황!$M$6:$M$1005,0)),"")) | G25: =IF($B25="","",IFERROR(INDEX(대여내역!$J$3:$J$1002,MATCH("R"&20,미반납현황!$M$6:$M$1005,0)),"")) | H25: =IF($B25="","",IFERROR(INDEX(대여내역!$H$3:$H$1002,MATCH("R"&20,미반납현황!$M$6:$M$1005,0)),"")) | I25: =IF($B25="","",IFERROR(INDEX(대여내역!$K$3:$K$1002,MATCH("R"&20,미반납현황!$M$6:$M$1005,0)),"")) | K25: =IF(대여내역!$A22="",FALSE(),OR(대여내역!$L22="미반납",대여내역!$L22="부분반납")) -> FALSE | L25: =IF($K25=FALSE(),"",COUNTIF($K$6:$K25,TRUE())) | M25: =IF($L25="","","R"&$L25)
A26: =IF($B26="","",21) | B26: =IFERROR(INDEX(대여내역!$A$3:$A$1002,MATCH("R"&21,미반납현황!$M$6:$M$1005,0)),"") | C26: =IF($B26="","",IFERROR(INDEX(대여내역!$B$3:$B$1002,MATCH("R"&21,미반납현황!$M$6:$M$1005,0)),"")) | D26: =IF($B26="","",IFERROR(INDEX(대여내역!$C$3:$C$1002,MATCH("R"&21,미반납현황!$M$6:$M$1005,0)),"")) | E26: =IF($B26="","",IFERROR(INDEX(대여내역!$E$3:$E$1002,MATCH("R"&21,미반납현황!$M$6:$M$1005,0)),"")) | F26: =IF($B26="","",IFERROR(INDEX(대여내역!$G$3:$G$1002,MATCH("R"&21,미반납현황!$M$6:$M$1005,0)),"")) | G26: =IF($B26="","",IFERROR(INDEX(대여내역!$J$3:$J$1002,MATCH("R"&21,미반납현황!$M$6:$M$1005,0)),"")) | H26: =IF($B26="","",IFERROR(INDEX(대여내역!$H$3:$H$1002,MATCH("R"&21,미반납현황!$M$6:$M$1005,0)),"")) | I26: =IF($B26="","",IFERROR(INDEX(대여내역!$K$3:$K$1002,MATCH("R"&21,미반납현황!$M$6:$M$1005,0)),"")) | K26: =IF(대여내역!$A23="",FALSE(),OR(대여내역!$L23="미반납",대여내역!$L23="부분반납")) -> FALSE | L26: =IF($K26=FALSE(),"",COUNTIF($K$6:$K26,TRUE())) | M26: =IF($L26="","","R"&$L26)
A27: =IF($B27="","",22) | B27: =IFERROR(INDEX(대여내역!$A$3:$A$1002,MATCH("R"&22,미반납현황!$M$6:$M$1005,0)),"") | C27: =IF($B27="","",IFERROR(INDEX(대여내역!$B$3:$B$1002,MATCH("R"&22,미반납현황!$M$6:$M$1005,0)),"")) | D27: =IF($B27="","",IFERROR(INDEX(대여내역!$C$3:$C$1002,MATCH("R"&22,미반납현황!$M$6:$M$1005,0)),"")) | E27: =IF($B27="","",IFERROR(INDEX(대여내역!$E$3:$E$1002,MATCH("R"&22,미반납현황!$M$6:$M$1005,0)),"")) | F27: =IF($B27="","",IFERROR(INDEX(대여내역!$G$3:$G$1002,MATCH("R"&22,미반납현황!$M$6:$M$1005,0)),"")) | G27: =IF($B27="","",IFERROR(INDEX(대여내역!$J$3:$J$1002,MATCH("R"&22,미반납현황!$M$6:$M$1005,0)),"")) | H27: =IF($B27="","",IFERROR(INDEX(대여내역!$H$3:$H$1002,MATCH("R"&22,미반납현황!$M$6:$M$1005,0)),"")) | I27: =IF($B27="","",IFERROR(INDEX(대여내역!$K$3:$K$1002,MATCH("R"&22,미반납현황!$M$6:$M$1005,0)),"")) | K27: =IF(대여내역!$A24="",FALSE(),OR(대여내역!$L24="미반납",대여내역!$L24="부분반납")) -> FALSE | L27: =IF($K27=FALSE(),"",COUNTIF($K$6:$K27,TRUE())) | M27: =IF($L27="","","R"&$L27)
A28: =IF($B28="","",23) | B28: =IFERROR(INDEX(대여내역!$A$3:$A$1002,MATCH("R"&23,미반납현황!$M$6:$M$1005,0)),"") | C28: =IF($B28="","",IFERROR(INDEX(대여내역!$B$3:$B$1002,MATCH("R"&23,미반납현황!$M$6:$M$1005,0)),"")) | D28: =IF($B28="","",IFERROR(INDEX(대여내역!$C$3:$C$1002,MATCH("R"&23,미반납현황!$M$6:$M$1005,0)),"")) | E28: =IF($B28="","",IFERROR(INDEX(대여내역!$E$3:$E$1002,MATCH("R"&23,미반납현황!$M$6:$M$1005,0)),"")) | F28: =IF($B28="","",IFERROR(INDEX(대여내역!$G$3:$G$1002,MATCH("R"&23,미반납현황!$M$6:$M$1005,0)),"")) | G28: =IF($B28="","",IFERROR(INDEX(대여내역!$J$3:$J$1002,MATCH("R"&23,미반납현황!$M$6:$M$1005,0)),"")) | H28: =IF($B28="","",IFERROR(INDEX(대여내역!$H$3:$H$1002,MATCH("R"&23,미반납현황!$M$6:$M$1005,0)),"")) | I28: =IF($B28="","",IFERROR(INDEX(대여내역!$K$3:$K$1002,MATCH("R"&23,미반납현황!$M$6:$M$1005,0)),"")) | K28: =IF(대여내역!$A25="",FALSE(),OR(대여내역!$L25="미반납",대여내역!$L25="부분반납")) -> FALSE | L28: =IF($K28=FALSE(),"",COUNTIF($K$6:$K28,TRUE())) | M28: =IF($L28="","","R"&$L28)
A29: =IF($B29="","",24) | B29: =IFERROR(INDEX(대여내역!$A$3:$A$1002,MATCH("R"&24,미반납현황!$M$6:$M$1005,0)),"") | C29: =IF($B29="","",IFERROR(INDEX(대여내역!$B$3:$B$1002,MATCH("R"&24,미반납현황!$M$6:$M$1005,0)),"")) | D29: =IF($B29="","",IFERROR(INDEX(대여내역!$C$3:$C$1002,MATCH("R"&24,미반납현황!$M$6:$M$1005,0)),"")) | E29: =IF($B29="","",IFERROR(INDEX(대여내역!$E$3:$E$1002,MATCH("R"&24,미반납현황!$M$6:$M$1005,0)),"")) | F29: =IF($B29="","",IFERROR(INDEX(대여내역!$G$3:$G$1002,MATCH("R"&24,미반납현황!$M$6:$M$1005,0)),"")) | G29: =IF($B29="","",IFERROR(INDEX(대여내역!$J$3:$J$1002,MATCH("R"&24,미반납현황!$M$6:$M$1005,0)),"")) | H29: =IF($B29="","",IFERROR(INDEX(대여내역!$H$3:$H$1002,MATCH("R"&24,미반납현황!$M$6:$M$1005,0)),"")) | I29: =IF($B29="","",IFERROR(INDEX(대여내역!$K$3:$K$1002,MATCH("R"&24,미반납현황!$M$6:$M$1005,0)),"")) | K29: =IF(대여내역!$A26="",FALSE(),OR(대여내역!$L26="미반납",대여내역!$L26="부분반납")) -> FALSE | L29: =IF($K29=FALSE(),"",COUNTIF($K$6:$K29,TRUE())) | M29: =IF($L29="","","R"&$L29)
A30: =IF($B30="","",25) | B30: =IFERROR(INDEX(대여내역!$A$3:$A$1002,MATCH("R"&25,미반납현황!$M$6:$M$1005,0)),"") | C30: =IF($B30="","",IFERROR(INDEX(대여내역!$B$3:$B$1002,MATCH("R"&25,미반납현황!$M$6:$M$1005,0)),"")) | D30: =IF($B30="","",IFERROR(INDEX(대여내역!$C$3:$C$1002,MATCH("R"&25,미반납현황!$M$6:$M$1005,0)),"")) | E30: =IF($B30="","",IFERROR(INDEX(대여내역!$E$3:$E$1002,MATCH("R"&25,미반납현황!$M$6:$M$1005,0)),"")) | F30: =IF($B30="","",IFERROR(INDEX(대여내역!$G$3:$G$1002,MATCH("R"&25,미반납현황!$M$6:$M$1005,0)),"")) | G30: =IF($B30="","",IFERROR(INDEX(대여내역!$J$3:$J$1002,MATCH("R"&25,미반납현황!$M$6:$M$1005,0)),"")) | H30: =IF($B30="","",IFERROR(INDEX(대여내역!$H$3:$H$1002,MATCH("R"&25,미반납현황!$M$6:$M$1005,0)),"")) | I30: =IF($B30="","",IFERROR(INDEX(대여내역!$K$3:$K$1002,MATCH("R"&25,미반납현황!$M$6:$M$1005,0)),"")) | K30: =IF(대여내역!$A27="",FALSE(),OR(대여내역!$L27="미반납",대여내역!$L27="부분반납")) -> FALSE | L30: =IF($K30=FALSE(),"",COUNTIF($K$6:$K30,TRUE())) | M30: =IF($L30="","","R"&$L30)
A31: =IF($B31="","",26) | B31: =IFERROR(INDEX(대여내역!$A$3:$A$1002,MATCH("R"&26,미반납현황!$M$6:$M$1005,0)),"") | C31: =IF($B31="","",IFERROR(INDEX(대여내역!$B$3:$B$1002,MATCH("R"&26,미반납현황!$M$6:$M$1005,0)),"")) | D31: =IF($B31="","",IFERROR(INDEX(대여내역!$C$3:$C$1002,MATCH("R"&26,미반납현황!$M$6:$M$1005,0)),"")) | E31: =IF($B31="","",IFERROR(INDEX(대여내역!$E$3:$E$1002,MATCH("R"&26,미반납현황!$M$6:$M$1005,0)),"")) | F31: =IF($B31="","",IFERROR(INDEX(대여내역!$G$3:$G$1002,MATCH("R"&26,미반납현황!$M$6:$M$1005,0)),"")) | G31: =IF($B31="","",IFERROR(INDEX(대여내역!$J$3:$J$1002,MATCH("R"&26,미반납현황!$M$6:$M$1005,0)),"")) | H31: =IF($B31="","",IFERROR(INDEX(대여내역!$H$3:$H$1002,MATCH("R"&26,미반납현황!$M$6:$M$1005,0)),"")) | I31: =IF($B31="","",IFERROR(INDEX(대여내역!$K$3:$K$1002,MATCH("R"&26,미반납현황!$M$6:$M$1005,0)),"")) | K31: =IF(대여내역!$A28="",FALSE(),OR(대여내역!$L28="미반납",대여내역!$L28="부분반납")) -> FALSE | L31: =IF($K31=FALSE(),"",COUNTIF($K$6:$K31,TRUE())) | M31: =IF($L31="","","R"&$L31)
A32: =IF($B32="","",27) | B32: =IFERROR(INDEX(대여내역!$A$3:$A$1002,MATCH("R"&27,미반납현황!$M$6:$M$1005,0)),"") | C32: =IF($B32="","",IFERROR(INDEX(대여내역!$B$3:$B$1002,MATCH("R"&27,미반납현황!$M$6:$M$1005,0)),"")) | D32: =IF($B32="","",IFERROR(INDEX(대여내역!$C$3:$C$1002,MATCH("R"&27,미반납현황!$M$6:$M$1005,0)),"")) | E32: =IF($B32="","",IFERROR(INDEX(대여내역!$E$3:$E$1002,MATCH("R"&27,미반납현황!$M$6:$M$1005,0)),"")) | F32: =IF($B32="","",IFERROR(INDEX(대여내역!$G$3:$G$1002,MATCH("R"&27,미반납현황!$M$6:$M$1005,0)),"")) | G32: =IF($B32="","",IFERROR(INDEX(대여내역!$J$3:$J$1002,MATCH("R"&27,미반납현황!$M$6:$M$1005,0)),"")) | H32: =IF($B32="","",IFERROR(INDEX(대여내역!$H$3:$H$1002,MATCH("R"&27,미반납현황!$M$6:$M$1005,0)),"")) | I32: =IF($B32="","",IFERROR(INDEX(대여내역!$K$3:$K$1002,MATCH("R"&27,미반납현황!$M$6:$M$1005,0)),"")) | K32: =IF(대여내역!$A29="",FALSE(),OR(대여내역!$L29="미반납",대여내역!$L29="부분반납")) -> FALSE | L32: =IF($K32=FALSE(),"",COUNTIF($K$6:$K32,TRUE())) | M32: =IF($L32="","","R"&$L32)
A33: =IF($B33="","",28) | B33: =IFERROR(INDEX(대여내역!$A$3:$A$1002,MATCH("R"&28,미반납현황!$M$6:$M$1005,0)),"") | C33: =IF($B33="","",IFERROR(INDEX(대여내역!$B$3:$B$1002,MATCH("R"&28,미반납현황!$M$6:$M$1005,0)),"")) | D33: =IF($B33="","",IFERROR(INDEX(대여내역!$C$3:$C$1002,MATCH("R"&28,미반납현황!$M$6:$M$1005,0)),"")) | E33: =IF($B33="","",IFERROR(INDEX(대여내역!$E$3:$E$1002,MATCH("R"&28,미반납현황!$M$6:$M$1005,0)),"")) | F33: =IF($B33="","",IFERROR(INDEX(대여내역!$G$3:$G$1002,MATCH("R"&28,미반납현황!$M$6:$M$1005,0)),"")) | G33: =IF($B33="","",IFERROR(INDEX(대여내역!$J$3:$J$1002,MATCH("R"&28,미반납현황!$M$6:$M$1005,0)),"")) | H33: =IF($B33="","",IFERROR(INDEX(대여내역!$H$3:$H$1002,MATCH("R"&28,미반납현황!$M$6:$M$1005,0)),"")) | I33: =IF($B33="","",IFERROR(INDEX(대여내역!$K$3:$K$1002,MATCH("R"&28,미반납현황!$M$6:$M$1005,0)),"")) | K33: =IF(대여내역!$A30="",FALSE(),OR(대여내역!$L30="미반납",대여내역!$L30="부분반납")) -> FALSE | L33: =IF($K33=FALSE(),"",COUNTIF($K$6:$K33,TRUE())) | M33: =IF($L33="","","R"&$L33)
A34: =IF($B34="","",29) | B34: =IFERROR(INDEX(대여내역!$A$3:$A$1002,MATCH("R"&29,미반납현황!$M$6:$M$1005,0)),"") | C34: =IF($B34="","",IFERROR(INDEX(대여내역!$B$3:$B$1002,MATCH("R"&29,미반납현황!$M$6:$M$1005,0)),"")) | D34: =IF($B34="","",IFERROR(INDEX(대여내역!$C$3:$C$1002,MATCH("R"&29,미반납현황!$M$6:$M$1005,0)),"")) | E34: =IF($B34="","",IFERROR(INDEX(대여내역!$E$3:$E$1002,MATCH("R"&29,미반납현황!$M$6:$M$1005,0)),"")) | F34: =IF($B34="","",IFERROR(INDEX(대여내역!$G$3:$G$1002,MATCH("R"&29,미반납현황!$M$6:$M$1005,0)),"")) | G34: =IF($B34="","",IFERROR(INDEX(대여내역!$J$3:$J$1002,MATCH("R"&29,미반납현황!$M$6:$M$1005,0)),"")) | H34: =IF($B34="","",IFERROR(INDEX(대여내역!$H$3:$H$1002,MATCH("R"&29,미반납현황!$M$6:$M$1005,0)),"")) | I34: =IF($B34="","",IFERROR(INDEX(대여내역!$K$3:$K$1002,MATCH("R"&29,미반납현황!$M$6:$M$1005,0)),"")) | K34: =IF(대여내역!$A31="",FALSE(),OR(대여내역!$L31="미반납",대여내역!$L31="부분반납")) -> FALSE | L34: =IF($K34=FALSE(),"",COUNTIF($K$6:$K34,TRUE())) | M34: =IF($L34="","","R"&$L34)
A35: =IF($B35="","",30) | B35: =IFERROR(INDEX(대여내역!$A$3:$A$1002,MATCH("R"&30,미반납현황!$M$6:$M$1005,0)),"") | C35: =IF($B35="","",IFERROR(INDEX(대여내역!$B$3:$B$1002,MATCH("R"&30,미반납현황!$M$6:$M$1005,0)),"")) | D35: =IF($B35="","",IFERROR(INDEX(대여내역!$C$3:$C$1002,MATCH("R"&30,미반납현황!$M$6:$M$1005,0)),"")) | E35: =IF($B35="","",IFERROR(INDEX(대여내역!$E$3:$E$1002,MATCH("R"&30,미반납현황!$M$6:$M$1005,0)),"")) | F35: =IF($B35="","",IFERROR(INDEX(대여내역!$G$3:$G$1002,MATCH("R"&30,미반납현황!$M$6:$M$1005,0)),"")) | G35: =IF($B35="","",IFERROR(INDEX(대여내역!$J$3:$J$1002,MATCH("R"&30,미반납현황!$M$6:$M$1005,0)),"")) | H35: =IF($B35="","",IFERROR(INDEX(대여내역!$H$3:$H$1002,MATCH("R"&30,미반납현황!$M$6:$M$1005,0)),"")) | I35: =IF($B35="","",IFERROR(INDEX(대여내역!$K$3:$K$1002,MATCH("R"&30,미반납현황!$M$6:$M$1005,0)),"")) | K35: =IF(대여내역!$A32="",FALSE(),OR(대여내역!$L32="미반납",대여내역!$L32="부분반납")) -> FALSE | L35: =IF($K35=FALSE(),"",COUNTIF($K$6:$K35,TRUE())) | M35: =IF($L35="","","R"&$L35)
A36: =IF($B36="","",31) | B36: =IFERROR(INDEX(대여내역!$A$3:$A$1002,MATCH("R"&31,미반납현황!$M$6:$M$1005,0)),"") | C36: =IF($B36="","",IFERROR(INDEX(대여내역!$B$3:$B$1002,MATCH("R"&31,미반납현황!$M$6:$M$1005,0)),"")) | D36: =IF($B36="","",IFERROR(INDEX(대여내역!$C$3:$C$1002,MATCH("R"&31,미반납현황!$M$6:$M$1005,0)),"")) | E36: =IF($B36="","",IFERROR(INDEX(대여내역!$E$3:$E$1002,MATCH("R"&31,미반납현황!$M$6:$M$1005,0)),"")) | F36: =IF($B36="","",IFERROR(INDEX(대여내역!$G$3:$G$1002,MATCH("R"&31,미반납현황!$M$6:$M$1005,0)),"")) | G36: =IF($B36="","",IFERROR(INDEX(대여내역!$J$3:$J$1002,MATCH("R"&31,미반납현황!$M$6:$M$1005,0)),"")) | H36: =IF($B36="","",IFERROR(INDEX(대여내역!$H$3:$H$1002,MATCH("R"&31,미반납현황!$M$6:$M$1005,0)),"")) | I36: =IF($B36="","",IFERROR(INDEX(대여내역!$K$3:$K$1002,MATCH("R"&31,미반납현황!$M$6:$M$1005,0)),"")) | K36: =IF(대여내역!$A33="",FALSE(),OR(대여내역!$L33="미반납",대여내역!$L33="부분반납")) -> FALSE | L36: =IF($K36=FALSE(),"",COUNTIF($K$6:$K36,TRUE())) | M36: =IF($L36="","","R"&$L36)
A37: =IF($B37="","",32) | B37: =IFERROR(INDEX(대여내역!$A$3:$A$1002,MATCH("R"&32,미반납현황!$M$6:$M$1005,0)),"") | C37: =IF($B37="","",IFERROR(INDEX(대여내역!$B$3:$B$1002,MATCH("R"&32,미반납현황!$M$6:$M$1005,0)),"")) | D37: =IF($B37="","",IFERROR(INDEX(대여내역!$C$3:$C$1002,MATCH("R"&32,미반납현황!$M$6:$M$1005,0)),"")) | E37: =IF($B37="","",IFERROR(INDEX(대여내역!$E$3:$E$1002,MATCH("R"&32,미반납현황!$M$6:$M$1005,0)),"")) | F37: =IF($B37="","",IFERROR(INDEX(대여내역!$G$3:$G$1002,MATCH("R"&32,미반납현황!$M$6:$M$1005,0)),"")) | G37: =IF($B37="","",IFERROR(INDEX(대여내역!$J$3:$J$1002,MATCH("R"&32,미반납현황!$M$6:$M$1005,0)),"")) | H37: =IF($B37="","",IFERROR(INDEX(대여내역!$H$3:$H$1002,MATCH("R"&32,미반납현황!$M$6:$M$1005,0)),"")) | I37: =IF($B37="","",IFERROR(INDEX(대여내역!$K$3:$K$1002,MATCH("R"&32,미반납현황!$M$6:$M$1005,0)),"")) | K37: =IF(대여내역!$A34="",FALSE(),OR(대여내역!$L34="미반납",대여내역!$L34="부분반납")) -> FALSE | L37: =IF($K37=FALSE(),"",COUNTIF($K$6:$K37,TRUE())) | M37: =IF($L37="","","R"&$L37)
A38: =IF($B38="","",33) | B38: =IFERROR(INDEX(대여내역!$A$3:$A$1002,MATCH("R"&33,미반납현황!$M$6:$M$1005,0)),"") | C38: =IF($B38="","",IFERROR(INDEX(대여내역!$B$3:$B$1002,MATCH("R"&33,미반납현황!$M$6:$M$1005,0)),"")) | D38: =IF($B38="","",IFERROR(INDEX(대여내역!$C$3:$C$1002,MATCH("R"&33,미반납현황!$M$6:$M$1005,0)),"")) | E38: =IF($B38="","",IFERROR(INDEX(대여내역!$E$3:$E$1002,MATCH("R"&33,미반납현황!$M$6:$M$1005,0)),"")) | F38: =IF($B38="","",IFERROR(INDEX(대여내역!$G$3:$G$1002,MATCH("R"&33,미반납현황!$M$6:$M$1005,0)),"")) | G38: =IF($B38="","",IFERROR(INDEX(대여내역!$J$3:$J$1002,MATCH("R"&33,미반납현황!$M$6:$M$1005,0)),"")) | H38: =IF($B38="","",IFERROR(INDEX(대여내역!$H$3:$H$1002,MATCH("R"&33,미반납현황!$M$6:$M$1005,0)),"")) | I38: =IF($B38="","",IFERROR(INDEX(대여내역!$K$3:$K$1002,MATCH("R"&33,미반납현황!$M$6:$M$1005,0)),"")) | K38: =IF(대여내역!$A35="",FALSE(),OR(대여내역!$L35="미반납",대여내역!$L35="부분반납")) -> FALSE | L38: =IF($K38=FALSE(),"",COUNTIF($K$6:$K38,TRUE())) | M38: =IF($L38="","","R"&$L38)
A39: =IF($B39="","",34) | B39: =IFERROR(INDEX(대여내역!$A$3:$A$1002,MATCH("R"&34,미반납현황!$M$6:$M$1005,0)),"") | C39: =IF($B39="","",IFERROR(INDEX(대여내역!$B$3:$B$1002,MATCH("R"&34,미반납현황!$M$6:$M$1005,0)),"")) | D39: =IF($B39="","",IFERROR(INDEX(대여내역!$C$3:$C$1002,MATCH("R"&34,미반납현황!$M$6:$M$1005,0)),"")) | E39: =IF($B39="","",IFERROR(INDEX(대여내역!$E$3:$E$1002,MATCH("R"&34,미반납현황!$M$6:$M$1005,0)),"")) | F39: =IF($B39="","",IFERROR(INDEX(대여내역!$G$3:$G$1002,MATCH("R"&34,미반납현황!$M$6:$M$1005,0)),"")) | G39: =IF($B39="","",IFERROR(INDEX(대여내역!$J$3:$J$1002,MATCH("R"&34,미반납현황!$M$6:$M$1005,0)),"")) | H39: =IF($B39="","",IFERROR(INDEX(대여내역!$H$3:$H$1002,MATCH("R"&34,미반납현황!$M$6:$M$1005,0)),"")) | I39: =IF($B39="","",IFERROR(INDEX(대여내역!$K$3:$K$1002,MATCH("R"&34,미반납현황!$M$6:$M$1005,0)),"")) | K39: =IF(대여내역!$A36="",FALSE(),OR(대여내역!$L36="미반납",대여내역!$L36="부분반납")) -> FALSE | L39: =IF($K39=FALSE(),"",COUNTIF($K$6:$K39,TRUE())) | M39: =IF($L39="","","R"&$L39)
A40: =IF($B40="","",35) | B40: =IFERROR(INDEX(대여내역!$A$3:$A$1002,MATCH("R"&35,미반납현황!$M$6:$M$1005,0)),"") | C40: =IF($B40="","",IFERROR(INDEX(대여내역!$B$3:$B$1002,MATCH("R"&35,미반납현황!$M$6:$M$1005,0)),"")) | D40: =IF($B40="","",IFERROR(INDEX(대여내역!$C$3:$C$1002,MATCH("R"&35,미반납현황!$M$6:$M$1005,0)),"")) | E40: =IF($B40="","",IFERROR(INDEX(대여내역!$E$3:$E$1002,MATCH("R"&35,미반납현황!$M$6:$M$1005,0)),"")) | F40: =IF($B40="","",IFERROR(INDEX(대여내역!$G$3:$G$1002,MATCH("R"&35,미반납현황!$M$6:$M$1005,0)),"")) | G40: =IF($B40="","",IFERROR(INDEX(대여내역!$J$3:$J$1002,MATCH("R"&35,미반납현황!$M$6:$M$1005,0)),"")) | H40: =IF($B40="","",IFERROR(INDEX(대여내역!$H$3:$H$1002,MATCH("R"&35,미반납현황!$M$6:$M$1005,0)),"")) | I40: =IF($B40="","",IFERROR(INDEX(대여내역!$K$3:$K$1002,MATCH("R"&35,미반납현황!$M$6:$M$1005,0)),"")) | K40: =IF(대여내역!$A37="",FALSE(),OR(대여내역!$L37="미반납",대여내역!$L37="부분반납")) -> FALSE | L40: =IF($K40=FALSE(),"",COUNTIF($K$6:$K40,TRUE())) | M40: =IF($L40="","","R"&$L40)
A41: =IF($B41="","",36) | B41: =IFERROR(INDEX(대여내역!$A$3:$A$1002,MATCH("R"&36,미반납현황!$M$6:$M$1005,0)),"") | C41: =IF($B41="","",IFERROR(INDEX(대여내역!$B$3:$B$1002,MATCH("R"&36,미반납현황!$M$6:$M$1005,0)),"")) | D41: =IF($B41="","",IFERROR(INDEX(대여내역!$C$3:$C$1002,MATCH("R"&36,미반납현황!$M$6:$M$1005,0)),"")) | E41: =IF($B41="","",IFERROR(INDEX(대여내역!$E$3:$E$1002,MATCH("R"&36,미반납현황!$M$6:$M$1005,0)),"")) | F41: =IF($B41="","",IFERROR(INDEX(대여내역!$G$3:$G$1002,MATCH("R"&36,미반납현황!$M$6:$M$1005,0)),"")) | G41: =IF($B41="","",IFERROR(INDEX(대여내역!$J$3:$J$1002,MATCH("R"&36,미반납현황!$M$6:$M$1005,0)),"")) | H41: =IF($B41="","",IFERROR(INDEX(대여내역!$H$3:$H$1002,MATCH("R"&36,미반납현황!$M$6:$M$1005,0)),"")) | I41: =IF($B41="","",IFERROR(INDEX(대여내역!$K$3:$K$1002,MATCH("R"&36,미반납현황!$M$6:$M$1005,0)),"")) | K41: =IF(대여내역!$A38="",FALSE(),OR(대여내역!$L38="미반납",대여내역!$L38="부분반납")) -> FALSE | L41: =IF($K41=FALSE(),"",COUNTIF($K$6:$K41,TRUE())) | M41: =IF($L41="","","R"&$L41)
A42: =IF($B42="","",37) | B42: =IFERROR(INDEX(대여내역!$A$3:$A$1002,MATCH("R"&37,미반납현황!$M$6:$M$1005,0)),"") | C42: =IF($B42="","",IFERROR(INDEX(대여내역!$B$3:$B$1002,MATCH("R"&37,미반납현황!$M$6:$M$1005,0)),"")) | D42: =IF($B42="","",IFERROR(INDEX(대여내역!$C$3:$C$1002,MATCH("R"&37,미반납현황!$M$6:$M$1005,0)),"")) | E42: =IF($B42="","",IFERROR(INDEX(대여내역!$E$3:$E$1002,MATCH("R"&37,미반납현황!$M$6:$M$1005,0)),"")) | F42: =IF($B42="","",IFERROR(INDEX(대여내역!$G$3:$G$1002,MATCH("R"&37,미반납현황!$M$6:$M$1005,0)),"")) | G42: =IF($B42="","",IFERROR(INDEX(대여내역!$J$3:$J$1002,MATCH("R"&37,미반납현황!$M$6:$M$1005,0)),"")) | H42: =IF($B42="","",IFERROR(INDEX(대여내역!$H$3:$H$1002,MATCH("R"&37,미반납현황!$M$6:$M$1005,0)),"")) | I42: =IF($B42="","",IFERROR(INDEX(대여내역!$K$3:$K$1002,MATCH("R"&37,미반납현황!$M$6:$M$1005,0)),"")) | K42: =IF(대여내역!$A39="",FALSE(),OR(대여내역!$L39="미반납",대여내역!$L39="부분반납")) -> FALSE | L42: =IF($K42=FALSE(),"",COUNTIF($K$6:$K42,TRUE())) | M42: =IF($L42="","","R"&$L42)
A43: =IF($B43="","",38) | B43: =IFERROR(INDEX(대여내역!$A$3:$A$1002,MATCH("R"&38,미반납현황!$M$6:$M$1005,0)),"") | C43: =IF($B43="","",IFERROR(INDEX(대여내역!$B$3:$B$1002,MATCH("R"&38,미반납현황!$M$6:$M$1005,0)),"")) | D43: =IF($B43="","",IFERROR(INDEX(대여내역!$C$3:$C$1002,MATCH("R"&38,미반납현황!$M$6:$M$1005,0)),"")) | E43: =IF($B43="","",IFERROR(INDEX(대여내역!$E$3:$E$1002,MATCH("R"&38,미반납현황!$M$6:$M$1005,0)),"")) | F43: =IF($B43="","",IFERROR(INDEX(대여내역!$G$3:$G$1002,MATCH("R"&38,미반납현황!$M$6:$M$1005,0)),"")) | G43: =IF($B43="","",IFERROR(INDEX(대여내역!$J$3:$J$1002,MATCH("R"&38,미반납현황!$M$6:$M$1005,0)),"")) | H43: =IF($B43="","",IFERROR(INDEX(대여내역!$H$3:$H$1002,MATCH("R"&38,미반납현황!$M$6:$M$1005,0)),"")) | I43: =IF($B43="","",IFERROR(INDEX(대여내역!$K$3:$K$1002,MATCH("R"&38,미반납현황!$M$6:$M$1005,0)),"")) | K43: =IF(대여내역!$A40="",FALSE(),OR(대여내역!$L40="미반납",대여내역!$L40="부분반납")) -> FALSE | L43: =IF($K43=FALSE(),"",COUNTIF($K$6:$K43,TRUE())) | M43: =IF($L43="","","R"&$L43)
A44: =IF($B44="","",39) | B44: =IFERROR(INDEX(대여내역!$A$3:$A$1002,MATCH("R"&39,미반납현황!$M$6:$M$1005,0)),"") | C44: =IF($B44="","",IFERROR(INDEX(대여내역!$B$3:$B$1002,MATCH("R"&39,미반납현황!$M$6:$M$1005,0)),"")) | D44: =IF($B44="","",IFERROR(INDEX(대여내역!$C$3:$C$1002,MATCH("R"&39,미반납현황!$M$6:$M$1005,0)),"")) | E44: =IF($B44="","",IFERROR(INDEX(대여내역!$E$3:$E$1002,MATCH("R"&39,미반납현황!$M$6:$M$1005,0)),"")) | F44: =IF($B44="","",IFERROR(INDEX(대여내역!$G$3:$G$1002,MATCH("R"&39,미반납현황!$M$6:$M$1005,0)),"")) | G44: =IF($B44="","",IFERROR(INDEX(대여내역!$J$3:$J$1002,MATCH("R"&39,미반납현황!$M$6:$M$1005,0)),"")) | H44: =IF($B44="","",IFERROR(INDEX(대여내역!$H$3:$H$1002,MATCH("R"&39,미반납현황!$M$6:$M$1005,0)),"")) | I44: =IF($B44="","",IFERROR(INDEX(대여내역!$K$3:$K$1002,MATCH("R"&39,미반납현황!$M$6:$M$1005,0)),"")) | K44: =IF(대여내역!$A41="",FALSE(),OR(대여내역!$L41="미반납",대여내역!$L41="부분반납")) -> FALSE | L44: =IF($K44=FALSE(),"",COUNTIF($K$6:$K44,TRUE())) | M44: =IF($L44="","","R"&$L44)
A45: =IF($B45="","",40) | B45: =IFERROR(INDEX(대여내역!$A$3:$A$1002,MATCH("R"&40,미반납현황!$M$6:$M$1005,0)),"") | C45: =IF($B45="","",IFERROR(INDEX(대여내역!$B$3:$B$1002,MATCH("R"&40,미반납현황!$M$6:$M$1005,0)),"")) | D45: =IF($B45="","",IFERROR(INDEX(대여내역!$C$3:$C$1002,MATCH("R"&40,미반납현황!$M$6:$M$1005,0)),"")) | E45: =IF($B45="","",IFERROR(INDEX(대여내역!$E$3:$E$1002,MATCH("R"&40,미반납현황!$M$6:$M$1005,0)),"")) | F45: =IF($B45="","",IFERROR(INDEX(대여내역!$G$3:$G$1002,MATCH("R"&40,미반납현황!$M$6:$M$1005,0)),"")) | G45: =IF($B45="","",IFERROR(INDEX(대여내역!$J$3:$J$1002,MATCH("R"&40,미반납현황!$M$6:$M$1005,0)),"")) | H45: =IF($B45="","",IFERROR(INDEX(대여내역!$H$3:$H$1002,MATCH("R"&40,미반납현황!$M$6:$M$1005,0)),"")) | I45: =IF($B45="","",IFERROR(INDEX(대여내역!$K$3:$K$1002,MATCH("R"&40,미반납현황!$M$6:$M$1005,0)),"")) | K45: =IF(대여내역!$A42="",FALSE(),OR(대여내역!$L42="미반납",대여내역!$L42="부분반납")) -> FALSE | L45: =IF($K45=FALSE(),"",COUNTIF($K$6:$K45,TRUE())) | M45: =IF($L45="","","R"&$L45)
A46: =IF($B46="","",41) | B46: =IFERROR(INDEX(대여내역!$A$3:$A$1002,MATCH("R"&41,미반납현황!$M$6:$M$1005,0)),"") | C46: =IF($B46="","",IFERROR(INDEX(대여내역!$B$3:$B$1002,MATCH("R"&41,미반납현황!$M$6:$M$1005,0)),"")) | D46: =IF($B46="","",IFERROR(INDEX(대여내역!$C$3:$C$1002,MATCH("R"&41,미반납현황!$M$6:$M$1005,0)),"")) | E46: =IF($B46="","",IFERROR(INDEX(대여내역!$E$3:$E$1002,MATCH("R"&41,미반납현황!$M$6:$M$1005,0)),"")) | F46: =IF($B46="","",IFERROR(INDEX(대여내역!$G$3:$G$1002,MATCH("R"&41,미반납현황!$M$6:$M$1005,0)),"")) | G46: =IF($B46="","",IFERROR(INDEX(대여내역!$J$3:$J$1002,MATCH("R"&41,미반납현황!$M$6:$M$1005,0)),"")) | H46: =IF($B46="","",IFERROR(INDEX(대여내역!$H$3:$H$1002,MATCH("R"&41,미반납현황!$M$6:$M$1005,0)),"")) | I46: =IF($B46="","",IFERROR(INDEX(대여내역!$K$3:$K$1002,MATCH("R"&41,미반납현황!$M$6:$M$1005,0)),"")) | K46: =IF(대여내역!$A43="",FALSE(),OR(대여내역!$L43="미반납",대여내역!$L43="부분반납")) -> FALSE | L46: =IF($K46=FALSE(),"",COUNTIF($K$6:$K46,TRUE())) | M46: =IF($L46="","","R"&$L46)
A47: =IF($B47="","",42) | B47: =IFERROR(INDEX(대여내역!$A$3:$A$1002,MATCH("R"&42,미반납현황!$M$6:$M$1005,0)),"") | C47: =IF($B47="","",IFERROR(INDEX(대여내역!$B$3:$B$1002,MATCH("R"&42,미반납현황!$M$6:$M$1005,0)),"")) | D47: =IF($B47="","",IFERROR(INDEX(대여내역!$C$3:$C$1002,MATCH("R"&42,미반납현황!$M$6:$M$1005,0)),"")) | E47: =IF($B47="","",IFERROR(INDEX(대여내역!$E$3:$E$1002,MATCH("R"&42,미반납현황!$M$6:$M$1005,0)),"")) | F47: =IF($B47="","",IFERROR(INDEX(대여내역!$G$3:$G$1002,MATCH("R"&42,미반납현황!$M$6:$M$1005,0)),"")) | G47: =IF($B47="","",IFERROR(INDEX(대여내역!$J$3:$J$1002,MATCH("R"&42,미반납현황!$M$6:$M$1005,0)),"")) | H47: =IF($B47="","",IFERROR(INDEX(대여내역!$H$3:$H$1002,MATCH("R"&42,미반납현황!$M$6:$M$1005,0)),"")) | I47: =IF($B47="","",IFERROR(INDEX(대여내역!$K$3:$K$1002,MATCH("R"&42,미반납현황!$M$6:$M$1005,0)),"")) | K47: =IF(대여내역!$A44="",FALSE(),OR(대여내역!$L44="미반납",대여내역!$L44="부분반납")) -> FALSE | L47: =IF($K47=FALSE(),"",COUNTIF($K$6:$K47,TRUE())) | M47: =IF($L47="","","R"&$L47)
A48: =IF($B48="","",43) | B48: =IFERROR(INDEX(대여내역!$A$3:$A$1002,MATCH("R"&43,미반납현황!$M$6:$M$1005,0)),"") | C48: =IF($B48="","",IFERROR(INDEX(대여내역!$B$3:$B$1002,MATCH("R"&43,미반납현황!$M$6:$M$1005,0)),"")) | D48: =IF($B48="","",IFERROR(INDEX(대여내역!$C$3:$C$1002,MATCH("R"&43,미반납현황!$M$6:$M$1005,0)),"")) | E48: =IF($B48="","",IFERROR(INDEX(대여내역!$E$3:$E$1002,MATCH("R"&43,미반납현황!$M$6:$M$1005,0)),"")) | F48: =IF($B48="","",IFERROR(INDEX(대여내역!$G$3:$G$1002,MATCH("R"&43,미반납현황!$M$6:$M$1005,0)),"")) | G48: =IF($B48="","",IFERROR(INDEX(대여내역!$J$3:$J$1002,MATCH("R"&43,미반납현황!$M$6:$M$1005,0)),"")) | H48: =IF($B48="","",IFERROR(INDEX(대여내역!$H$3:$H$1002,MATCH("R"&43,미반납현황!$M$6:$M$1005,0)),"")) | I48: =IF($B48="","",IFERROR(INDEX(대여내역!$K$3:$K$1002,MATCH("R"&43,미반납현황!$M$6:$M$1005,0)),"")) | K48: =IF(대여내역!$A45="",FALSE(),OR(대여내역!$L45="미반납",대여내역!$L45="부분반납")) -> FALSE | L48: =IF($K48=FALSE(),"",COUNTIF($K$6:$K48,TRUE())) | M48: =IF($L48="","","R"&$L48)
A49: =IF($B49="","",44) | B49: =IFERROR(INDEX(대여내역!$A$3:$A$1002,MATCH("R"&44,미반납현황!$M$6:$M$1005,0)),"") | C49: =IF($B49="","",IFERROR(INDEX(대여내역!$B$3:$B$1002,MATCH("R"&44,미반납현황!$M$6:$M$1005,0)),"")) | D49: =IF($B49="","",IFERROR(INDEX(대여내역!$C$3:$C$1002,MATCH("R"&44,미반납현황!$M$6:$M$1005,0)),"")) | E49: =IF($B49="","",IFERROR(INDEX(대여내역!$E$3:$E$1002,MATCH("R"&44,미반납현황!$M$6:$M$1005,0)),"")) | F49: =IF($B49="","",IFERROR(INDEX(대여내역!$G$3:$G$1002,MATCH("R"&44,미반납현황!$M$6:$M$1005,0)),"")) | G49: =IF($B49="","",IFERROR(INDEX(대여내역!$J$3:$J$1002,MATCH("R"&44,미반납현황!$M$6:$M$1005,0)),"")) | H49: =IF($B49="","",IFERROR(INDEX(대여내역!$H$3:$H$1002,MATCH("R"&44,미반납현황!$M$6:$M$1005,0)),"")) | I49: =IF($B49="","",IFERROR(INDEX(대여내역!$K$3:$K$1002,MATCH("R"&44,미반납현황!$M$6:$M$1005,0)),"")) | K49: =IF(대여내역!$A46="",FALSE(),OR(대여내역!$L46="미반납",대여내역!$L46="부분반납")) -> FALSE | L49: =IF($K49=FALSE(),"",COUNTIF($K$6:$K49,TRUE())) | M49: =IF($L49="","","R"&$L49)
A50: =IF($B50="","",45) | B50: =IFERROR(INDEX(대여내역!$A$3:$A$1002,MATCH("R"&45,미반납현황!$M$6:$M$1005,0)),"") | C50: =IF($B50="","",IFERROR(INDEX(대여내역!$B$3:$B$1002,MATCH("R"&45,미반납현황!$M$6:$M$1005,0)),"")) | D50: =IF($B50="","",IFERROR(INDEX(대여내역!$C$3:$C$1002,MATCH("R"&45,미반납현황!$M$6:$M$1005,0)),"")) | E50: =IF($B50="","",IFERROR(INDEX(대여내역!$E$3:$E$1002,MATCH("R"&45,미반납현황!$M$6:$M$1005,0)),"")) | F50: =IF($B50="","",IFERROR(INDEX(대여내역!$G$3:$G$1002,MATCH("R"&45,미반납현황!$M$6:$M$1005,0)),"")) | G50: =IF($B50="","",IFERROR(INDEX(대여내역!$J$3:$J$1002,MATCH("R"&45,미반납현황!$M$6:$M$1005,0)),"")) | H50: =IF($B50="","",IFERROR(INDEX(대여내역!$H$3:$H$1002,MATCH("R"&45,미반납현황!$M$6:$M$1005,0)),"")) | I50: =IF($B50="","",IFERROR(INDEX(대여내역!$K$3:$K$1002,MATCH("R"&45,미반납현황!$M$6:$M$1005,0)),"")) | K50: =IF(대여내역!$A47="",FALSE(),OR(대여내역!$L47="미반납",대여내역!$L47="부분반납")) -> FALSE | L50: =IF($K50=FALSE(),"",COUNTIF($K$6:$K50,TRUE())) | M50: =IF($L50="","","R"&$L50)
A51: =IF($B51="","",46) | B51: =IFERROR(INDEX(대여내역!$A$3:$A$1002,MATCH("R"&46,미반납현황!$M$6:$M$1005,0)),"") | C51: =IF($B51="","",IFERROR(INDEX(대여내역!$B$3:$B$1002,MATCH("R"&46,미반납현황!$M$6:$M$1005,0)),"")) | D51: =IF($B51="","",IFERROR(INDEX(대여내역!$C$3:$C$1002,MATCH("R"&46,미반납현황!$M$6:$M$1005,0)),"")) | E51: =IF($B51="","",IFERROR(INDEX(대여내역!$E$3:$E$1002,MATCH("R"&46,미반납현황!$M$6:$M$1005,0)),"")) | F51: =IF($B51="","",IFERROR(INDEX(대여내역!$G$3:$G$1002,MATCH("R"&46,미반납현황!$M$6:$M$1005,0)),"")) | G51: =IF($B51="","",IFERROR(INDEX(대여내역!$J$3:$J$1002,MATCH("R"&46,미반납현황!$M$6:$M$1005,0)),"")) | H51: =IF($B51="","",IFERROR(INDEX(대여내역!$H$3:$H$1002,MATCH("R"&46,미반납현황!$M$6:$M$1005,0)),"")) | I51: =IF($B51="","",IFERROR(INDEX(대여내역!$K$3:$K$1002,MATCH("R"&46,미반납현황!$M$6:$M$1005,0)),"")) | K51: =IF(대여내역!$A48="",FALSE(),OR(대여내역!$L48="미반납",대여내역!$L48="부분반납")) -> FALSE | L51: =IF($K51=FALSE(),"",COUNTIF($K$6:$K51,TRUE())) | M51: =IF($L51="","","R"&$L51)
A52: =IF($B52="","",47) | B52: =IFERROR(INDEX(대여내역!$A$3:$A$1002,MATCH("R"&47,미반납현황!$M$6:$M$1005,0)),"") | C52: =IF($B52="","",IFERROR(INDEX(대여내역!$B$3:$B$1002,MATCH("R"&47,미반납현황!$M$6:$M$1005,0)),"")) | D52: =IF($B52="","",IFERROR(INDEX(대여내역!$C$3:$C$1002,MATCH("R"&47,미반납현황!$M$6:$M$1005,0)),"")) | E52: =IF($B52="","",IFERROR(INDEX(대여내역!$E$3:$E$1002,MATCH("R"&47,미반납현황!$M$6:$M$1005,0)),"")) | F52: =IF($B52="","",IFERROR(INDEX(대여내역!$G$3:$G$1002,MATCH("R"&47,미반납현황!$M$6:$M$1005,0)),"")) | G52: =IF($B52="","",IFERROR(INDEX(대여내역!$J$3:$J$1002,MATCH("R"&47,미반납현황!$M$6:$M$1005,0)),"")) | H52: =IF($B52="","",IFERROR(INDEX(대여내역!$H$3:$H$1002,MATCH("R"&47,미반납현황!$M$6:$M$1005,0)),"")) | I52: =IF($B52="","",IFERROR(INDEX(대여내역!$K$3:$K$1002,MATCH("R"&47,미반납현황!$M$6:$M$1005,0)),"")) | K52: =IF(대여내역!$A49="",FALSE(),OR(대여내역!$L49="미반납",대여내역!$L49="부분반납")) -> FALSE | L52: =IF($K52=FALSE(),"",COUNTIF($K$6:$K52,TRUE())) | M52: =IF($L52="","","R"&$L52)
A53: =IF($B53="","",48) | B53: =IFERROR(INDEX(대여내역!$A$3:$A$1002,MATCH("R"&48,미반납현황!$M$6:$M$1005,0)),"") | C53: =IF($B53="","",IFERROR(INDEX(대여내역!$B$3:$B$1002,MATCH("R"&48,미반납현황!$M$6:$M$1005,0)),"")) | D53: =IF($B53="","",IFERROR(INDEX(대여내역!$C$3:$C$1002,MATCH("R"&48,미반납현황!$M$6:$M$1005,0)),"")) | E53: =IF($B53="","",IFERROR(INDEX(대여내역!$E$3:$E$1002,MATCH("R"&48,미반납현황!$M$6:$M$1005,0)),"")) | F53: =IF($B53="","",IFERROR(INDEX(대여내역!$G$3:$G$1002,MATCH("R"&48,미반납현황!$M$6:$M$1005,0)),"")) | G53: =IF($B53="","",IFERROR(INDEX(대여내역!$J$3:$J$1002,MATCH("R"&48,미반납현황!$M$6:$M$1005,0)),"")) | H53: =IF($B53="","",IFERROR(INDEX(대여내역!$H$3:$H$1002,MATCH("R"&48,미반납현황!$M$6:$M$1005,0)),"")) | I53: =IF($B53="","",IFERROR(INDEX(대여내역!$K$3:$K$1002,MATCH("R"&48,미반납현황!$M$6:$M$1005,0)),"")) | K53: =IF(대여내역!$A50="",FALSE(),OR(대여내역!$L50="미반납",대여내역!$L50="부분반납")) -> FALSE | L53: =IF($K53=FALSE(),"",COUNTIF($K$6:$K53,TRUE())) | M53: =IF($L53="","","R"&$L53)
A54: =IF($B54="","",49) | B54: =IFERROR(INDEX(대여내역!$A$3:$A$1002,MATCH("R"&49,미반납현황!$M$6:$M$1005,0)),"") | C54: =IF($B54="","",IFERROR(INDEX(대여내역!$B$3:$B$1002,MATCH("R"&49,미반납현황!$M$6:$M$1005,0)),"")) | D54: =IF($B54="","",IFERROR(INDEX(대여내역!$C$3:$C$1002,MATCH("R"&49,미반납현황!$M$6:$M$1005,0)),"")) | E54: =IF($B54="","",IFERROR(INDEX(대여내역!$E$3:$E$1002,MATCH("R"&49,미반납현황!$M$6:$M$1005,0)),"")) | F54: =IF($B54="","",IFERROR(INDEX(대여내역!$G$3:$G$1002,MATCH("R"&49,미반납현황!$M$6:$M$1005,0)),"")) | G54: =IF($B54="","",IFERROR(INDEX(대여내역!$J$3:$J$1002,MATCH("R"&49,미반납현황!$M$6:$M$1005,0)),"")) | H54: =IF($B54="","",IFERROR(INDEX(대여내역!$H$3:$H$1002,MATCH("R"&49,미반납현황!$M$6:$M$1005,0)),"")) | I54: =IF($B54="","",IFERROR(INDEX(대여내역!$K$3:$K$1002,MATCH("R"&49,미반납현황!$M$6:$M$1005,0)),"")) | K54: =IF(대여내역!$A51="",FALSE(),OR(대여내역!$L51="미반납",대여내역!$L51="부분반납")) -> FALSE | L54: =IF($K54=FALSE(),"",COUNTIF($K$6:$K54,TRUE())) | M54: =IF($L54="","","R"&$L54)
A55: =IF($B55="","",50) | B55: =IFERROR(INDEX(대여내역!$A$3:$A$1002,MATCH("R"&50,미반납현황!$M$6:$M$1005,0)),"") | C55: =IF($B55="","",IFERROR(INDEX(대여내역!$B$3:$B$1002,MATCH("R"&50,미반납현황!$M$6:$M$1005,0)),"")) | D55: =IF($B55="","",IFERROR(INDEX(대여내역!$C$3:$C$1002,MATCH("R"&50,미반납현황!$M$6:$M$1005,0)),"")) | E55: =IF($B55="","",IFERROR(INDEX(대여내역!$E$3:$E$1002,MATCH("R"&50,미반납현황!$M$6:$M$1005,0)),"")) | F55: =IF($B55="","",IFERROR(INDEX(대여내역!$G$3:$G$1002,MATCH("R"&50,미반납현황!$M$6:$M$1005,0)),"")) | G55: =IF($B55="","",IFERROR(INDEX(대여내역!$J$3:$J$1002,MATCH("R"&50,미반납현황!$M$6:$M$1005,0)),"")) | H55: =IF($B55="","",IFERROR(INDEX(대여내역!$H$3:$H$1002,MATCH("R"&50,미반납현황!$M$6:$M$1005,0)),"")) | I55: =IF($B55="","",IFERROR(INDEX(대여내역!$K$3:$K$1002,MATCH("R"&50,미반납현황!$M$6:$M$1005,0)),"")) | K55: =IF(대여내역!$A52="",FALSE(),OR(대여내역!$L52="미반납",대여내역!$L52="부분반납")) -> FALSE | L55: =IF($K55=FALSE(),"",COUNTIF($K$6:$K55,TRUE())) | M55: =IF($L55="","","R"&$L55)
A56: =IF($B56="","",51) | B56: =IFERROR(INDEX(대여내역!$A$3:$A$1002,MATCH("R"&51,미반납현황!$M$6:$M$1005,0)),"") | C56: =IF($B56="","",IFERROR(INDEX(대여내역!$B$3:$B$1002,MATCH("R"&51,미반납현황!$M$6:$M$1005,0)),"")) | D56: =IF($B56="","",IFERROR(INDEX(대여내역!$C$3:$C$1002,MATCH("R"&51,미반납현황!$M$6:$M$1005,0)),"")) | E56: =IF($B56="","",IFERROR(INDEX(대여내역!$E$3:$E$1002,MATCH("R"&51,미반납현황!$M$6:$M$1005,0)),"")) | F56: =IF($B56="","",IFERROR(INDEX(대여내역!$G$3:$G$1002,MATCH("R"&51,미반납현황!$M$6:$M$1005,0)),"")) | G56: =IF($B56="","",IFERROR(INDEX(대여내역!$J$3:$J$1002,MATCH("R"&51,미반납현황!$M$6:$M$1005,0)),"")) | H56: =IF($B56="","",IFERROR(INDEX(대여내역!$H$3:$H$1002,MATCH("R"&51,미반납현황!$M$6:$M$1005,0)),"")) | I56: =IF($B56="","",IFERROR(INDEX(대여내역!$K$3:$K$1002,MATCH("R"&51,미반납현황!$M$6:$M$1005,0)),"")) | K56: =IF(대여내역!$A53="",FALSE(),OR(대여내역!$L53="미반납",대여내역!$L53="부분반납")) -> FALSE | L56: =IF($K56=FALSE(),"",COUNTIF($K$6:$K56,TRUE())) | M56: =IF($L56="","","R"&$L56)
A57: =IF($B57="","",52) | B57: =IFERROR(INDEX(대여내역!$A$3:$A$1002,MATCH("R"&52,미반납현황!$M$6:$M$1005,0)),"") | C57: =IF($B57="","",IFERROR(INDEX(대여내역!$B$3:$B$1002,MATCH("R"&52,미반납현황!$M$6:$M$1005,0)),"")) | D57: =IF($B57="","",IFERROR(INDEX(대여내역!$C$3:$C$1002,MATCH("R"&52,미반납현황!$M$6:$M$1005,0)),"")) | E57: =IF($B57="","",IFERROR(INDEX(대여내역!$E$3:$E$1002,MATCH("R"&52,미반납현황!$M$6:$M$1005,0)),"")) | F57: =IF($B57="","",IFERROR(INDEX(대여내역!$G$3:$G$1002,MATCH("R"&52,미반납현황!$M$6:$M$1005,0)),"")) | G57: =IF($B57="","",IFERROR(INDEX(대여내역!$J$3:$J$1002,MATCH("R"&52,미반납현황!$M$6:$M$1005,0)),"")) | H57: =IF($B57="","",IFERROR(INDEX(대여내역!$H$3:$H$1002,MATCH("R"&52,미반납현황!$M$6:$M$1005,0)),"")) | I57: =IF($B57="","",IFERROR(INDEX(대여내역!$K$3:$K$1002,MATCH("R"&52,미반납현황!$M$6:$M$1005,0)),"")) | K57: =IF(대여내역!$A54="",FALSE(),OR(대여내역!$L54="미반납",대여내역!$L54="부분반납")) -> FALSE | L57: =IF($K57=FALSE(),"",COUNTIF($K$6:$K57,TRUE())) | M57: =IF($L57="","","R"&$L57)
A58: =IF($B58="","",53) | B58: =IFERROR(INDEX(대여내역!$A$3:$A$1002,MATCH("R"&53,미반납현황!$M$6:$M$1005,0)),"") | C58: =IF($B58="","",IFERROR(INDEX(대여내역!$B$3:$B$1002,MATCH("R"&53,미반납현황!$M$6:$M$1005,0)),"")) | D58: =IF($B58="","",IFERROR(INDEX(대여내역!$C$3:$C$1002,MATCH("R"&53,미반납현황!$M$6:$M$1005,0)),"")) | E58: =IF($B58="","",IFERROR(INDEX(대여내역!$E$3:$E$1002,MATCH("R"&53,미반납현황!$M$6:$M$1005,0)),"")) | F58: =IF($B58="","",IFERROR(INDEX(대여내역!$G$3:$G$1002,MATCH("R"&53,미반납현황!$M$6:$M$1005,0)),"")) | G58: =IF($B58="","",IFERROR(INDEX(대여내역!$J$3:$J$1002,MATCH("R"&53,미반납현황!$M$6:$M$1005,0)),"")) | H58: =IF($B58="","",IFERROR(INDEX(대여내역!$H$3:$H$1002,MATCH("R"&53,미반납현황!$M$6:$M$1005,0)),"")) | I58: =IF($B58="","",IFERROR(INDEX(대여내역!$K$3:$K$1002,MATCH("R"&53,미반납현황!$M$6:$M$1005,0)),"")) | K58: =IF(대여내역!$A55="",FALSE(),OR(대여내역!$L55="미반납",대여내역!$L55="부분반납")) -> FALSE | L58: =IF($K58=FALSE(),"",COUNTIF($K$6:$K58,TRUE())) | M58: =IF($L58="","","R"&$L58)
A59: =IF($B59="","",54) | B59: =IFERROR(INDEX(대여내역!$A$3:$A$1002,MATCH("R"&54,미반납현황!$M$6:$M$1005,0)),"") | C59: =IF($B59="","",IFERROR(INDEX(대여내역!$B$3:$B$1002,MATCH("R"&54,미반납현황!$M$6:$M$1005,0)),"")) | D59: =IF($B59="","",IFERROR(INDEX(대여내역!$C$3:$C$1002,MATCH("R"&54,미반납현황!$M$6:$M$1005,0)),"")) | E59: =IF($B59="","",IFERROR(INDEX(대여내역!$E$3:$E$1002,MATCH("R"&54,미반납현황!$M$6:$M$1005,0)),"")) | F59: =IF($B59="","",IFERROR(INDEX(대여내역!$G$3:$G$1002,MATCH("R"&54,미반납현황!$M$6:$M$1005,0)),"")) | G59: =IF($B59="","",IFERROR(INDEX(대여내역!$J$3:$J$1002,MATCH("R"&54,미반납현황!$M$6:$M$1005,0)),"")) | H59: =IF($B59="","",IFERROR(INDEX(대여내역!$H$3:$H$1002,MATCH("R"&54,미반납현황!$M$6:$M$1005,0)),"")) | I59: =IF($B59="","",IFERROR(INDEX(대여내역!$K$3:$K$1002,MATCH("R"&54,미반납현황!$M$6:$M$1005,0)),"")) | K59: =IF(대여내역!$A56="",FALSE(),OR(대여내역!$L56="미반납",대여내역!$L56="부분반납")) -> FALSE | L59: =IF($K59=FALSE(),"",COUNTIF($K$6:$K59,TRUE())) | M59: =IF($L59="","","R"&$L59)
A60: =IF($B60="","",55) | B60: =IFERROR(INDEX(대여내역!$A$3:$A$1002,MATCH("R"&55,미반납현황!$M$6:$M$1005,0)),"") | C60: =IF($B60="","",IFERROR(INDEX(대여내역!$B$3:$B$1002,MATCH("R"&55,미반납현황!$M$6:$M$1005,0)),"")) | D60: =IF($B60="","",IFERROR(INDEX(대여내역!$C$3:$C$1002,MATCH("R"&55,미반납현황!$M$6:$M$1005,0)),"")) | E60: =IF($B60="","",IFERROR(INDEX(대여내역!$E$3:$E$1002,MATCH("R"&55,미반납현황!$M$6:$M$1005,0)),"")) | F60: =IF($B60="","",IFERROR(INDEX(대여내역!$G$3:$G$1002,MATCH("R"&55,미반납현황!$M$6:$M$1005,0)),"")) | G60: =IF($B60="","",IFERROR(INDEX(대여내역!$J$3:$J$1002,MATCH("R"&55,미반납현황!$M$6:$M$1005,0)),"")) | H60: =IF($B60="","",IFERROR(INDEX(대여내역!$H$3:$H$1002,MATCH("R"&55,미반납현황!$M$6:$M$1005,0)),"")) | I60: =IF($B60="","",IFERROR(INDEX(대여내역!$K$3:$K$1002,MATCH("R"&55,미반납현황!$M$6:$M$1005,0)),"")) | K60: =IF(대여내역!$A57="",FALSE(),OR(대여내역!$L57="미반납",대여내역!$L57="부분반납")) -> FALSE | L60: =IF($K60=FALSE(),"",COUNTIF($K$6:$K60,TRUE())) | M60: =IF($L60="","","R"&$L60)
A61: =IF($B61="","",56) | B61: =IFERROR(INDEX(대여내역!$A$3:$A$1002,MATCH("R"&56,미반납현황!$M$6:$M$1005,0)),"") | C61: =IF($B61="","",IFERROR(INDEX(대여내역!$B$3:$B$1002,MATCH("R"&56,미반납현황!$M$6:$M$1005,0)),"")) | D61: =IF($B61="","",IFERROR(INDEX(대여내역!$C$3:$C$1002,MATCH("R"&56,미반납현황!$M$6:$M$1005,0)),"")) | E61: =IF($B61="","",IFERROR(INDEX(대여내역!$E$3:$E$1002,MATCH("R"&56,미반납현황!$M$6:$M$1005,0)),"")) | F61: =IF($B61="","",IFERROR(INDEX(대여내역!$G$3:$G$1002,MATCH("R"&56,미반납현황!$M$6:$M$1005,0)),"")) | G61: =IF($B61="","",IFERROR(INDEX(대여내역!$J$3:$J$1002,MATCH("R"&56,미반납현황!$M$6:$M$1005,0)),"")) | H61: =IF($B61="","",IFERROR(INDEX(대여내역!$H$3:$H$1002,MATCH("R"&56,미반납현황!$M$6:$M$1005,0)),"")) | I61: =IF($B61="","",IFERROR(INDEX(대여내역!$K$3:$K$1002,MATCH("R"&56,미반납현황!$M$6:$M$1005,0)),"")) | K61: =IF(대여내역!$A58="",FALSE(),OR(대여내역!$L58="미반납",대여내역!$L58="부분반납")) -> FALSE | L61: =IF($K61=FALSE(),"",COUNTIF($K$6:$K61,TRUE())) | M61: =IF($L61="","","R"&$L61)
A62: =IF($B62="","",57) | B62: =IFERROR(INDEX(대여내역!$A$3:$A$1002,MATCH("R"&57,미반납현황!$M$6:$M$1005,0)),"") | C62: =IF($B62="","",IFERROR(INDEX(대여내역!$B$3:$B$1002,MATCH("R"&57,미반납현황!$M$6:$M$1005,0)),"")) | D62: =IF($B62="","",IFERROR(INDEX(대여내역!$C$3:$C$1002,MATCH("R"&57,미반납현황!$M$6:$M$1005,0)),"")) | E62: =IF($B62="","",IFERROR(INDEX(대여내역!$E$3:$E$1002,MATCH("R"&57,미반납현황!$M$6:$M$1005,0)),"")) | F62: =IF($B62="","",IFERROR(INDEX(대여내역!$G$3:$G$1002,MATCH("R"&57,미반납현황!$M$6:$M$1005,0)),"")) | G62: =IF($B62="","",IFERROR(INDEX(대여내역!$J$3:$J$1002,MATCH("R"&57,미반납현황!$M$6:$M$1005,0)),"")) | H62: =IF($B62="","",IFERROR(INDEX(대여내역!$H$3:$H$1002,MATCH("R"&57,미반납현황!$M$6:$M$1005,0)),"")) | I62: =IF($B62="","",IFERROR(INDEX(대여내역!$K$3:$K$1002,MATCH("R"&57,미반납현황!$M$6:$M$1005,0)),"")) | K62: =IF(대여내역!$A59="",FALSE(),OR(대여내역!$L59="미반납",대여내역!$L59="부분반납")) -> FALSE | L62: =IF($K62=FALSE(),"",COUNTIF($K$6:$K62,TRUE())) | M62: =IF($L62="","","R"&$L62)
A63: =IF($B63="","",58) | B63: =IFERROR(INDEX(대여내역!$A$3:$A$1002,MATCH("R"&58,미반납현황!$M$6:$M$1005,0)),"") | C63: =IF($B63="","",IFERROR(INDEX(대여내역!$B$3:$B$1002,MATCH("R"&58,미반납현황!$M$6:$M$1005,0)),"")) | D63: =IF($B63="","",IFERROR(INDEX(대여내역!$C$3:$C$1002,MATCH("R"&58,미반납현황!$M$6:$M$1005,0)),"")) | E63: =IF($B63="","",IFERROR(INDEX(대여내역!$E$3:$E$1002,MATCH("R"&58,미반납현황!$M$6:$M$1005,0)),"")) | F63: =IF($B63="","",IFERROR(INDEX(대여내역!$G$3:$G$1002,MATCH("R"&58,미반납현황!$M$6:$M$1005,0)),"")) | G63: =IF($B63="","",IFERROR(INDEX(대여내역!$J$3:$J$1002,MATCH("R"&58,미반납현황!$M$6:$M$1005,0)),"")) | H63: =IF($B63="","",IFERROR(INDEX(대여내역!$H$3:$H$1002,MATCH("R"&58,미반납현황!$M$6:$M$1005,0)),"")) | I63: =IF($B63="","",IFERROR(INDEX(대여내역!$K$3:$K$1002,MATCH("R"&58,미반납현황!$M$6:$M$1005,0)),"")) | K63: =IF(대여내역!$A60="",FALSE(),OR(대여내역!$L60="미반납",대여내역!$L60="부분반납")) -> FALSE | L63: =IF($K63=FALSE(),"",COUNTIF($K$6:$K63,TRUE())) | M63: =IF($L63="","","R"&$L63)
A64: =IF($B64="","",59) | B64: =IFERROR(INDEX(대여내역!$A$3:$A$1002,MATCH("R"&59,미반납현황!$M$6:$M$1005,0)),"") | C64: =IF($B64="","",IFERROR(INDEX(대여내역!$B$3:$B$1002,MATCH("R"&59,미반납현황!$M$6:$M$1005,0)),"")) | D64: =IF($B64="","",IFERROR(INDEX(대여내역!$C$3:$C$1002,MATCH("R"&59,미반납현황!$M$6:$M$1005,0)),"")) | E64: =IF($B64="","",IFERROR(INDEX(대여내역!$E$3:$E$1002,MATCH("R"&59,미반납현황!$M$6:$M$1005,0)),"")) | F64: =IF($B64="","",IFERROR(INDEX(대여내역!$G$3:$G$1002,MATCH("R"&59,미반납현황!$M$6:$M$1005,0)),"")) | G64: =IF($B64="","",IFERROR(INDEX(대여내역!$J$3:$J$1002,MATCH("R"&59,미반납현황!$M$6:$M$1005,0)),"")) | H64: =IF($B64="","",IFERROR(INDEX(대여내역!$H$3:$H$1002,MATCH("R"&59,미반납현황!$M$6:$M$1005,0)),"")) | I64: =IF($B64="","",IFERROR(INDEX(대여내역!$K$3:$K$1002,MATCH("R"&59,미반납현황!$M$6:$M$1005,0)),"")) | K64: =IF(대여내역!$A61="",FALSE(),OR(대여내역!$L61="미반납",대여내역!$L61="부분반납")) -> FALSE | L64: =IF($K64=FALSE(),"",COUNTIF($K$6:$K64,TRUE())) | M64: =IF($L64="","","R"&$L64)
A65: =IF($B65="","",60) | B65: =IFERROR(INDEX(대여내역!$A$3:$A$1002,MATCH("R"&60,미반납현황!$M$6:$M$1005,0)),"") | C65: =IF($B65="","",IFERROR(INDEX(대여내역!$B$3:$B$1002,MATCH("R"&60,미반납현황!$M$6:$M$1005,0)),"")) | D65: =IF($B65="","",IFERROR(INDEX(대여내역!$C$3:$C$1002,MATCH("R"&60,미반납현황!$M$6:$M$1005,0)),"")) | E65: =IF($B65="","",IFERROR(INDEX(대여내역!$E$3:$E$1002,MATCH("R"&60,미반납현황!$M$6:$M$1005,0)),"")) | F65: =IF($B65="","",IFERROR(INDEX(대여내역!$G$3:$G$1002,MATCH("R"&60,미반납현황!$M$6:$M$1005,0)),"")) | G65: =IF($B65="","",IFERROR(INDEX(대여내역!$J$3:$J$1002,MATCH("R"&60,미반납현황!$M$6:$M$1005,0)),"")) | H65: =IF($B65="","",IFERROR(INDEX(대여내역!$H$3:$H$1002,MATCH("R"&60,미반납현황!$M$6:$M$1005,0)),"")) | I65: =IF($B65="","",IFERROR(INDEX(대여내역!$K$3:$K$1002,MATCH("R"&60,미반납현황!$M$6:$M$1005,0)),"")) | K65: =IF(대여내역!$A62="",FALSE(),OR(대여내역!$L62="미반납",대여내역!$L62="부분반납")) -> FALSE | L65: =IF($K65=FALSE(),"",COUNTIF($K$6:$K65,TRUE())) | M65: =IF($L65="","","R"&$L65)
A66: =IF($B66="","",61) | B66: =IFERROR(INDEX(대여내역!$A$3:$A$1002,MATCH("R"&61,미반납현황!$M$6:$M$1005,0)),"") | C66: =IF($B66="","",IFERROR(INDEX(대여내역!$B$3:$B$1002,MATCH("R"&61,미반납현황!$M$6:$M$1005,0)),"")) | D66: =IF($B66="","",IFERROR(INDEX(대여내역!$C$3:$C$1002,MATCH("R"&61,미반납현황!$M$6:$M$1005,0)),"")) | E66: =IF($B66="","",IFERROR(INDEX(대여내역!$E$3:$E$1002,MATCH("R"&61,미반납현황!$M$6:$M$1005,0)),"")) | F66: =IF($B66="","",IFERROR(INDEX(대여내역!$G$3:$G$1002,MATCH("R"&61,미반납현황!$M$6:$M$1005,0)),"")) | G66: =IF($B66="","",IFERROR(INDEX(대여내역!$J$3:$J$1002,MATCH("R"&61,미반납현황!$M$6:$M$1005,0)),"")) | H66: =IF($B66="","",IFERROR(INDEX(대여내역!$H$3:$H$1002,MATCH("R"&61,미반납현황!$M$6:$M$1005,0)),"")) | I66: =IF($B66="","",IFERROR(INDEX(대여내역!$K$3:$K$1002,MATCH("R"&61,미반납현황!$M$6:$M$1005,0)),"")) | K66: =IF(대여내역!$A63="",FALSE(),OR(대여내역!$L63="미반납",대여내역!$L63="부분반납")) -> FALSE | L66: =IF($K66=FALSE(),"",COUNTIF($K$6:$K66,TRUE())) | M66: =IF($L66="","","R"&$L66)
A67: =IF($B67="","",62) | B67: =IFERROR(INDEX(대여내역!$A$3:$A$1002,MATCH("R"&62,미반납현황!$M$6:$M$1005,0)),"") | C67: =IF($B67="","",IFERROR(INDEX(대여내역!$B$3:$B$1002,MATCH("R"&62,미반납현황!$M$6:$M$1005,0)),"")) | D67: =IF($B67="","",IFERROR(INDEX(대여내역!$C$3:$C$1002,MATCH("R"&62,미반납현황!$M$6:$M$1005,0)),"")) | E67: =IF($B67="","",IFERROR(INDEX(대여내역!$E$3:$E$1002,MATCH("R"&62,미반납현황!$M$6:$M$1005,0)),"")) | F67: =IF($B67="","",IFERROR(INDEX(대여내역!$G$3:$G$1002,MATCH("R"&62,미반납현황!$M$6:$M$1005,0)),"")) | G67: =IF($B67="","",IFERROR(INDEX(대여내역!$J$3:$J$1002,MATCH("R"&62,미반납현황!$M$6:$M$1005,0)),"")) | H67: =IF($B67="","",IFERROR(INDEX(대여내역!$H$3:$H$1002,MATCH("R"&62,미반납현황!$M$6:$M$1005,0)),"")) | I67: =IF($B67="","",IFERROR(INDEX(대여내역!$K$3:$K$1002,MATCH("R"&62,미반납현황!$M$6:$M$1005,0)),"")) | K67: =IF(대여내역!$A64="",FALSE(),OR(대여내역!$L64="미반납",대여내역!$L64="부분반납")) -> FALSE | L67: =IF($K67=FALSE(),"",COUNTIF($K$6:$K67,TRUE())) | M67: =IF($L67="","","R"&$L67)
A68: =IF($B68="","",63) | B68: =IFERROR(INDEX(대여내역!$A$3:$A$1002,MATCH("R"&63,미반납현황!$M$6:$M$1005,0)),"") | C68: =IF($B68="","",IFERROR(INDEX(대여내역!$B$3:$B$1002,MATCH("R"&63,미반납현황!$M$6:$M$1005,0)),"")) | D68: =IF($B68="","",IFERROR(INDEX(대여내역!$C$3:$C$1002,MATCH("R"&63,미반납현황!$M$6:$M$1005,0)),"")) | E68: =IF($B68="","",IFERROR(INDEX(대여내역!$E$3:$E$1002,MATCH("R"&63,미반납현황!$M$6:$M$1005,0)),"")) | F68: =IF($B68="","",IFERROR(INDEX(대여내역!$G$3:$G$1002,MATCH("R"&63,미반납현황!$M$6:$M$1005,0)),"")) | G68: =IF($B68="","",IFERROR(INDEX(대여내역!$J$3:$J$1002,MATCH("R"&63,미반납현황!$M$6:$M$1005,0)),"")) | H68: =IF($B68="","",IFERROR(INDEX(대여내역!$H$3:$H$1002,MATCH("R"&63,미반납현황!$M$6:$M$1005,0)),"")) | I68: =IF($B68="","",IFERROR(INDEX(대여내역!$K$3:$K$1002,MATCH("R"&63,미반납현황!$M$6:$M$1005,0)),"")) | K68: =IF(대여내역!$A65="",FALSE(),OR(대여내역!$L65="미반납",대여내역!$L65="부분반납")) -> FALSE | L68: =IF($K68=FALSE(),"",COUNTIF($K$6:$K68,TRUE())) | M68: =IF($L68="","","R"&$L68)
A69: =IF($B69="","",64) | B69: =IFERROR(INDEX(대여내역!$A$3:$A$1002,MATCH("R"&64,미반납현황!$M$6:$M$1005,0)),"") | C69: =IF($B69="","",IFERROR(INDEX(대여내역!$B$3:$B$1002,MATCH("R"&64,미반납현황!$M$6:$M$1005,0)),"")) | D69: =IF($B69="","",IFERROR(INDEX(대여내역!$C$3:$C$1002,MATCH("R"&64,미반납현황!$M$6:$M$1005,0)),"")) | E69: =IF($B69="","",IFERROR(INDEX(대여내역!$E$3:$E$1002,MATCH("R"&64,미반납현황!$M$6:$M$1005,0)),"")) | F69: =IF($B69="","",IFERROR(INDEX(대여내역!$G$3:$G$1002,MATCH("R"&64,미반납현황!$M$6:$M$1005,0)),"")) | G69: =IF($B69="","",IFERROR(INDEX(대여내역!$J$3:$J$1002,MATCH("R"&64,미반납현황!$M$6:$M$1005,0)),"")) | H69: =IF($B69="","",IFERROR(INDEX(대여내역!$H$3:$H$1002,MATCH("R"&64,미반납현황!$M$6:$M$1005,0)),"")) | I69: =IF($B69="","",IFERROR(INDEX(대여내역!$K$3:$K$1002,MATCH("R"&64,미반납현황!$M$6:$M$1005,0)),"")) | K69: =IF(대여내역!$A66="",FALSE(),OR(대여내역!$L66="미반납",대여내역!$L66="부분반납")) -> FALSE | L69: =IF($K69=FALSE(),"",COUNTIF($K$6:$K69,TRUE())) | M69: =IF($L69="","","R"&$L69)
A70: =IF($B70="","",65) | B70: =IFERROR(INDEX(대여내역!$A$3:$A$1002,MATCH("R"&65,미반납현황!$M$6:$M$1005,0)),"") | C70: =IF($B70="","",IFERROR(INDEX(대여내역!$B$3:$B$1002,MATCH("R"&65,미반납현황!$M$6:$M$1005,0)),"")) | D70: =IF($B70="","",IFERROR(INDEX(대여내역!$C$3:$C$1002,MATCH("R"&65,미반납현황!$M$6:$M$1005,0)),"")) | E70: =IF($B70="","",IFERROR(INDEX(대여내역!$E$3:$E$1002,MATCH("R"&65,미반납현황!$M$6:$M$1005,0)),"")) | F70: =IF($B70="","",IFERROR(INDEX(대여내역!$G$3:$G$1002,MATCH("R"&65,미반납현황!$M$6:$M$1005,0)),"")) | G70: =IF($B70="","",IFERROR(INDEX(대여내역!$J$3:$J$1002,MATCH("R"&65,미반납현황!$M$6:$M$1005,0)),"")) | H70: =IF($B70="","",IFERROR(INDEX(대여내역!$H$3:$H$1002,MATCH("R"&65,미반납현황!$M$6:$M$1005,0)),"")) | I70: =IF($B70="","",IFERROR(INDEX(대여내역!$K$3:$K$1002,MATCH("R"&65,미반납현황!$M$6:$M$1005,0)),"")) | K70: =IF(대여내역!$A67="",FALSE(),OR(대여내역!$L67="미반납",대여내역!$L67="부분반납")) -> FALSE | L70: =IF($K70=FALSE(),"",COUNTIF($K$6:$K70,TRUE())) | M70: =IF($L70="","","R"&$L70)
A71: =IF($B71="","",66) | B71: =IFERROR(INDEX(대여내역!$A$3:$A$1002,MATCH("R"&66,미반납현황!$M$6:$M$1005,0)),"") | C71: =IF($B71="","",IFERROR(INDEX(대여내역!$B$3:$B$1002,MATCH("R"&66,미반납현황!$M$6:$M$1005,0)),"")) | D71: =IF($B71="","",IFERROR(INDEX(대여내역!$C$3:$C$1002,MATCH("R"&66,미반납현황!$M$6:$M$1005,0)),"")) | E71: =IF($B71="","",IFERROR(INDEX(대여내역!$E$3:$E$1002,MATCH("R"&66,미반납현황!$M$6:$M$1005,0)),"")) | F71: =IF($B71="","",IFERROR(INDEX(대여내역!$G$3:$G$1002,MATCH("R"&66,미반납현황!$M$6:$M$1005,0)),"")) | G71: =IF($B71="","",IFERROR(INDEX(대여내역!$J$3:$J$1002,MATCH("R"&66,미반납현황!$M$6:$M$1005,0)),"")) | H71: =IF($B71="","",IFERROR(INDEX(대여내역!$H$3:$H$1002,MATCH("R"&66,미반납현황!$M$6:$M$1005,0)),"")) | I71: =IF($B71="","",IFERROR(INDEX(대여내역!$K$3:$K$1002,MATCH("R"&66,미반납현황!$M$6:$M$1005,0)),"")) | K71: =IF(대여내역!$A68="",FALSE(),OR(대여내역!$L68="미반납",대여내역!$L68="부분반납")) -> FALSE | L71: =IF($K71=FALSE(),"",COUNTIF($K$6:$K71,TRUE())) | M71: =IF($L71="","","R"&$L71)
A72: =IF($B72="","",67) | B72: =IFERROR(INDEX(대여내역!$A$3:$A$1002,MATCH("R"&67,미반납현황!$M$6:$M$1005,0)),"") | C72: =IF($B72="","",IFERROR(INDEX(대여내역!$B$3:$B$1002,MATCH("R"&67,미반납현황!$M$6:$M$1005,0)),"")) | D72: =IF($B72="","",IFERROR(INDEX(대여내역!$C$3:$C$1002,MATCH("R"&67,미반납현황!$M$6:$M$1005,0)),"")) | E72: =IF($B72="","",IFERROR(INDEX(대여내역!$E$3:$E$1002,MATCH("R"&67,미반납현황!$M$6:$M$1005,0)),"")) | F72: =IF($B72="","",IFERROR(INDEX(대여내역!$G$3:$G$1002,MATCH("R"&67,미반납현황!$M$6:$M$1005,0)),"")) | G72: =IF($B72="","",IFERROR(INDEX(대여내역!$J$3:$J$1002,MATCH("R"&67,미반납현황!$M$6:$M$1005,0)),"")) | H72: =IF($B72="","",IFERROR(INDEX(대여내역!$H$3:$H$1002,MATCH("R"&67,미반납현황!$M$6:$M$1005,0)),"")) | I72: =IF($B72="","",IFERROR(INDEX(대여내역!$K$3:$K$1002,MATCH("R"&67,미반납현황!$M$6:$M$1005,0)),"")) | K72: =IF(대여내역!$A69="",FALSE(),OR(대여내역!$L69="미반납",대여내역!$L69="부분반납")) -> FALSE | L72: =IF($K72=FALSE(),"",COUNTIF($K$6:$K72,TRUE())) | M72: =IF($L72="","","R"&$L72)
A73: =IF($B73="","",68) | B73: =IFERROR(INDEX(대여내역!$A$3:$A$1002,MATCH("R"&68,미반납현황!$M$6:$M$1005,0)),"") | C73: =IF($B73="","",IFERROR(INDEX(대여내역!$B$3:$B$1002,MATCH("R"&68,미반납현황!$M$6:$M$1005,0)),"")) | D73: =IF($B73="","",IFERROR(INDEX(대여내역!$C$3:$C$1002,MATCH("R"&68,미반납현황!$M$6:$M$1005,0)),"")) | E73: =IF($B73="","",IFERROR(INDEX(대여내역!$E$3:$E$1002,MATCH("R"&68,미반납현황!$M$6:$M$1005,0)),"")) | F73: =IF($B73="","",IFERROR(INDEX(대여내역!$G$3:$G$1002,MATCH("R"&68,미반납현황!$M$6:$M$1005,0)),"")) | G73: =IF($B73="","",IFERROR(INDEX(대여내역!$J$3:$J$1002,MATCH("R"&68,미반납현황!$M$6:$M$1005,0)),"")) | H73: =IF($B73="","",IFERROR(INDEX(대여내역!$H$3:$H$1002,MATCH("R"&68,미반납현황!$M$6:$M$1005,0)),"")) | I73: =IF($B73="","",IFERROR(INDEX(대여내역!$K$3:$K$1002,MATCH("R"&68,미반납현황!$M$6:$M$1005,0)),"")) | K73: =IF(대여내역!$A70="",FALSE(),OR(대여내역!$L70="미반납",대여내역!$L70="부분반납")) -> FALSE | L73: =IF($K73=FALSE(),"",COUNTIF($K$6:$K73,TRUE())) | M73: =IF($L73="","","R"&$L73)
A74: =IF($B74="","",69) | B74: =IFERROR(INDEX(대여내역!$A$3:$A$1002,MATCH("R"&69,미반납현황!$M$6:$M$1005,0)),"") | C74: =IF($B74="","",IFERROR(INDEX(대여내역!$B$3:$B$1002,MATCH("R"&69,미반납현황!$M$6:$M$1005,0)),"")) | D74: =IF($B74="","",IFERROR(INDEX(대여내역!$C$3:$C$1002,MATCH("R"&69,미반납현황!$M$6:$M$1005,0)),"")) | E74: =IF($B74="","",IFERROR(INDEX(대여내역!$E$3:$E$1002,MATCH("R"&69,미반납현황!$M$6:$M$1005,0)),"")) | F74: =IF($B74="","",IFERROR(INDEX(대여내역!$G$3:$G$1002,MATCH("R"&69,미반납현황!$M$6:$M$1005,0)),"")) | G74: =IF($B74="","",IFERROR(INDEX(대여내역!$J$3:$J$1002,MATCH("R"&69,미반납현황!$M$6:$M$1005,0)),"")) | H74: =IF($B74="","",IFERROR(INDEX(대여내역!$H$3:$H$1002,MATCH("R"&69,미반납현황!$M$6:$M$1005,0)),"")) | I74: =IF($B74="","",IFERROR(INDEX(대여내역!$K$3:$K$1002,MATCH("R"&69,미반납현황!$M$6:$M$1005,0)),"")) | K74: =IF(대여내역!$A71="",FALSE(),OR(대여내역!$L71="미반납",대여내역!$L71="부분반납")) -> FALSE | L74: =IF($K74=FALSE(),"",COUNTIF($K$6:$K74,TRUE())) | M74: =IF($L74="","","R"&$L74)
A75: =IF($B75="","",70) | B75: =IFERROR(INDEX(대여내역!$A$3:$A$1002,MATCH("R"&70,미반납현황!$M$6:$M$1005,0)),"") | C75: =IF($B75="","",IFERROR(INDEX(대여내역!$B$3:$B$1002,MATCH("R"&70,미반납현황!$M$6:$M$1005,0)),"")) | D75: =IF($B75="","",IFERROR(INDEX(대여내역!$C$3:$C$1002,MATCH("R"&70,미반납현황!$M$6:$M$1005,0)),"")) | E75: =IF($B75="","",IFERROR(INDEX(대여내역!$E$3:$E$1002,MATCH("R"&70,미반납현황!$M$6:$M$1005,0)),"")) | F75: =IF($B75="","",IFERROR(INDEX(대여내역!$G$3:$G$1002,MATCH("R"&70,미반납현황!$M$6:$M$1005,0)),"")) | G75: =IF($B75="","",IFERROR(INDEX(대여내역!$J$3:$J$1002,MATCH("R"&70,미반납현황!$M$6:$M$1005,0)),"")) | H75: =IF($B75="","",IFERROR(INDEX(대여내역!$H$3:$H$1002,MATCH("R"&70,미반납현황!$M$6:$M$1005,0)),"")) | I75: =IF($B75="","",IFERROR(INDEX(대여내역!$K$3:$K$1002,MATCH("R"&70,미반납현황!$M$6:$M$1005,0)),"")) | K75: =IF(대여내역!$A72="",FALSE(),OR(대여내역!$L72="미반납",대여내역!$L72="부분반납")) -> FALSE | L75: =IF($K75=FALSE(),"",COUNTIF($K$6:$K75,TRUE())) | M75: =IF($L75="","","R"&$L75)
A76: =IF($B76="","",71) | B76: =IFERROR(INDEX(대여내역!$A$3:$A$1002,MATCH("R"&71,미반납현황!$M$6:$M$1005,0)),"") | C76: =IF($B76="","",IFERROR(INDEX(대여내역!$B$3:$B$1002,MATCH("R"&71,미반납현황!$M$6:$M$1005,0)),"")) | D76: =IF($B76="","",IFERROR(INDEX(대여내역!$C$3:$C$1002,MATCH("R"&71,미반납현황!$M$6:$M$1005,0)),"")) | E76: =IF($B76="","",IFERROR(INDEX(대여내역!$E$3:$E$1002,MATCH("R"&71,미반납현황!$M$6:$M$1005,0)),"")) | F76: =IF($B76="","",IFERROR(INDEX(대여내역!$G$3:$G$1002,MATCH("R"&71,미반납현황!$M$6:$M$1005,0)),"")) | G76: =IF($B76="","",IFERROR(INDEX(대여내역!$J$3:$J$1002,MATCH("R"&71,미반납현황!$M$6:$M$1005,0)),"")) | H76: =IF($B76="","",IFERROR(INDEX(대여내역!$H$3:$H$1002,MATCH("R"&71,미반납현황!$M$6:$M$1005,0)),"")) | I76: =IF($B76="","",IFERROR(INDEX(대여내역!$K$3:$K$1002,MATCH("R"&71,미반납현황!$M$6:$M$1005,0)),"")) | K76: =IF(대여내역!$A73="",FALSE(),OR(대여내역!$L73="미반납",대여내역!$L73="부분반납")) -> FALSE | L76: =IF($K76=FALSE(),"",COUNTIF($K$6:$K76,TRUE())) | M76: =IF($L76="","","R"&$L76)
A77: =IF($B77="","",72) | B77: =IFERROR(INDEX(대여내역!$A$3:$A$1002,MATCH("R"&72,미반납현황!$M$6:$M$1005,0)),"") | C77: =IF($B77="","",IFERROR(INDEX(대여내역!$B$3:$B$1002,MATCH("R"&72,미반납현황!$M$6:$M$1005,0)),"")) | D77: =IF($B77="","",IFERROR(INDEX(대여내역!$C$3:$C$1002,MATCH("R"&72,미반납현황!$M$6:$M$1005,0)),"")) | E77: =IF($B77="","",IFERROR(INDEX(대여내역!$E$3:$E$1002,MATCH("R"&72,미반납현황!$M$6:$M$1005,0)),"")) | F77: =IF($B77="","",IFERROR(INDEX(대여내역!$G$3:$G$1002,MATCH("R"&72,미반납현황!$M$6:$M$1005,0)),"")) | G77: =IF($B77="","",IFERROR(INDEX(대여내역!$J$3:$J$1002,MATCH("R"&72,미반납현황!$M$6:$M$1005,0)),"")) | H77: =IF($B77="","",IFERROR(INDEX(대여내역!$H$3:$H$1002,MATCH("R"&72,미반납현황!$M$6:$M$1005,0)),"")) | I77: =IF($B77="","",IFERROR(INDEX(대여내역!$K$3:$K$1002,MATCH("R"&72,미반납현황!$M$6:$M$1005,0)),"")) | K77: =IF(대여내역!$A74="",FALSE(),OR(대여내역!$L74="미반납",대여내역!$L74="부분반납")) -> FALSE | L77: =IF($K77=FALSE(),"",COUNTIF($K$6:$K77,TRUE())) | M77: =IF($L77="","","R"&$L77)
A78: =IF($B78="","",73) | B78: =IFERROR(INDEX(대여내역!$A$3:$A$1002,MATCH("R"&73,미반납현황!$M$6:$M$1005,0)),"") | C78: =IF($B78="","",IFERROR(INDEX(대여내역!$B$3:$B$1002,MATCH("R"&73,미반납현황!$M$6:$M$1005,0)),"")) | D78: =IF($B78="","",IFERROR(INDEX(대여내역!$C$3:$C$1002,MATCH("R"&73,미반납현황!$M$6:$M$1005,0)),"")) | E78: =IF($B78="","",IFERROR(INDEX(대여내역!$E$3:$E$1002,MATCH("R"&73,미반납현황!$M$6:$M$1005,0)),"")) | F78: =IF($B78="","",IFERROR(INDEX(대여내역!$G$3:$G$1002,MATCH("R"&73,미반납현황!$M$6:$M$1005,0)),"")) | G78: =IF($B78="","",IFERROR(INDEX(대여내역!$J$3:$J$1002,MATCH("R"&73,미반납현황!$M$6:$M$1005,0)),"")) | H78: =IF($B78="","",IFERROR(INDEX(대여내역!$H$3:$H$1002,MATCH("R"&73,미반납현황!$M$6:$M$1005,0)),"")) | I78: =IF($B78="","",IFERROR(INDEX(대여내역!$K$3:$K$1002,MATCH("R"&73,미반납현황!$M$6:$M$1005,0)),"")) | K78: =IF(대여내역!$A75="",FALSE(),OR(대여내역!$L75="미반납",대여내역!$L75="부분반납")) -> FALSE | L78: =IF($K78=FALSE(),"",COUNTIF($K$6:$K78,TRUE())) | M78: =IF($L78="","","R"&$L78)
A79: =IF($B79="","",74) | B79: =IFERROR(INDEX(대여내역!$A$3:$A$1002,MATCH("R"&74,미반납현황!$M$6:$M$1005,0)),"") | C79: =IF($B79="","",IFERROR(INDEX(대여내역!$B$3:$B$1002,MATCH("R"&74,미반납현황!$M$6:$M$1005,0)),"")) | D79: =IF($B79="","",IFERROR(INDEX(대여내역!$C$3:$C$1002,MATCH("R"&74,미반납현황!$M$6:$M$1005,0)),"")) | E79: =IF($B79="","",IFERROR(INDEX(대여내역!$E$3:$E$1002,MATCH("R"&74,미반납현황!$M$6:$M$1005,0)),"")) | F79: =IF($B79="","",IFERROR(INDEX(대여내역!$G$3:$G$1002,MATCH("R"&74,미반납현황!$M$6:$M$1005,0)),"")) | G79: =IF($B79="","",IFERROR(INDEX(대여내역!$J$3:$J$1002,MATCH("R"&74,미반납현황!$M$6:$M$1005,0)),"")) | H79: =IF($B79="","",IFERROR(INDEX(대여내역!$H$3:$H$1002,MATCH("R"&74,미반납현황!$M$6:$M$1005,0)),"")) | I79: =IF($B79="","",IFERROR(INDEX(대여내역!$K$3:$K$1002,MATCH("R"&74,미반납현황!$M$6:$M$1005,0)),"")) | K79: =IF(대여내역!$A76="",FALSE(),OR(대여내역!$L76="미반납",대여내역!$L76="부분반납")) -> FALSE | L79: =IF($K79=FALSE(),"",COUNTIF($K$6:$K79,TRUE())) | M79: =IF($L79="","","R"&$L79)
A80: =IF($B80="","",75) | B80: =IFERROR(INDEX(대여내역!$A$3:$A$1002,MATCH("R"&75,미반납현황!$M$6:$M$1005,0)),"") | C80: =IF($B80="","",IFERROR(INDEX(대여내역!$B$3:$B$1002,MATCH("R"&75,미반납현황!$M$6:$M$1005,0)),"")) | D80: =IF($B80="","",IFERROR(INDEX(대여내역!$C$3:$C$1002,MATCH("R"&75,미반납현황!$M$6:$M$1005,0)),"")) | E80: =IF($B80="","",IFERROR(INDEX(대여내역!$E$3:$E$1002,MATCH("R"&75,미반납현황!$M$6:$M$1005,0)),"")) | F80: =IF($B80="","",IFERROR(INDEX(대여내역!$G$3:$G$1002,MATCH("R"&75,미반납현황!$M$6:$M$1005,0)),"")) | G80: =IF($B80="","",IFERROR(INDEX(대여내역!$J$3:$J$1002,MATCH("R"&75,미반납현황!$M$6:$M$1005,0)),"")) | H80: =IF($B80="","",IFERROR(INDEX(대여내역!$H$3:$H$1002,MATCH("R"&75,미반납현황!$M$6:$M$1005,0)),"")) | I80: =IF($B80="","",IFERROR(INDEX(대여내역!$K$3:$K$1002,MATCH("R"&75,미반납현황!$M$6:$M$1005,0)),"")) | K80: =IF(대여내역!$A77="",FALSE(),OR(대여내역!$L77="미반납",대여내역!$L77="부분반납")) -> FALSE | L80: =IF($K80=FALSE(),"",COUNTIF($K$6:$K80,TRUE())) | M80: =IF($L80="","","R"&$L80)
A81: =IF($B81="","",76) | B81: =IFERROR(INDEX(대여내역!$A$3:$A$1002,MATCH("R"&76,미반납현황!$M$6:$M$1005,0)),"") | C81: =IF($B81="","",IFERROR(INDEX(대여내역!$B$3:$B$1002,MATCH("R"&76,미반납현황!$M$6:$M$1005,0)),"")) | D81: =IF($B81="","",IFERROR(INDEX(대여내역!$C$3:$C$1002,MATCH("R"&76,미반납현황!$M$6:$M$1005,0)),"")) | E81: =IF($B81="","",IFERROR(INDEX(대여내역!$E$3:$E$1002,MATCH("R"&76,미반납현황!$M$6:$M$1005,0)),"")) | F81: =IF($B81="","",IFERROR(INDEX(대여내역!$G$3:$G$1002,MATCH("R"&76,미반납현황!$M$6:$M$1005,0)),"")) | G81: =IF($B81="","",IFERROR(INDEX(대여내역!$J$3:$J$1002,MATCH("R"&76,미반납현황!$M$6:$M$1005,0)),"")) | H81: =IF($B81="","",IFERROR(INDEX(대여내역!$H$3:$H$1002,MATCH("R"&76,미반납현황!$M$6:$M$1005,0)),"")) | I81: =IF($B81="","",IFERROR(INDEX(대여내역!$K$3:$K$1002,MATCH("R"&76,미반납현황!$M$6:$M$1005,0)),"")) | K81: =IF(대여내역!$A78="",FALSE(),OR(대여내역!$L78="미반납",대여내역!$L78="부분반납")) -> FALSE | L81: =IF($K81=FALSE(),"",COUNTIF($K$6:$K81,TRUE())) | M81: =IF($L81="","","R"&$L81)
A82: =IF($B82="","",77) | B82: =IFERROR(INDEX(대여내역!$A$3:$A$1002,MATCH("R"&77,미반납현황!$M$6:$M$1005,0)),"") | C82: =IF($B82="","",IFERROR(INDEX(대여내역!$B$3:$B$1002,MATCH("R"&77,미반납현황!$M$6:$M$1005,0)),"")) | D82: =IF($B82="","",IFERROR(INDEX(대여내역!$C$3:$C$1002,MATCH("R"&77,미반납현황!$M$6:$M$1005,0)),"")) | E82: =IF($B82="","",IFERROR(INDEX(대여내역!$E$3:$E$1002,MATCH("R"&77,미반납현황!$M$6:$M$1005,0)),"")) | F82: =IF($B82="","",IFERROR(INDEX(대여내역!$G$3:$G$1002,MATCH("R"&77,미반납현황!$M$6:$M$1005,0)),"")) | G82: =IF($B82="","",IFERROR(INDEX(대여내역!$J$3:$J$1002,MATCH("R"&77,미반납현황!$M$6:$M$1005,0)),"")) | H82: =IF($B82="","",IFERROR(INDEX(대여내역!$H$3:$H$1002,MATCH("R"&77,미반납현황!$M$6:$M$1005,0)),"")) | I82: =IF($B82="","",IFERROR(INDEX(대여내역!$K$3:$K$1002,MATCH("R"&77,미반납현황!$M$6:$M$1005,0)),"")) | K82: =IF(대여내역!$A79="",FALSE(),OR(대여내역!$L79="미반납",대여내역!$L79="부분반납")) -> FALSE | L82: =IF($K82=FALSE(),"",COUNTIF($K$6:$K82,TRUE())) | M82: =IF($L82="","","R"&$L82)
A83: =IF($B83="","",78) | B83: =IFERROR(INDEX(대여내역!$A$3:$A$1002,MATCH("R"&78,미반납현황!$M$6:$M$1005,0)),"") | C83: =IF($B83="","",IFERROR(INDEX(대여내역!$B$3:$B$1002,MATCH("R"&78,미반납현황!$M$6:$M$1005,0)),"")) | D83: =IF($B83="","",IFERROR(INDEX(대여내역!$C$3:$C$1002,MATCH("R"&78,미반납현황!$M$6:$M$1005,0)),"")) | E83: =IF($B83="","",IFERROR(INDEX(대여내역!$E$3:$E$1002,MATCH("R"&78,미반납현황!$M$6:$M$1005,0)),"")) | F83: =IF($B83="","",IFERROR(INDEX(대여내역!$G$3:$G$1002,MATCH("R"&78,미반납현황!$M$6:$M$1005,0)),"")) | G83: =IF($B83="","",IFERROR(INDEX(대여내역!$J$3:$J$1002,MATCH("R"&78,미반납현황!$M$6:$M$1005,0)),"")) | H83: =IF($B83="","",IFERROR(INDEX(대여내역!$H$3:$H$1002,MATCH("R"&78,미반납현황!$M$6:$M$1005,0)),"")) | I83: =IF($B83="","",IFERROR(INDEX(대여내역!$K$3:$K$1002,MATCH("R"&78,미반납현황!$M$6:$M$1005,0)),"")) | K83: =IF(대여내역!$A80="",FALSE(),OR(대여내역!$L80="미반납",대여내역!$L80="부분반납")) -> FALSE | L83: =IF($K83=FALSE(),"",COUNTIF($K$6:$K83,TRUE())) | M83: =IF($L83="","","R"&$L83)
A84: =IF($B84="","",79) | B84: =IFERROR(INDEX(대여내역!$A$3:$A$1002,MATCH("R"&79,미반납현황!$M$6:$M$1005,0)),"") | C84: =IF($B84="","",IFERROR(INDEX(대여내역!$B$3:$B$1002,MATCH("R"&79,미반납현황!$M$6:$M$1005,0)),"")) | D84: =IF($B84="","",IFERROR(INDEX(대여내역!$C$3:$C$1002,MATCH("R"&79,미반납현황!$M$6:$M$1005,0)),"")) | E84: =IF($B84="","",IFERROR(INDEX(대여내역!$E$3:$E$1002,MATCH("R"&79,미반납현황!$M$6:$M$1005,0)),"")) | F84: =IF($B84="","",IFERROR(INDEX(대여내역!$G$3:$G$1002,MATCH("R"&79,미반납현황!$M$6:$M$1005,0)),"")) | G84: =IF($B84="","",IFERROR(INDEX(대여내역!$J$3:$J$1002,MATCH("R"&79,미반납현황!$M$6:$M$1005,0)),"")) | H84: =IF($B84="","",IFERROR(INDEX(대여내역!$H$3:$H$1002,MATCH("R"&79,미반납현황!$M$6:$M$1005,0)),"")) | I84: =IF($B84="","",IFERROR(INDEX(대여내역!$K$3:$K$1002,MATCH("R"&79,미반납현황!$M$6:$M$1005,0)),"")) | K84: =IF(대여내역!$A81="",FALSE(),OR(대여내역!$L81="미반납",대여내역!$L81="부분반납")) -> FALSE | L84: =IF($K84=FALSE(),"",COUNTIF($K$6:$K84,TRUE())) | M84: =IF($L84="","","R"&$L84)
A85: =IF($B85="","",80) | B85: =IFERROR(INDEX(대여내역!$A$3:$A$1002,MATCH("R"&80,미반납현황!$M$6:$M$1005,0)),"") | C85: =IF($B85="","",IFERROR(INDEX(대여내역!$B$3:$B$1002,MATCH("R"&80,미반납현황!$M$6:$M$1005,0)),"")) | D85: =IF($B85="","",IFERROR(INDEX(대여내역!$C$3:$C$1002,MATCH("R"&80,미반납현황!$M$6:$M$1005,0)),"")) | E85: =IF($B85="","",IFERROR(INDEX(대여내역!$E$3:$E$1002,MATCH("R"&80,미반납현황!$M$6:$M$1005,0)),"")) | F85: =IF($B85="","",IFERROR(INDEX(대여내역!$G$3:$G$1002,MATCH("R"&80,미반납현황!$M$6:$M$1005,0)),"")) | G85: =IF($B85="","",IFERROR(INDEX(대여내역!$J$3:$J$1002,MATCH("R"&80,미반납현황!$M$6:$M$1005,0)),"")) | H85: =IF($B85="","",IFERROR(INDEX(대여내역!$H$3:$H$1002,MATCH("R"&80,미반납현황!$M$6:$M$1005,0)),"")) | I85: =IF($B85="","",IFERROR(INDEX(대여내역!$K$3:$K$1002,MATCH("R"&80,미반납현황!$M$6:$M$1005,0)),"")) | K85: =IF(대여내역!$A82="",FALSE(),OR(대여내역!$L82="미반납",대여내역!$L82="부분반납")) -> FALSE | L85: =IF($K85=FALSE(),"",COUNTIF($K$6:$K85,TRUE())) | M85: =IF($L85="","","R"&$L85)
A86: =IF($B86="","",81) | B86: =IFERROR(INDEX(대여내역!$A$3:$A$1002,MATCH("R"&81,미반납현황!$M$6:$M$1005,0)),"") | C86: =IF($B86="","",IFERROR(INDEX(대여내역!$B$3:$B$1002,MATCH("R"&81,미반납현황!$M$6:$M$1005,0)),"")) | D86: =IF($B86="","",IFERROR(INDEX(대여내역!$C$3:$C$1002,MATCH("R"&81,미반납현황!$M$6:$M$1005,0)),"")) | E86: =IF($B86="","",IFERROR(INDEX(대여내역!$E$3:$E$1002,MATCH("R"&81,미반납현황!$M$6:$M$1005,0)),"")) | F86: =IF($B86="","",IFERROR(INDEX(대여내역!$G$3:$G$1002,MATCH("R"&81,미반납현황!$M$6:$M$1005,0)),"")) | G86: =IF($B86="","",IFERROR(INDEX(대여내역!$J$3:$J$1002,MATCH("R"&81,미반납현황!$M$6:$M$1005,0)),"")) | H86: =IF($B86="","",IFERROR(INDEX(대여내역!$H$3:$H$1002,MATCH("R"&81,미반납현황!$M$6:$M$1005,0)),"")) | I86: =IF($B86="","",IFERROR(INDEX(대여내역!$K$3:$K$1002,MATCH("R"&81,미반납현황!$M$6:$M$1005,0)),"")) | K86: =IF(대여내역!$A83="",FALSE(),OR(대여내역!$L83="미반납",대여내역!$L83="부분반납")) -> FALSE | L86: =IF($K86=FALSE(),"",COUNTIF($K$6:$K86,TRUE())) | M86: =IF($L86="","","R"&$L86)
A87: =IF($B87="","",82) | B87: =IFERROR(INDEX(대여내역!$A$3:$A$1002,MATCH("R"&82,미반납현황!$M$6:$M$1005,0)),"") | C87: =IF($B87="","",IFERROR(INDEX(대여내역!$B$3:$B$1002,MATCH("R"&82,미반납현황!$M$6:$M$1005,0)),"")) | D87: =IF($B87="","",IFERROR(INDEX(대여내역!$C$3:$C$1002,MATCH("R"&82,미반납현황!$M$6:$M$1005,0)),"")) | E87: =IF($B87="","",IFERROR(INDEX(대여내역!$E$3:$E$1002,MATCH("R"&82,미반납현황!$M$6:$M$1005,0)),"")) | F87: =IF($B87="","",IFERROR(INDEX(대여내역!$G$3:$G$1002,MATCH("R"&82,미반납현황!$M$6:$M$1005,0)),"")) | G87: =IF($B87="","",IFERROR(INDEX(대여내역!$J$3:$J$1002,MATCH("R"&82,미반납현황!$M$6:$M$1005,0)),"")) | H87: =IF($B87="","",IFERROR(INDEX(대여내역!$H$3:$H$1002,MATCH("R"&82,미반납현황!$M$6:$M$1005,0)),"")) | I87: =IF($B87="","",IFERROR(INDEX(대여내역!$K$3:$K$1002,MATCH("R"&82,미반납현황!$M$6:$M$1005,0)),"")) | K87: =IF(대여내역!$A84="",FALSE(),OR(대여내역!$L84="미반납",대여내역!$L84="부분반납")) -> FALSE | L87: =IF($K87=FALSE(),"",COUNTIF($K$6:$K87,TRUE())) | M87: =IF($L87="","","R"&$L87)
A88: =IF($B88="","",83) | B88: =IFERROR(INDEX(대여내역!$A$3:$A$1002,MATCH("R"&83,미반납현황!$M$6:$M$1005,0)),"") | C88: =IF($B88="","",IFERROR(INDEX(대여내역!$B$3:$B$1002,MATCH("R"&83,미반납현황!$M$6:$M$1005,0)),"")) | D88: =IF($B88="","",IFERROR(INDEX(대여내역!$C$3:$C$1002,MATCH("R"&83,미반납현황!$M$6:$M$1005,0)),"")) | E88: =IF($B88="","",IFERROR(INDEX(대여내역!$E$3:$E$1002,MATCH("R"&83,미반납현황!$M$6:$M$1005,0)),"")) | F88: =IF($B88="","",IFERROR(INDEX(대여내역!$G$3:$G$1002,MATCH("R"&83,미반납현황!$M$6:$M$1005,0)),"")) | G88: =IF($B88="","",IFERROR(INDEX(대여내역!$J$3:$J$1002,MATCH("R"&83,미반납현황!$M$6:$M$1005,0)),"")) | H88: =IF($B88="","",IFERROR(INDEX(대여내역!$H$3:$H$1002,MATCH("R"&83,미반납현황!$M$6:$M$1005,0)),"")) | I88: =IF($B88="","",IFERROR(INDEX(대여내역!$K$3:$K$1002,MATCH("R"&83,미반납현황!$M$6:$M$1005,0)),"")) | K88: =IF(대여내역!$A85="",FALSE(),OR(대여내역!$L85="미반납",대여내역!$L85="부분반납")) -> FALSE | L88: =IF($K88=FALSE(),"",COUNTIF($K$6:$K88,TRUE())) | M88: =IF($L88="","","R"&$L88)
A89: =IF($B89="","",84) | B89: =IFERROR(INDEX(대여내역!$A$3:$A$1002,MATCH("R"&84,미반납현황!$M$6:$M$1005,0)),"") | C89: =IF($B89="","",IFERROR(INDEX(대여내역!$B$3:$B$1002,MATCH("R"&84,미반납현황!$M$6:$M$1005,0)),"")) | D89: =IF($B89="","",IFERROR(INDEX(대여내역!$C$3:$C$1002,MATCH("R"&84,미반납현황!$M$6:$M$1005,0)),"")) | E89: =IF($B89="","",IFERROR(INDEX(대여내역!$E$3:$E$1002,MATCH("R"&84,미반납현황!$M$6:$M$1005,0)),"")) | F89: =IF($B89="","",IFERROR(INDEX(대여내역!$G$3:$G$1002,MATCH("R"&84,미반납현황!$M$6:$M$1005,0)),"")) | G89: =IF($B89="","",IFERROR(INDEX(대여내역!$J$3:$J$1002,MATCH("R"&84,미반납현황!$M$6:$M$1005,0)),"")) | H89: =IF($B89="","",IFERROR(INDEX(대여내역!$H$3:$H$1002,MATCH("R"&84,미반납현황!$M$6:$M$1005,0)),"")) | I89: =IF($B89="","",IFERROR(INDEX(대여내역!$K$3:$K$1002,MATCH("R"&84,미반납현황!$M$6:$M$1005,0)),"")) | K89: =IF(대여내역!$A86="",FALSE(),OR(대여내역!$L86="미반납",대여내역!$L86="부분반납")) -> FALSE | L89: =IF($K89=FALSE(),"",COUNTIF($K$6:$K89,TRUE())) | M89: =IF($L89="","","R"&$L89)
A90: =IF($B90="","",85) | B90: =IFERROR(INDEX(대여내역!$A$3:$A$1002,MATCH("R"&85,미반납현황!$M$6:$M$1005,0)),"") | C90: =IF($B90="","",IFERROR(INDEX(대여내역!$B$3:$B$1002,MATCH("R"&85,미반납현황!$M$6:$M$1005,0)),"")) | D90: =IF($B90="","",IFERROR(INDEX(대여내역!$C$3:$C$1002,MATCH("R"&85,미반납현황!$M$6:$M$1005,0)),"")) | E90: =IF($B90="","",IFERROR(INDEX(대여내역!$E$3:$E$1002,MATCH("R"&85,미반납현황!$M$6:$M$1005,0)),"")) | F90: =IF($B90="","",IFERROR(INDEX(대여내역!$G$3:$G$1002,MATCH("R"&85,미반납현황!$M$6:$M$1005,0)),"")) | G90: =IF($B90="","",IFERROR(INDEX(대여내역!$J$3:$J$1002,MATCH("R"&85,미반납현황!$M$6:$M$1005,0)),"")) | H90: =IF($B90="","",IFERROR(INDEX(대여내역!$H$3:$H$1002,MATCH("R"&85,미반납현황!$M$6:$M$1005,0)),"")) | I90: =IF($B90="","",IFERROR(INDEX(대여내역!$K$3:$K$1002,MATCH("R"&85,미반납현황!$M$6:$M$1005,0)),"")) | K90: =IF(대여내역!$A87="",FALSE(),OR(대여내역!$L87="미반납",대여내역!$L87="부분반납")) -> FALSE | L90: =IF($K90=FALSE(),"",COUNTIF($K$6:$K90,TRUE())) | M90: =IF($L90="","","R"&$L90)
A91: =IF($B91="","",86) | B91: =IFERROR(INDEX(대여내역!$A$3:$A$1002,MATCH("R"&86,미반납현황!$M$6:$M$1005,0)),"") | C91: =IF($B91="","",IFERROR(INDEX(대여내역!$B$3:$B$1002,MATCH("R"&86,미반납현황!$M$6:$M$1005,0)),"")) | D91: =IF($B91="","",IFERROR(INDEX(대여내역!$C$3:$C$1002,MATCH("R"&86,미반납현황!$M$6:$M$1005,0)),"")) | E91: =IF($B91="","",IFERROR(INDEX(대여내역!$E$3:$E$1002,MATCH("R"&86,미반납현황!$M$6:$M$1005,0)),"")) | F91: =IF($B91="","",IFERROR(INDEX(대여내역!$G$3:$G$1002,MATCH("R"&86,미반납현황!$M$6:$M$1005,0)),"")) | G91: =IF($B91="","",IFERROR(INDEX(대여내역!$J$3:$J$1002,MATCH("R"&86,미반납현황!$M$6:$M$1005,0)),"")) | H91: =IF($B91="","",IFERROR(INDEX(대여내역!$H$3:$H$1002,MATCH("R"&86,미반납현황!$M$6:$M$1005,0)),"")) | I91: =IF($B91="","",IFERROR(INDEX(대여내역!$K$3:$K$1002,MATCH("R"&86,미반납현황!$M$6:$M$1005,0)),"")) | K91: =IF(대여내역!$A88="",FALSE(),OR(대여내역!$L88="미반납",대여내역!$L88="부분반납")) -> FALSE | L91: =IF($K91=FALSE(),"",COUNTIF($K$6:$K91,TRUE())) | M91: =IF($L91="","","R"&$L91)
A92: =IF($B92="","",87) | B92: =IFERROR(INDEX(대여내역!$A$3:$A$1002,MATCH("R"&87,미반납현황!$M$6:$M$1005,0)),"") | C92: =IF($B92="","",IFERROR(INDEX(대여내역!$B$3:$B$1002,MATCH("R"&87,미반납현황!$M$6:$M$1005,0)),"")) | D92: =IF($B92="","",IFERROR(INDEX(대여내역!$C$3:$C$1002,MATCH("R"&87,미반납현황!$M$6:$M$1005,0)),"")) | E92: =IF($B92="","",IFERROR(INDEX(대여내역!$E$3:$E$1002,MATCH("R"&87,미반납현황!$M$6:$M$1005,0)),"")) | F92: =IF($B92="","",IFERROR(INDEX(대여내역!$G$3:$G$1002,MATCH("R"&87,미반납현황!$M$6:$M$1005,0)),"")) | G92: =IF($B92="","",IFERROR(INDEX(대여내역!$J$3:$J$1002,MATCH("R"&87,미반납현황!$M$6:$M$1005,0)),"")) | H92: =IF($B92="","",IFERROR(INDEX(대여내역!$H$3:$H$1002,MATCH("R"&87,미반납현황!$M$6:$M$1005,0)),"")) | I92: =IF($B92="","",IFERROR(INDEX(대여내역!$K$3:$K$1002,MATCH("R"&87,미반납현황!$M$6:$M$1005,0)),"")) | K92: =IF(대여내역!$A89="",FALSE(),OR(대여내역!$L89="미반납",대여내역!$L89="부분반납")) -> FALSE | L92: =IF($K92=FALSE(),"",COUNTIF($K$6:$K92,TRUE())) | M92: =IF($L92="","","R"&$L92)
A93: =IF($B93="","",88) | B93: =IFERROR(INDEX(대여내역!$A$3:$A$1002,MATCH("R"&88,미반납현황!$M$6:$M$1005,0)),"") | C93: =IF($B93="","",IFERROR(INDEX(대여내역!$B$3:$B$1002,MATCH("R"&88,미반납현황!$M$6:$M$1005,0)),"")) | D93: =IF($B93="","",IFERROR(INDEX(대여내역!$C$3:$C$1002,MATCH("R"&88,미반납현황!$M$6:$M$1005,0)),"")) | E93: =IF($B93="","",IFERROR(INDEX(대여내역!$E$3:$E$1002,MATCH("R"&88,미반납현황!$M$6:$M$1005,0)),"")) | F93: =IF($B93="","",IFERROR(INDEX(대여내역!$G$3:$G$1002,MATCH("R"&88,미반납현황!$M$6:$M$1005,0)),"")) | G93: =IF($B93="","",IFERROR(INDEX(대여내역!$J$3:$J$1002,MATCH("R"&88,미반납현황!$M$6:$M$1005,0)),"")) | H93: =IF($B93="","",IFERROR(INDEX(대여내역!$H$3:$H$1002,MATCH("R"&88,미반납현황!$M$6:$M$1005,0)),"")) | I93: =IF($B93="","",IFERROR(INDEX(대여내역!$K$3:$K$1002,MATCH("R"&88,미반납현황!$M$6:$M$1005,0)),"")) | K93: =IF(대여내역!$A90="",FALSE(),OR(대여내역!$L90="미반납",대여내역!$L90="부분반납")) -> FALSE | L93: =IF($K93=FALSE(),"",COUNTIF($K$6:$K93,TRUE())) | M93: =IF($L93="","","R"&$L93)
A94: =IF($B94="","",89) | B94: =IFERROR(INDEX(대여내역!$A$3:$A$1002,MATCH("R"&89,미반납현황!$M$6:$M$1005,0)),"") | C94: =IF($B94="","",IFERROR(INDEX(대여내역!$B$3:$B$1002,MATCH("R"&89,미반납현황!$M$6:$M$1005,0)),"")) | D94: =IF($B94="","",IFERROR(INDEX(대여내역!$C$3:$C$1002,MATCH("R"&89,미반납현황!$M$6:$M$1005,0)),"")) | E94: =IF($B94="","",IFERROR(INDEX(대여내역!$E$3:$E$1002,MATCH("R"&89,미반납현황!$M$6:$M$1005,0)),"")) | F94: =IF($B94="","",IFERROR(INDEX(대여내역!$G$3:$G$1002,MATCH("R"&89,미반납현황!$M$6:$M$1005,0)),"")) | G94: =IF($B94="","",IFERROR(INDEX(대여내역!$J$3:$J$1002,MATCH("R"&89,미반납현황!$M$6:$M$1005,0)),"")) | H94: =IF($B94="","",IFERROR(INDEX(대여내역!$H$3:$H$1002,MATCH("R"&89,미반납현황!$M$6:$M$1005,0)),"")) | I94: =IF($B94="","",IFERROR(INDEX(대여내역!$K$3:$K$1002,MATCH("R"&89,미반납현황!$M$6:$M$1005,0)),"")) | K94: =IF(대여내역!$A91="",FALSE(),OR(대여내역!$L91="미반납",대여내역!$L91="부분반납")) -> FALSE | L94: =IF($K94=FALSE(),"",COUNTIF($K$6:$K94,TRUE())) | M94: =IF($L94="","","R"&$L94)
A95: =IF($B95="","",90) | B95: =IFERROR(INDEX(대여내역!$A$3:$A$1002,MATCH("R"&90,미반납현황!$M$6:$M$1005,0)),"") | C95: =IF($B95="","",IFERROR(INDEX(대여내역!$B$3:$B$1002,MATCH("R"&90,미반납현황!$M$6:$M$1005,0)),"")) | D95: =IF($B95="","",IFERROR(INDEX(대여내역!$C$3:$C$1002,MATCH("R"&90,미반납현황!$M$6:$M$1005,0)),"")) | E95: =IF($B95="","",IFERROR(INDEX(대여내역!$E$3:$E$1002,MATCH("R"&90,미반납현황!$M$6:$M$1005,0)),"")) | F95: =IF($B95="","",IFERROR(INDEX(대여내역!$G$3:$G$1002,MATCH("R"&90,미반납현황!$M$6:$M$1005,0)),"")) | G95: =IF($B95="","",IFERROR(INDEX(대여내역!$J$3:$J$1002,MATCH("R"&90,미반납현황!$M$6:$M$1005,0)),"")) | H95: =IF($B95="","",IFERROR(INDEX(대여내역!$H$3:$H$1002,MATCH("R"&90,미반납현황!$M$6:$M$1005,0)),"")) | I95: =IF($B95="","",IFERROR(INDEX(대여내역!$K$3:$K$1002,MATCH("R"&90,미반납현황!$M$6:$M$1005,0)),"")) | K95: =IF(대여내역!$A92="",FALSE(),OR(대여내역!$L92="미반납",대여내역!$L92="부분반납")) -> FALSE | L95: =IF($K95=FALSE(),"",COUNTIF($K$6:$K95,TRUE())) | M95: =IF($L95="","","R"&$L95)
A96: =IF($B96="","",91) | B96: =IFERROR(INDEX(대여내역!$A$3:$A$1002,MATCH("R"&91,미반납현황!$M$6:$M$1005,0)),"") | C96: =IF($B96="","",IFERROR(INDEX(대여내역!$B$3:$B$1002,MATCH("R"&91,미반납현황!$M$6:$M$1005,0)),"")) | D96: =IF($B96="","",IFERROR(INDEX(대여내역!$C$3:$C$1002,MATCH("R"&91,미반납현황!$M$6:$M$1005,0)),"")) | E96: =IF($B96="","",IFERROR(INDEX(대여내역!$E$3:$E$1002,MATCH("R"&91,미반납현황!$M$6:$M$1005,0)),"")) | F96: =IF($B96="","",IFERROR(INDEX(대여내역!$G$3:$G$1002,MATCH("R"&91,미반납현황!$M$6:$M$1005,0)),"")) | G96: =IF($B96="","",IFERROR(INDEX(대여내역!$J$3:$J$1002,MATCH("R"&91,미반납현황!$M$6:$M$1005,0)),"")) | H96: =IF($B96="","",IFERROR(INDEX(대여내역!$H$3:$H$1002,MATCH("R"&91,미반납현황!$M$6:$M$1005,0)),"")) | I96: =IF($B96="","",IFERROR(INDEX(대여내역!$K$3:$K$1002,MATCH("R"&91,미반납현황!$M$6:$M$1005,0)),"")) | K96: =IF(대여내역!$A93="",FALSE(),OR(대여내역!$L93="미반납",대여내역!$L93="부분반납")) -> FALSE | L96: =IF($K96=FALSE(),"",COUNTIF($K$6:$K96,TRUE())) | M96: =IF($L96="","","R"&$L96)
A97: =IF($B97="","",92) | B97: =IFERROR(INDEX(대여내역!$A$3:$A$1002,MATCH("R"&92,미반납현황!$M$6:$M$1005,0)),"") | C97: =IF($B97="","",IFERROR(INDEX(대여내역!$B$3:$B$1002,MATCH("R"&92,미반납현황!$M$6:$M$1005,0)),"")) | D97: =IF($B97="","",IFERROR(INDEX(대여내역!$C$3:$C$1002,MATCH("R"&92,미반납현황!$M$6:$M$1005,0)),"")) | E97: =IF($B97="","",IFERROR(INDEX(대여내역!$E$3:$E$1002,MATCH("R"&92,미반납현황!$M$6:$M$1005,0)),"")) | F97: =IF($B97="","",IFERROR(INDEX(대여내역!$G$3:$G$1002,MATCH("R"&92,미반납현황!$M$6:$M$1005,0)),"")) | G97: =IF($B97="","",IFERROR(INDEX(대여내역!$J$3:$J$1002,MATCH("R"&92,미반납현황!$M$6:$M$1005,0)),"")) | H97: =IF($B97="","",IFERROR(INDEX(대여내역!$H$3:$H$1002,MATCH("R"&92,미반납현황!$M$6:$M$1005,0)),"")) | I97: =IF($B97="","",IFERROR(INDEX(대여내역!$K$3:$K$1002,MATCH("R"&92,미반납현황!$M$6:$M$1005,0)),"")) | K97: =IF(대여내역!$A94="",FALSE(),OR(대여내역!$L94="미반납",대여내역!$L94="부분반납")) -> FALSE | L97: =IF($K97=FALSE(),"",COUNTIF($K$6:$K97,TRUE())) | M97: =IF($L97="","","R"&$L97)
A98: =IF($B98="","",93) | B98: =IFERROR(INDEX(대여내역!$A$3:$A$1002,MATCH("R"&93,미반납현황!$M$6:$M$1005,0)),"") | C98: =IF($B98="","",IFERROR(INDEX(대여내역!$B$3:$B$1002,MATCH("R"&93,미반납현황!$M$6:$M$1005,0)),"")) | D98: =IF($B98="","",IFERROR(INDEX(대여내역!$C$3:$C$1002,MATCH("R"&93,미반납현황!$M$6:$M$1005,0)),"")) | E98: =IF($B98="","",IFERROR(INDEX(대여내역!$E$3:$E$1002,MATCH("R"&93,미반납현황!$M$6:$M$1005,0)),"")) | F98: =IF($B98="","",IFERROR(INDEX(대여내역!$G$3:$G$1002,MATCH("R"&93,미반납현황!$M$6:$M$1005,0)),"")) | G98: =IF($B98="","",IFERROR(INDEX(대여내역!$J$3:$J$1002,MATCH("R"&93,미반납현황!$M$6:$M$1005,0)),"")) | H98: =IF($B98="","",IFERROR(INDEX(대여내역!$H$3:$H$1002,MATCH("R"&93,미반납현황!$M$6:$M$1005,0)),"")) | I98: =IF($B98="","",IFERROR(INDEX(대여내역!$K$3:$K$1002,MATCH("R"&93,미반납현황!$M$6:$M$1005,0)),"")) | K98: =IF(대여내역!$A95="",FALSE(),OR(대여내역!$L95="미반납",대여내역!$L95="부분반납")) -> FALSE | L98: =IF($K98=FALSE(),"",COUNTIF($K$6:$K98,TRUE())) | M98: =IF($L98="","","R"&$L98)
A99: =IF($B99="","",94) | B99: =IFERROR(INDEX(대여내역!$A$3:$A$1002,MATCH("R"&94,미반납현황!$M$6:$M$1005,0)),"") | C99: =IF($B99="","",IFERROR(INDEX(대여내역!$B$3:$B$1002,MATCH("R"&94,미반납현황!$M$6:$M$1005,0)),"")) | D99: =IF($B99="","",IFERROR(INDEX(대여내역!$C$3:$C$1002,MATCH("R"&94,미반납현황!$M$6:$M$1005,0)),"")) | E99: =IF($B99="","",IFERROR(INDEX(대여내역!$E$3:$E$1002,MATCH("R"&94,미반납현황!$M$6:$M$1005,0)),"")) | F99: =IF($B99="","",IFERROR(INDEX(대여내역!$G$3:$G$1002,MATCH("R"&94,미반납현황!$M$6:$M$1005,0)),"")) | G99: =IF($B99="","",IFERROR(INDEX(대여내역!$J$3:$J$1002,MATCH("R"&94,미반납현황!$M$6:$M$1005,0)),"")) | H99: =IF($B99="","",IFERROR(INDEX(대여내역!$H$3:$H$1002,MATCH("R"&94,미반납현황!$M$6:$M$1005,0)),"")) | I99: =IF($B99="","",IFERROR(INDEX(대여내역!$K$3:$K$1002,MATCH("R"&94,미반납현황!$M$6:$M$1005,0)),"")) | K99: =IF(대여내역!$A96="",FALSE(),OR(대여내역!$L96="미반납",대여내역!$L96="부분반납")) -> FALSE | L99: =IF($K99=FALSE(),"",COUNTIF($K$6:$K99,TRUE())) | M99: =IF($L99="","","R"&$L99)
A100: =IF($B100="","",95) | B100: =IFERROR(INDEX(대여내역!$A$3:$A$1002,MATCH("R"&95,미반납현황!$M$6:$M$1005,0)),"") | C100: =IF($B100="","",IFERROR(INDEX(대여내역!$B$3:$B$1002,MATCH("R"&95,미반납현황!$M$6:$M$1005,0)),"")) | D100: =IF($B100="","",IFERROR(INDEX(대여내역!$C$3:$C$1002,MATCH("R"&95,미반납현황!$M$6:$M$1005,0)),"")) | E100: =IF($B100="","",IFERROR(INDEX(대여내역!$E$3:$E$1002,MATCH("R"&95,미반납현황!$M$6:$M$1005,0)),"")) | F100: =IF($B100="","",IFERROR(INDEX(대여내역!$G$3:$G$1002,MATCH("R"&95,미반납현황!$M$6:$M$1005,0)),"")) | G100: =IF($B100="","",IFERROR(INDEX(대여내역!$J$3:$J$1002,MATCH("R"&95,미반납현황!$M$6:$M$1005,0)),"")) | H100: =IF($B100="","",IFERROR(INDEX(대여내역!$H$3:$H$1002,MATCH("R"&95,미반납현황!$M$6:$M$1005,0)),"")) | I100: =IF($B100="","",IFERROR(INDEX(대여내역!$K$3:$K$1002,MATCH("R"&95,미반납현황!$M$6:$M$1005,0)),"")) | K100: =IF(대여내역!$A97="",FALSE(),OR(대여내역!$L97="미반납",대여내역!$L97="부분반납")) -> FALSE | L100: =IF($K100=FALSE(),"",COUNTIF($K$6:$K100,TRUE())) | M100: =IF($L100="","","R"&$L100)
A101: =IF($B101="","",96) | B101: =IFERROR(INDEX(대여내역!$A$3:$A$1002,MATCH("R"&96,미반납현황!$M$6:$M$1005,0)),"") | C101: =IF($B101="","",IFERROR(INDEX(대여내역!$B$3:$B$1002,MATCH("R"&96,미반납현황!$M$6:$M$1005,0)),"")) | D101: =IF($B101="","",IFERROR(INDEX(대여내역!$C$3:$C$1002,MATCH("R"&96,미반납현황!$M$6:$M$1005,0)),"")) | E101: =IF($B101="","",IFERROR(INDEX(대여내역!$E$3:$E$1002,MATCH("R"&96,미반납현황!$M$6:$M$1005,0)),"")) | F101: =IF($B101="","",IFERROR(INDEX(대여내역!$G$3:$G$1002,MATCH("R"&96,미반납현황!$M$6:$M$1005,0)),"")) | G101: =IF($B101="","",IFERROR(INDEX(대여내역!$J$3:$J$1002,MATCH("R"&96,미반납현황!$M$6:$M$1005,0)),"")) | H101: =IF($B101="","",IFERROR(INDEX(대여내역!$H$3:$H$1002,MATCH("R"&96,미반납현황!$M$6:$M$1005,0)),"")) | I101: =IF($B101="","",IFERROR(INDEX(대여내역!$K$3:$K$1002,MATCH("R"&96,미반납현황!$M$6:$M$1005,0)),"")) | K101: =IF(대여내역!$A98="",FALSE(),OR(대여내역!$L98="미반납",대여내역!$L98="부분반납")) -> FALSE | L101: =IF($K101=FALSE(),"",COUNTIF($K$6:$K101,TRUE())) | M101: =IF($L101="","","R"&$L101)
A102: =IF($B102="","",97) | B102: =IFERROR(INDEX(대여내역!$A$3:$A$1002,MATCH("R"&97,미반납현황!$M$6:$M$1005,0)),"") | C102: =IF($B102="","",IFERROR(INDEX(대여내역!$B$3:$B$1002,MATCH("R"&97,미반납현황!$M$6:$M$1005,0)),"")) | D102: =IF($B102="","",IFERROR(INDEX(대여내역!$C$3:$C$1002,MATCH("R"&97,미반납현황!$M$6:$M$1005,0)),"")) | E102: =IF($B102="","",IFERROR(INDEX(대여내역!$E$3:$E$1002,MATCH("R"&97,미반납현황!$M$6:$M$1005,0)),"")) | F102: =IF($B102="","",IFERROR(INDEX(대여내역!$G$3:$G$1002,MATCH("R"&97,미반납현황!$M$6:$M$1005,0)),"")) | G102: =IF($B102="","",IFERROR(INDEX(대여내역!$J$3:$J$1002,MATCH("R"&97,미반납현황!$M$6:$M$1005,0)),"")) | H102: =IF($B102="","",IFERROR(INDEX(대여내역!$H$3:$H$1002,MATCH("R"&97,미반납현황!$M$6:$M$1005,0)),"")) | I102: =IF($B102="","",IFERROR(INDEX(대여내역!$K$3:$K$1002,MATCH("R"&97,미반납현황!$M$6:$M$1005,0)),"")) | K102: =IF(대여내역!$A99="",FALSE(),OR(대여내역!$L99="미반납",대여내역!$L99="부분반납")) -> FALSE | L102: =IF($K102=FALSE(),"",COUNTIF($K$6:$K102,TRUE())) | M102: =IF($L102="","","R"&$L102)
...

Sheet 품목별현황
A1: 품목별현황
A3: 품번 | B3: 품명 | C3: 단위 | D3: 보유수량 | E3: 대여중 | F3: 총 대여 | G3: 총 반납
A4: =IF(품목목록!$A3="","",품목목록!$A3) -> S001 | B4: =IF($A4="","",품목목록!$B3) -> 원단 샘플북 A | C4: =IF($A4="","",품목목록!$D3) -> 권 | D4: =IF($A4="","",IF(품목목록!$E3="",0,품목목록!$E3)) -> 10 | E4: =IF($A4="","",SUMIFS(대여내역!$J$3:$J$1002,대여내역!$D$3:$D$1002,$A4,대여내역!$J$3:$J$1002,">0")) -> 2 | F4: =IF($A4="","",SUMIFS(대여내역!$G$3:$G$1002,대여내역!$D$3:$D$1002,$A4)) -> 5 | G4: =IF($A4="","",SUMIFS(대여내역!$I$3:$I$1002,대여내역!$D$3:$D$1002,$A4)) -> 3
A5: =IF(품목목록!$A4="","",품목목록!$A4) -> S002 | B5: =IF($A5="","",품목목록!$B4) -> 컬러칩 세트 | C5: =IF($A5="","",품목목록!$D4) -> 세트 | D5: =IF($A5="","",IF(품목목록!$E4="",0,품목목록!$E4)) -> 5 | E5: =IF($A5="","",SUMIFS(대여내역!$J$3:$J$1002,대여내역!$D$3:$D$1002,$A5,대여내역!$J$3:$J$1002,">0")) -> 2 | F5: =IF($A5="","",SUMIFS(대여내역!$G$3:$G$1002,대여내역!$D$3:$D$1002,$A5)) -> 2 | G5: =IF($A5="","",SUMIFS(대여내역!$I$3:$I$1002,대여내역!$D$3:$D$1002,$A5)) -> 0
A6: =IF(품목목록!$A5="","",품목목록!$A5) -> S003 | B6: =IF($A6="","",품목목록!$B5) -> 시연용 노트북 | C6: =IF($A6="","",품목목록!$D5) -> 대 | D6: =IF($A6="","",IF(품목목록!$E5="",0,품목목록!$E5)) -> 3 | E6: =IF($A6="","",SUMIFS(대여내역!$J$3:$J$1002,대여내역!$D$3:$D$1002,$A6,대여내역!$J$3:$J$1002,">0")) -> 0 | F6: =IF($A6="","",SUMIFS(대여내역!$G$3:$G$1002,대여내역!$D$3:$D$1002,$A6)) -> 1 | G6: =IF($A6="","",SUMIFS(대여내역!$I$3:$I$1002,대여내역!$D$3:$D$1002,$A6)) -> 1
A7: =IF(품목목록!$A6="","",품목목록!$A6) | B7: =IF($A7="","",품목목록!$B6) | C7: =IF($A7="","",품목목록!$D6) | D7: =IF($A7="","",IF(품목목록!$E6="",0,품목목록!$E6)) | E7: =IF($A7="","",SUMIFS(대여내역!$J$3:$J$1002,대여내역!$D$3:$D$1002,$A7,대여내역!$J$3:$J$1002,">0")) | F7: =IF($A7="","",SUMIFS(대여내역!$G$3:$G$1002,대여내역!$D$3:$D$1002,$A7)) | G7: =IF($A7="","",SUMIFS(대여내역!$I$3:$I$1002,대여내역!$D$3:$D$1002,$A7))
A8: =IF(품목목록!$A7="","",품목목록!$A7) | B8: =IF($A8="","",품목목록!$B7) | C8: =IF($A8="","",품목목록!$D7) | D8: =IF($A8="","",IF(품목목록!$E7="",0,품목목록!$E7)) | E8: =IF($A8="","",SUMIFS(대여내역!$J$3:$J$1002,대여내역!$D$3:$D$1002,$A8,대여내역!$J$3:$J$1002,">0")) | F8: =IF($A8="","",SUMIFS(대여내역!$G$3:$G$1002,대여내역!$D$3:$D$1002,$A8)) | G8: =IF($A8="","",SUMIFS(대여내역!$I$3:$I$1002,대여내역!$D$3:$D$1002,$A8))
A9: =IF(품목목록!$A8="","",품목목록!$A8) | B9: =IF($A9="","",품목목록!$B8) | C9: =IF($A9="","",품목목록!$D8) | D9: =IF($A9="","",IF(품목목록!$E8="",0,품목목록!$E8)) | E9: =IF($A9="","",SUMIFS(대여내역!$J$3:$J$1002,대여내역!$D$3:$D$1002,$A9,대여내역!$J$3:$J$1002,">0")) | F9: =IF($A9="","",SUMIFS(대여내역!$G$3:$G$1002,대여내역!$D$3:$D$1002,$A9)) | G9: =IF($A9="","",SUMIFS(대여내역!$I$3:$I$1002,대여내역!$D$3:$D$1002,$A9))
A10: =IF(품목목록!$A9="","",품목목록!$A9) | B10: =IF($A10="","",품목목록!$B9) | C10: =IF($A10="","",품목목록!$D9) | D10: =IF($A10="","",IF(품목목록!$E9="",0,품목목록!$E9)) | E10: =IF($A10="","",SUMIFS(대여내역!$J$3:$J$1002,대여내역!$D$3:$D$1002,$A10,대여내역!$J$3:$J$1002,">0")) | F10: =IF($A10="","",SUMIFS(대여내역!$G$3:$G$1002,대여내역!$D$3:$D$1002,$A10)) | G10: =IF($A10="","",SUMIFS(대여내역!$I$3:$I$1002,대여내역!$D$3:$D$1002,$A10))
A11: =IF(품목목록!$A10="","",품목목록!$A10) | B11: =IF($A11="","",품목목록!$B10) | C11: =IF($A11="","",품목목록!$D10) | D11: =IF($A11="","",IF(품목목록!$E10="",0,품목목록!$E10)) | E11: =IF($A11="","",SUMIFS(대여내역!$J$3:$J$1002,대여내역!$D$3:$D$1002,$A11,대여내역!$J$3:$J$1002,">0")) | F11: =IF($A11="","",SUMIFS(대여내역!$G$3:$G$1002,대여내역!$D$3:$D$1002,$A11)) | G11: =IF($A11="","",SUMIFS(대여내역!$I$3:$I$1002,대여내역!$D$3:$D$1002,$A11))
A12: =IF(품목목록!$A11="","",품목목록!$A11) | B12: =IF($A12="","",품목목록!$B11) | C12: =IF($A12="","",품목목록!$D11) | D12: =IF($A12="","",IF(품목목록!$E11="",0,품목목록!$E11)) | E12: =IF($A12="","",SUMIFS(대여내역!$J$3:$J$1002,대여내역!$D$3:$D$1002,$A12,대여내역!$J$3:$J$1002,">0")) | F12: =IF($A12="","",SUMIFS(대여내역!$G$3:$G$1002,대여내역!$D$3:$D$1002,$A12)) | G12: =IF($A12="","",SUMIFS(대여내역!$I$3:$I$1002,대여내역!$D$3:$D$1002,$A12))
A13: =IF(품목목록!$A12="","",품목목록!$A12) | B13: =IF($A13="","",품목목록!$B12) | C13: =IF($A13="","",품목목록!$D12) | D13: =IF($A13="","",IF(품목목록!$E12="",0,품목목록!$E12)) | E13: =IF($A13="","",SUMIFS(대여내역!$J$3:$J$1002,대여내역!$D$3:$D$1002,$A13,대여내역!$J$3:$J$1002,">0")) | F13: =IF($A13="","",SUMIFS(대여내역!$G$3:$G$1002,대여내역!$D$3:$D$1002,$A13)) | G13: =IF($A13="","",SUMIFS(대여내역!$I$3:$I$1002,대여내역!$D$3:$D$1002,$A13))
A14: =IF(품목목록!$A13="","",품목목록!$A13) | B14: =IF($A14="","",품목목록!$B13) | C14: =IF($A14="","",품목목록!$D13) | D14: =IF($A14="","",IF(품목목록!$E13="",0,품목목록!$E13)) | E14: =IF($A14="","",SUMIFS(대여내역!$J$3:$J$1002,대여내역!$D$3:$D$1002,$A14,대여내역!$J$3:$J$1002,">0")) | F14: =IF($A14="","",SUMIFS(대여내역!$G$3:$G$1002,대여내역!$D$3:$D$1002,$A14)) | G14: =IF($A14="","",SUMIFS(대여내역!$I$3:$I$1002,대여내역!$D$3:$D$1002,$A14))
A15: =IF(품목목록!$A14="","",품목목록!$A14) | B15: =IF($A15="","",품목목록!$B14) | C15: =IF($A15="","",품목목록!$D14) | D15: =IF($A15="","",IF(품목목록!$E14="",0,품목목록!$E14)) | E15: =IF($A15="","",SUMIFS(대여내역!$J$3:$J$1002,대여내역!$D$3:$D$1002,$A15,대여내역!$J$3:$J$1002,">0")) | F15: =IF($A15="","",SUMIFS(대여내역!$G$3:$G$1002,대여내역!$D$3:$D$1002,$A15)) | G15: =IF($A15="","",SUMIFS(대여내역!$I$3:$I$1002,대여내역!$D$3:$D$1002,$A15))
... A203: =IF(품목목록!$A202="","",품목목록!$A202) | B203: =IF($A203="","",품목목록!$B202) | C203: =IF($A203="","",품목목록!$D202) | D203: =IF($A203="","",IF(품목목록!$E202="",0,품목목록!$E202)) | E203: =IF($A203="","",SUMIFS(대여내역!$J$3:$J$1002,대여내역!$D$3:$D$1002,$A203,대여내역!$J$3:$J$1002,">0")) | F203: =IF($A203="","",SUMIFS(대여내역!$G$3:$G$1002,대여내역!$D$3:$D$1002,$A203)) | G203: =IF($A203="","",SUMIFS(대여내역!$I$3:$I$1002,대여내역!$D$3:$D$1002,$A203))

Sheet 대여처별현황
A1: 대여처별현황
A3: 대여처 | B3: 담당자 | C3: 대여 건수 | D3: 미반납 건수 | E3: 미반납 수량 | F3: 반납률
A4: =IF(대여처목록!$A3="","",대여처목록!$A3) -> ○○상사 | B4: =IF($A4="","",대여처목록!$B3) -> 김과장 | C4: =IF($A4="","",COUNTIFS(대여내역!$C$3:$C$1002,$A4)) -> 2 | D4: =IF($A4="","",COUNTIFS(대여내역!$C$3:$C$1002,$A4,대여내역!$J$3:$J$1002,">0")) -> 1 | E4: =IF($A4="","",SUMIFS(대여내역!$J$3:$J$1002,대여내역!$C$3:$C$1002,$A4,대여내역!$J$3:$J$1002,">0")) -> 2 | F4: =IF($A4="","",IF(SUMIFS(대여내역!$G$3:$G$1002,대여내역!$C$3:$C$1002,$A4)=0,"",SUMIFS(대여내역!$I$3:$I$1002,대여내역!$C$3:$C$1002,$A4)/SUMIFS(대여내역!$G$3:$G$1002,대여내역!$C$3:$C$1002,$A4))) -> 0.6
A5: =IF(대여처목록!$A4="","",대여처목록!$A4) -> △△디자인 | B5: =IF($A5="","",대여처목록!$B4) -> 이대리 | C5: =IF($A5="","",COUNTIFS(대여내역!$C$3:$C$1002,$A5)) -> 1 | D5: =IF($A5="","",COUNTIFS(대여내역!$C$3:$C$1002,$A5,대여내역!$J$3:$J$1002,">0")) -> 1 | E5: =IF($A5="","",SUMIFS(대여내역!$J$3:$J$1002,대여내역!$C$3:$C$1002,$A5,대여내역!$J$3:$J$1002,">0")) -> 2 | F5: =IF($A5="","",IF(SUMIFS(대여내역!$G$3:$G$1002,대여내역!$C$3:$C$1002,$A5)=0,"",SUMIFS(대여내역!$I$3:$I$1002,대여내역!$C$3:$C$1002,$A5)/SUMIFS(대여내역!$G$3:$G$1002,대여내역!$C$3:$C$1002,$A5))) -> 0
A6: =IF(대여처목록!$A5="","",대여처목록!$A5) -> 영업2팀 | B6: =IF($A6="","",대여처목록!$B5) -> 박주임 | C6: =IF($A6="","",COUNTIFS(대여내역!$C$3:$C$1002,$A6)) -> 1 | D6: =IF($A6="","",COUNTIFS(대여내역!$C$3:$C$1002,$A6,대여내역!$J$3:$J$1002,">0")) -> 0 | E6: =IF($A6="","",SUMIFS(대여내역!$J$3:$J$1002,대여내역!$C$3:$C$1002,$A6,대여내역!$J$3:$J$1002,">0")) -> 0 | F6: =IF($A6="","",IF(SUMIFS(대여내역!$G$3:$G$1002,대여내역!$C$3:$C$1002,$A6)=0,"",SUMIFS(대여내역!$I$3:$I$1002,대여내역!$C$3:$C$1002,$A6)/SUMIFS(대여내역!$G$3:$G$1002,대여내역!$C$3:$C$1002,$A6))) -> 1
A7: =IF(대여처목록!$A6="","",대여처목록!$A6) | B7: =IF($A7="","",대여처목록!$B6) | C7: =IF($A7="","",COUNTIFS(대여내역!$C$3:$C$1002,$A7)) | D7: =IF($A7="","",COUNTIFS(대여내역!$C$3:$C$1002,$A7,대여내역!$J$3:$J$1002,">0")) | E7: =IF($A7="","",SUMIFS(대여내역!$J$3:$J$1002,대여내역!$C$3:$C$1002,$A7,대여내역!$J$3:$J$1002,">0")) | F7: =IF($A7="","",IF(SUMIFS(대여내역!$G$3:$G$1002,대여내역!$C$3:$C$1002,$A7)=0,"",SUMIFS(대여내역!$I$3:$I$1002,대여내역!$C$3:$C$1002,$A7)/SUMIFS(대여내역!$G$3:$G$1002,대여내역!$C$3:$C$1002,$A7)))
A8: =IF(대여처목록!$A7="","",대여처목록!$A7) | B8: =IF($A8="","",대여처목록!$B7) | C8: =IF($A8="","",COUNTIFS(대여내역!$C$3:$C$1002,$A8)) | D8: =IF($A8="","",COUNTIFS(대여내역!$C$3:$C$1002,$A8,대여내역!$J$3:$J$1002,">0")) | E8: =IF($A8="","",SUMIFS(대여내역!$J$3:$J$1002,대여내역!$C$3:$C$1002,$A8,대여내역!$J$3:$J$1002,">0")) | F8: =IF($A8="","",IF(SUMIFS(대여내역!$G$3:$G$1002,대여내역!$C$3:$C$1002,$A8)=0,"",SUMIFS(대여내역!$I$3:$I$1002,대여내역!$C$3:$C$1002,$A8)/SUMIFS(대여내역!$G$3:$G$1002,대여내역!$C$3:$C$1002,$A8)))
A9: =IF(대여처목록!$A8="","",대여처목록!$A8) | B9: =IF($A9="","",대여처목록!$B8) | C9: =IF($A9="","",COUNTIFS(대여내역!$C$3:$C$1002,$A9)) | D9: =IF($A9="","",COUNTIFS(대여내역!$C$3:$C$1002,$A9,대여내역!$J$3:$J$1002,">0")) | E9: =IF($A9="","",SUMIFS(대여내역!$J$3:$J$1002,대여내역!$C$3:$C$1002,$A9,대여내역!$J$3:$J$1002,">0")) | F9: =IF($A9="","",IF(SUMIFS(대여내역!$G$3:$G$1002,대여내역!$C$3:$C$1002,$A9)=0,"",SUMIFS(대여내역!$I$3:$I$1002,대여내역!$C$3:$C$1002,$A9)/SUMIFS(대여내역!$G$3:$G$1002,대여내역!$C$3:$C$1002,$A9)))
A10: =IF(대여처목록!$A9="","",대여처목록!$A9) | B10: =IF($A10="","",대여처목록!$B9) | C10: =IF($A10="","",COUNTIFS(대여내역!$C$3:$C$1002,$A10)) | D10: =IF($A10="","",COUNTIFS(대여내역!$C$3:$C$1002,$A10,대여내역!$J$3:$J$1002,">0")) | E10: =IF($A10="","",SUMIFS(대여내역!$J$3:$J$1002,대여내역!$C$3:$C$1002,$A10,대여내역!$J$3:$J$1002,">0")) | F10: =IF($A10="","",IF(SUMIFS(대여내역!$G$3:$G$1002,대여내역!$C$3:$C$1002,$A10)=0,"",SUMIFS(대여내역!$I$3:$I$1002,대여내역!$C$3:$C$1002,$A10)/SUMIFS(대여내역!$G$3:$G$1002,대여내역!$C$3:$C$1002,$A10)))
A11: =IF(대여처목록!$A10="","",대여처목록!$A10) | B11: =IF($A11="","",대여처목록!$B10) | C11: =IF($A11="","",COUNTIFS(대여내역!$C$3:$C$1002,$A11)) | D11: =IF($A11="","",COUNTIFS(대여내역!$C$3:$C$1002,$A11,대여내역!$J$3:$J$1002,">0")) | E11: =IF($A11="","",SUMIFS(대여내역!$J$3:$J$1002,대여내역!$C$3:$C$1002,$A11,대여내역!$J$3:$J$1002,">0")) | F11: =IF($A11="","",IF(SUMIFS(대여내역!$G$3:$G$1002,대여내역!$C$3:$C$1002,$A11)=0,"",SUMIFS(대여내역!$I$3:$I$1002,대여내역!$C$3:$C$1002,$A11)/SUMIFS(대여내역!$G$3:$G$1002,대여내역!$C$3:$C$1002,$A11)))
A12: =IF(대여처목록!$A11="","",대여처목록!$A11) | B12: =IF($A12="","",대여처목록!$B11) | C12: =IF($A12="","",COUNTIFS(대여내역!$C$3:$C$1002,$A12)) | D12: =IF($A12="","",COUNTIFS(대여내역!$C$3:$C$1002,$A12,대여내역!$J$3:$J$1002,">0")) | E12: =IF($A12="","",SUMIFS(대여내역!$J$3:$J$1002,대여내역!$C$3:$C$1002,$A12,대여내역!$J$3:$J$1002,">0")) | F12: =IF($A12="","",IF(SUMIFS(대여내역!$G$3:$G$1002,대여내역!$C$3:$C$1002,$A12)=0,"",SUMIFS(대여내역!$I$3:$I$1002,대여내역!$C$3:$C$1002,$A12)/SUMIFS(대여내역!$G$3:$G$1002,대여내역!$C$3:$C$1002,$A12)))
A13: =IF(대여처목록!$A12="","",대여처목록!$A12) | B13: =IF($A13="","",대여처목록!$B12) | C13: =IF($A13="","",COUNTIFS(대여내역!$C$3:$C$1002,$A13)) | D13: =IF($A13="","",COUNTIFS(대여내역!$C$3:$C$1002,$A13,대여내역!$J$3:$J$1002,">0")) | E13: =IF($A13="","",SUMIFS(대여내역!$J$3:$J$1002,대여내역!$C$3:$C$1002,$A13,대여내역!$J$3:$J$1002,">0")) | F13: =IF($A13="","",IF(SUMIFS(대여내역!$G$3:$G$1002,대여내역!$C$3:$C$1002,$A13)=0,"",SUMIFS(대여내역!$I$3:$I$1002,대여내역!$C$3:$C$1002,$A13)/SUMIFS(대여내역!$G$3:$G$1002,대여내역!$C$3:$C$1002,$A13)))
A14: =IF(대여처목록!$A13="","",대여처목록!$A13) | B14: =IF($A14="","",대여처목록!$B13) | C14: =IF($A14="","",COUNTIFS(대여내역!$C$3:$C$1002,$A14)) | D14: =IF($A14="","",COUNTIFS(대여내역!$C$3:$C$1002,$A14,대여내역!$J$3:$J$1002,">0")) | E14: =IF($A14="","",SUMIFS(대여내역!$J$3:$J$1002,대여내역!$C$3:$C$1002,$A14,대여내역!$J$3:$J$1002,">0")) | F14: =IF($A14="","",IF(SUMIFS(대여내역!$G$3:$G$1002,대여내역!$C$3:$C$1002,$A14)=0,"",SUMIFS(대여내역!$I$3:$I$1002,대여내역!$C$3:$C$1002,$A14)/SUMIFS(대여내역!$G$3:$G$1002,대여내역!$C$3:$C$1002,$A14)))
A15: =IF(대여처목록!$A14="","",대여처목록!$A14) | B15: =IF($A15="","",대여처목록!$B14) | C15: =IF($A15="","",COUNTIFS(대여내역!$C$3:$C$1002,$A15)) | D15: =IF($A15="","",COUNTIFS(대여내역!$C$3:$C$1002,$A15,대여내역!$J$3:$J$1002,">0")) | E15: =IF($A15="","",SUMIFS(대여내역!$J$3:$J$1002,대여내역!$C$3:$C$1002,$A15,대여내역!$J$3:$J$1002,">0")) | F15: =IF($A15="","",IF(SUMIFS(대여내역!$G$3:$G$1002,대여내역!$C$3:$C$1002,$A15)=0,"",SUMIFS(대여내역!$I$3:$I$1002,대여내역!$C$3:$C$1002,$A15)/SUMIFS(대여내역!$G$3:$G$1002,대여내역!$C$3:$C$1002,$A15)))
... A203: =IF(대여처목록!$A202="","",대여처목록!$A202) | B203: =IF($A203="","",대여처목록!$B202) | C203: =IF($A203="","",COUNTIFS(대여내역!$C$3:$C$1002,$A203)) | D203: =IF($A203="","",COUNTIFS(대여내역!$C$3:$C$1002,$A203,대여내역!$J$3:$J$1002,">0")) | E203: =IF($A203="","",SUMIFS(대여내역!$J$3:$J$1002,대여내역!$C$3:$C$1002,$A203,대여내역!$J$3:$J$1002,">0")) | F203: =IF($A203="","",IF(SUMIFS(대여내역!$G$3:$G$1002,대여내역!$C$3:$C$1002,$A203)=0,"",SUMIFS(대여내역!$I$3:$I$1002,대여내역!$C$3:$C$1002,$A203)/SUMIFS(대여내역!$G$3:$G$1002,대여내역!$C$3:$C$1002,$A203)))
