Workbook

Sheet 사용안내
B2: 도서부 봉사시간 누적관리
B4: 입력하는 곳 | C4: 파란색 글씨 칸에만 입력하세요. 검은색 글씨는 자동 계산되므로 건드리지 마세요.
B5: ① 설정 | C5: 아래 설정값을 학교 사정에 맞게 먼저 수정하세요.
B6: ② 학생명부 | C6: 도서부 학생의 학번·이름·학년반·연락처를 등록합니다. 학번은 중복되면 안 됩니다.
B7: ③ 봉사기록 | C7: 봉사할 때마다 한 줄씩. 날짜·학번·구분·시작시각·종료시각만 넣으면
C8: 이름과 봉사시간(시간 단위)은 자동으로 채워집니다.
B9: ④ 독서활동기록 | C9: 봉사시간과 별개로 독서활동 참여를 기록합니다. 횟수만 집계됩니다.
B10: ⑤ 개인별집계 | C10: 학생별 누적시간과 20시간 한도 대비 남은 시간이 자동 계산됩니다.
B11: ⑥ 월별집계 / 학기별집계 | C11: 자동 집계표입니다. 입력할 것이 없습니다.
B12: 시각 입력 방법 | C12: 콜론(:) 없이 숫자 네 자리로 입력하세요. 오후 2시 30분 → 1430, 오전 9시 → 900
C13: 입력하면 화면에는 14:30 처럼 보입니다. 분 단위까지 그대로 반영됩니다.
B14: 자정을 넘는 경우 | C14: 이 파일은 같은 날 안에서 끝나는 봉사만 계산합니다.
B16: 설정 | C16: 값을 바꾸면 모든 집계에 즉시 반영됩니다
B17: 연간 봉사시간 한도 | C17: 20
B18: 1학기 시작일 | C18: 46083
B19: 1학기 종료일 | C19: 46223
B20: 2학기 시작일 | C20: 46252
B21: 2학기 종료일 | C21: 46430
B23: ※ 학기 기간은 예시 날짜입니다. 반드시 실제 학사일정으로 바꿔주세요.

Sheet 학생명부
A1: 학생명부 (파란색 칸에 입력)
A2: 학번 | B2: 이름 | C2: 학년반 | D2: 연락처 | E2: 비고
A3: 10101 | B3: 김예시 | C3: 1-1 | D3: 010-0000-0000 | E3: ← 예시 행입니다. 지우고 사용하세요.
A4: 10102 | B4: 이예시 | C4: 1-3 | D4: 010-0000-0002
A5: 10203 | B5: 박예시 | C5: 2-1 | D5: 010-0000-0003

Sheet 봉사기록
A1: 봉사기록 (날짜·학번·구분·시작·종료만 입력하면 나머지는 자동)
A2: 날짜 | B2: 학번 | C2: 이름(자동) | D2: 봉사구분 | E2: 시작시각 (예: 1230) | F2: 종료시각 (예: 1300) | G2: 봉사시간(자동) | H2: 봉사내용 | I2: 연(자동) | J2: 월(자동) | K2: 학기(자동)
A3: 46153 | B3: 10101 | C3: =IF($B3="","",IFERROR(INDEX(학생명부!$B$3:$B$83,MATCH($B3,학생명부!$A$3:$A$83,0)),"학번없음")) -> 학번없음 | D3: 일상봉사 | E3: 1230 | F3: 1320 | G3: =IF(OR($E3="",$F3=""),"",ROUND(IF($F3<1,$F3*24,INT($F3/100)+MOD($F3,100)/60)-IF($E3<1,$E3*24,INT($E3/100)+MOD($E3,100)/60),2)) -> 0.83 | H3: 도서 대출·반납 도우미 | I3: =IF($A3="","",YEAR($A3)) -> 2026 | J3: =IF($A3="","",MONTH($A3)) -> 5 | K3: =IF($A3="","",IF(AND($A3>=사용안내!$C$18,$A3<=사용안내!$C$19),"1학기",IF(AND($A3>=사용안내!$C$20,$A3<=사용안내!$C$21),"2학기","기간외"))) -> 1학기
A4: 46160 | B4: 10102 | C4: =IF($B4="","",IFERROR(INDEX(학생명부!$B$3:$B$83,MATCH($B4,학생명부!$A$3:$A$83,0)),"학번없음")) -> 이예시 | D4: 일상봉사 | E4: 1230 | F4: 1320 | G4: =IF(OR($E4="",$F4=""),"",ROUND(IF($F4<1,$F4*24,INT($F4/100)+MOD($F4,100)/60)-IF($E4<1,$E4*24,INT($E4/100)+MOD($E4,100)/60),2)) -> 0.83 | H4: 서가 정리 | I4: =IF($A4="","",YEAR($A4)) -> 2026 | J4: =IF($A4="","",MONTH($A4)) -> 5 | K4: =IF($A4="","",IF(AND($A4>=사용안내!$C$18,$A4<=사용안내!$C$19),"1학기",IF(AND($A4>=사용안내!$C$20,$A4<=사용안내!$C$21),"2학기","기간외"))) -> 1학기
A5: 46178 | B5: 10101 | C5: =IF($B5="","",IFERROR(INDEX(학생명부!$B$3:$B$83,MATCH($B5,학생명부!$A$3:$A$83,0)),"학번없음")) -> 학번없음 | D5: 특별봉사 | E5: 1400 | F5: 1700 | G5: =IF(OR($E5="",$F5=""),"",ROUND(IF($F5<1,$F5*24,INT($F5/100)+MOD($F5,100)/60)-IF($E5<1,$E5*24,INT($E5/100)+MOD($E5,100)/60),2)) -> 3 | H5: 독서의 달 행사 준비 | I5: =IF($A5="","",YEAR($A5)) -> 2026 | J5: =IF($A5="","",MONTH($A5)) -> 6 | K5: =IF($A5="","",IF(AND($A5>=사용안내!$C$18,$A5<=사용안내!$C$19),"1학기",IF(AND($A5>=사용안내!$C$20,$A5<=사용안내!$C$21),"2학기","기간외"))) -> 1학기
A6: 46188 | B6: 10203 | C6: =IF($B6="","",IFERROR(INDEX(학생명부!$B$3:$B$83,MATCH($B6,학생명부!$A$3:$A$83,0)),"학번없음")) -> 박예시 | D6: 일상봉사 | E6: 1230 | F6: 1320 | G6: =IF(OR($E6="",$F6=""),"",ROUND(IF($F6<1,$F6*24,INT($F6/100)+MOD($F6,100)/60)-IF($E6<1,$E6*24,INT($E6/100)+MOD($E6,100)/60),2)) -> 0.83 | H6: 도서 대출·반납 도우미 | I6: =IF($A6="","",YEAR($A6)) -> 2026 | J6: =IF($A6="","",MONTH($A6)) -> 6 | K6: =IF($A6="","",IF(AND($A6>=사용안내!$C$18,$A6<=사용안내!$C$19),"1학기",IF(AND($A6>=사용안내!$C$20,$A6<=사용안내!$C$21),"2학기","기간외"))) -> 1학기
A7: 46266 | B7: 10101 | C7: =IF($B7="","",IFERROR(INDEX(학생명부!$B$3:$B$83,MATCH($B7,학생명부!$A$3:$A$83,0)),"학번없음")) -> 학번없음 | D7: 일상봉사 | E7: 1230 | F7: 1320 | G7: =IF(OR($E7="",$F7=""),"",ROUND(IF($F7<1,$F7*24,INT($F7/100)+MOD($F7,100)/60)-IF($E7<1,$E7*24,INT($E7/100)+MOD($E7,100)/60),2)) -> 0.83 | H7: 신간 도서 등록 | I7: =IF($A7="","",YEAR($A7)) -> 2026 | J7: =IF($A7="","",MONTH($A7)) -> 9 | K7: =IF($A7="","",IF(AND($A7>=사용안내!$C$18,$A7<=사용안내!$C$19),"1학기",IF(AND($A7>=사용안내!$C$20,$A7<=사용안내!$C$21),"2학기","기간외"))) -> 2학기
A8: 46272 | B8: 10102 | C8: =IF($B8="","",IFERROR(INDEX(학생명부!$B$3:$B$83,MATCH($B8,학생명부!$A$3:$A$83,0)),"학번없음")) -> 이예시 | D8: 특별봉사 | E8: 1400 | F8: 1630 | G8: =IF(OR($E8="",$F8=""),"",ROUND(IF($F8<1,$F8*24,INT($F8/100)+MOD($F8,100)/60)-IF($E8<1,$E8*24,INT($E8/100)+MOD($E8,100)/60),2)) -> 2.5 | H8: 도서관 대청소 | I8: =IF($A8="","",YEAR($A8)) -> 2026 | J8: =IF($A8="","",MONTH($A8)) -> 9 | K8: =IF($A8="","",IF(AND($A8>=사용안내!$C$18,$A8<=사용안내!$C$19),"1학기",IF(AND($A8>=사용안내!$C$20,$A8<=사용안내!$C$21),"2학기","기간외"))) -> 2학기
A9: 46275 | B9: 10203 | C9: =IF($B9="","",IFERROR(INDEX(학생명부!$B$3:$B$83,MATCH($B9,학생명부!$A$3:$A$83,0)),"학번없음")) -> 박예시 | D9: 일상봉사 | E9: 1230 | F9: 1320 | G9: =IF(OR($E9="",$F9=""),"",ROUND(IF($F9<1,$F9*24,INT($F9/100)+MOD($F9,100)/60)-IF($E9<1,$E9*24,INT($E9/100)+MOD($E9,100)/60),2)) -> 0.83 | H9: 도서 대출·반납 도우미 | I9: =IF($A9="","",YEAR($A9)) -> 2026 | J9: =IF($A9="","",MONTH($A9)) -> 9 | K9: =IF($A9="","",IF(AND($A9>=사용안내!$C$18,$A9<=사용안내!$C$19),"1학기",IF(AND($A9>=사용안내!$C$20,$A9<=사용안내!$C$21),"2학기","기간외"))) -> 2학기
C10: =IF($B10="","",IFERROR(INDEX(학생명부!$B$3:$B$83,MATCH($B10,학생명부!$A$3:$A$83,0)),"학번없음")) | G10: =IF(OR($E10="",$F10=""),"",ROUND(IF($F10<1,$F10*24,INT($F10/100)+MOD($F10,100)/60)-IF($E10<1,$E10*24,INT($E10/100)+MOD($E10,100)/60),2)) | I10: =IF($A10="","",YEAR($A10)) | J10: =IF($A10="","",MONTH($A10)) | K10: =IF($A10="","",IF(AND($A10>=사용안내!$C$18,$A10<=사용안내!$C$19),"1학기",IF(AND($A10>=사용안내!$C$20,$A10<=사용안내!$C$21),"2학기","기간외")))
C11: =IF($B11="","",IFERROR(INDEX(학생명부!$B$3:$B$83,MATCH($B11,학생명부!$A$3:$A$83,0)),"학번없음")) | G11: =IF(OR($E11="",$F11=""),"",ROUND(IF($F11<1,$F11*24,INT($F11/100)+MOD($F11,100)/60)-IF($E11<1,$E11*24,INT($E11/100)+MOD($E11,100)/60),2)) | I11: =IF($A11="","",YEAR($A11)) | J11: =IF($A11="","",MONTH($A11)) | K11: =IF($A11="","",IF(AND($A11>=사용안내!$C$18,$A11<=사용안내!$C$19),"1학기",IF(AND($A11>=사용안내!$C$20,$A11<=사용안내!$C$21),"2학기","기간외")))
C12: =IF($B12="","",IFERROR(INDEX(학생명부!$B$3:$B$83,MATCH($B12,학생명부!$A$3:$A$83,0)),"학번없음")) | G12: =IF(OR($E12="",$F12=""),"",ROUND(IF($F12<1,$F12*24,INT($F12/100)+MOD($F12,100)/60)-IF($E12<1,$E12*24,INT($E12/100)+MOD($E12,100)/60),2)) | I12: =IF($A12="","",YEAR($A12)) | J12: =IF($A12="","",MONTH($A12)) | K12: =IF($A12="","",IF(AND($A12>=사용안내!$C$18,$A12<=사용안내!$C$19),"1학기",IF(AND($A12>=사용안내!$C$20,$A12<=사용안내!$C$21),"2학기","기간외")))
C13: =IF($B13="","",IFERROR(INDEX(학생명부!$B$3:$B$83,MATCH($B13,학생명부!$A$3:$A$83,0)),"학번없음")) | G13: =IF(OR($E13="",$F13=""),"",ROUND(IF($F13<1,$F13*24,INT($F13/100)+MOD($F13,100)/60)-IF($E13<1,$E13*24,INT($E13/100)+MOD($E13,100)/60),2)) | I13: =IF($A13="","",YEAR($A13)) | J13: =IF($A13="","",MONTH($A13)) | K13: =IF($A13="","",IF(AND($A13>=사용안내!$C$18,$A13<=사용안내!$C$19),"1학기",IF(AND($A13>=사용안내!$C$20,$A13<=사용안내!$C$21),"2학기","기간외")))
C14: =IF($B14="","",IFERROR(INDEX(학생명부!$B$3:$B$83,MATCH($B14,학생명부!$A$3:$A$83,0)),"학번없음")) | G14: =IF(OR($E14="",$F14=""),"",ROUND(IF($F14<1,$F14*24,INT($F14/100)+MOD($F14,100)/60)-IF($E14<1,$E14*24,INT($E14/100)+MOD($E14,100)/60),2)) | I14: =IF($A14="","",YEAR($A14)) | J14: =IF($A14="","",MONTH($A14)) | K14: =IF($A14="","",IF(AND($A14>=사용안내!$C$18,$A14<=사용안내!$C$19),"1학기",IF(AND($A14>=사용안내!$C$20,$A14<=사용안내!$C$21),"2학기","기간외")))
C15: =IF($B15="","",IFERROR(INDEX(학생명부!$B$3:$B$83,MATCH($B15,학생명부!$A$3:$A$83,0)),"학번없음")) | G15: =IF(OR($E15="",$F15=""),"",ROUND(IF($F15<1,$F15*24,INT($F15/100)+MOD($F15,100)/60)-IF($E15<1,$E15*24,INT($E15/100)+MOD($E15,100)/60),2)) | I15: =IF($A15="","",YEAR($A15)) | J15: =IF($A15="","",MONTH($A15)) | K15: =IF($A15="","",IF(AND($A15>=사용안내!$C$18,$A15<=사용안내!$C$19),"1학기",IF(AND($A15>=사용안내!$C$20,$A15<=사용안내!$C$21),"2학기","기간외")))
C16: =IF($B16="","",IFERROR(INDEX(학생명부!$B$3:$B$83,MATCH($B16,학생명부!$A$3:$A$83,0)),"학번없음")) | G16: =IF(OR($E16="",$F16=""),"",ROUND(IF($F16<1,$F16*24,INT($F16/100)+MOD($F16,100)/60)-IF($E16<1,$E16*24,INT($E16/100)+MOD($E16,100)/60),2)) | I16: =IF($A16="","",YEAR($A16)) | J16: =IF($A16="","",MONTH($A16)) | K16: =IF($A16="","",IF(AND($A16>=사용안내!$C$18,$A16<=사용안내!$C$19),"1학기",IF(AND($A16>=사용안내!$C$20,$A16<=사용안내!$C$21),"2학기","기간외")))
C17: =IF($B17="","",IFERROR(INDEX(학생명부!$B$3:$B$83,MATCH($B17,학생명부!$A$3:$A$83,0)),"학번없음")) | G17: =IF(OR($E17="",$F17=""),"",ROUND(IF($F17<1,$F17*24,INT($F17/100)+MOD($F17,100)/60)-IF($E17<1,$E17*24,INT($E17/100)+MOD($E17,100)/60),2)) | I17: =IF($A17="","",YEAR($A17)) | J17: =IF($A17="","",MONTH($A17)) | K17: =IF($A17="","",IF(AND($A17>=사용안내!$C$18,$A17<=사용안내!$C$19),"1학기",IF(AND($A17>=사용안내!$C$20,$A17<=사용안내!$C$21),"2학기","기간외")))
C18: =IF($B18="","",IFERROR(INDEX(학생명부!$B$3:$B$83,MATCH($B18,학생명부!$A$3:$A$83,0)),"학번없음")) | G18: =IF(OR($E18="",$F18=""),"",ROUND(IF($F18<1,$F18*24,INT($F18/100)+MOD($F18,100)/60)-IF($E18<1,$E18*24,INT($E18/100)+MOD($E18,100)/60),2)) | I18: =IF($A18="","",YEAR($A18)) | J18: =IF($A18="","",MONTH($A18)) | K18: =IF($A18="","",IF(AND($A18>=사용안내!$C$18,$A18<=사용안내!$C$19),"1학기",IF(AND($A18>=사용안내!$C$20,$A18<=사용안내!$C$21),"2학기","기간외")))
C19: =IF($B19="","",IFERROR(INDEX(학생명부!$B$3:$B$83,MATCH($B19,학생명부!$A$3:$A$83,0)),"학번없음")) | G19: =IF(OR($E19="",$F19=""),"",ROUND(IF($F19<1,$F19*24,INT($F19/100)+MOD($F19,100)/60)-IF($E19<1,$E19*24,INT($E19/100)+MOD($E19,100)/60),2)) | I19: =IF($A19="","",YEAR($A19)) | J19: =IF($A19="","",MONTH($A19)) | K19: =IF($A19="","",IF(AND($A19>=사용안내!$C$18,$A19<=사용안내!$C$19),"1학기",IF(AND($A19>=사용안내!$C$20,$A19<=사용안내!$C$21),"2학기","기간외")))
C20: =IF($B20="","",IFERROR(INDEX(학생명부!$B$3:$B$83,MATCH($B20,학생명부!$A$3:$A$83,0)),"학번없음")) | G20: =IF(OR($E20="",$F20=""),"",ROUND(IF($F20<1,$F20*24,INT($F20/100)+MOD($F20,100)/60)-IF($E20<1,$E20*24,INT($E20/100)+MOD($E20,100)/60),2)) | I20: =IF($A20="","",YEAR($A20)) | J20: =IF($A20="","",MONTH($A20)) | K20: =IF($A20="","",IF(AND($A20>=사용안내!$C$18,$A20<=사용안내!$C$19),"1학기",IF(AND($A20>=사용안내!$C$20,$A20<=사용안내!$C$21),"2학기","기간외")))
C21: =IF($B21="","",IFERROR(INDEX(학생명부!$B$3:$B$83,MATCH($B21,학생명부!$A$3:$A$83,0)),"학번없음")) | G21: =IF(OR($E21="",$F21=""),"",ROUND(IF($F21<1,$F21*24,INT($F21/100)+MOD($F21,100)/60)-IF($E21<1,$E21*24,INT($E21/100)+MOD($E21,100)/60),2)) | I21: =IF($A21="","",YEAR($A21)) | J21: =IF($A21="","",MONTH($A21)) | K21: =IF($A21="","",IF(AND($A21>=사용안내!$C$18,$A21<=사용안내!$C$19),"1학기",IF(AND($A21>=사용안내!$C$20,$A21<=사용안내!$C$21),"2학기","기간외")))
... C502: =IF($B502="","",IFERROR(INDEX(학생명부!$B$3:$B$83,MATCH($B502,학생명부!$A$3:$A$83,0)),"학번없음")) | G502: =IF(OR($E502="",$F502=""),"",ROUND(IF($F502<1,$F502*24,INT($F502/100)+MOD($F502,100)/60)-IF($E502<1,$E502*24,INT($E502/100)+MOD($E502,100)/60),2)) | I502: =IF($A502="","",YEAR($A502)) | J502: =IF($A502="","",MONTH($A502)) | K502: =IF($A502="","",IF(AND($A502>=사용안내!$C$18,$A502<=사용안내!$C$19),"1학기",IF(AND($A502>=사용안내!$C$20,$A502<=사용안내!$C$21),"2학기","기간외")))

Sheet 독서활동기록
A1: 독서활동기록 (봉사시간과 별개 · 참여 횟수만 집계)
A2: 날짜 | B2: 학번 | C2: 이름(자동) | D2: 활동명 | E2: 비고
A3: 46162 | B3: 10101 | C3: =IF($B3="","",IFERROR(INDEX(학생명부!$B$3:$B$83,MATCH($B3,학생명부!$A$3:$A$83,0)),"학번없음")) -> 학번없음 | D3: 독서토론반 | E3: ← 예시 행입니다. 지우고 쓰세요.
A4: 46183 | B4: 10102 | C4: =IF($B4="","",IFERROR(INDEX(학생명부!$B$3:$B$83,MATCH($B4,학생명부!$A$3:$A$83,0)),"학번없음")) -> 이예시 | D4: 사서 도우미 교육
A5: 46270 | B5: 10203 | C5: =IF($B5="","",IFERROR(INDEX(학생명부!$B$3:$B$83,MATCH($B5,학생명부!$A$3:$A$83,0)),"학번없음")) -> 박예시 | D5: 독서토론반
C6: =IF($B6="","",IFERROR(INDEX(학생명부!$B$3:$B$83,MATCH($B6,학생명부!$A$3:$A$83,0)),"학번없음"))
C7: =IF($B7="","",IFERROR(INDEX(학생명부!$B$3:$B$83,MATCH($B7,학생명부!$A$3:$A$83,0)),"학번없음"))
C8: =IF($B8="","",IFERROR(INDEX(학생명부!$B$3:$B$83,MATCH($B8,학생명부!$A$3:$A$83,0)),"학번없음"))
C9: =IF($B9="","",IFERROR(INDEX(학생명부!$B$3:$B$83,MATCH($B9,학생명부!$A$3:$A$83,0)),"학번없음"))
C10: =IF($B10="","",IFERROR(INDEX(학생명부!$B$3:$B$83,MATCH($B10,학생명부!$A$3:$A$83,0)),"학번없음"))
C11: =IF($B11="","",IFERROR(INDEX(학생명부!$B$3:$B$83,MATCH($B11,학생명부!$A$3:$A$83,0)),"학번없음"))
C12: =IF($B12="","",IFERROR(INDEX(학생명부!$B$3:$B$83,MATCH($B12,학생명부!$A$3:$A$83,0)),"학번없음"))
C13: =IF($B13="","",IFERROR(INDEX(학생명부!$B$3:$B$83,MATCH($B13,학생명부!$A$3:$A$83,0)),"학번없음"))
C14: =IF($B14="","",IFERROR(INDEX(학생명부!$B$3:$B$83,MATCH($B14,학생명부!$A$3:$A$83,0)),"학번없음"))
C15: =IF($B15="","",IFERROR(INDEX(학생명부!$B$3:$B$83,MATCH($B15,학생명부!$A$3:$A$83,0)),"학번없음"))
C16: =IF($B16="","",IFERROR(INDEX(학생명부!$B$3:$B$83,MATCH($B16,학생명부!$A$3:$A$83,0)),"학번없음"))
C17: =IF($B17="","",IFERROR(INDEX(학생명부!$B$3:$B$83,MATCH($B17,학생명부!$A$3:$A$83,0)),"학번없음"))
... C302: =IF($B302="","",IFERROR(INDEX(학생명부!$B$3:$B$83,MATCH($B302,학생명부!$A$3:$A$83,0)),"학번없음"))

Sheet 개인별집계
A1: 개인별집계 (전부 자동 · 입력할 것 없음)
A2: 학번 | B2: 이름 | C2: 학년반 | D2: 일상봉사(h) | E2: 특별봉사(h) | F2: 총 봉사시간(h) | G2: 연간한도(h) | H2: 남은시간(h) | I2: 달성률 | J2: 독서활동(회)
A3: =IF(학생명부!$A3="","",학생명부!$A3) -> 10101 | B3: =IF(학생명부!$A3="","",학생명부!$B3) -> 김예시 | C3: =IF(학생명부!$A3="","",학생명부!$C3) -> 1-1 | D3: =IF($A3="","",ROUND(SUMIFS(봉사기록!$G$3:$G$502,봉사기록!$B$3:$B$502,$A3,봉사기록!$D$3:$D$502,"일상봉사"),2)) -> 1.66 | E3: =IF($A3="","",ROUND(SUMIFS(봉사기록!$G$3:$G$502,봉사기록!$B$3:$B$502,$A3,봉사기록!$D$3:$D$502,"특별봉사"),2)) -> 3 | F3: =IF($A3="","",ROUND($D3+$E3,2)) -> 4.66 | G3: =IF($A3="","",사용안내!$C$17) -> 20 | H3: =IF($A3="","",MAX(0,$G3-$F3)) -> 15.34 | I3: =IF($A3="","",IF($G3=0,"",MIN(1,$F3/$G3))) -> 0.233 | J3: =IF($A3="","",COUNTIFS(독서활동기록!$B$3:$B$302,$A3)) -> 1
A4: =IF(학생명부!$A4="","",학생명부!$A4) -> 10102 | B4: =IF(학생명부!$A4="","",학생명부!$B4) -> 이예시 | C4: =IF(학생명부!$A4="","",학생명부!$C4) -> 1-3 | D4: =IF($A4="","",ROUND(SUMIFS(봉사기록!$G$3:$G$502,봉사기록!$B$3:$B$502,$A4,봉사기록!$D$3:$D$502,"일상봉사"),2)) -> 0.83 | E4: =IF($A4="","",ROUND(SUMIFS(봉사기록!$G$3:$G$502,봉사기록!$B$3:$B$502,$A4,봉사기록!$D$3:$D$502,"특별봉사"),2)) -> 2.5 | F4: =IF($A4="","",ROUND($D4+$E4,2)) -> 3.33 | G4: =IF($A4="","",사용안내!$C$17) -> 20 | H4: =IF($A4="","",MAX(0,$G4-$F4)) -> 16.67 | I4: =IF($A4="","",IF($G4=0,"",MIN(1,$F4/$G4))) -> 0.1665 | J4: =IF($A4="","",COUNTIFS(독서활동기록!$B$3:$B$302,$A4)) -> 1
A5: =IF(학생명부!$A5="","",학생명부!$A5) -> 10203 | B5: =IF(학생명부!$A5="","",학생명부!$B5) -> 박예시 | C5: =IF(학생명부!$A5="","",학생명부!$C5) -> 2-1 | D5: =IF($A5="","",ROUND(SUMIFS(봉사기록!$G$3:$G$502,봉사기록!$B$3:$B$502,$A5,봉사기록!$D$3:$D$502,"일상봉사"),2)) -> 1.66 | E5: =IF($A5="","",ROUND(SUMIFS(봉사기록!$G$3:$G$502,봉사기록!$B$3:$B$502,$A5,봉사기록!$D$3:$D$502,"특별봉사"),2)) -> 0 | F5: =IF($A5="","",ROUND($D5+$E5,2)) -> 1.66 | G5: =IF($A5="","",사용안내!$C$17) -> 20 | H5: =IF($A5="","",MAX(0,$G5-$F5)) -> 18.34 | I5: =IF($A5="","",IF($G5=0,"",MIN(1,$F5/$G5))) -> 0.083 | J5: =IF($A5="","",COUNTIFS(독서활동기록!$B$3:$B$302,$A5)) -> 1
A6: =IF(학생명부!$A6="","",학생명부!$A6) | B6: =IF(학생명부!$A6="","",학생명부!$B6) | C6: =IF(학생명부!$A6="","",학생명부!$C6) | D6: =IF($A6="","",ROUND(SUMIFS(봉사기록!$G$3:$G$502,봉사기록!$B$3:$B$502,$A6,봉사기록!$D$3:$D$502,"일상봉사"),2)) | E6: =IF($A6="","",ROUND(SUMIFS(봉사기록!$G$3:$G$502,봉사기록!$B$3:$B$502,$A6,봉사기록!$D$3:$D$502,"특별봉사"),2)) | F6: =IF($A6="","",ROUND($D6+$E6,2)) | G6: =IF($A6="","",사용안내!$C$17) | H6: =IF($A6="","",MAX(0,$G6-$F6)) | I6: =IF($A6="","",IF($G6=0,"",MIN(1,$F6/$G6))) | J6: =IF($A6="","",COUNTIFS(독서활동기록!$B$3:$B$302,$A6))
A7: =IF(학생명부!$A7="","",학생명부!$A7) | B7: =IF(학생명부!$A7="","",학생명부!$B7) | C7: =IF(학생명부!$A7="","",학생명부!$C7) | D7: =IF($A7="","",ROUND(SUMIFS(봉사기록!$G$3:$G$502,봉사기록!$B$3:$B$502,$A7,봉사기록!$D$3:$D$502,"일상봉사"),2)) | E7: =IF($A7="","",ROUND(SUMIFS(봉사기록!$G$3:$G$502,봉사기록!$B$3:$B$502,$A7,봉사기록!$D$3:$D$502,"특별봉사"),2)) | F7: =IF($A7="","",ROUND($D7+$E7,2)) | G7: =IF($A7="","",사용안내!$C$17) | H7: =IF($A7="","",MAX(0,$G7-$F7)) | I7: =IF($A7="","",IF($G7=0,"",MIN(1,$F7/$G7))) | J7: =IF($A7="","",COUNTIFS(독서활동기록!$B$3:$B$302,$A7))
A8: =IF(학생명부!$A8="","",학생명부!$A8) | B8: =IF(학생명부!$A8="","",학생명부!$B8) | C8: =IF(학생명부!$A8="","",학생명부!$C8) | D8: =IF($A8="","",ROUND(SUMIFS(봉사기록!$G$3:$G$502,봉사기록!$B$3:$B$502,$A8,봉사기록!$D$3:$D$502,"일상봉사"),2)) | E8: =IF($A8="","",ROUND(SUMIFS(봉사기록!$G$3:$G$502,봉사기록!$B$3:$B$502,$A8,봉사기록!$D$3:$D$502,"특별봉사"),2)) | F8: =IF($A8="","",ROUND($D8+$E8,2)) | G8: =IF($A8="","",사용안내!$C$17) | H8: =IF($A8="","",MAX(0,$G8-$F8)) | I8: =IF($A8="","",IF($G8=0,"",MIN(1,$F8/$G8))) | J8: =IF($A8="","",COUNTIFS(독서활동기록!$B$3:$B$302,$A8))
A9: =IF(학생명부!$A9="","",학생명부!$A9) | B9: =IF(학생명부!$A9="","",학생명부!$B9) | C9: =IF(학생명부!$A9="","",학생명부!$C9) | D9: =IF($A9="","",ROUND(SUMIFS(봉사기록!$G$3:$G$502,봉사기록!$B$3:$B$502,$A9,봉사기록!$D$3:$D$502,"일상봉사"),2)) | E9: =IF($A9="","",ROUND(SUMIFS(봉사기록!$G$3:$G$502,봉사기록!$B$3:$B$502,$A9,봉사기록!$D$3:$D$502,"특별봉사"),2)) | F9: =IF($A9="","",ROUND($D9+$E9,2)) | G9: =IF($A9="","",사용안내!$C$17) | H9: =IF($A9="","",MAX(0,$G9-$F9)) | I9: =IF($A9="","",IF($G9=0,"",MIN(1,$F9/$G9))) | J9: =IF($A9="","",COUNTIFS(독서활동기록!$B$3:$B$302,$A9))
A10: =IF(학생명부!$A10="","",학생명부!$A10) | B10: =IF(학생명부!$A10="","",학생명부!$B10) | C10: =IF(학생명부!$A10="","",학생명부!$C10) | D10: =IF($A10="","",ROUND(SUMIFS(봉사기록!$G$3:$G$502,봉사기록!$B$3:$B$502,$A10,봉사기록!$D$3:$D$502,"일상봉사"),2)) | E10: =IF($A10="","",ROUND(SUMIFS(봉사기록!$G$3:$G$502,봉사기록!$B$3:$B$502,$A10,봉사기록!$D$3:$D$502,"특별봉사"),2)) | F10: =IF($A10="","",ROUND($D10+$E10,2)) | G10: =IF($A10="","",사용안내!$C$17) | H10: =IF($A10="","",MAX(0,$G10-$F10)) | I10: =IF($A10="","",IF($G10=0,"",MIN(1,$F10/$G10))) | J10: =IF($A10="","",COUNTIFS(독서활동기록!$B$3:$B$302,$A10))
A11: =IF(학생명부!$A11="","",학생명부!$A11) | B11: =IF(학생명부!$A11="","",학생명부!$B11) | C11: =IF(학생명부!$A11="","",학생명부!$C11) | D11: =IF($A11="","",ROUND(SUMIFS(봉사기록!$G$3:$G$502,봉사기록!$B$3:$B$502,$A11,봉사기록!$D$3:$D$502,"일상봉사"),2)) | E11: =IF($A11="","",ROUND(SUMIFS(봉사기록!$G$3:$G$502,봉사기록!$B$3:$B$502,$A11,봉사기록!$D$3:$D$502,"특별봉사"),2)) | F11: =IF($A11="","",ROUND($D11+$E11,2)) | G11: =IF($A11="","",사용안내!$C$17) | H11: =IF($A11="","",MAX(0,$G11-$F11)) | I11: =IF($A11="","",IF($G11=0,"",MIN(1,$F11/$G11))) | J11: =IF($A11="","",COUNTIFS(독서활동기록!$B$3:$B$302,$A11))
A12: =IF(학생명부!$A12="","",학생명부!$A12) | B12: =IF(학생명부!$A12="","",학생명부!$B12) | C12: =IF(학생명부!$A12="","",학생명부!$C12) | D12: =IF($A12="","",ROUND(SUMIFS(봉사기록!$G$3:$G$502,봉사기록!$B$3:$B$502,$A12,봉사기록!$D$3:$D$502,"일상봉사"),2)) | E12: =IF($A12="","",ROUND(SUMIFS(봉사기록!$G$3:$G$502,봉사기록!$B$3:$B$502,$A12,봉사기록!$D$3:$D$502,"특별봉사"),2)) | F12: =IF($A12="","",ROUND($D12+$E12,2)) | G12: =IF($A12="","",사용안내!$C$17) | H12: =IF($A12="","",MAX(0,$G12-$F12)) | I12: =IF($A12="","",IF($G12=0,"",MIN(1,$F12/$G12))) | J12: =IF($A12="","",COUNTIFS(독서활동기록!$B$3:$B$302,$A12))
A13: =IF(학생명부!$A13="","",학생명부!$A13) | B13: =IF(학생명부!$A13="","",학생명부!$B13) | C13: =IF(학생명부!$A13="","",학생명부!$C13) | D13: =IF($A13="","",ROUND(SUMIFS(봉사기록!$G$3:$G$502,봉사기록!$B$3:$B$502,$A13,봉사기록!$D$3:$D$502,"일상봉사"),2)) | E13: =IF($A13="","",ROUND(SUMIFS(봉사기록!$G$3:$G$502,봉사기록!$B$3:$B$502,$A13,봉사기록!$D$3:$D$502,"특별봉사"),2)) | F13: =IF($A13="","",ROUND($D13+$E13,2)) | G13: =IF($A13="","",사용안내!$C$17) | H13: =IF($A13="","",MAX(0,$G13-$F13)) | I13: =IF($A13="","",IF($G13=0,"",MIN(1,$F13/$G13))) | J13: =IF($A13="","",COUNTIFS(독서활동기록!$B$3:$B$302,$A13))
A14: =IF(학생명부!$A14="","",학생명부!$A14) | B14: =IF(학생명부!$A14="","",학생명부!$B14) | C14: =IF(학생명부!$A14="","",학생명부!$C14) | D14: =IF($A14="","",ROUND(SUMIFS(봉사기록!$G$3:$G$502,봉사기록!$B$3:$B$502,$A14,봉사기록!$D$3:$D$502,"일상봉사"),2)) | E14: =IF($A14="","",ROUND(SUMIFS(봉사기록!$G$3:$G$502,봉사기록!$B$3:$B$502,$A14,봉사기록!$D$3:$D$502,"특별봉사"),2)) | F14: =IF($A14="","",ROUND($D14+$E14,2)) | G14: =IF($A14="","",사용안내!$C$17) | H14: =IF($A14="","",MAX(0,$G14-$F14)) | I14: =IF($A14="","",IF($G14=0,"",MIN(1,$F14/$G14))) | J14: =IF($A14="","",COUNTIFS(독서활동기록!$B$3:$B$302,$A14))
... A83: =IF(학생명부!$A83="","",학생명부!$A83) | B83: =IF(학생명부!$A83="","",학생명부!$B83) | C83: =IF(학생명부!$A83="","",학생명부!$C83) | D83: =IF($A83="","",ROUND(SUMIFS(봉사기록!$G$3:$G$502,봉사기록!$B$3:$B$502,$A83,봉사기록!$D$3:$D$502,"일상봉사"),2)) | E83: =IF($A83="","",ROUND(SUMIFS(봉사기록!$G$3:$G$502,봉사기록!$B$3:$B$502,$A83,봉사기록!$D$3:$D$502,"특별봉사"),2)) | F83: =IF($A83="","",ROUND($D83+$E83,2)) | G83: =IF($A83="","",사용안내!$C$17) | H83: =IF($A83="","",MAX(0,$G83-$F83)) | I83: =IF($A83="","",IF($G83=0,"",MIN(1,$F83/$G83))) | J83: =IF($A83="","",COUNTIFS(독서활동기록!$B$3:$B$302,$A83))
C85: 전체 합계 | D85: =ROUND(SUM(D3:D83),2) -> 4.15 | E85: =ROUND(SUM(E3:E83),2) -> 5.5 | F85: =ROUND(SUM(F3:F83),2) -> 9.65 | J85: =SUM(J3:J83) -> 3

Sheet 월별집계
A1: 월별집계 (전부 자동)
A3: 대상 연도 | B3: 2026 | C3: ← 이 칸만 바꾸면 아래 표가 전부 바뀝니다
A5: 월 | B5: 일상봉사(h) | C5: 특별봉사(h) | D5: 합계(h) | E5: 봉사 건수
A6: 1 | B6: =ROUND(SUMIFS(봉사기록!$G$3:$G$502,봉사기록!$I$3:$I$502,$B$3,봉사기록!$J$3:$J$502,$A6,봉사기록!$D$3:$D$502,"일상봉사"),2) -> 0 | C6: =ROUND(SUMIFS(봉사기록!$G$3:$G$502,봉사기록!$I$3:$I$502,$B$3,봉사기록!$J$3:$J$502,$A6,봉사기록!$D$3:$D$502,"특별봉사"),2) -> 0 | D6: =ROUND($B6+$C6,2) -> 0 | E6: =COUNTIFS(봉사기록!$I$3:$I$502,$B$3,봉사기록!$J$3:$J$502,$A6) -> 0
A7: 2 | B7: =ROUND(SUMIFS(봉사기록!$G$3:$G$502,봉사기록!$I$3:$I$502,$B$3,봉사기록!$J$3:$J$502,$A7,봉사기록!$D$3:$D$502,"일상봉사"),2) -> 0 | C7: =ROUND(SUMIFS(봉사기록!$G$3:$G$502,봉사기록!$I$3:$I$502,$B$3,봉사기록!$J$3:$J$502,$A7,봉사기록!$D$3:$D$502,"특별봉사"),2) -> 0 | D7: =ROUND($B7+$C7,2) -> 0 | E7: =COUNTIFS(봉사기록!$I$3:$I$502,$B$3,봉사기록!$J$3:$J$502,$A7) -> 0
A8: 3 | B8: =ROUND(SUMIFS(봉사기록!$G$3:$G$502,봉사기록!$I$3:$I$502,$B$3,봉사기록!$J$3:$J$502,$A8,봉사기록!$D$3:$D$502,"일상봉사"),2) -> 0 | C8: =ROUND(SUMIFS(봉사기록!$G$3:$G$502,봉사기록!$I$3:$I$502,$B$3,봉사기록!$J$3:$J$502,$A8,봉사기록!$D$3:$D$502,"특별봉사"),2) -> 0 | D8: =ROUND($B8+$C8,2) -> 0 | E8: =COUNTIFS(봉사기록!$I$3:$I$502,$B$3,봉사기록!$J$3:$J$502,$A8) -> 0
A9: 4 | B9: =ROUND(SUMIFS(봉사기록!$G$3:$G$502,봉사기록!$I$3:$I$502,$B$3,봉사기록!$J$3:$J$502,$A9,봉사기록!$D$3:$D$502,"일상봉사"),2) -> 0 | C9: =ROUND(SUMIFS(봉사기록!$G$3:$G$502,봉사기록!$I$3:$I$502,$B$3,봉사기록!$J$3:$J$502,$A9,봉사기록!$D$3:$D$502,"특별봉사"),2) -> 0 | D9: =ROUND($B9+$C9,2) -> 0 | E9: =COUNTIFS(봉사기록!$I$3:$I$502,$B$3,봉사기록!$J$3:$J$502,$A9) -> 0
A10: 5 | B10: =ROUND(SUMIFS(봉사기록!$G$3:$G$502,봉사기록!$I$3:$I$502,$B$3,봉사기록!$J$3:$J$502,$A10,봉사기록!$D$3:$D$502,"일상봉사"),2) -> 1.66 | C10: =ROUND(SUMIFS(봉사기록!$G$3:$G$502,봉사기록!$I$3:$I$502,$B$3,봉사기록!$J$3:$J$502,$A10,봉사기록!$D$3:$D$502,"특별봉사"),2) -> 0 | D10: =ROUND($B10+$C10,2) -> 1.66 | E10: =COUNTIFS(봉사기록!$I$3:$I$502,$B$3,봉사기록!$J$3:$J$502,$A10) -> 2
A11: 6 | B11: =ROUND(SUMIFS(봉사기록!$G$3:$G$502,봉사기록!$I$3:$I$502,$B$3,봉사기록!$J$3:$J$502,$A11,봉사기록!$D$3:$D$502,"일상봉사"),2) -> 0.83 | C11: =ROUND(SUMIFS(봉사기록!$G$3:$G$502,봉사기록!$I$3:$I$502,$B$3,봉사기록!$J$3:$J$502,$A11,봉사기록!$D$3:$D$502,"특별봉사"),2) -> 3 | D11: =ROUND($B11+$C11,2) -> 3.83 | E11: =COUNTIFS(봉사기록!$I$3:$I$502,$B$3,봉사기록!$J$3:$J$502,$A11) -> 2
A12: 7 | B12: =ROUND(SUMIFS(봉사기록!$G$3:$G$502,봉사기록!$I$3:$I$502,$B$3,봉사기록!$J$3:$J$502,$A12,봉사기록!$D$3:$D$502,"일상봉사"),2) -> 0 | C12: =ROUND(SUMIFS(봉사기록!$G$3:$G$502,봉사기록!$I$3:$I$502,$B$3,봉사기록!$J$3:$J$502,$A12,봉사기록!$D$3:$D$502,"특별봉사"),2) -> 0 | D12: =ROUND($B12+$C12,2) -> 0 | E12: =COUNTIFS(봉사기록!$I$3:$I$502,$B$3,봉사기록!$J$3:$J$502,$A12) -> 0
A13: 8 | B13: =ROUND(SUMIFS(봉사기록!$G$3:$G$502,봉사기록!$I$3:$I$502,$B$3,봉사기록!$J$3:$J$502,$A13,봉사기록!$D$3:$D$502,"일상봉사"),2) -> 0 | C13: =ROUND(SUMIFS(봉사기록!$G$3:$G$502,봉사기록!$I$3:$I$502,$B$3,봉사기록!$J$3:$J$502,$A13,봉사기록!$D$3:$D$502,"특별봉사"),2) -> 0 | D13: =ROUND($B13+$C13,2) -> 0 | E13: =COUNTIFS(봉사기록!$I$3:$I$502,$B$3,봉사기록!$J$3:$J$502,$A13) -> 0
A14: 9 | B14: =ROUND(SUMIFS(봉사기록!$G$3:$G$502,봉사기록!$I$3:$I$502,$B$3,봉사기록!$J$3:$J$502,$A14,봉사기록!$D$3:$D$502,"일상봉사"),2) -> 1.66 | C14: =ROUND(SUMIFS(봉사기록!$G$3:$G$502,봉사기록!$I$3:$I$502,$B$3,봉사기록!$J$3:$J$502,$A14,봉사기록!$D$3:$D$502,"특별봉사"),2) -> 2.5 | D14: =ROUND($B14+$C14,2) -> 4.16 | E14: =COUNTIFS(봉사기록!$I$3:$I$502,$B$3,봉사기록!$J$3:$J$502,$A14) -> 3
A15: 10 | B15: =ROUND(SUMIFS(봉사기록!$G$3:$G$502,봉사기록!$I$3:$I$502,$B$3,봉사기록!$J$3:$J$502,$A15,봉사기록!$D$3:$D$502,"일상봉사"),2) -> 0 | C15: =ROUND(SUMIFS(봉사기록!$G$3:$G$502,봉사기록!$I$3:$I$502,$B$3,봉사기록!$J$3:$J$502,$A15,봉사기록!$D$3:$D$502,"특별봉사"),2) -> 0 | D15: =ROUND($B15+$C15,2) -> 0 | E15: =COUNTIFS(봉사기록!$I$3:$I$502,$B$3,봉사기록!$J$3:$J$502,$A15) -> 0
A16: 11 | B16: =ROUND(SUMIFS(봉사기록!$G$3:$G$502,봉사기록!$I$3:$I$502,$B$3,봉사기록!$J$3:$J$502,$A16,봉사기록!$D$3:$D$502,"일상봉사"),2) -> 0 | C16: =ROUND(SUMIFS(봉사기록!$G$3:$G$502,봉사기록!$I$3:$I$502,$B$3,봉사기록!$J$3:$J$502,$A16,봉사기록!$D$3:$D$502,"특별봉사"),2) -> 0 | D16: =ROUND($B16+$C16,2) -> 0 | E16: =COUNTIFS(봉사기록!$I$3:$I$502,$B$3,봉사기록!$J$3:$J$502,$A16) -> 0
A17: 12 | B17: =ROUND(SUMIFS(봉사기록!$G$3:$G$502,봉사기록!$I$3:$I$502,$B$3,봉사기록!$J$3:$J$502,$A17,봉사기록!$D$3:$D$502,"일상봉사"),2) -> 0 | C17: =ROUND(SUMIFS(봉사기록!$G$3:$G$502,봉사기록!$I$3:$I$502,$B$3,봉사기록!$J$3:$J$502,$A17,봉사기록!$D$3:$D$502,"특별봉사"),2) -> 0 | D17: =ROUND($B17+$C17,2) -> 0 | E17: =COUNTIFS(봉사기록!$I$3:$I$502,$B$3,봉사기록!$J$3:$J$502,$A17) -> 0
A18: 합계 | B18: =ROUND(SUM(B6:B17),2) -> 4.15 | C18: =ROUND(SUM(C6:C17),2) -> 5.5 | D18: =ROUND(SUM(D6:D17),2) -> 9.65 | E18: =SUM(E6:E17) -> 7

Sheet 학기별집계
A1: 학기별집계 (학기 기간은 사용안내 시트에서 수정)
A3: 구분 | B3: 일상봉사(h) | C3: 특별봉사(h) | D3: 합계(h) | E3: 봉사 건수 | F3: 참여 학생 수
A4: 1학기 | B4: =ROUND(SUMIFS(봉사기록!$G$3:$G$502,봉사기록!$K$3:$K$502,$A4,봉사기록!$D$3:$D$502,"일상봉사"),2) -> 2.49 | C4: =ROUND(SUMIFS(봉사기록!$G$3:$G$502,봉사기록!$K$3:$K$502,$A4,봉사기록!$D$3:$D$502,"특별봉사"),2) -> 3 | D4: =ROUND($B4+$C4,2) -> 5.49 | E4: =COUNTIFS(봉사기록!$K$3:$K$502,$A4) -> 4 | F4: =SUMPRODUCT((학생명부!$A$3:$A$83<>"")*(COUNTIFS(봉사기록!$B$3:$B$502,학생명부!$A$3:$A$83,봉사기록!$K$3:$K$502,$A4)>0)) -> 3
A5: 2학기 | B5: =ROUND(SUMIFS(봉사기록!$G$3:$G$502,봉사기록!$K$3:$K$502,$A5,봉사기록!$D$3:$D$502,"일상봉사"),2) -> 1.66 | C5: =ROUND(SUMIFS(봉사기록!$G$3:$G$502,봉사기록!$K$3:$K$502,$A5,봉사기록!$D$3:$D$502,"특별봉사"),2) -> 2.5 | D5: =ROUND($B5+$C5,2) -> 4.16 | E5: =COUNTIFS(봉사기록!$K$3:$K$502,$A5) -> 3 | F5: =SUMPRODUCT((학생명부!$A$3:$A$83<>"")*(COUNTIFS(봉사기록!$B$3:$B$502,학생명부!$A$3:$A$83,봉사기록!$K$3:$K$502,$A5)>0)) -> 3
A6: 기간외 | B6: =ROUND(SUMIFS(봉사기록!$G$3:$G$502,봉사기록!$K$3:$K$502,$A6,봉사기록!$D$3:$D$502,"일상봉사"),2) -> 0 | C6: =ROUND(SUMIFS(봉사기록!$G$3:$G$502,봉사기록!$K$3:$K$502,$A6,봉사기록!$D$3:$D$502,"특별봉사"),2) -> 0 | D6: =ROUND($B6+$C6,2) -> 0 | E6: =COUNTIFS(봉사기록!$K$3:$K$502,$A6) -> 0 | F6: =SUMPRODUCT((학생명부!$A$3:$A$83<>"")*(COUNTIFS(봉사기록!$B$3:$B$502,학생명부!$A$3:$A$83,봉사기록!$K$3:$K$502,$A6)>0)) -> 0
A7: 연간 합계 | B7: =ROUND(SUM(B4:B6),2) -> 4.15 | C7: =ROUND(SUM(C4:C6),2) -> 5.5 | D7: =ROUND(SUM(D4:D6),2) -> 9.65 | E7: =SUM(E4:E6) -> 7 | F7: =SUMPRODUCT((학생명부!$A$3:$A$83<>"")*(COUNTIFS(봉사기록!$B$3:$B$502,학생명부!$A$3:$A$83)>0)) -> 3
A9: ※ '기간외'는 사용안내 시트의 학기 기간에 속하지 않는 날짜입니다. 학사일정을 확인하세요.
